Master_Incident_Number,Response_Date,WeekNo,DOW,Day,Hour,Shift,Day_Night,ShiftPart,Agency,Problem,Priority_Number,Call_Reception,Call_Taker,Dispatcher,Incident_Start_Time,TimeCallViewed,Incident_Queue_Time,Time_To_Queue,Elapsed_PS_Queue,Time_To_Queue_Diff,Incident_Dispatch_Time,Time_To_Dispatch,Elapsed_Queue_Disp,Time_To_Disp_Diff,Incident_Phone_Stop,Phone_Time,Elapsed_PS_CTD,Phone_Time_Diff,TimeFirstUnitDispatchAcknowledged,Processing_Time,Elapsed_Processing,Diff_Proc_Time,Incident_Enroute_Time,Rollout_Time,Elapsed_Rollout,Diff_Rollout_Time,Incident_Arrival_Time,Transit_Time,Elapsed_Transit,Diff_Transit_Time,TimeFirstCallCleared,Incident_First_Close_Time,Call_Reopened,First_Reopen_Time,Final_Closed_Time,Total_Call_Time,Elapsed_Call_Time,Diff_Total_Call_Time,Disposition
26-040735,2026-05-24 00:24:44.000,22,SUN,24,0,D,NIGHT,MIDS,POLICE,DOMESTIC VIOL MINOR INJ,2,E-911,"ANDERSON, MARILYN",NULL,2026-05-24 00:24:44.000,2026-05-24 00:25:46.000,2026-05-24 00:25:41.000,57,57,0,2026-05-24 00:27:31.443,110,110,0,2026-05-24 00:27:37.000,173,173,0,2026-05-24 00:27:34.420,167,167,0,2026-05-24 00:27:34.420,3,2,1,2026-05-24 00:33:50.257,376,375,1,2026-05-24 00:33:53.107,2026-05-24 00:51:17.683,0,NULL,2026-05-24 00:51:17.750,1593,1593,0,NR-No Report
26-012600,2026-05-24 00:25:42.000,22,SUN,24,0,D,NIGHT,MIDS,EMS,ASSAULT ALS 1,3,NOT CAPTURED,"ANDERSON, MARILYN",Automatic Dispatch,2026-05-24 00:25:42.000,2026-05-24 00:26:27.000,2026-05-24 00:25:42.000,0,NULL,0,2026-05-24 00:25:44.943,2,2,0,2026-05-24 00:25:42.000,0,0,0,2026-05-24 00:27:26.620,2,2,0,2026-05-24 00:27:26.620,102,101,1,2026-05-24 00:31:51.860,265,265,0,2026-05-24 00:35:05.930,2026-05-24 00:45:01.993,0,NULL,2026-05-24 00:45:02.073,1159,1159,0,UNDEFINED
26-040738,2026-05-24 00:26:57.000,22,SUN,24,0,D,NIGHT,MIDS,POLICE,DOMESTIC VIOL NO INJ,2,E-911,"PRIESTLY, SHAVAUGHN","LEWIS, LESLIE",2026-05-24 00:26:57.000,2026-05-24 00:30:35.000,2026-05-24 00:29:57.000,180,180,0,2026-05-24 00:30:50.707,53,53,0,2026-05-24 00:39:31.000,754,754,0,2026-05-24 00:30:54.287,233,233,0,2026-05-24 00:30:54.287,4,3,1,2026-05-24 00:38:10.767,436,436,0,2026-05-24 00:31:48.413,2026-05-24 00:48:53.433,0,NULL,2026-05-24 00:48:53.470,1316,1316,0,NR-No Report
26-040737,2026-05-24 00:27:44.000,22,SUN,24,0,D,NIGHT,MIDS,POLICE,LARCENY OTHER IN PROG,2,E-911,"ANDERSON, MARILYN","LEWIS, LESLIE",2026-05-24 00:27:43.000,2026-05-24 00:30:24.000,2026-05-24 00:29:30.000,107,106,1,2026-05-24 00:31:52.513,142,142,0,2026-05-24 00:29:30.000,107,NULL,107,2026-05-24 00:31:55.720,249,249,0,2026-05-24 00:31:55.720,3,3,0,2026-05-24 00:45:56.377,841,840,1,2026-05-24 00:35:01.483,2026-05-24 03:10:52.670,0,NULL,2026-05-24 03:10:52.720,9789,9789,0,RE-Report
26-040740,2026-05-24 00:32:35.000,22,SUN,24,0,D,NIGHT,MIDS,POLICE,ASSAULT NO INJURY IN PROG,2,E-911,"ANDERSON, MARILYN",NULL,2026-05-24 00:32:34.000,2026-05-24 00:33:23.000,2026-05-24 00:33:15.000,41,40,1,2026-05-24 00:35:05.897,110,110,0,2026-05-24 00:37:01.000,267,266,1,2026-05-24 00:35:10.157,151,151,0,2026-05-24 00:35:10.157,5,4,1,2026-05-24 00:40:12.057,302,301,1,2026-05-24 01:34:15.067,2026-05-24 03:56:14.757,0,NULL,2026-05-24 03:56:14.850,12220,12220,0,RE-Report
26-040742,2026-05-24 00:38:57.000,22,SUN,24,0,D,NIGHT,MIDS,POLICE,FALSE PRETENSE/SWINDLE DELAY,4,Phone,"GRAVES, CHRISTINA","LEWIS, LESLIE",2026-05-24 00:38:57.000,2026-05-24 00:42:24.000,2026-05-24 00:41:27.000,150,150,0,2026-05-24 00:56:30.233,903,903,0,2026-05-24 00:43:42.000,285,285,0,2026-05-24 00:56:37.800,1053,1053,0,2026-05-24 00:56:37.800,7,7,0,2026-05-24 01:05:55.243,558,557,1,2026-05-24 01:41:14.710,2026-05-24 02:19:21.090,0,NULL,2026-05-24 02:19:21.153,6024,6024,0,RE-Report
26-040743,2026-05-24 00:42:04.000,22,SUN,24,0,D,NIGHT,MIDS,POLICE,LARCENY OTHER DELAY,4,E-911,"PRIESTLY, SHAVAUGHN","LEWIS, LESLIE",2026-05-24 00:42:04.000,2026-05-24 09:45:32.000,2026-05-24 00:42:39.000,35,35,0,2026-05-24 01:56:58.927,4459,4459,0,2026-05-24 00:43:14.000,70,70,0,2026-05-24 01:57:02.750,4494,4494,0,2026-05-24 01:57:02.750,4,3,1,2026-05-24 01:57:02.750,0,0,0,2026-05-24 01:57:29.290,2026-05-24 01:57:29.290,1,2026-05-24 09:37:09.207,2026-05-24 16:44:49.327,4525,57765,-53240,RE-Report
26-040744,2026-05-24 00:46:35.000,22,SUN,24,0,D,NIGHT,MIDS,POLICE,SUSPICIOUS EVENT,3,Phone,"ANDERSON, MARILYN","LEWIS, LESLIE",2026-05-24 00:46:33.000,2026-05-24 00:47:06.000,2026-05-24 00:46:56.000,23,21,2,2026-05-24 00:48:25.013,89,89,0,2026-05-24 00:48:25.000,112,110,2,2026-05-24 00:48:32.997,112,112,0,2026-05-24 00:48:32.997,7,7,0,2026-05-24 00:53:41.453,309,308,1,2026-05-24 00:56:20.590,2026-05-24 01:00:10.813,0,NULL,2026-05-24 01:00:10.823,817,817,0,NR-No Report
26-040749,2026-05-24 01:10:39.000,22,SUN,24,1,D,NIGHT,MIDS,POLICE,DIP - DRUNK/INTOX PERSON,2,E-911,"JACKSON, MALIKA","LEWIS, LESLIE",2026-05-24 01:10:38.000,2026-05-24 01:11:57.000,2026-05-24 01:11:42.000,64,63,1,2026-05-24 01:16:40.813,298,298,0,2026-05-24 01:13:13.000,155,154,1,2026-05-24 01:17:34.690,362,362,0,2026-05-24 01:17:34.690,54,53,1,2026-05-24 01:25:25.783,471,471,0,2026-05-24 01:23:12.123,2026-05-24 01:36:04.843,0,NULL,2026-05-24 01:36:04.910,1526,1526,0,NR-No Report
26-040748,2026-05-24 01:10:42.000,22,SUN,24,1,D,NIGHT,MIDS,POLICE,TRESPASSING IN PROG,2,Radio,"LEWIS, LESLIE","LEWIS, LESLIE",2026-05-24 01:10:42.000,2026-05-24 01:10:44.000,2026-05-24 01:10:42.000,0,0,0,2026-05-24 01:10:42.000,0,0,0,2026-05-24 01:10:42.000,0,0,0,2026-05-24 01:10:52.593,0,0,0,2026-05-24 01:10:42.000,0,0,0,2026-05-24 01:10:42.000,0,0,0,2026-05-24 01:21:02.550,2026-05-24 04:09:48.637,0,NULL,2026-05-24 04:09:48.660,10746,10746,0,RE-Report
26-012601,2026-05-24 01:12:49.000,22,SUN,24,1,D,NIGHT,MIDS,FIRE,CO ALARM,2,911 Center,"ANDERSON, MARILYN",Automatic Dispatch,2026-05-24 01:12:47.000,2026-05-24 01:16:12.000,2026-05-24 01:13:13.000,26,24,2,2026-05-24 01:13:16.093,3,3,0,2026-05-24 01:15:21.000,154,152,2,2026-05-24 01:15:30.317,29,29,0,2026-05-24 01:15:30.317,134,134,0,2026-05-24 01:27:04.517,694,694,0,2026-05-24 01:29:43.327,2026-05-24 01:29:43.327,0,NULL,2026-05-24 01:29:43.450,1016,1016,0,UNDEFINED
26-040750,2026-05-24 01:22:49.000,22,SUN,24,1,D,NIGHT,MIDS,POLICE,NOISE COMPLAINT DELAY,4,Phone,"ANDERSON, MARILYN",NULL,2026-05-24 01:22:48.000,2026-05-24 01:35:20.000,2026-05-24 01:23:18.000,30,29,1,2026-05-24 01:44:31.690,1273,1273,0,2026-05-24 01:24:30.000,102,101,1,2026-05-24 01:44:31.690,1303,1303,0,2026-05-24 01:44:31.690,0,-9999,9999,2026-05-24 01:44:33.597,2,1,1,2026-05-24 01:44:40.487,2026-05-24 01:44:40.487,0,NULL,2026-05-24 01:44:40.690,1312,1312,0,NR-No Report
26-012602,2026-05-24 01:43:36.000,22,SUN,24,1,D,NIGHT,MIDS,EMS,CARDIAC ARREST ALS 2- SUPV,1,E-911,"JACKSON, MALIKA",Automatic Dispatch,2026-05-24 01:43:36.000,2026-05-24 01:44:40.000,2026-05-24 01:44:26.000,50,50,0,2026-05-24 01:44:28.610,2,2,0,2026-05-24 01:49:29.000,353,353,0,2026-05-24 01:45:48.373,52,52,0,2026-05-24 01:45:48.373,80,79,1,2026-05-24 01:49:24.513,216,216,0,2026-05-24 01:45:18.607,2026-05-24 02:10:23.777,0,NULL,2026-05-24 02:10:23.860,1607,1607,0,UNDEFINED
26-040752,2026-05-24 01:44:26.000,22,SUN,24,1,D,NIGHT,MIDS,POLICE,POLICE INFORMATION,4,Phone,"JACKSON, MALIKA",NULL,2026-05-24 01:44:26.000,2026-05-30 20:58:52.000,2026-05-24 01:44:26.000,0,-9999,9999,2026-05-24 01:44:51.873,25,25,0,2026-05-24 01:44:26.000,0,0,0,2026-05-24 01:44:54.730,25,25,0,2026-05-24 01:44:54.730,3,2,1,2026-05-24 01:47:08.097,134,133,1,2026-05-24 02:37:45.497,2026-05-24 07:50:55.857,1,2026-05-30 20:58:26.667,2026-05-31 02:02:27.023,21989,1080,20909,RE-Report
26-040753,2026-05-24 01:48:47.000,22,SUN,24,1,D,NIGHT,MIDS,POLICE,911 HANG UP,2,E-911,"ANDERSON, MARILYN","LEWIS, LESLIE",2026-05-24 01:48:47.000,2026-05-24 01:51:39.000,2026-05-24 01:50:39.000,112,112,0,2026-05-24 01:52:12.223,93,93,0,2026-05-24 01:51:02.000,135,135,0,2026-05-24 01:52:18.457,205,205,0,2026-05-24 01:52:18.457,6,6,0,2026-05-24 02:03:01.637,643,643,0,2026-05-24 02:39:53.667,2026-05-24 02:39:53.667,0,NULL,2026-05-24 02:39:53.750,3066,3066,0,NR-No Report
26-012603,2026-05-24 02:10:21.900,22,SUN,24,2,D,NIGHT,LATE,EMS,MUTUAL BLS,1,C2C,CAD to CAD Service 1,CAD to CAD Service 1,2026-05-24 02:07:20.000,NULL,2026-05-24 02:10:22.323,182,0,182,2026-05-24 02:10:22.433,0,0,0,NULL,NULL,NULL,NULL,2026-05-24 02:11:27.467,182,201,-19,2026-05-24 02:11:27.467,65,65,0,2026-05-24 02:17:19.423,352,351,1,2026-05-24 02:27:37.920,2026-05-24 02:56:00.787,0,NULL,2026-05-24 02:56:00.833,2920,2920,0,CAD2CAD
26-040754,2026-05-24 02:16:53.000,22,SUN,24,2,D,NIGHT,LATE,POLICE,WALK IN HQ LOBBY,3,Phone,"JACKSON, MALIKA","WALKER, JUANITA",2026-05-24 02:16:51.000,2026-05-24 10:30:27.000,2026-05-24 02:19:08.000,137,135,2,2026-05-24 11:01:31.007,31343,1883,29460,2026-05-24 02:19:08.000,137,NULL,137,2026-05-24 11:01:34.203,31480,31480,0,2026-05-24 11:01:34.203,3,3,0,2026-05-24 11:04:55.403,201,201,0,2026-05-24 12:32:00.693,2026-05-24 02:26:58.000,1,2026-05-24 10:30:07.947,2026-05-24 12:32:00.737,607,36909,-36302,NR-No Report
26-012604,2026-05-24 02:20:31.000,22,SUN,24,2,D,NIGHT,LATE,EMS,CHEST PAIN ALS 1,1,E-911,"PRIESTLY, SHAVAUGHN",Automatic Dispatch,2026-05-24 02:20:30.000,2026-05-24 02:26:07.000,2026-05-24 02:21:12.000,42,41,1,2026-05-24 02:21:14.767,2,2,0,2026-05-24 02:26:42.000,372,371,1,2026-05-24 02:22:28.497,44,44,0,2026-05-24 02:22:28.497,74,73,1,2026-05-24 02:26:11.003,223,222,1,2026-05-24 02:29:58.290,2026-05-24 03:10:59.577,0,NULL,2026-05-24 03:10:59.647,3029,3029,0,UNDEFINED
26-040755,2026-05-24 02:24:26.000,22,SUN,24,2,D,NIGHT,LATE,POLICE,DISORDERLY CONDUCT,2,E-911,"JACKSON, MALIKA","DOGAN, KYLAH",2026-05-24 02:24:26.000,2026-05-24 02:27:00.000,2026-05-24 02:25:42.000,76,76,0,2026-05-24 02:32:26.370,404,404,0,2026-05-24 02:27:04.000,158,158,0,2026-05-24 02:32:35.370,480,480,0,2026-05-24 02:32:35.370,9,9,0,2026-05-24 02:43:06.810,631,631,0,2026-05-24 02:32:39.693,2026-05-24 03:19:30.213,0,NULL,2026-05-24 03:19:30.260,3304,3304,0,NR-No Report
26-012605,2026-05-24 02:30:15.000,22,SUN,24,2,D,NIGHT,LATE,EMS,BLS EMERGENCY,3,E-911,"JACKSON, MALIKA",Automatic Dispatch,2026-05-24 02:30:15.000,2026-05-24 02:32:32.000,2026-05-24 02:31:20.000,65,65,0,2026-05-24 02:31:23.127,3,3,0,2026-05-24 02:32:01.000,106,106,0,2026-05-24 02:33:22.963,68,68,0,2026-05-24 02:33:22.963,119,119,0,2026-05-24 02:42:35.420,553,552,1,2026-05-24 03:15:17.090,2026-05-24 03:15:17.090,0,NULL,2026-05-24 03:15:17.177,2702,2702,0,UNDEFINED
26-040756,2026-05-24 02:33:59.000,22,SUN,24,2,D,NIGHT,LATE,POLICE,SUSPICIOUS EVENT,2,Phone,"JACKSON, MALIKA","DOGAN, KYLAH",2026-05-24 02:33:58.000,2026-05-24 02:37:29.000,2026-05-24 02:35:39.000,101,100,1,2026-05-24 02:56:51.553,1272,1272,0,2026-05-24 02:37:11.000,193,192,1,2026-05-24 02:56:51.593,1373,1373,0,2026-05-24 02:56:51.593,0,0,0,2026-05-24 02:56:53.327,2,1,1,2026-05-24 02:57:07.970,2026-05-24 02:57:07.970,0,NULL,2026-05-24 02:57:08.030,1389,1389,0,NR-No Report
26-012606,2026-05-24 02:37:18.000,22,SUN,24,2,D,NIGHT,LATE,FIRE,MVC AUTO,2,E-911,"JACKSON, MALIKA","GRAVES, CHRISTINA",2026-05-24 02:37:18.000,2026-05-24 02:39:03.000,2026-05-24 02:38:09.000,51,51,0,2026-05-24 02:38:11.857,2,2,0,2026-05-24 02:40:49.000,211,211,0,2026-05-24 02:40:29.803,53,53,0,2026-05-24 02:40:29.803,138,137,1,2026-05-24 02:46:40.313,371,370,1,2026-05-24 02:40:41.210,2026-05-24 02:48:35.827,0,NULL,2026-05-24 02:48:35.987,677,677,0,UNDEFINED
26-012607,2026-05-24 02:38:22.000,22,SUN,24,2,D,NIGHT,LATE,FIRE,L.A.R. SECONDARY RESPONSE,2,Radio,"GRAVES, CHRISTINA",Automatic Dispatch,2026-05-24 02:38:21.000,2026-05-24 02:42:52.000,2026-05-24 02:38:44.000,23,22,1,2026-05-24 02:38:46.687,2,2,0,2026-05-24 02:38:45.000,24,23,1,2026-05-24 02:39:47.670,25,25,0,2026-05-24 02:39:47.670,61,60,1,2026-05-24 02:45:44.307,357,356,1,2026-05-24 02:48:52.210,2026-05-24 02:48:52.210,0,NULL,2026-05-24 02:48:52.347,631,631,0,UNDEFINED
26-040760,2026-05-24 03:05:21.000,22,SUN,24,3,D,NIGHT,LATE,POLICE,ASSAULT NO INJURY IN PROG,2,E-911,"JACKSON, MALIKA",NULL,2026-05-24 03:05:21.000,2026-05-24 03:06:54.000,2026-05-24 03:06:32.000,71,71,0,2026-05-24 03:11:47.563,315,315,0,2026-05-24 03:08:28.000,187,187,0,2026-05-24 03:11:50.507,386,386,0,2026-05-24 03:11:50.507,3,2,1,2026-05-24 03:19:28.947,458,458,0,2026-05-24 03:12:19.713,2026-05-24 05:26:03.500,0,NULL,2026-05-24 05:26:03.573,8442,8442,0,RE-Report
26-012608,2026-05-24 03:06:14.000,22,SUN,24,3,D,NIGHT,LATE,EMS,FALL BLS,3,E-911,"PRIESTLY, SHAVAUGHN","GRAVES, CHRISTINA",2026-05-24 03:06:14.000,2026-05-24 03:07:13.000,2026-05-24 03:06:38.000,24,24,0,2026-05-24 03:06:40.597,2,2,0,2026-05-24 03:10:59.000,285,285,0,2026-05-24 03:08:17.843,26,26,0,2026-05-24 03:08:17.843,97,97,0,2026-05-24 03:15:34.687,437,436,1,2026-05-24 03:54:34.333,2026-05-24 04:29:35.153,0,NULL,2026-05-24 04:29:35.253,5001,5001,0,UNDEFINED
26-040761,2026-05-24 03:58:54.000,22,SUN,24,3,D,NIGHT,LATE,POLICE,TRAFFIC STOP,2,OFFICER,"LEWIS, LESLIE","LEWIS, LESLIE",2026-05-24 03:58:54.000,2026-05-24 03:59:01.927,2026-05-24 03:58:54.000,0,0,0,2026-05-24 03:58:54.000,0,0,0,2026-05-24 03:58:54.000,0,0,0,2026-05-24 03:59:03.637,0,0,0,2026-05-24 03:58:54.000,0,0,0,2026-05-24 03:58:54.000,0,0,0,2026-05-24 04:04:13.173,2026-05-24 04:10:08.090,0,NULL,2026-05-24 04:10:08.237,674,674,0,NR-No Report
26-040763,2026-05-24 04:23:23.000,22,SUN,24,4,D,NIGHT,LATE,POLICE,ALARM COMMERCIAL,2,Phone,"DOGAN, KYLAH","LEWIS, LESLIE",2026-05-24 04:23:22.000,2026-05-24 04:23:49.000,2026-05-24 04:23:43.000,21,20,1,2026-05-24 04:24:18.773,35,35,0,2026-05-24 04:25:12.000,110,109,1,2026-05-24 04:24:22.903,56,56,0,2026-05-24 04:24:22.903,4,4,0,2026-05-24 04:32:57.613,515,514,1,2026-05-24 05:21:18.457,2026-05-24 05:21:22.377,0,NULL,2026-05-24 05:21:22.440,3480,3480,0,NR-No Report
26-040764,2026-05-24 04:27:22.000,22,SUN,24,4,D,NIGHT,LATE,POLICE,ASSIST CITIZEN DELAY,4,E-911,"JACKSON, MALIKA",NULL,2026-05-24 04:27:22.000,2026-05-24 04:30:05.000,2026-05-24 04:29:56.000,154,154,0,2026-05-24 04:37:40.357,464,464,0,2026-05-24 04:33:00.000,338,338,0,2026-05-24 04:37:40.403,618,618,0,2026-05-24 04:37:40.403,0,0,0,2026-05-24 04:37:42.407,2,2,0,2026-05-24 04:56:31.480,2026-05-24 04:56:37.837,0,NULL,2026-05-24 04:56:37.917,1755,1755,0,NR-No Report
26-040765,2026-05-24 04:37:23.000,22,SUN,24,4,D,NIGHT,LATE,POLICE,ASSIST OUTSIDE AGENCY,4,VCIN,"JACKSON, MALIKA","LEWIS, LESLIE",2026-05-24 04:37:23.000,2026-05-24 04:43:19.000,2026-05-24 04:41:36.000,253,253,0,2026-05-24 06:20:49.353,5953,5953,0,2026-05-24 04:50:11.000,768,768,0,2026-05-24 06:20:51.587,6206,6206,0,2026-05-24 06:20:51.587,2,2,0,2026-05-24 11:13:25.743,17554,17554,0,NULL,2026-05-24 15:38:45.000,0,NULL,NULL,39682,39682,0,NR-No Report
26-040766,2026-05-24 04:41:38.000,22,SUN,24,4,D,NIGHT,LATE,POLICE,NOISE COMPLAINT IN PROG,4,Phone,"JACKSON, MALIKA","LEWIS, LESLIE",2026-05-24 04:41:37.000,2026-05-24 04:43:10.000,2026-05-24 04:42:36.000,59,58,1,2026-05-24 06:04:55.723,4939,4939,0,2026-05-24 04:50:16.000,519,518,1,2026-05-24 06:04:59.433,4998,4998,0,2026-05-24 06:04:59.433,4,3,1,2026-05-24 06:04:59.433,0,0,0,2026-05-24 06:15:00.270,2026-05-24 06:15:00.270,0,NULL,2026-05-24 06:15:00.343,5603,5603,0,NR-No Report
26-040767,2026-05-24 04:42:56.000,22,SUN,24,4,D,NIGHT,LATE,POLICE,SUSPICIOUS EVENT,2,E-911,"JACKSON, MALIKA","LEWIS, LESLIE",2026-05-24 04:42:56.000,2026-05-24 04:44:01.000,2026-05-24 04:43:40.000,44,44,0,2026-05-24 04:46:32.507,172,172,0,2026-05-24 04:50:13.000,437,437,0,2026-05-24 04:46:36.213,216,216,0,2026-05-24 04:46:36.213,4,3,1,2026-05-24 04:50:04.470,208,208,0,2026-05-24 04:56:25.840,2026-05-24 04:56:25.840,0,NULL,2026-05-24 04:56:25.900,809,809,0,NR-No Report
26-040769,2026-05-24 04:53:37.000,22,SUN,24,4,D,NIGHT,LATE,POLICE,DWI - DRUNK/INTOX DRIVER,2,E-911,"DOGAN, KYLAH",NULL,2026-05-24 04:53:37.000,2026-05-24 04:56:00.000,2026-05-24 04:54:59.000,82,82,0,2026-05-24 04:56:09.843,70,70,0,2026-05-24 05:07:43.000,846,846,0,2026-05-24 04:56:14.953,152,152,0,2026-05-24 04:56:14.953,5,5,0,2026-05-24 05:01:25.693,311,310,1,2026-05-24 04:57:02.830,2026-05-24 05:14:57.823,0,NULL,2026-05-24 05:14:57.823,1280,1280,0,NR-No Report
26-040770,2026-05-24 04:56:00.000,22,SUN,24,4,D,NIGHT,LATE,POLICE,911 HANG UP,2,E-911,"JACKSON, MALIKA","LEWIS, LESLIE",2026-05-24 04:55:59.000,2026-05-24 04:57:24.000,2026-05-24 04:56:14.000,15,14,1,2026-05-24 04:57:29.060,75,75,0,2026-05-24 04:56:14.000,15,NULL,15,2026-05-24 04:57:32.187,90,90,0,2026-05-24 04:57:32.187,3,3,0,2026-05-24 04:59:08.523,96,96,0,2026-05-24 05:04:51.930,2026-05-24 05:05:02.290,0,NULL,2026-05-24 05:05:02.410,543,543,0,NR-No Report
26-040772,2026-05-24 05:19:04.000,22,SUN,24,5,D,NIGHT,LATE,POLICE,ADMINISTRATIVE TASK,2,Phone,"PRIESTLY, SHAVAUGHN","LEWIS, LESLIE",2026-05-24 05:19:02.000,2026-05-24 05:20:52.000,2026-05-24 05:20:42.000,100,98,2,2026-05-24 05:20:58.357,16,16,0,2026-05-24 05:20:53.000,111,109,2,2026-05-24 05:21:22.210,116,116,0,2026-05-24 05:21:22.210,24,23,1,2026-05-24 05:25:52.573,270,270,0,2026-05-24 06:11:05.270,2026-05-24 06:11:05.270,0,NULL,2026-05-24 06:11:05.327,3123,3123,0,NR-No Report
26-040773,2026-05-24 05:55:48.000,22,SUN,24,5,D,NIGHT,LATE,POLICE,TRAFFIC STOP,2,OFFICER,"LEWIS, LESLIE","LEWIS, LESLIE",2026-05-24 05:55:48.000,2026-05-24 05:55:53.000,2026-05-24 05:55:48.000,0,0,0,2026-05-24 05:55:48.000,0,0,0,2026-05-24 05:55:48.000,0,0,0,2026-05-24 05:56:07.630,0,0,0,2026-05-24 05:55:48.000,0,0,0,2026-05-24 05:55:48.000,0,0,0,2026-05-24 06:08:02.507,2026-05-24 06:08:06.207,0,NULL,2026-05-24 06:08:06.257,738,738,0,CI-Citation
26-040774,2026-05-24 06:13:22.000,22,SUN,24,6,B,DAY,EARLY,POLICE,MVC HIT/RUN NO INJURY,2,E-911,"PEREZ, CARLOS","LEWIS, LESLIE",2026-05-24 06:13:22.000,2026-05-24 06:15:05.000,2026-05-24 06:14:47.000,85,85,0,2026-05-24 06:31:56.487,1029,1029,0,2026-05-24 06:17:55.000,273,273,0,2026-05-24 06:32:43.587,1114,1114,0,2026-05-24 06:32:43.587,47,12,35,2026-05-24 06:40:12.387,449,448,1,2026-05-24 06:32:42.117,2026-05-24 07:09:57.977,0,NULL,2026-05-24 07:09:58.027,3395,3395,0,NR-No Report
26-040775,2026-05-24 06:28:31.000,22,SUN,24,6,B,DAY,EARLY,POLICE,TROUBLE UNKNOWN EMS,2,E-911,"PEREZ, CARLOS","LEWIS, LESLIE",2026-05-24 06:28:31.000,2026-05-24 06:29:54.000,2026-05-24 06:29:19.000,48,48,0,2026-05-24 06:30:39.870,80,80,0,2026-05-24 06:34:43.000,372,372,0,2026-05-24 06:30:54.517,128,128,0,2026-05-24 06:30:54.517,15,2,13,2026-05-24 06:34:42.957,228,228,0,2026-05-24 06:36:07.950,2026-05-24 06:37:02.873,0,NULL,2026-05-24 06:37:02.970,511,511,0,NR-No Report
26-012609,2026-05-24 06:29:20.000,22,SUN,24,6,B,DAY,EARLY,EMS,UNKNOWN MEDICAL ALS 1,1,E-911,"PEREZ, CARLOS",Automatic Dispatch,2026-05-24 06:29:20.000,2026-05-24 06:29:54.000,2026-05-24 06:29:20.000,0,NULL,0,2026-05-24 06:29:23.377,3,3,0,2026-05-24 06:29:20.000,0,0,0,2026-05-24 06:29:57.177,3,3,0,2026-05-24 06:29:57.177,34,33,1,2026-05-24 06:33:44.540,227,227,0,2026-05-24 06:35:24.813,2026-05-24 06:36:29.840,0,NULL,2026-05-24 06:36:29.907,429,429,0,UNDEFINED
26-040779,2026-05-24 06:39:28.000,22,SUN,24,6,B,DAY,EARLY,POLICE,DOMESTIC VIOL NO INJ,2,E-911,"FLOURNOY, ERICKA","LEWIS, LESLIE",2026-05-24 06:39:28.000,2026-05-24 06:45:38.000,2026-05-24 06:44:57.000,329,329,0,2026-05-24 07:05:12.327,1215,1215,0,2026-05-24 06:47:53.000,505,505,0,2026-05-24 07:10:42.627,1544,1544,0,2026-05-24 07:10:42.627,330,2,328,2026-05-24 07:14:38.970,236,236,0,2026-05-24 07:17:48.910,2026-05-24 07:18:37.337,0,NULL,2026-05-24 07:18:37.417,2349,2349,0,NR-No Report
26-040780,2026-05-24 06:40:33.000,22,SUN,24,6,B,DAY,EARLY,POLICE,DISORDERLY CONDUCT,2,E-911,"WALKER, JUANITA","LEWIS, LESLIE",2026-05-24 06:40:33.000,2026-05-24 06:54:57.000,2026-05-24 06:46:53.000,380,380,0,2026-05-24 08:22:18.260,5725,5725,0,2026-05-24 06:47:17.000,404,404,0,2026-05-24 08:22:21.277,6105,6105,0,2026-05-24 08:22:21.277,3,2,1,2026-05-24 08:25:58.610,217,217,0,2026-05-24 08:28:58.707,2026-05-24 08:29:04.213,0,NULL,2026-05-24 08:29:04.243,6511,6511,0,NR-No Report
26-040778,2026-05-24 06:42:21.000,22,SUN,24,6,B,DAY,EARLY,POLICE,POLICE INFORMATION,4,E-911,"PEREZ, CARLOS",NULL,2026-05-24 06:42:21.000,2026-05-24 06:43:42.000,2026-05-24 06:43:06.000,45,45,0,2026-05-24 06:44:52.923,106,106,0,2026-05-24 07:00:57.000,1116,1116,0,2026-05-24 06:44:56.283,151,151,0,2026-05-24 06:44:56.283,4,3,1,2026-05-24 06:46:14.443,78,78,0,2026-05-24 06:46:31.613,2026-05-24 14:34:28.693,0,NULL,2026-05-24 14:34:28.773,28327,28327,0,RE-Report
26-040781,2026-05-24 06:47:59.000,22,SUN,24,6,B,DAY,EARLY,POLICE,ALARM COMMERCIAL,2,Phone,"FLOURNOY, ERICKA","LEWIS, LESLIE",2026-05-24 06:47:57.000,2026-05-24 06:49:31.000,2026-05-24 06:48:44.000,47,45,2,2026-05-24 07:18:01.183,1757,1757,0,2026-05-24 06:51:47.000,230,228,2,2026-05-24 07:18:14.073,1804,1804,0,2026-05-24 07:18:14.073,13,12,1,2026-05-24 07:31:19.557,785,785,0,2026-05-24 08:22:01.783,2026-05-24 08:22:05.437,0,NULL,2026-05-24 08:22:05.487,5648,5648,0,FALSE-False Alarm
26-040782,2026-05-24 06:48:59.000,22,SUN,24,6,B,DAY,EARLY,POLICE,FLAG DOWN,2,OFFICER,"RUSH, BYRON B.",NULL,2026-05-24 06:48:59.000,NULL,2026-05-24 06:48:59.000,0,1,-1,2026-05-24 06:48:59.000,0,0,0,2026-05-24 06:48:59.000,0,NULL,0,2026-05-24 06:48:59.000,0,0,0,2026-05-24 06:48:59.000,0,0,0,2026-05-24 06:48:59.000,0,0,0,2026-05-24 06:49:10.867,2026-05-24 06:49:10.867,0,NULL,2026-05-24 06:49:10.907,11,11,0,NR-No Report
26-012610,2026-05-24 06:50:40.383,22,SUN,24,6,B,DAY,EARLY,EMS,UNKNOWN MEDICAL ALS 1,1,Phone,"LEWIS, LESLIE",Automatic Dispatch,2026-05-24 06:50:40.383,2026-05-24 06:51:36.000,2026-05-24 06:50:40.383,0,0,0,2026-05-24 06:50:43.040,3,2,1,2026-05-24 06:50:40.383,0,NULL,0,2026-05-24 06:51:49.780,3,2,1,2026-05-24 06:51:49.780,66,66,0,2026-05-24 06:54:13.140,144,143,1,2026-05-24 07:22:38.863,2026-05-24 07:55:13.787,0,NULL,2026-05-24 07:55:13.890,3873,3873,0,UNDEFINED
26-012611,2026-05-24 06:51:30.000,22,SUN,24,6,B,DAY,EARLY,EMS,INJURED PERSON BLS,3,E-911,"WALKER, JUANITA",Automatic Dispatch,2026-05-24 06:51:30.000,2026-05-24 06:53:25.000,2026-05-24 06:52:28.000,58,58,0,2026-05-24 06:52:31.130,3,3,0,2026-05-24 06:54:26.000,176,176,0,2026-05-24 06:53:26.840,61,61,0,2026-05-24 06:53:26.840,55,55,0,2026-05-24 06:58:33.823,307,306,1,2026-05-24 08:10:59.293,2026-05-24 08:10:59.293,0,NULL,2026-05-24 08:10:59.433,4769,4769,0,UNDEFINED
26-040784,2026-05-24 06:55:34.000,22,SUN,24,6,B,DAY,EARLY,POLICE,POLICE INFORMATION,4,E-911,"FLOURNOY, ERICKA",NULL,2026-05-24 06:55:34.000,2026-05-24 06:58:33.000,2026-05-24 06:57:57.000,143,143,0,2026-05-24 07:17:18.923,1161,1161,0,2026-05-24 07:03:34.000,480,480,0,2026-05-24 07:17:26.650,1304,1304,0,2026-05-24 07:17:26.650,8,7,1,2026-05-24 07:24:30.247,424,423,1,2026-05-24 07:17:54.787,2026-05-24 17:40:16.513,0,NULL,2026-05-24 17:40:16.553,38682,38682,0,RE-Report
26-040783,2026-05-24 06:56:28.000,22,SUN,24,6,B,DAY,EARLY,POLICE,OFF DUTY DETAIL,8,OFFICER,"RUSH, BYRON B.",NULL,2026-05-24 06:56:28.000,NULL,2026-05-24 06:56:28.000,0,1,-1,2026-05-24 06:56:28.000,0,0,0,2026-05-24 06:56:28.000,0,NULL,0,2026-05-24 06:56:28.000,0,0,0,2026-05-24 06:56:28.000,0,0,0,2026-05-24 06:56:28.000,0,0,0,2026-05-24 07:51:08.400,2026-05-24 13:09:24.670,0,NULL,2026-05-24 13:09:24.697,22376,22376,0,NR-No Report
26-012612,2026-05-24 06:57:57.000,22,SUN,24,6,B,DAY,EARLY,EMS,UNKNOWN MEDICAL ALS 1,1,Phone,"FLOURNOY, ERICKA",Automatic Dispatch,2026-05-24 06:57:57.000,2026-05-24 07:03:37.000,2026-05-24 06:57:57.000,0,NULL,0,2026-05-24 06:57:59.703,2,2,0,2026-05-24 06:57:57.000,0,0,0,2026-05-24 06:59:33.063,2,2,0,2026-05-24 06:59:33.063,94,93,1,2026-05-24 07:02:27.123,174,174,0,2026-05-24 07:03:00.127,2026-05-24 07:27:02.947,0,NULL,2026-05-24 07:27:03.740,1745,1745,0,UNDEFINED
26-040789,2026-05-24 07:24:21.000,22,SUN,24,7,B,DAY,EARLY,POLICE,MVC PROPERTY DAMAGE,2,Phone,"WALKER, JUANITA","LEWIS, LESLIE",2026-05-24 07:24:18.000,2026-05-24 07:26:58.000,2026-05-24 07:25:43.000,85,82,3,2026-05-24 07:30:42.150,299,299,0,2026-05-24 07:26:11.000,113,110,3,2026-05-24 07:30:42.190,384,384,0,2026-05-24 07:30:42.190,0,0,0,2026-05-24 07:30:42.237,0,0,0,2026-05-24 07:53:28.860,2026-05-24 07:53:28.860,0,NULL,2026-05-24 07:53:28.980,1750,1750,0,NR-No Report
26-040791,2026-05-24 07:31:55.000,22,SUN,24,7,B,DAY,EARLY,POLICE,ANIMAL SICK-INJURED,2,Phone,"FLOURNOY, ERICKA","FLOURNOY, ERICKA",2026-05-24 07:31:53.000,2026-05-24 07:37:16.000,2026-05-24 07:34:44.000,171,169,2,2026-05-24 07:54:51.860,1207,1207,0,2026-05-24 07:35:04.000,191,189,2,NULL,1378,1378,0,NULL,NULL,-9999,NULL,NULL,NULL,-9999,NULL,NULL,2026-05-24 07:55:00.000,0,NULL,NULL,1387,1387,0,ACOR-Animal Control Report
26-012613,2026-05-24 07:41:12.000,22,SUN,24,7,B,DAY,EARLY,FIRE,OUTSIDE FIRE,3,E-911,"WALKER, JUANITA",Automatic Dispatch,2026-05-24 07:41:12.000,2026-05-24 07:43:55.000,2026-05-24 07:43:00.000,108,108,0,2026-05-24 07:43:01.753,1,1,0,2026-05-24 07:44:04.000,172,172,0,2026-05-24 07:43:42.833,109,109,0,2026-05-24 07:43:42.833,41,41,0,2026-05-24 07:48:32.247,290,289,1,2026-05-24 08:16:45.733,2026-05-24 08:16:45.733,0,NULL,2026-05-24 08:16:45.920,2133,2133,0,UNDEFINED
26-040794,2026-05-24 07:49:26.000,22,SUN,24,7,B,DAY,EARLY,POLICE,HAZARD,2,E-911,"SMITH, TERESA",NULL,2026-05-24 07:49:24.000,2026-05-24 07:50:11.000,2026-05-24 07:49:54.000,30,28,2,2026-05-24 08:02:16.143,742,742,0,2026-05-24 07:59:44.000,620,618,2,2026-05-24 08:02:24.030,772,772,0,2026-05-24 08:02:24.030,8,7,1,2026-05-24 08:06:00.300,216,216,0,2026-05-24 09:34:40.000,2026-05-24 12:39:01.290,0,NULL,2026-05-24 12:39:01.430,17377,17377,0,NR-No Report
26-012615,2026-05-24 08:12:32.000,22,SUN,24,8,B,DAY,EARLY,FIRE,FIRE ALARM,3,E-911,"WALKER, JUANITA",Automatic Dispatch,2026-05-24 08:12:30.000,2026-05-24 08:29:08.000,2026-05-24 08:27:10.000,880,878,2,2026-05-24 08:27:12.863,2,2,0,2026-05-24 08:27:30.000,900,898,2,2026-05-24 08:28:26.320,882,882,0,2026-05-24 08:28:26.320,74,0,74,2026-05-24 08:32:21.143,235,234,1,2026-05-24 08:36:24.050,2026-05-24 08:43:48.117,0,NULL,2026-05-24 08:43:48.183,1878,1878,0,UNDEFINED
26-012614,2026-05-24 08:14:35.000,22,SUN,24,8,B,DAY,EARLY,EMS,TROUBLE BREATHING ALS 1,1,E-911,"WALKER, JUANITA","SMITH, TERESA",2026-05-24 08:14:35.000,2026-05-24 08:15:17.000,2026-05-24 08:15:08.000,33,33,0,2026-05-24 08:15:10.530,2,2,0,2026-05-24 08:16:21.000,106,106,0,2026-05-24 08:16:23.613,35,35,0,2026-05-24 08:16:23.613,73,73,0,2026-05-24 08:21:06.733,283,283,0,2026-05-24 08:25:49.247,2026-05-24 09:13:44.660,0,NULL,2026-05-24 09:13:44.817,3549,3549,0,UNDEFINED
26-040798,2026-05-24 08:18:56.000,22,SUN,24,8,B,DAY,EARLY,POLICE,ALARM COMMERCIAL,2,Phone,"WALKER, JUANITA","LEWIS, LESLIE",2026-05-24 08:18:54.000,2026-05-24 08:19:37.000,2026-05-24 08:19:13.000,19,17,2,2026-05-24 08:29:16.937,603,603,0,2026-05-24 08:20:46.000,112,110,2,2026-05-24 08:29:23.257,622,622,0,2026-05-24 08:29:23.257,7,6,1,2026-05-24 08:36:24.947,421,421,0,2026-05-24 08:40:11.020,2026-05-24 08:44:57.233,0,NULL,2026-05-24 08:44:57.243,1563,1563,0,NR-No Report
26-040800,2026-05-24 08:21:02.000,22,SUN,24,8,B,DAY,EARLY,POLICE,ASSIST CITIZEN PROMPT,3,Phone,"WALKER, JUANITA","WALKER, JUANITA",2026-05-24 08:21:00.000,2026-05-24 08:30:00.000,2026-05-24 08:22:40.000,100,98,2,2026-05-24 10:02:47.603,6007,6007,0,2026-05-24 08:22:41.000,101,99,2,2026-05-24 10:02:50.397,6107,6107,0,2026-05-24 10:02:50.397,3,2,1,2026-05-24 10:11:24.950,514,514,0,2026-05-24 11:08:01.217,2026-05-24 11:08:01.217,0,NULL,2026-05-24 11:08:01.353,10021,10021,0,NR-No Report
26-040802,2026-05-24 08:23:05.000,22,SUN,24,8,B,DAY,EARLY,POLICE,ALARM COMMERCIAL,2,Phone,"WALKER, JUANITA","LEWIS, LESLIE",2026-05-24 08:23:03.000,2026-05-24 08:24:14.000,2026-05-24 08:24:02.000,59,57,2,2026-05-24 08:32:24.867,502,502,0,2026-05-24 08:28:12.000,309,307,2,2026-05-24 08:32:30.667,561,561,0,2026-05-24 08:32:30.667,6,5,1,2026-05-24 08:39:57.167,447,446,1,2026-05-24 08:44:58.847,2026-05-24 08:44:58.847,0,NULL,2026-05-24 08:44:58.883,1315,1315,0,NR-No Report
26-040801,2026-05-24 08:24:54.000,22,SUN,24,8,B,DAY,EARLY,POLICE,OFF DUTY DETAIL,8,OFFICER,"MCGARVIE, CIARAN R.",NULL,2026-05-24 08:24:54.000,NULL,2026-05-24 08:24:54.000,0,1,-1,2026-05-24 08:24:54.000,0,0,0,2026-05-24 08:24:54.000,0,NULL,0,2026-05-24 08:24:54.000,0,0,0,2026-05-24 08:24:54.000,0,0,0,2026-05-24 08:24:54.000,0,0,0,2026-05-24 12:17:01.040,2026-05-24 12:19:49.590,0,NULL,2026-05-24 12:19:49.837,14095,14095,0,NR-No Report
26-040804,2026-05-24 08:31:26.000,22,SUN,24,8,B,DAY,EARLY,POLICE,PUBLIC SERVICE MULTI OFFICER,3,Phone,"PEREZ, CARLOS",NULL,2026-05-24 08:31:24.000,2026-05-24 08:35:43.000,2026-05-24 08:34:34.000,190,188,2,2026-05-24 08:38:38.273,244,244,0,2026-05-24 08:35:12.000,228,226,2,2026-05-24 08:38:41.987,434,434,0,2026-05-24 08:38:41.987,3,3,0,2026-05-24 08:52:00.317,799,798,1,2026-05-24 09:44:39.003,2026-05-24 09:58:43.627,0,NULL,2026-05-24 09:58:43.710,5239,5239,0,NR-No Report
26-040805,2026-05-24 08:38:44.000,22,SUN,24,8,B,DAY,EARLY,POLICE,OFF DUTY DETAIL,8,OFFICER,"VILLANUEVA, RODNEY M",NULL,2026-05-24 08:38:44.000,NULL,2026-05-24 08:38:44.000,0,1,-1,2026-05-24 08:38:44.000,0,0,0,2026-05-24 08:38:44.000,0,NULL,0,2026-05-24 08:38:44.000,0,0,0,2026-05-24 08:38:44.000,0,0,0,2026-05-24 08:38:44.000,0,0,0,2026-05-24 12:36:19.243,2026-05-24 12:36:19.243,0,NULL,2026-05-24 12:36:19.293,14255,14255,0,NR-No Report
26-040806,2026-05-24 08:41:24.000,22,SUN,24,8,B,DAY,EARLY,POLICE,ANIMAL SICK-INJURED,2,Phone,"PEREZ, CARLOS","LEWIS, LESLIE",2026-05-24 08:41:22.000,2026-05-24 08:42:56.000,2026-05-24 08:42:25.000,63,61,2,2026-05-24 08:43:14.583,49,49,0,2026-05-24 08:42:26.000,64,62,2,2026-05-24 08:43:17.893,112,112,0,2026-05-24 08:43:17.893,3,3,0,NULL,NULL,-9999,NULL,NULL,2026-05-24 08:46:14.000,0,NULL,NULL,292,292,0,ACOR-Animal Control Report
26-012616,2026-05-24 08:52:42.000,22,SUN,24,8,B,DAY,EARLY,EMS,UNCONSCIOUS ALS 2,1,E-911,"PEREZ, CARLOS",Automatic Dispatch,2026-05-24 08:52:42.000,2026-05-24 08:54:49.000,2026-05-24 08:53:35.000,53,53,0,2026-05-24 08:53:38.000,3,3,0,2026-05-24 09:00:09.000,447,447,0,2026-05-24 08:54:14.433,56,56,0,2026-05-24 08:54:14.433,36,36,0,2026-05-24 08:58:27.600,253,253,0,2026-05-24 09:07:45.207,2026-05-24 10:09:30.523,0,NULL,2026-05-24 10:09:31.327,4608,4608,0,UNDEFINED
26-040809,2026-05-24 08:56:52.590,22,SUN,24,8,B,DAY,EARLY,POLICE,POLICE INFORMATION,4,Phone,"PEREZ, CARLOS",NULL,2026-05-24 08:56:52.590,2026-05-24 08:57:14.000,2026-05-24 08:56:52.590,0,0,0,2026-05-24 08:59:13.770,141,141,0,2026-05-24 08:56:52.590,0,NULL,0,2026-05-24 08:59:16.730,141,141,0,2026-05-24 08:59:16.730,3,2,1,2026-05-24 09:08:49.943,573,573,0,2026-05-24 18:04:36.130,2026-05-24 18:04:36.130,0,NULL,2026-05-24 18:04:36.163,32864,32863,1,RE-Report
26-040810,2026-05-24 08:59:24.000,22,SUN,24,8,B,DAY,EARLY,POLICE,OFF DUTY DETAIL,8,OFFICER,"BROWN, BRIDGET C",NULL,2026-05-24 08:59:24.000,NULL,2026-05-24 08:59:24.000,0,1,-1,2026-05-24 08:59:24.000,0,0,0,2026-05-24 08:59:24.000,0,NULL,0,2026-05-24 08:59:24.000,0,0,0,2026-05-24 08:59:24.000,0,0,0,2026-05-24 08:59:24.000,0,0,0,2026-05-24 12:09:53.347,2026-05-24 12:09:53.347,0,NULL,2026-05-24 12:09:53.390,11429,11429,0,NR-No Report
26-012617,2026-05-24 09:02:01.997,22,SUN,24,9,B,DAY,EARLY,EMS,MUTUAL ALS,1,C2C,CAD to CAD Service 1,CAD to CAD Service 1,2026-05-24 08:59:46.000,NULL,2026-05-24 09:02:02.373,136,0,136,2026-05-24 09:02:02.420,0,0,0,NULL,NULL,NULL,NULL,2026-05-24 09:02:28.867,136,241,-105,2026-05-24 09:02:28.867,26,26,0,2026-05-24 09:10:00.903,452,452,0,2026-05-24 09:04:35.727,2026-05-24 10:36:58.897,0,NULL,2026-05-24 10:36:58.927,5832,5832,0,CAD2CAD
26-040812,2026-05-24 09:08:51.000,22,SUN,24,9,B,DAY,EARLY,POLICE,OFF DUTY DETAIL,8,OFFICER,"KLEIN, RYAN",NULL,2026-05-24 09:08:51.000,NULL,2026-05-24 09:08:51.000,0,1,-1,2026-05-24 09:08:51.000,0,0,0,2026-05-24 09:08:51.000,0,NULL,0,2026-05-24 09:08:51.000,0,0,0,2026-05-24 09:08:51.000,0,0,0,2026-05-24 09:08:51.000,0,0,0,2026-05-24 13:15:32.727,2026-05-24 13:15:32.727,0,NULL,2026-05-24 13:15:32.787,14801,14801,0,NR-No Report
26-040813,2026-05-24 09:09:09.000,22,SUN,24,9,B,DAY,EARLY,POLICE,SUSPICIOUS EVENT,2,Phone,"FLOURNOY, ERICKA","LEWIS, LESLIE",2026-05-24 09:09:06.000,2026-05-24 09:13:27.000,2026-05-24 09:11:31.000,145,142,3,2026-05-24 09:24:28.917,777,777,0,2026-05-24 09:21:55.000,769,766,3,2026-05-24 09:24:32.867,922,922,0,2026-05-24 09:24:32.867,4,3,1,2026-05-24 09:38:41.503,849,848,1,2026-05-24 10:02:23.283,2026-05-24 10:02:23.283,0,NULL,2026-05-24 10:02:23.337,3197,3197,0,NR-No Report
26-012618,2026-05-24 09:13:01.000,22,SUN,24,9,B,DAY,EARLY,FIRE,CO ALARM,2,Phone,"WALKER, JUANITA","SMITH, TERESA",2026-05-24 09:12:59.000,2026-05-24 09:14:54.000,2026-05-24 09:14:09.000,70,68,2,2026-05-24 09:15:13.533,64,64,0,2026-05-24 09:14:51.000,112,110,2,2026-05-24 09:15:20.573,134,134,0,2026-05-24 09:15:20.573,7,7,0,2026-05-24 09:16:22.340,62,61,1,2026-05-24 09:41:36.317,2026-05-24 09:41:36.317,0,NULL,2026-05-24 09:41:36.403,1717,1717,0,UNDEFINED
26-040814,2026-05-24 09:19:14.000,22,SUN,24,9,B,DAY,EARLY,POLICE,ANIMAL ABUSE-NEGLECT,2,E-911,"PEREZ, CARLOS","LEWIS, LESLIE",2026-05-24 09:19:12.000,2026-05-24 09:21:04.000,2026-05-24 09:20:57.000,105,103,2,2026-05-24 09:21:58.237,61,61,0,2026-05-24 09:21:57.000,165,163,2,2026-05-24 09:22:45.643,166,166,0,2026-05-24 09:22:45.643,47,47,0,2026-05-24 09:22:47.490,2,1,1,2026-05-24 09:22:53.550,2026-05-24 09:22:53.550,0,NULL,2026-05-24 09:22:53.607,221,221,0,ACOR-Animal Control Report
26-040815,2026-05-24 09:22:00.000,22,SUN,24,9,B,DAY,EARLY,POLICE,HAZARD,2,Phone,"FLOURNOY, ERICKA","LEWIS, LESLIE",2026-05-24 09:21:58.000,2026-05-24 09:23:02.000,2026-05-24 09:22:56.000,58,56,2,2026-05-24 09:23:12.373,16,16,0,2026-05-24 09:23:55.000,117,115,2,2026-05-24 09:23:15.087,74,74,0,2026-05-24 09:23:15.087,3,2,1,2026-05-24 09:33:15.230,600,600,0,2026-05-24 09:50:18.510,2026-05-24 09:50:18.510,0,NULL,2026-05-24 09:50:18.570,1700,1700,0,NR-No Report
26-012619,2026-05-24 09:28:30.000,22,SUN,24,9,B,DAY,EARLY,EMS,BLS EMERGENCY,3,Phone,"SMITH, TERESA","SMITH, TERESA",2026-05-24 09:28:27.000,2026-05-24 09:30:10.727,2026-05-24 09:30:00.000,93,90,3,2026-05-24 09:30:10.633,10,10,0,2026-05-24 09:30:00.000,93,90,3,2026-05-24 09:30:59.453,103,103,0,2026-05-24 09:30:59.453,49,48,1,NULL,NULL,-9999,NULL,2026-05-24 09:36:27.270,2026-05-24 09:36:27.270,0,NULL,2026-05-24 09:36:27.363,480,480,0,UNDEFINED
26-040816,2026-05-24 09:29:29.000,22,SUN,24,9,B,DAY,EARLY,POLICE,OFF DUTY DETAIL,8,OFFICER,"JONES, MARCELL L",NULL,2026-05-24 09:29:29.000,NULL,2026-05-24 09:29:29.000,0,1,-1,2026-05-24 09:29:29.000,0,0,0,2026-05-24 09:29:29.000,0,NULL,0,2026-05-24 09:29:29.000,0,0,0,2026-05-24 09:29:29.000,0,0,0,2026-05-24 09:29:29.000,0,0,0,2026-05-24 12:30:06.370,2026-05-24 12:30:06.370,0,NULL,2026-05-24 12:30:06.513,10837,10837,0,NR-No Report
26-040817,2026-05-24 09:37:46.000,22,SUN,24,9,B,DAY,EARLY,POLICE,MVC CITY PROPERTY DAMAGE,2,OFFICER,"LEWIS, LESLIE",NULL,2026-05-24 09:37:44.000,NULL,2026-05-24 09:38:24.000,40,38,2,2026-05-24 09:50:23.877,719,719,0,2026-05-24 09:41:29.000,225,223,2,2026-05-24 09:50:23.877,759,759,0,2026-05-24 09:50:23.877,0,0,0,2026-05-24 10:27:54.390,2251,2250,1,2026-05-24 11:02:19.440,2026-05-24 11:02:19.440,0,NULL,2026-05-24 11:02:19.517,5075,5075,0,RE-Report
26-012622,2026-05-24 09:40:58.000,22,SUN,24,9,B,DAY,EARLY,EMS,PUBLIC SERVICE EMS,4,E-911,"FLOURNOY, ERICKA",Automatic Dispatch,2026-05-24 09:40:57.000,2026-05-24 09:43:04.000,2026-05-24 09:42:49.000,112,111,1,2026-05-24 09:42:51.380,2,2,0,2026-05-24 09:42:57.000,120,119,1,2026-05-24 09:44:17.953,114,114,0,2026-05-24 09:44:17.953,86,86,0,2026-05-24 09:52:49.360,512,511,1,2026-05-24 10:14:58.817,2026-05-24 10:14:58.817,0,NULL,2026-05-24 10:14:59.060,2041,2041,0,UNDEFINED
26-040818,2026-05-24 09:41:57.000,22,SUN,24,9,B,DAY,EARLY,POLICE,ASSAULT NO INJURY DELAY,4,E-911,"PEREZ, CARLOS","LEWIS, LESLIE",2026-05-24 09:41:57.000,2026-05-24 09:43:08.000,2026-05-24 09:42:53.000,56,56,0,2026-05-24 09:44:22.347,89,89,0,2026-05-24 09:45:04.000,187,187,0,2026-05-24 09:44:36.013,145,145,0,2026-05-24 09:44:36.013,14,13,1,2026-05-24 09:59:45.913,909,909,0,2026-05-24 09:45:11.900,2026-05-24 13:43:57.193,0,NULL,2026-05-24 13:43:57.297,14520,14520,0,RE-Report
26-040821,2026-05-24 09:48:06.000,22,SUN,24,9,B,DAY,EARLY,POLICE,LARCENY OTHER DELAY,4,E-911,"FLOURNOY, ERICKA","WALKER, JUANITA",2026-05-24 09:48:06.000,2026-05-24 10:39:27.000,2026-05-24 09:51:37.000,211,211,0,2026-05-24 09:53:33.433,116,116,0,2026-05-24 09:52:52.000,286,286,0,2026-05-24 09:53:38.197,327,327,0,2026-05-24 09:53:38.197,5,4,1,2026-05-24 10:04:52.387,674,674,0,2026-05-24 15:10:27.977,2026-05-24 10:12:44.000,1,2026-05-24 10:39:24.020,2026-05-24 15:10:28.180,1478,19341,-17863,NR-No Report
26-040819,2026-05-24 09:48:37.000,22,SUN,24,9,B,DAY,EARLY,POLICE,DEST OF PROP VEH DELAY,4,Phone,"PEREZ, CARLOS","WALKER, JUANITA",2026-05-24 09:48:35.000,2026-05-24 11:07:02.000,2026-05-24 09:50:16.000,101,99,2,2026-05-24 11:08:22.397,4686,4686,0,2026-05-24 09:50:17.000,102,100,2,2026-05-24 11:08:24.587,4787,4787,0,2026-05-24 11:08:24.587,2,2,0,2026-05-24 11:14:03.320,339,338,1,2026-05-24 11:39:53.550,2026-05-24 11:39:53.550,0,NULL,2026-05-24 11:39:53.613,6678,6678,0,NR-No Report
26-040822,2026-05-24 09:50:44.000,22,SUN,24,9,B,DAY,EARLY,POLICE,PARKING COMPLAINT,4,Phone,"PEREZ, CARLOS","WALKER, JUANITA",2026-05-24 09:50:41.000,2026-05-24 11:17:42.853,2026-05-24 09:52:08.000,87,84,3,2026-05-24 09:57:44.147,336,336,0,2026-05-24 09:52:11.000,90,87,3,2026-05-24 09:57:44.147,423,423,0,2026-05-24 09:57:44.147,0,0,0,2026-05-24 09:59:15.240,91,91,0,2026-05-24 10:53:18.367,2026-05-24 10:53:18.367,1,2026-05-24 11:17:26.620,2026-05-24 11:19:46.727,3757,5344,-1587,NR-No Report
26-040829,2026-05-24 09:56:27.000,22,SUN,24,9,B,DAY,EARLY,POLICE,ADMINISTRATIVE TASK,2,Phone,"FLOURNOY, ERICKA","WALKER, JUANITA",2026-05-24 09:56:25.000,2026-05-24 10:02:57.000,2026-05-24 10:02:54.000,389,387,2,2026-05-24 10:05:34.347,160,160,0,2026-05-24 10:02:55.000,390,388,2,2026-05-24 10:05:39.173,549,549,0,2026-05-24 10:05:39.173,5,4,1,2026-05-24 10:31:45.587,1566,1566,0,2026-05-24 10:54:23.707,2026-05-24 10:54:23.707,0,NULL,2026-05-24 10:54:23.940,3478,3478,0,NR-No Report
26-040824,2026-05-24 09:56:51.000,22,SUN,24,9,B,DAY,EARLY,POLICE,BOLO,2,Radio,"WALKER, JUANITA","WALKER, JUANITA",2026-05-24 09:56:49.000,2026-05-24 09:57:15.230,2026-05-24 09:57:10.000,21,19,2,2026-05-24 09:57:15.183,5,5,0,2026-05-24 09:58:33.000,104,102,2,2026-05-24 09:57:33.503,26,26,0,2026-05-24 09:57:33.503,18,18,0,NULL,NULL,-9999,NULL,2026-05-24 10:09:34.777,2026-05-24 10:09:34.777,0,NULL,2026-05-24 10:09:34.830,765,765,0,NR-No Report
26-012623,2026-05-24 09:58:10.000,22,SUN,24,9,B,DAY,EARLY,EMS,ABDOMINAL PAIN BLS,3,E-911,"MCLEOD, DOUGLAS",Automatic Dispatch,2026-05-24 09:58:10.000,2026-05-24 10:00:54.000,2026-05-24 09:58:59.000,49,49,0,2026-05-24 09:59:01.640,2,2,0,2026-05-24 10:00:12.000,122,122,0,2026-05-24 09:59:59.313,51,51,0,2026-05-24 09:59:59.313,58,57,1,2026-05-24 10:06:32.157,393,392,1,2026-05-24 10:48:21.527,2026-05-24 10:48:21.527,0,NULL,2026-05-24 10:48:21.600,3011,3011,0,UNDEFINED
26-012624,2026-05-24 09:59:27.000,22,SUN,24,9,B,DAY,EARLY,EMS,TRAUMATIC INJURIES ALS 1,1,Phone,"FLOURNOY, ERICKA",Automatic Dispatch,2026-05-24 09:59:25.000,2026-05-24 10:02:18.000,2026-05-24 10:01:20.000,115,113,2,2026-05-24 10:01:22.157,2,2,0,2026-05-24 10:02:04.000,159,157,2,2026-05-24 10:02:34.450,117,117,0,2026-05-24 10:02:34.450,72,72,0,2026-05-24 10:04:30.553,116,116,0,2026-05-24 10:44:40.510,2026-05-24 11:17:50.127,0,NULL,2026-05-24 11:17:50.290,4705,4705,0,UNDEFINED
26-040825,2026-05-24 10:00:02.000,22,SUN,24,10,B,DAY,MIDS,POLICE,OFF DUTY DETAIL,8,OFFICER,"RICHARDS, JOSHUA L",NULL,2026-05-24 10:00:02.000,NULL,2026-05-24 10:00:02.000,0,1,-1,2026-05-24 10:00:02.000,0,0,0,2026-05-24 10:00:02.000,0,NULL,0,2026-05-24 10:00:02.000,0,0,0,2026-05-24 10:00:02.000,0,0,0,2026-05-24 10:00:02.000,0,0,0,2026-05-24 12:19:20.573,2026-05-24 12:19:20.570,0,NULL,2026-05-24 12:19:20.570,8358,8358,0,NR-No Report
26-040830,2026-05-24 10:01:33.000,22,SUN,24,10,B,DAY,MIDS,POLICE,SUSPICIOUS EVENT,4,Phone,"PEREZ, CARLOS",NULL,2026-05-24 10:01:30.000,2026-05-24 10:06:29.000,2026-05-24 10:05:18.000,228,225,3,2026-05-24 10:41:16.877,2158,2158,0,2026-05-24 10:05:26.000,236,233,3,2026-05-24 10:41:33.687,2386,2386,0,2026-05-24 10:41:33.687,17,16,1,2026-05-24 11:04:01.563,1348,1347,1,2026-05-24 19:03:19.657,2026-05-24 19:03:19.657,0,NULL,2026-05-24 19:03:19.673,32509,32509,0,RE-Report
26-040833,2026-05-24 10:07:01.000,22,SUN,24,10,B,DAY,MIDS,POLICE,PROPERTY FOUND,4,E-911,"FLOURNOY, ERICKA","WALKER, JUANITA",2026-05-24 10:07:01.000,2026-05-24 11:06:05.000,2026-05-24 10:13:45.000,404,404,0,2026-05-24 15:51:06.607,20241,20241,0,2026-05-24 10:14:06.000,425,425,0,2026-05-24 15:51:12.453,20645,20645,0,2026-05-24 15:51:12.453,6,5,1,2026-05-24 16:07:56.707,1004,1004,0,2026-05-24 16:24:24.370,2026-05-24 16:24:24.370,0,NULL,2026-05-24 16:24:24.577,22643,22643,0,NR-No Report
26-040831,2026-05-24 10:08:01.043,22,SUN,24,10,B,DAY,MIDS,POLICE,ASSIST FIRE - IMMEDIATE,2,Radio,"ALLEN, TIANA","WALKER, JUANITA",2026-05-24 10:08:01.043,2026-05-24 10:08:31.000,2026-05-24 10:08:01.043,0,0,0,2026-05-24 10:12:12.183,251,251,0,2026-05-24 10:08:01.043,0,NULL,0,2026-05-24 10:12:16.347,251,251,0,2026-05-24 10:12:16.347,4,4,0,NULL,NULL,-9999,NULL,NULL,2026-05-24 10:14:15.000,0,NULL,NULL,374,374,0,NR-No Report
26-040832,2026-05-24 10:11:19.000,22,SUN,24,10,B,DAY,MIDS,POLICE,TROUBLE UNKNOWN NO EMS,2,Phone,"MCLEOD, DOUGLAS",NULL,2026-05-24 10:11:17.000,2026-05-24 10:15:00.000,2026-05-24 10:12:29.000,72,70,2,2026-05-24 10:21:16.110,527,527,0,2026-05-24 10:13:02.000,105,103,2,2026-05-24 10:21:16.110,599,599,0,2026-05-24 10:21:16.110,0,0,0,2026-05-24 10:27:45.750,389,389,0,2026-05-24 10:32:02.873,2026-05-24 10:32:41.093,0,NULL,2026-05-24 10:32:41.307,1284,1284,0,NR-No Report
26-040834,2026-05-24 10:12:11.000,22,SUN,24,10,B,DAY,MIDS,POLICE,TROUBLE UNKNOWN NO EMS,2,E-911,"PEREZ, CARLOS","WALKER, JUANITA",2026-05-24 10:12:11.000,2026-05-24 10:17:27.000,2026-05-24 10:16:52.000,281,281,0,2026-05-24 10:17:41.040,49,49,0,2026-05-24 10:21:18.000,547,547,0,2026-05-24 10:17:51.163,330,330,0,2026-05-24 10:17:51.163,10,10,0,2026-05-24 10:27:19.453,568,568,0,NULL,2026-05-24 10:41:11.000,0,NULL,NULL,1740,1740,0,NR-No Report
26-012625,2026-05-24 10:21:11.177,22,SUN,24,10,B,DAY,MIDS,EMS,UNKNOWN MEDICAL ALS 1,1,NOT CAPTURED,"PEREZ, CARLOS",Automatic Dispatch,2026-05-24 10:21:11.177,2026-05-24 10:21:25.000,2026-05-24 10:21:11.177,0,0,0,2026-05-24 10:21:13.493,2,2,0,2026-05-24 10:21:11.177,0,NULL,0,2026-05-24 10:22:35.820,2,2,0,2026-05-24 10:22:35.820,82,82,0,2026-05-24 10:27:37.943,302,302,0,2026-05-24 10:35:34.490,2026-05-24 10:37:18.727,0,NULL,2026-05-24 10:37:19.517,967,967,0,UNDEFINED
26-040838,2026-05-24 10:26:30.000,22,SUN,24,10,B,DAY,MIDS,POLICE,PROPERTY FOUND,4,Phone,"PEREZ, CARLOS","WALKER, JUANITA",2026-05-24 10:26:28.000,2026-05-24 10:33:05.000,2026-05-24 10:27:47.000,79,77,2,2026-05-24 11:06:30.630,2323,2323,0,2026-05-24 10:27:54.000,86,84,2,2026-05-24 11:06:35.643,2402,2402,0,2026-05-24 11:06:35.643,5,5,0,2026-05-24 11:21:48.400,913,912,1,2026-05-24 12:59:17.643,2026-05-24 12:59:17.643,0,NULL,2026-05-24 12:59:17.680,9169,9169,0,RE-Report
26-040837,2026-05-24 10:27:01.000,22,SUN,24,10,B,DAY,MIDS,POLICE,911 HANG UP,2,E-911,"SMITH, TERESA","WALKER, JUANITA",2026-05-24 10:27:01.000,2026-05-24 10:28:39.000,2026-05-24 10:27:27.000,26,26,0,2026-05-24 10:34:04.993,397,397,0,2026-05-24 10:27:45.000,44,44,0,2026-05-24 10:34:06.330,423,423,0,2026-05-24 10:34:06.330,2,1,1,2026-05-24 10:42:09.160,483,482,1,2026-05-24 10:57:51.453,2026-05-24 10:57:51.453,0,NULL,2026-05-24 10:57:51.560,1850,1850,0,NR-No Report
26-012626,2026-05-24 10:44:00.000,22,SUN,24,10,B,DAY,MIDS,EMS,BLS EMERGENCY,3,E-911,"MCLEOD, DOUGLAS",Automatic Dispatch,2026-05-24 10:44:00.000,2026-05-24 10:45:15.000,2026-05-24 10:44:47.000,47,47,0,2026-05-24 10:44:49.560,2,2,0,2026-05-24 10:45:58.000,118,118,0,2026-05-24 10:45:32.503,49,49,0,2026-05-24 10:45:32.503,43,42,1,2026-05-24 10:53:59.650,507,507,0,2026-05-24 12:36:07.280,2026-05-24 12:36:07.280,0,NULL,2026-05-24 12:36:07.390,6727,6727,0,UNDEFINED
26-040848,2026-05-24 11:12:40.000,22,SUN,24,11,B,DAY,MIDS,POLICE,DIP - DRUNK/INTOX PERSON,2,Phone,"SMITH, TERESA","WALKER, JUANITA",2026-05-24 11:12:39.000,2026-05-24 11:15:17.000,2026-05-24 11:14:19.000,100,99,1,2026-05-24 11:15:23.417,64,64,0,2026-05-24 11:24:57.000,738,737,1,2026-05-24 11:15:28.223,164,164,0,2026-05-24 11:15:28.223,5,4,1,2026-05-24 11:15:28.223,0,0,0,2026-05-24 11:29:44.843,2026-05-24 11:30:06.677,0,NULL,2026-05-24 11:30:06.727,1047,1047,0,NR-No Report
26-012628,2026-05-24 11:16:12.000,22,SUN,24,11,B,DAY,MIDS,EMS,UNKNOWN MEDICAL ALS 1,1,Phone,"FLOURNOY, ERICKA",Automatic Dispatch,2026-05-24 11:16:12.000,2026-05-24 11:16:27.000,2026-05-24 11:16:12.000,0,NULL,0,2026-05-24 11:16:14.840,2,2,0,2026-05-24 11:16:12.000,0,0,0,2026-05-24 11:17:15.877,2,2,0,2026-05-24 11:17:15.877,61,61,0,2026-05-24 11:23:33.207,378,377,1,2026-05-24 11:34:36.363,2026-05-24 11:45:09.133,0,NULL,2026-05-24 11:45:09.207,1737,1737,0,UNDEFINED
26-012629,2026-05-24 11:20:14.000,22,SUN,24,11,B,DAY,MIDS,EMS,ABDOMINAL PAIN BLS,3,E-911,"PEREZ, CARLOS",Automatic Dispatch,2026-05-24 11:20:14.000,2026-05-24 11:21:40.000,2026-05-24 11:21:13.000,59,59,0,2026-05-24 11:21:15.740,2,2,0,2026-05-24 11:23:59.000,225,225,0,2026-05-24 11:22:20.847,61,61,0,2026-05-24 11:22:20.847,65,65,0,2026-05-24 11:30:39.233,499,498,1,2026-05-24 12:35:51.327,2026-05-24 12:35:51.327,0,NULL,2026-05-24 12:35:51.420,4537,4537,0,UNDEFINED
26-040850,2026-05-24 11:25:00.000,22,SUN,24,11,B,DAY,MIDS,POLICE,ASSIST OUTSIDE AGENCY,2,Phone,"SMITH, TERESA",NULL,2026-05-24 11:24:58.000,2026-05-24 11:28:04.000,2026-05-24 11:25:39.000,41,39,2,2026-05-24 11:28:49.373,190,190,0,2026-05-24 11:39:43.000,885,883,2,2026-05-24 11:29:00.877,231,231,0,2026-05-24 11:29:00.877,11,11,0,2026-05-24 11:29:00.877,0,0,0,2026-05-24 15:01:10.753,2026-05-24 15:01:10.753,0,NULL,2026-05-24 15:01:10.800,12972,12972,0,NR-No Report
26-040852,2026-05-24 11:29:24.000,22,SUN,24,11,B,DAY,MIDS,POLICE,PARKING COMPLAINT,4,Phone,"PEREZ, CARLOS",NULL,2026-05-24 11:29:22.000,2026-05-24 12:24:08.000,2026-05-24 11:31:54.000,152,150,2,2026-05-24 13:49:03.977,8229,8229,0,2026-05-24 11:32:30.000,188,186,2,2026-05-24 13:49:03.977,8381,8381,0,2026-05-24 13:49:03.977,0,-9999,9999,2026-05-24 13:52:48.670,225,224,1,2026-05-24 13:57:11.137,2026-05-24 13:57:11.137,0,NULL,2026-05-24 13:57:12.300,8869,8869,0,NR-No Report
26-012630,2026-05-24 11:34:11.000,22,SUN,24,11,B,DAY,MIDS,EMS,SEIZURE ALS 1,1,E-911,"SMITH, TERESA","ALLEN, TIANA",2026-05-24 11:34:10.000,2026-05-24 11:35:41.000,2026-05-24 11:35:05.000,55,54,1,2026-05-24 11:35:07.630,2,2,0,2026-05-24 11:39:42.000,332,331,1,2026-05-24 11:36:53.867,57,57,0,2026-05-24 11:36:53.867,106,106,0,2026-05-24 11:41:23.403,270,269,1,2026-05-24 11:55:57.327,2026-05-24 12:53:01.000,0,NULL,NULL,4731,4731,0,CC-Call Completed
26-040854,2026-05-24 11:37:21.000,22,SUN,24,11,B,DAY,MIDS,POLICE,MENTAL HEALTH CASE,2,Phone,"MCLEOD, DOUGLAS",NULL,2026-05-24 11:37:19.000,2026-05-24 11:39:17.000,2026-05-24 11:39:03.000,104,102,2,2026-05-24 11:39:35.673,32,32,0,2026-05-24 11:39:30.000,131,129,2,2026-05-24 11:39:39.277,136,136,0,2026-05-24 11:39:39.277,4,3,1,2026-05-24 11:44:53.377,314,314,0,2026-05-24 11:40:06.860,2026-05-24 13:08:41.320,0,NULL,2026-05-24 13:08:41.367,5482,5482,0,NR-No Report
26-040855,2026-05-24 11:40:07.000,22,SUN,24,11,B,DAY,MIDS,POLICE,WALK IN HQ LOBBY,3,Phone,"FLOURNOY, ERICKA","WALKER, JUANITA",2026-05-24 11:40:05.000,2026-05-24 11:44:01.000,2026-05-24 11:43:07.000,182,180,2,2026-05-24 11:45:26.123,139,139,0,2026-05-24 11:48:31.000,506,504,2,2026-05-24 11:47:45.547,321,321,0,2026-05-24 11:47:45.547,139,139,0,2026-05-24 11:55:23.757,458,458,0,NULL,2026-05-24 11:55:41.000,0,NULL,NULL,936,936,0,NR-No Report
26-040856,2026-05-24 11:44:27.000,22,SUN,24,11,B,DAY,MIDS,POLICE,LARCENY COMM IN PROG,2,Phone,"SMITH, TERESA","WALKER, JUANITA",2026-05-24 11:44:26.000,2026-05-24 11:53:58.000,2026-05-24 11:45:43.000,77,76,1,2026-05-24 11:54:11.763,508,508,0,2026-05-24 11:46:34.000,128,127,1,2026-05-24 11:54:22.903,585,585,0,2026-05-24 11:54:22.903,11,11,0,2026-05-24 11:59:17.657,295,294,1,2026-05-24 14:35:44.713,2026-05-24 14:35:44.713,0,NULL,2026-05-24 14:35:44.783,10278,10278,0,RE-Report
26-040858,2026-05-24 11:52:14.000,22,SUN,24,11,B,DAY,MIDS,POLICE,PROPERTY FOUND,4,Phone,"SMITH, TERESA","SMITH, TERESA",2026-05-24 11:52:12.000,2026-05-24 12:29:37.000,2026-05-24 11:52:51.000,39,37,2,2026-05-24 13:54:15.357,7284,7284,0,2026-05-24 11:55:37.000,205,203,2,2026-05-24 13:54:18.093,7323,7323,0,2026-05-24 13:54:18.093,3,2,1,2026-05-24 14:09:54.417,936,936,0,2026-05-24 15:57:55.300,2026-05-24 15:57:55.300,0,NULL,2026-05-24 15:57:55.333,14743,14743,0,RE-Report
26-040861,2026-05-24 12:02:38.000,22,SUN,24,12,B,DAY,MIDS,POLICE,TROUBLE UNKNOWN NO EMS,2,E-911,"MCLEOD, DOUGLAS","SMITH, TERESA",2026-05-24 12:02:38.000,2026-05-24 12:04:10.000,2026-05-24 12:03:43.000,65,65,0,2026-05-24 12:39:44.863,2161,2161,0,2026-05-24 12:04:47.000,129,129,0,2026-05-24 12:39:47.080,2226,2226,0,2026-05-24 12:39:47.080,3,2,1,2026-05-24 12:45:08.850,321,321,0,2026-05-24 13:22:46.693,2026-05-24 13:22:46.693,0,NULL,2026-05-24 13:22:46.763,4808,4808,0,NR-No Report
26-040863,2026-05-24 12:03:22.000,22,SUN,24,12,B,DAY,MIDS,POLICE,WALK IN HQ LOBBY,3,Phone,"PEREZ, CARLOS",NULL,2026-05-24 12:03:20.000,2026-05-24 12:22:35.000,2026-05-24 12:06:52.000,212,210,2,2026-05-24 12:32:06.857,1514,1514,0,2026-05-24 12:12:05.000,525,523,2,2026-05-24 12:32:06.857,1726,1726,0,2026-05-24 12:32:06.857,0,-9999,9999,2026-05-24 12:32:11.400,5,4,1,2026-05-24 14:29:25.067,2026-05-24 14:29:25.067,0,NULL,2026-05-24 14:29:25.233,8765,8765,0,RE-Report
26-040862,2026-05-24 12:05:27.000,22,SUN,24,12,B,DAY,MIDS,POLICE,ASSAULT MINOR INJ IN PROG,2,E-911,"MCLEOD, DOUGLAS","SMITH, TERESA",2026-05-24 12:05:27.000,2026-05-24 12:06:40.000,2026-05-24 12:06:29.000,62,62,0,2026-05-24 12:11:30.667,301,301,0,2026-05-24 12:08:04.000,157,157,0,2026-05-24 12:11:33.483,363,363,0,2026-05-24 12:11:33.483,3,2,1,2026-05-24 12:31:21.033,1188,1187,1,2026-05-24 15:00:56.637,2026-05-24 15:00:56.637,0,NULL,2026-05-24 15:00:56.673,10529,10529,0,RE-Report
26-012631,2026-05-24 12:06:30.000,22,SUN,24,12,B,DAY,MIDS,EMS,ASSAULT ALS 1,3,Phone,"MCLEOD, DOUGLAS",Automatic Dispatch,2026-05-24 12:06:30.000,2026-05-24 12:07:02.000,2026-05-24 12:06:30.000,0,NULL,0,2026-05-24 12:06:32.690,2,2,0,2026-05-24 12:06:30.000,0,0,0,2026-05-24 12:07:29.993,2,2,0,2026-05-24 12:07:29.993,57,57,0,2026-05-24 12:10:25.920,176,175,1,2026-05-24 12:15:24.510,2026-05-24 12:16:57.653,0,NULL,2026-05-24 12:16:58.013,627,627,0,UNDEFINED
26-040864,2026-05-24 12:10:30.000,22,SUN,24,12,B,DAY,MIDS,POLICE,ANIMAL WILDLIFE,3,Phone,"MCLEOD, DOUGLAS","WALKER, JUANITA",2026-05-24 12:10:28.000,2026-05-24 12:19:57.000,2026-05-24 12:11:43.000,75,73,2,2026-05-24 12:20:56.720,553,553,0,2026-05-24 12:11:49.000,81,79,2,NULL,628,628,0,NULL,NULL,-9999,NULL,NULL,NULL,-9999,NULL,NULL,2026-05-24 12:21:37.000,0,NULL,NULL,669,669,0,ACOR-Animal Control Report
26-040865,2026-05-24 12:13:11.000,22,SUN,24,12,B,DAY,MIDS,POLICE,SHOPLIFTING IN PROG,2,E-911,"WALKER, JUANITA",NULL,2026-05-24 12:13:09.000,2026-05-24 12:21:43.000,2026-05-24 12:13:42.000,33,31,2,2026-05-24 12:25:43.923,721,721,0,2026-05-24 12:23:15.000,606,604,2,2026-05-24 12:25:43.970,754,754,0,2026-05-24 12:25:43.970,0,0,0,2026-05-24 12:25:44.000,1,0,1,2026-05-24 13:30:50.933,2026-05-24 17:56:05.377,0,NULL,2026-05-24 17:56:05.457,20576,20576,0,RE-Report
26-012632,2026-05-24 12:14:25.000,22,SUN,24,12,B,DAY,MIDS,EMS,STROKE ALS 2,1,E-911,"PEREZ, CARLOS",Automatic Dispatch,2026-05-24 12:14:25.000,2026-05-24 12:16:01.000,2026-05-24 12:15:21.000,56,56,0,2026-05-24 12:15:24.217,3,3,0,2026-05-24 12:18:14.000,229,229,0,2026-05-24 12:16:03.777,59,59,0,2026-05-24 12:16:03.777,39,39,0,2026-05-24 12:18:26.363,143,142,1,2026-05-24 12:36:53.993,2026-05-24 13:51:17.573,0,NULL,2026-05-24 13:51:17.713,5812,5812,0,UNDEFINED
26-012633,2026-05-24 12:22:26.000,22,SUN,24,12,B,DAY,MIDS,EMS,BACK PAIN BLS,3,E-911,"MCLEOD, DOUGLAS",Automatic Dispatch,2026-05-24 12:22:25.000,2026-05-24 12:24:00.000,2026-05-24 12:23:05.000,40,39,1,2026-05-24 12:23:07.120,2,2,0,2026-05-24 12:24:25.000,120,119,1,2026-05-24 12:23:53.963,42,42,0,2026-05-24 12:23:53.963,46,46,0,2026-05-24 12:28:04.570,251,250,1,2026-05-24 13:32:29.010,2026-05-24 13:32:29.010,0,NULL,2026-05-24 13:32:29.390,4204,4204,0,UNDEFINED
26-012634,2026-05-24 12:35:10.000,22,SUN,24,12,B,DAY,MIDS,EMS,BLS EMERGENCY,3,E-911,"MCLEOD, DOUGLAS","ALLEN, TIANA",2026-05-24 12:35:10.000,2026-05-24 12:36:38.000,2026-05-24 12:35:56.000,46,46,0,2026-05-24 12:35:58.710,2,2,0,2026-05-24 12:37:04.000,114,114,0,2026-05-24 12:36:59.077,48,48,0,2026-05-24 12:36:59.077,61,60,1,2026-05-24 12:38:37.010,98,97,1,2026-05-24 12:36:08.477,2026-05-24 13:52:22.157,0,NULL,2026-05-24 13:52:22.247,4632,4632,0,UNDEFINED
26-040871,2026-05-24 12:38:11.000,22,SUN,24,12,B,DAY,MIDS,POLICE,WALK IN HQ LOBBY,3,Phone,"MCLEOD, DOUGLAS","SMITH, TERESA",2026-05-24 12:38:08.000,2026-05-24 12:53:24.000,2026-05-24 12:39:20.000,72,69,3,2026-05-24 13:50:05.507,4245,4245,0,2026-05-24 12:39:28.000,80,77,3,2026-05-24 13:50:14.110,4317,4317,0,2026-05-24 13:50:14.110,9,8,1,NULL,NULL,-9999,NULL,2026-05-24 14:30:46.380,2026-05-24 14:30:46.380,0,NULL,2026-05-24 14:30:46.473,6758,6758,0,NR-No Report
26-040872,2026-05-24 12:41:26.000,22,SUN,24,12,B,DAY,MIDS,POLICE,DISORDERLY CONDUCT,2,E-911,"WALKER, JUANITA","SMITH, TERESA",2026-05-24 12:41:25.000,2026-05-24 12:47:37.000,2026-05-24 12:42:16.000,51,50,1,2026-05-24 12:50:49.737,513,513,0,2026-05-24 12:47:26.000,361,360,1,2026-05-24 12:50:52.173,564,564,0,2026-05-24 12:50:52.173,3,2,1,2026-05-24 12:57:32.933,400,400,0,2026-05-24 13:46:01.887,2026-05-24 14:48:42.243,0,NULL,2026-05-24 14:48:42.327,7637,7637,0,NR-No Report
26-040875,2026-05-24 12:49:09.000,22,SUN,24,12,B,DAY,MIDS,POLICE,NOISE COMPLAINT IN PROG,4,Phone,"PEREZ, CARLOS","WALKER, JUANITA",2026-05-24 12:49:07.000,2026-05-24 13:35:12.000,2026-05-24 12:51:33.000,146,144,2,2026-05-24 14:45:53.223,6860,6860,0,2026-05-24 12:51:34.000,147,145,2,2026-05-24 14:46:16.660,7006,7006,0,2026-05-24 14:46:16.660,23,23,0,2026-05-24 14:46:16.660,0,0,0,2026-05-24 16:33:35.537,2026-05-24 16:33:35.537,0,NULL,2026-05-24 16:33:35.587,13468,13468,0,NR-No Report
26-040876,2026-05-24 12:50:40.000,22,SUN,24,12,B,DAY,MIDS,POLICE,DISORDERLY CONDUCT,2,E-911,"WALKER, JUANITA","SMITH, TERESA",2026-05-24 12:50:38.000,2026-05-24 13:05:07.000,2026-05-24 12:54:10.000,212,210,2,2026-05-24 13:06:38.157,748,748,0,2026-05-24 12:54:12.000,214,212,2,2026-05-24 13:06:40.763,960,960,0,2026-05-24 13:06:40.763,2,2,0,2026-05-24 13:12:33.070,353,352,1,2026-05-24 13:24:32.760,2026-05-24 13:24:46.310,0,NULL,2026-05-24 13:24:46.387,2048,2048,0,NR-No Report
26-040877,2026-05-24 12:58:18.000,22,SUN,24,12,B,DAY,MIDS,POLICE,PARKING COMPLAINT,4,Phone,"MCLEOD, DOUGLAS",NULL,2026-05-24 12:58:16.000,NULL,2026-05-24 12:59:37.000,81,79,2,2026-05-24 14:08:33.337,4136,4136,0,2026-05-24 12:59:38.000,82,80,2,2026-05-24 14:08:33.337,4217,4217,0,2026-05-24 14:08:33.337,0,-9999,9999,2026-05-24 14:17:58.807,565,565,0,2026-05-24 14:19:47.113,2026-05-24 14:19:47.113,0,NULL,2026-05-24 14:19:48.050,4891,4891,0,NR-No Report
26-012635,2026-05-24 13:03:49.000,22,SUN,24,13,B,DAY,MIDS,EMS,ABDOMINAL PAIN BLS,3,E-911,"PEREZ, CARLOS",Automatic Dispatch,2026-05-24 13:03:49.000,2026-05-24 13:05:28.000,2026-05-24 13:05:10.000,81,81,0,2026-05-24 13:05:12.823,2,2,0,2026-05-24 13:15:45.000,716,716,0,2026-05-24 13:05:19.617,83,83,0,2026-05-24 13:05:19.617,7,6,1,2026-05-24 13:06:59.453,100,99,1,2026-05-24 13:20:32.620,2026-05-24 14:02:28.987,0,NULL,2026-05-24 14:02:29.087,3519,3519,0,UNDEFINED
26-012636,2026-05-24 13:19:00.503,22,SUN,24,13,B,DAY,MIDS,FIRE,MUTUAL STRUCTURE FIRE,1,C2C,CAD to CAD Service 1,CAD to CAD Service 1,2026-05-24 13:18:04.217,NULL,2026-05-24 13:19:01.020,57,0,57,2026-05-24 13:19:01.097,0,0,0,NULL,NULL,NULL,NULL,2026-05-24 13:19:34.137,57,-9999,10056,2026-05-24 13:19:34.137,33,19,14,2026-05-24 13:24:46.223,312,312,0,2026-05-24 13:31:11.533,2026-05-24 13:51:20.593,0,NULL,2026-05-24 13:51:20.627,1996,1996,0,CAD2CAD
26-012637,2026-05-24 13:24:44.000,22,SUN,24,13,B,DAY,MIDS,FIRE,FIRE ALARM,3,Radio,"FLOURNOY, ERICKA",Automatic Dispatch,2026-05-24 13:24:42.000,2026-05-24 13:26:58.000,2026-05-24 13:25:40.000,58,56,2,2026-05-24 13:25:43.033,3,3,0,2026-05-24 13:27:40.000,178,176,2,2026-05-24 13:27:04.127,61,61,0,2026-05-24 13:27:04.127,81,81,0,2026-05-24 13:30:04.073,180,179,1,2026-05-24 13:37:28.367,2026-05-24 13:37:28.367,0,NULL,2026-05-24 13:37:28.467,766,766,0,UNDEFINED
26-012638,2026-05-24 13:26:47.167,22,SUN,24,13,B,DAY,MIDS,EMS,MUTUAL ALS,1,C2C,CAD to CAD Service 1,CAD to CAD Service 1,2026-05-24 13:26:24.000,2026-05-24 13:29:33.000,2026-05-24 13:26:47.823,23,0,23,2026-05-24 13:26:47.887,0,0,0,NULL,NULL,NULL,NULL,2026-05-24 13:28:12.727,23,277,-254,2026-05-24 13:28:12.727,85,84,1,2026-05-24 13:33:40.163,328,327,1,2026-05-24 14:06:30.200,2026-05-24 14:07:49.783,0,NULL,2026-05-24 14:07:49.943,2485,2485,0,UNDEFINED
26-012639,2026-05-24 13:33:22.000,22,SUN,24,13,B,DAY,MIDS,EMS,UNCONSCIOUS ALS 2,1,E-911,"FLOURNOY, ERICKA",Automatic Dispatch,2026-05-24 13:33:22.000,2026-05-24 13:35:18.000,2026-05-24 13:34:24.000,62,62,0,2026-05-24 13:34:27.163,3,3,0,2026-05-24 13:46:50.000,808,808,0,2026-05-24 13:35:32.517,65,65,0,2026-05-24 13:35:32.517,65,65,0,2026-05-24 13:41:03.163,331,330,1,2026-05-24 14:28:10.293,2026-05-24 15:09:16.933,0,NULL,2026-05-24 15:09:17.037,5754,5754,0,UNDEFINED
26-040883,2026-05-24 13:36:11.000,22,SUN,24,13,B,DAY,MIDS,POLICE,LARCENY FROM AUTO DELAY,4,Phone,"MCLEOD, DOUGLAS","SMITH, SHAVAUGHN",2026-05-24 13:36:09.000,2026-05-24 14:51:51.000,2026-05-24 13:39:42.000,213,211,2,2026-05-24 16:10:45.047,9063,9063,0,2026-05-24 13:40:33.000,264,262,2,2026-05-24 16:10:50.987,9276,9276,0,2026-05-24 16:10:50.987,5,5,0,2026-05-24 16:50:18.563,2368,2367,1,2026-05-24 18:15:53.013,2026-05-24 18:15:53.013,0,NULL,2026-05-24 18:15:53.110,16784,16784,0,NR-No Report
26-040884,2026-05-24 13:38:55.000,22,SUN,24,13,B,DAY,MIDS,POLICE,DEST OF PROP OTH DELAY,4,Phone,"WALKER, JUANITA","SMITH, SHAVAUGHN",2026-05-24 13:38:53.000,2026-05-24 14:33:34.000,2026-05-24 13:40:29.000,96,94,2,2026-05-24 16:34:58.483,10469,10469,0,2026-05-24 13:43:25.000,272,270,2,2026-05-24 16:35:03.487,10565,10565,0,2026-05-24 16:35:03.487,5,5,0,2026-05-24 16:35:03.487,0,0,0,2026-05-24 19:22:39.317,2026-05-24 19:22:39.317,0,NULL,2026-05-24 19:22:39.370,20626,20626,0,RE-Report
26-040885,2026-05-24 13:43:59.000,22,SUN,24,13,B,DAY,MIDS,POLICE,FALSE PRETENSE/SWINDLE DELAY,4,Phone,"MCLEOD, DOUGLAS","SMITH, SHAVAUGHN",2026-05-24 13:43:58.000,2026-05-24 13:55:02.000,2026-05-24 13:45:06.000,68,67,1,2026-05-24 15:59:37.880,8071,8071,0,2026-05-24 13:46:01.000,123,122,1,2026-05-24 15:59:41.543,8139,8139,0,2026-05-24 15:59:41.543,4,3,1,NULL,NULL,-9999,NULL,2026-05-24 17:06:47.000,2026-05-24 17:06:47.000,0,NULL,2026-05-24 17:06:47.090,12169,12168,1,RE-Report
26-040887,2026-05-24 13:47:33.000,22,SUN,24,13,B,DAY,MIDS,POLICE,POLICE INFORMATION,4,Phone,"WALKER, JUANITA","SMITH, TERESA",2026-05-24 13:47:31.000,2026-05-24 13:50:56.000,2026-05-24 13:50:26.000,175,173,2,2026-05-24 13:51:11.043,45,45,0,2026-05-24 13:58:41.000,670,668,2,2026-05-24 13:51:13.643,220,220,0,2026-05-24 13:51:13.643,2,2,0,2026-05-24 13:58:06.707,413,413,0,2026-05-24 14:43:51.363,2026-05-24 18:04:18.390,0,NULL,2026-05-24 18:04:18.570,15407,15407,0,RE-Report
26-040888,2026-05-24 13:51:57.000,22,SUN,24,13,B,DAY,MIDS,POLICE,PARKING COMPLAINT,4,Phone,"MCLEOD, DOUGLAS",NULL,2026-05-24 13:51:55.000,2026-05-24 14:06:26.000,2026-05-24 13:52:43.000,48,46,2,2026-05-24 13:57:43.863,300,300,0,2026-05-24 13:53:40.000,105,103,2,2026-05-24 13:57:43.863,348,348,0,2026-05-24 13:57:43.863,0,-9999,9999,2026-05-24 14:04:37.003,414,413,1,2026-05-24 14:08:21.987,2026-05-24 14:08:21.987,0,NULL,2026-05-24 14:08:22.383,986,986,0,NR-No Report
26-040889,2026-05-24 13:57:12.000,22,SUN,24,13,B,DAY,MIDS,POLICE,WALK IN HQ LOBBY,3,Phone,"MCLEOD, DOUGLAS",NULL,2026-05-24 13:57:10.000,2026-05-24 14:02:16.000,2026-05-24 14:01:26.000,256,254,2,2026-05-24 14:34:39.260,1993,1993,0,2026-05-24 14:01:26.000,256,NULL,256,2026-05-24 14:34:39.260,2249,2249,0,2026-05-24 14:34:39.260,0,-9999,9999,NULL,NULL,-9999,NULL,2026-05-24 15:36:10.330,2026-05-24 15:36:10.330,0,NULL,2026-05-24 15:36:10.430,5940,5940,0,NR-No Report
26-040891,2026-05-24 14:03:36.000,22,SUN,24,14,B,DAY,LATE,POLICE,PARKING COMPLAINT,4,Phone,"ALLEN, TIANA",NULL,2026-05-24 14:03:34.000,NULL,2026-05-24 14:04:18.000,44,42,2,2026-05-24 14:20:01.543,943,943,0,2026-05-24 14:05:06.000,92,90,2,2026-05-24 14:20:01.543,987,987,0,2026-05-24 14:20:01.543,0,0,0,2026-05-24 14:33:23.117,802,801,1,2026-05-24 14:35:32.003,2026-05-24 14:35:32.003,0,NULL,2026-05-24 14:35:32.580,1918,1918,0,CI-Citation
26-040890,2026-05-24 14:03:55.000,22,SUN,24,14,B,DAY,LATE,POLICE,WARRANT SERVICE,2,Radio,"WALKER, JUANITA",NULL,2026-05-24 14:03:53.000,NULL,2026-05-24 14:04:10.000,17,15,2,2026-05-24 18:25:31.920,15681,15681,0,2026-05-24 14:04:51.000,58,56,2,2026-05-24 18:25:31.920,15698,15698,0,2026-05-24 18:25:31.920,0,0,0,2026-05-24 18:25:35.987,4,4,0,2026-05-24 18:39:45.780,2026-05-24 18:39:45.780,0,NULL,2026-05-24 18:39:45.877,16552,16552,0,RE-Report
26-040892,2026-05-24 14:04:25.000,22,SUN,24,14,B,DAY,LATE,POLICE,WARRANT SERVICE,2,Radio,"WALKER, JUANITA",NULL,2026-05-24 14:04:23.000,2026-05-24 17:43:25.000,2026-05-24 14:04:39.000,16,14,2,2026-05-24 18:40:00.027,16521,16521,0,2026-05-24 14:04:49.000,26,24,2,2026-05-24 18:40:00.027,16537,16537,0,2026-05-24 18:40:00.027,0,-9999,9999,NULL,NULL,-9999,NULL,2026-05-24 19:02:46.560,2026-05-24 19:02:46.560,0,NULL,2026-05-24 19:02:46.627,17903,17903,0,RE-Report
26-040893,2026-05-24 14:05:17.000,22,SUN,24,14,B,DAY,LATE,POLICE,MVC HIT/RUN NO INJ DELAY,4,Phone,"ALLEN, TIANA","WALKER, JUANITA",2026-05-24 14:05:14.000,2026-05-24 14:10:59.000,2026-05-24 14:07:41.000,147,144,3,2026-05-24 14:35:12.537,1651,1651,0,2026-05-24 14:08:46.000,212,209,3,2026-05-24 14:35:15.130,1798,1798,0,2026-05-24 14:35:15.130,3,2,1,2026-05-24 14:35:15.130,0,0,0,2026-05-24 15:21:09.183,2026-05-24 15:21:09.183,0,NULL,2026-05-24 15:21:09.193,4555,4555,0,RE-Report
26-012640,2026-05-24 14:10:26.167,22,SUN,24,14,B,DAY,LATE,EMS,MUTUAL CPR,1,C2C,CAD to CAD Service 1,CAD to CAD Service 1,2026-05-24 14:08:43.000,NULL,2026-05-24 14:10:26.557,103,0,103,2026-05-24 14:10:26.620,0,0,0,NULL,NULL,NULL,NULL,2026-05-24 14:11:23.990,103,115,-12,2026-05-24 14:11:23.990,57,45,12,2026-05-24 14:15:20.687,237,236,1,2026-05-24 14:20:14.530,2026-05-24 14:30:05.987,0,NULL,2026-05-24 14:30:06.047,1282,1282,0,CAD2CAD
26-012641,2026-05-24 14:13:50.077,22,SUN,24,14,B,DAY,LATE,EMS,MUTUAL BLS,1,C2C,CAD to CAD Service 1,CAD to CAD Service 1,2026-05-24 14:11:56.000,NULL,2026-05-24 14:13:50.497,114,0,114,2026-05-24 14:13:50.543,0,0,0,NULL,NULL,NULL,NULL,2026-05-24 14:14:56.663,114,305,-191,2026-05-24 14:14:56.663,66,66,0,2026-05-24 14:20:25.100,329,328,1,2026-05-24 14:17:28.967,2026-05-24 15:16:37.500,0,NULL,2026-05-24 15:16:37.727,3881,3881,0,UNDEFINED
26-040894,2026-05-24 14:17:09.000,22,SUN,24,14,B,DAY,LATE,POLICE,DISORDERLY CONDUCT,2,E-911,"ANDERSON, MARILYN","WALKER, JUANITA",2026-05-24 14:17:09.000,2026-05-24 14:18:21.000,2026-05-24 14:17:36.000,27,27,0,2026-05-24 14:18:35.837,59,59,0,2026-05-24 14:18:56.000,107,107,0,2026-05-24 14:18:43.367,86,86,0,2026-05-24 14:18:43.367,8,7,1,2026-05-24 14:20:12.017,89,88,1,2026-05-24 14:19:36.947,2026-05-24 14:24:05.010,0,NULL,2026-05-24 14:24:05.037,416,416,0,NR-No Report
26-040896,2026-05-24 14:29:03.000,22,SUN,24,14,B,DAY,LATE,POLICE,SUICIDE IN PROG NO INJ,1,E-911,"PEREZ, CARLOS","WALKER, JUANITA",2026-05-24 14:29:01.000,2026-05-24 14:32:20.000,2026-05-24 14:32:08.000,187,185,2,2026-05-24 14:32:43.050,35,35,0,2026-05-24 14:56:25.000,1644,1642,2,2026-05-24 14:32:44.927,222,222,0,2026-05-24 14:32:44.927,1,1,0,2026-05-24 14:34:24.350,100,99,1,2026-05-24 14:44:09.717,2026-05-24 15:33:07.363,0,NULL,2026-05-24 15:33:07.400,3846,3846,0,NR-No Report
26-040895,2026-05-24 14:29:58.000,22,SUN,24,14,B,DAY,LATE,POLICE,TRAFFIC COMPLAINT,3,Phone,"ALLEN, TIANA",NULL,2026-05-24 14:29:57.000,2026-05-24 14:37:16.000,2026-05-24 14:32:07.000,130,129,1,2026-05-24 14:39:14.777,427,427,0,2026-05-24 14:38:38.000,521,520,1,2026-05-24 14:39:20.223,557,557,0,2026-05-24 14:39:20.223,6,5,1,2026-05-24 14:41:46.510,146,146,0,2026-05-24 14:43:48.297,2026-05-24 14:43:48.297,0,NULL,2026-05-24 14:43:48.340,831,831,0,NR-No Report
26-040897,2026-05-24 14:33:37.000,22,SUN,24,14,B,DAY,LATE,POLICE,ANIMAL WILDLIFE,3,Phone,"SMITH, TERESA","ALLEN, TIANA",2026-05-24 14:33:37.000,2026-05-24 14:38:47.000,2026-05-24 14:34:18.000,41,41,0,2026-05-24 14:39:35.860,317,317,0,2026-05-24 14:35:11.000,94,94,0,NULL,358,358,0,NULL,NULL,-9999,NULL,NULL,NULL,-9999,NULL,NULL,2026-05-24 14:39:43.000,0,NULL,NULL,366,366,0,ACOR-Animal Control Report
26-040899,2026-05-24 14:40:15.000,22,SUN,24,14,B,DAY,LATE,POLICE,TRESPASSING DELAY,4,Phone,"ANDERSON, MARILYN",NULL,2026-05-24 14:40:14.000,2026-05-24 14:50:58.000,2026-05-24 14:40:32.000,18,17,1,2026-05-24 14:57:06.013,994,994,0,2026-05-24 14:42:53.000,159,158,1,2026-05-24 14:57:41.053,1012,1012,0,2026-05-24 14:57:41.053,35,35,0,2026-05-24 15:05:00.597,439,439,0,2026-05-24 14:58:17.190,2026-05-24 19:43:48.823,0,NULL,2026-05-24 19:43:48.873,18214,18214,0,RE-Report
26-040901,2026-05-24 14:41:24.000,22,SUN,24,14,B,DAY,LATE,POLICE,PARKING COMPLAINT,4,Phone,"ALLEN, TIANA","SMITH, SHAVAUGHN",2026-05-24 14:41:22.000,2026-05-24 16:50:47.000,2026-05-24 14:42:41.000,79,77,2,2026-05-24 16:02:14.607,4773,4773,0,2026-05-24 14:43:37.000,135,133,2,2026-05-24 16:02:18.970,4852,4852,0,2026-05-24 16:02:18.970,4,4,0,2026-05-24 17:22:26.767,4808,4807,1,2026-05-24 16:51:35.487,2026-05-24 17:22:34.880,0,NULL,2026-05-24 17:22:34.937,9672,9672,0,NR-No Report
26-040902,2026-05-24 14:42:33.000,22,SUN,24,14,B,DAY,LATE,POLICE,FALSE PRETENSE/SWINDLE DELAY,4,Radio,"WALKER, JUANITA",NULL,2026-05-24 14:42:31.000,2026-05-24 14:45:58.000,2026-05-24 14:42:51.000,20,18,2,2026-05-24 14:46:05.203,194,194,0,2026-05-24 14:43:28.000,57,55,2,2026-05-24 14:46:29.407,214,214,0,2026-05-24 14:46:29.407,24,24,0,2026-05-24 14:46:29.407,0,0,0,2026-05-24 19:15:05.160,2026-05-24 19:15:05.160,0,NULL,2026-05-24 19:15:05.287,16354,16354,0,RE-Report
26-040903,2026-05-24 14:44:28.000,22,SUN,24,14,B,DAY,LATE,POLICE,TRAFFIC STOP,2,OFFICER,"ANDERSON, ALEX D",NULL,2026-05-24 14:44:28.000,2026-05-24 14:44:59.000,2026-05-24 14:44:28.000,0,1,-1,2026-05-24 14:44:28.000,0,0,0,2026-05-24 14:44:28.000,0,NULL,0,2026-05-24 14:44:28.000,0,0,0,2026-05-24 14:44:28.000,0,0,0,2026-05-24 14:44:28.000,0,0,0,2026-05-24 15:07:30.453,2026-05-24 15:12:37.940,0,NULL,2026-05-24 15:12:37.993,1689,1689,0,NR-No Report
26-012642,2026-05-24 14:50:11.000,22,SUN,24,14,B,DAY,LATE,EMS,TROUBLE BREATHING ALS 1,1,E-911,"SMITH, TERESA",Automatic Dispatch,2026-05-24 14:50:11.000,2026-05-24 14:51:18.000,2026-05-24 14:51:04.000,53,53,0,2026-05-24 14:51:06.963,2,2,0,2026-05-24 14:54:13.000,242,242,0,2026-05-24 14:51:40.600,55,55,0,2026-05-24 14:51:40.600,34,33,1,2026-05-24 14:57:20.110,340,339,1,2026-05-24 15:02:34.873,2026-05-24 15:24:24.107,0,NULL,2026-05-24 15:24:24.227,2053,2053,0,UNDEFINED
26-012643,2026-05-24 14:51:31.000,22,SUN,24,14,B,DAY,LATE,FIRE,L.A.R. SECONDARY RESPONSE,2,Radio,"FLOURNOY, ERICKA",Automatic Dispatch,2026-05-24 14:51:28.000,2026-05-24 14:53:15.000,2026-05-24 14:52:00.000,32,29,3,2026-05-24 14:52:02.013,2,2,0,2026-05-24 14:52:03.000,35,32,3,2026-05-24 14:53:19.507,34,34,0,2026-05-24 14:53:19.507,77,77,0,NULL,NULL,-9999,NULL,2026-05-24 14:55:30.017,2026-05-24 14:55:30.017,0,NULL,2026-05-24 14:55:30.220,242,242,0,UNDEFINED
26-012644,2026-05-24 14:52:39.000,22,SUN,24,14,B,DAY,LATE,EMS,BACK PAIN BLS,3,E-911,"PEREZ, CARLOS",Automatic Dispatch,2026-05-24 14:52:39.000,2026-05-24 14:54:29.000,2026-05-24 14:53:25.000,46,46,0,2026-05-24 14:53:27.763,2,2,0,2026-05-24 14:55:53.000,194,194,0,2026-05-24 14:54:25.383,48,48,0,2026-05-24 14:54:25.383,58,57,1,2026-05-24 14:59:37.737,312,312,0,2026-05-24 15:40:45.543,2026-05-24 15:40:45.543,0,NULL,2026-05-24 15:40:45.640,2886,2886,0,UNDEFINED
26-040904,2026-05-24 14:53:11.000,22,SUN,24,14,B,DAY,LATE,POLICE,WALK IN HQ LOBBY,3,Phone,"ANDERSON, MARILYN",NULL,2026-05-24 14:53:09.000,2026-05-24 14:55:59.000,2026-05-24 14:54:06.000,57,55,2,2026-05-24 14:56:25.543,139,139,0,2026-05-24 14:56:25.000,196,194,2,2026-05-24 14:56:29.613,196,196,0,2026-05-24 14:56:29.613,4,4,0,NULL,NULL,-9999,NULL,2026-05-24 16:05:27.727,2026-05-24 16:05:27.727,0,NULL,2026-05-24 16:05:27.830,4338,4338,0,NR-No Report
26-040905,2026-05-24 15:06:23.000,22,SUN,24,15,B,DAY,LATE,POLICE,TRESPASSING IN PROG,2,Phone,"ANDERSON, MARILYN","SMITH, SHAVAUGHN",2026-05-24 15:06:22.000,2026-05-24 16:12:15.000,2026-05-24 15:07:43.000,81,80,1,2026-05-24 15:40:52.763,1989,1989,0,2026-05-24 15:08:51.000,149,148,1,2026-05-24 15:40:55.340,2070,2070,0,2026-05-24 15:40:55.340,3,2,1,2026-05-24 15:43:44.333,169,168,1,2026-05-24 15:58:26.677,2026-05-24 15:58:59.480,1,2026-05-24 16:12:05.420,2026-05-24 16:40:52.547,3157,5670,-2513,NR-No Report
26-012645,2026-05-24 15:07:45.000,22,SUN,24,15,B,DAY,LATE,EMS,TROUBLE BREATHING ALS 1,1,E-911,"SMITH, TERESA",Automatic Dispatch,2026-05-24 15:07:45.000,2026-05-24 15:10:09.000,2026-05-24 15:09:11.000,86,86,0,2026-05-24 15:09:14.283,3,3,0,2026-05-24 15:12:02.000,257,257,0,2026-05-24 15:09:17.033,89,89,0,2026-05-24 15:09:17.033,3,2,1,2026-05-24 15:13:54.163,277,277,0,2026-05-24 15:30:47.727,2026-05-24 16:33:22.233,0,NULL,2026-05-24 16:33:22.347,5137,5137,0,UNDEFINED
26-040906,2026-05-24 15:16:14.000,22,SUN,24,15,B,DAY,LATE,POLICE,DIP - DRUNK/INTOX PERSON,2,Phone,"ANDERSON, MARILYN","WALKER, JUANITA",2026-05-24 15:16:13.000,2026-05-24 15:18:03.000,2026-05-24 15:16:46.000,33,32,1,2026-05-24 15:18:10.480,84,84,0,2026-05-24 15:17:48.000,95,94,1,2026-05-24 15:18:19.377,117,117,0,2026-05-24 15:18:19.377,9,3,6,2026-05-24 15:27:43.367,564,563,1,2026-05-24 15:30:11.350,2026-05-24 15:30:31.787,0,NULL,2026-05-24 15:30:31.870,858,858,0,NR-No Report
26-040907,2026-05-24 15:20:01.000,22,SUN,24,15,B,DAY,LATE,POLICE,SUSPICIOUS EVENT,3,E-911,"PEREZ, CARLOS","WALKER, JUANITA",2026-05-24 15:20:01.000,2026-05-24 15:23:07.000,2026-05-24 15:22:34.000,153,153,0,2026-05-24 15:39:52.703,1038,1038,0,2026-05-24 15:24:26.000,265,265,0,2026-05-24 15:39:56.267,1191,1191,0,2026-05-24 15:39:56.267,4,3,1,2026-05-24 15:48:00.143,484,483,1,2026-05-24 15:40:57.163,2026-05-24 16:06:16.763,0,NULL,2026-05-24 16:06:16.877,2775,2775,0,NR-No Report
26-012646,2026-05-24 15:26:53.750,22,SUN,24,15,B,DAY,LATE,FIRE,MUTUAL MVC,1,C2C,CAD to CAD Service 1,CAD to CAD Service 1,2026-05-24 15:24:00.000,NULL,2026-05-24 15:26:54.140,174,0,174,2026-05-24 15:26:54.267,0,0,0,NULL,NULL,NULL,NULL,2026-05-24 15:27:33.943,174,195,-21,2026-05-24 15:27:33.943,39,18,21,NULL,NULL,-9999,NULL,2026-05-24 15:32:50.213,2026-05-24 15:34:47.793,0,NULL,2026-05-24 15:34:47.827,647,647,0,CAD2CAD
26-040909,2026-05-24 15:33:26.000,22,SUN,24,15,B,DAY,LATE,POLICE,TRAFFIC STOP,2,OFFICER,"LARUSSO, ANTHONY",NULL,2026-05-24 15:33:26.000,2026-05-24 15:33:35.000,2026-05-24 15:33:26.000,0,1,-1,2026-05-24 15:33:26.000,0,0,0,2026-05-24 15:33:26.000,0,NULL,0,2026-05-24 15:33:26.000,0,0,0,2026-05-24 15:33:26.000,0,0,0,2026-05-24 15:33:26.000,0,0,0,2026-05-24 15:41:26.673,2026-05-24 15:41:26.673,0,NULL,2026-05-24 15:41:26.723,480,480,0,NR-No Report
26-012648,2026-05-24 15:39:08.000,22,SUN,24,15,B,DAY,LATE,EMS,HEART PROBLEMS ALS 1,1,E-911,"PEREZ, CARLOS",Automatic Dispatch,2026-05-24 15:39:07.000,2026-05-24 15:42:27.000,2026-05-24 15:41:08.000,121,120,1,2026-05-24 15:41:10.647,2,2,0,2026-05-24 15:45:51.000,404,403,1,2026-05-24 15:42:18.517,123,123,0,2026-05-24 15:42:18.517,68,67,1,2026-05-24 15:45:58.280,220,219,1,2026-05-24 16:27:46.877,2026-05-24 16:59:03.887,0,NULL,2026-05-24 16:59:04.007,4796,4796,0,UNDEFINED
26-012647,2026-05-24 15:39:37.000,22,SUN,24,15,B,DAY,LATE,FIRE,MVC AUTO,2,E-911,"PRIESTLY, SHAVAUGHN",Automatic Dispatch,2026-05-24 15:39:36.000,2026-05-24 15:41:44.000,2026-05-24 15:40:34.000,58,57,1,2026-05-24 15:40:36.160,2,2,0,2026-05-24 15:44:42.000,306,305,1,2026-05-24 15:41:05.237,60,60,0,2026-05-24 15:41:05.237,29,29,0,NULL,NULL,-9999,NULL,2026-05-24 15:50:18.917,2026-05-24 15:50:38.603,0,NULL,2026-05-24 15:50:38.680,662,978,-316,DUPFD-Duplicate Call Fire
26-012649,2026-05-24 15:40:52.000,22,SUN,24,15,B,DAY,LATE,FIRE,L.A.R. SECONDARY RESPONSE,2,Radio,"FLOURNOY, ERICKA",Automatic Dispatch,2026-05-24 15:40:50.000,NULL,2026-05-24 15:41:23.000,33,31,2,2026-05-24 15:41:25.303,2,2,0,2026-05-24 15:41:32.000,42,40,2,2026-05-24 15:41:28.413,35,35,0,2026-05-24 15:41:28.413,3,3,0,NULL,NULL,-9999,NULL,2026-05-24 15:50:21.493,2026-05-24 15:50:21.493,0,NULL,2026-05-24 15:50:21.890,571,571,0,UNDEFINED
26-012650,2026-05-24 15:44:16.000,22,SUN,24,15,B,DAY,LATE,EMS,BLS EMERGENCY,3,E-911,"ANDERSON, MARILYN",Automatic Dispatch,2026-05-24 15:44:14.000,2026-05-24 15:47:55.000,2026-05-24 15:44:45.000,31,29,2,2026-05-24 15:44:48.073,3,3,0,2026-05-24 15:51:01.000,407,405,2,2026-05-24 15:45:58.257,34,34,0,2026-05-24 15:45:58.257,70,70,0,2026-05-24 16:14:49.043,1731,1730,1,2026-05-24 17:09:17.873,2026-05-24 17:09:17.873,0,NULL,2026-05-24 17:09:17.973,5103,5103,0,UNDEFINED
26-012651,2026-05-24 15:46:05.000,22,SUN,24,15,B,DAY,LATE,EMS,FALL BLS,3,E-911,"PRIESTLY, SHAVAUGHN",Automatic Dispatch,2026-05-24 15:46:03.000,2026-05-24 15:48:27.000,2026-05-24 15:47:09.000,66,64,2,2026-05-24 15:47:11.223,2,2,0,2026-05-24 15:49:12.000,189,187,2,2026-05-24 15:48:18.957,68,68,0,2026-05-24 15:48:18.957,67,67,0,2026-05-24 15:53:03.603,285,284,1,2026-05-24 16:09:46.493,2026-05-24 16:09:46.493,0,NULL,2026-05-24 16:09:46.777,1423,1423,0,UNDEFINED
26-012652,2026-05-24 15:48:48.927,22,SUN,24,15,B,DAY,LATE,EMS,MUTUAL ALS,1,C2C,CAD to CAD Service 1,CAD to CAD Service 1,2026-05-24 15:48:27.513,NULL,2026-05-24 15:48:49.647,22,0,22,2026-05-24 15:48:49.757,0,0,0,NULL,NULL,NULL,NULL,2026-05-24 15:50:00.340,22,-9999,10021,2026-05-24 15:50:00.340,71,70,1,2026-05-24 16:03:49.673,829,829,0,2026-05-24 16:32:39.587,2026-05-24 16:32:39.587,0,NULL,2026-05-24 16:32:39.707,2652,2652,0,UNDEFINED
26-040910,2026-05-24 15:49:37.000,22,SUN,24,15,B,DAY,LATE,POLICE,OFF DUTY DETAIL,8,OFFICER,"ANDERSON, ALEX D",NULL,2026-05-24 15:49:37.000,2026-05-24 15:50:03.000,2026-05-24 15:49:37.000,0,1,-1,2026-05-24 15:49:37.000,0,0,0,2026-05-24 15:49:37.000,0,NULL,0,2026-05-24 15:49:37.000,0,0,0,2026-05-24 15:49:37.000,0,0,0,2026-05-24 15:49:37.000,0,0,0,2026-05-24 22:26:58.887,2026-05-24 22:26:58.887,0,NULL,2026-05-24 22:26:58.953,23841,23841,0,NR-No Report
26-040911,2026-05-24 15:53:30.000,22,SUN,24,15,B,DAY,LATE,POLICE,FLAG DOWN,2,OFFICER,"MORIEL, JESUS M",NULL,2026-05-24 15:53:30.000,2026-05-24 15:53:53.000,2026-05-24 15:53:30.000,0,1,-1,2026-05-24 15:53:30.000,0,0,0,2026-05-24 15:53:30.000,0,NULL,0,2026-05-24 15:53:30.000,0,0,0,2026-05-24 15:53:30.000,0,0,0,2026-05-24 15:53:30.000,0,0,0,2026-05-24 16:19:18.030,2026-05-24 16:19:18.030,0,NULL,2026-05-24 16:19:18.110,1548,1548,0,NR-No Report
26-012653,2026-05-24 15:53:42.000,22,SUN,24,15,B,DAY,LATE,FIRE,MVC AUTO,2,E-911,"ANDERSON, MARILYN",Automatic Dispatch,2026-05-24 15:53:41.000,2026-05-24 15:54:24.000,2026-05-24 15:54:14.000,33,32,1,2026-05-24 15:54:16.627,2,2,0,2026-05-24 15:56:24.000,163,162,1,2026-05-24 15:54:24.927,35,35,0,2026-05-24 15:54:24.927,8,8,0,2026-05-24 15:59:24.647,300,299,1,2026-05-24 16:05:59.590,2026-05-24 17:07:32.677,0,NULL,2026-05-24 17:07:32.880,4431,4431,0,UNDEFINED
26-040913,2026-05-24 15:54:45.000,22,SUN,24,15,B,DAY,LATE,POLICE,GLA DELAY,4,Phone,"PEREZ, CARLOS","SMITH, SHAVAUGHN",2026-05-24 15:54:43.000,2026-05-26 14:39:47.000,2026-05-24 15:59:24.000,281,279,2,2026-05-24 17:00:34.070,3670,3670,0,2026-05-24 15:59:30.000,287,285,2,2026-05-24 17:00:38.420,3951,3951,0,2026-05-24 17:00:38.420,4,4,0,2026-05-24 17:24:27.813,1429,1429,0,2026-05-24 17:54:37.630,2026-05-24 17:54:37.630,1,2026-05-26 14:01:53.793,2026-05-26 18:14:13.837,7194,8370,-1176,RE-Report
26-012654,2026-05-24 15:55:16.263,22,SUN,24,15,B,DAY,LATE,EMS,MUTUAL BLS,1,C2C,CAD to CAD Service 1,CAD to CAD Service 1,2026-05-24 15:53:42.000,NULL,2026-05-24 15:55:16.967,94,0,94,2026-05-24 15:55:17.013,1,0,1,NULL,NULL,NULL,NULL,2026-05-24 15:55:27.733,95,-9999,10094,2026-05-24 15:55:27.733,10,10,0,2026-05-24 16:01:40.443,373,372,1,2026-05-24 16:11:00.353,2026-05-24 17:35:10.360,0,NULL,2026-05-24 17:35:10.407,6088,6088,0,CAD2CAD
26-040916,2026-05-24 16:03:14.000,22,SUN,24,16,B,DAY,LATE,POLICE,HAZARD,2,Phone,"PEREZ, CARLOS","SMITH, SHAVAUGHN",2026-05-24 16:03:13.000,2026-05-24 16:08:35.000,2026-05-24 16:05:13.000,120,119,1,2026-05-24 16:09:51.210,278,278,0,2026-05-24 16:05:15.000,122,121,1,2026-05-24 16:10:02.823,398,398,0,2026-05-24 16:10:02.823,11,11,0,2026-05-24 16:22:45.577,763,762,1,2026-05-24 16:37:54.310,2026-05-24 16:37:54.310,0,NULL,2026-05-24 16:37:54.347,2081,2081,0,NR-No Report
26-040915,2026-05-24 16:03:46.000,22,SUN,24,16,B,DAY,LATE,POLICE,OFF DUTY DETAIL,8,OFFICER,"WEIDMAN, STEPHEN A",NULL,2026-05-24 16:03:46.000,2026-05-24 16:04:16.000,2026-05-24 16:03:46.000,0,0,0,2026-05-24 16:03:46.000,0,0,0,2026-05-24 16:03:46.000,0,NULL,0,2026-05-24 16:03:46.000,0,0,0,2026-05-24 16:03:46.000,0,0,0,2026-05-24 16:03:46.000,0,0,0,2026-05-24 20:05:37.050,2026-05-24 20:05:37.050,0,NULL,2026-05-24 20:05:37.217,14511,14511,0,NR-No Report
26-040918,2026-05-24 16:09:05.000,22,SUN,24,16,B,DAY,LATE,POLICE,LARCENY FROM AUTO DELAY,4,Phone,"ANDERSON, MARILYN","SMITH, SHAVAUGHN",2026-05-24 16:09:03.000,2026-05-24 16:11:01.000,2026-05-24 16:09:52.000,49,47,2,2026-05-24 16:58:44.537,2932,2932,0,2026-05-24 16:10:55.000,112,110,2,2026-05-24 16:58:52.030,2981,2981,0,2026-05-24 16:58:52.030,8,7,1,2026-05-24 17:06:36.417,464,464,0,2026-05-24 16:59:50.470,2026-05-24 18:40:38.267,0,NULL,2026-05-24 18:40:38.340,9095,9095,0,RE-Report
26-012655,2026-05-24 16:09:44.000,22,SUN,24,16,B,DAY,LATE,FIRE,FIRE ALARM,3,Phone,"PEREZ, CARLOS",Automatic Dispatch,2026-05-24 16:09:42.000,2026-05-24 16:11:36.000,2026-05-24 16:11:12.000,90,88,2,2026-05-24 16:11:14.527,2,2,0,2026-05-24 16:11:41.000,119,117,2,2026-05-24 16:12:24.023,92,92,0,2026-05-24 16:12:24.023,70,69,1,2026-05-24 16:15:12.640,168,168,0,2026-05-24 16:35:01.653,2026-05-24 16:35:01.653,0,NULL,2026-05-24 16:35:01.770,1519,1519,0,UNDEFINED
26-012657,2026-05-24 16:15:15.000,22,SUN,24,16,B,DAY,LATE,EMS,TROUBLE BREATHING ALS 1,1,E-911,"ANDERSON, MARILYN","FLOURNOY, ERICKA",2026-05-24 16:15:15.000,2026-05-24 16:16:50.000,2026-05-24 16:16:20.000,65,65,0,2026-05-24 16:16:22.747,2,2,0,2026-05-24 16:18:31.000,196,196,0,2026-05-24 16:17:34.220,67,67,0,2026-05-24 16:17:34.220,72,18,54,2026-05-24 16:24:07.297,393,393,0,2026-05-24 16:18:40.070,2026-05-24 18:17:11.300,0,NULL,2026-05-24 18:17:11.377,7316,7316,0,UNDEFINED
26-012656,2026-05-24 16:15:15.000,22,SUN,24,16,B,DAY,LATE,EMS,FALL BLS,3,E-911,"PEREZ, CARLOS","FLOURNOY, ERICKA",2026-05-24 16:15:15.000,2026-05-24 16:18:27.000,2026-05-24 16:15:58.000,43,43,0,2026-05-24 16:16:00.427,2,2,0,2026-05-24 16:15:58.000,43,NULL,43,2026-05-24 16:22:29.657,45,45,0,2026-05-24 16:22:29.657,389,44,345,2026-05-24 16:26:05.640,216,215,1,2026-05-24 16:17:12.743,2026-05-24 16:17:12.743,1,2026-05-24 16:18:01.880,2026-05-24 18:17:36.573,117,7341,-7224,UNDEFINED
26-040921,2026-05-24 16:21:29.000,22,SUN,24,16,B,DAY,LATE,POLICE,DEST OF PROP VEH DELAY,4,Phone,"ANDERSON, MARILYN","SMITH, SHAVAUGHN",2026-05-24 16:21:28.000,2026-05-24 17:02:45.000,2026-05-24 16:22:14.000,46,45,1,2026-05-24 17:20:58.270,3524,3524,0,2026-05-24 16:23:30.000,122,121,1,2026-05-24 17:21:01.103,3570,3570,0,2026-05-24 17:21:01.103,3,2,1,2026-05-24 17:35:48.583,887,887,0,2026-05-24 19:44:45.200,2026-05-24 19:44:45.200,0,NULL,2026-05-24 19:44:45.297,12197,12197,0,RE-Report
26-012658,2026-05-24 16:24:20.000,22,SUN,24,16,B,DAY,LATE,FIRE,FIRE ALARM,3,Phone,"ANDERSON, MARILYN",Automatic Dispatch,2026-05-24 16:24:18.000,2026-05-24 16:26:20.000,2026-05-24 16:24:40.000,22,20,2,2026-05-24 16:24:42.463,2,2,0,2026-05-24 16:28:04.000,226,224,2,2026-05-24 16:25:44.873,24,24,0,2026-05-24 16:25:44.873,62,62,0,2026-05-24 16:27:20.763,96,95,1,2026-05-24 16:42:27.770,2026-05-24 16:42:27.770,0,NULL,2026-05-24 16:42:28.000,1089,1089,0,UNDEFINED
26-040922,2026-05-24 16:24:46.000,22,SUN,24,16,B,DAY,LATE,POLICE,WARRANT SERVICE,2,E-911,"PRIESTLY, SHAVAUGHN",NULL,2026-05-24 16:24:46.000,2026-05-24 17:43:17.000,2026-05-24 16:24:51.000,5,5,0,2026-05-24 17:56:21.613,5490,5490,0,2026-05-24 16:24:51.000,5,0,5,2026-05-24 17:56:21.613,5495,5495,0,2026-05-24 17:56:21.613,0,-9999,9999,2026-05-24 17:56:32.157,11,10,1,2026-05-24 18:25:24.617,2026-05-24 18:25:24.617,0,NULL,2026-05-24 18:25:24.687,7238,7238,0,RE-Report
26-040923,2026-05-24 16:34:11.000,22,SUN,24,16,B,DAY,LATE,POLICE,LARCENY COMM IN PROG,2,Phone,"PEREZ, CARLOS","SMITH, SHAVAUGHN",2026-05-24 16:34:09.000,2026-05-24 16:36:40.000,2026-05-24 16:35:58.000,109,107,2,2026-05-24 16:38:09.487,131,131,0,2026-05-24 16:37:01.000,172,170,2,2026-05-24 16:38:12.807,240,240,0,2026-05-24 16:38:12.807,3,3,0,2026-05-24 16:39:06.313,54,53,1,2026-05-24 16:39:12.043,2026-05-24 18:14:48.600,0,NULL,2026-05-24 18:14:48.673,6039,6039,0,RE-Report
26-040925,2026-05-24 16:44:39.000,22,SUN,24,16,B,DAY,LATE,POLICE,RUNAWAY NOT ON SCENE,2,Phone,"ANDERSON, MARILYN","SMITH, SHAVAUGHN",2026-05-24 16:44:37.000,2026-05-24 16:45:28.000,2026-05-24 16:45:03.000,26,24,2,2026-05-24 16:46:12.713,69,69,0,2026-05-24 16:47:29.000,172,170,2,2026-05-24 16:46:23.757,95,95,0,2026-05-24 16:46:23.757,11,11,0,2026-05-24 17:15:03.027,1720,1719,1,2026-05-24 18:51:30.120,2026-05-24 18:51:30.120,0,NULL,2026-05-24 18:51:30.240,7613,7613,0,RE-Report
26-012659,2026-05-24 16:50:34.240,22,SUN,24,16,B,DAY,LATE,EMS,MUTUAL BLS,1,C2C,CAD to CAD Service 1,CAD to CAD Service 1,2026-05-24 16:50:09.937,NULL,2026-05-24 16:50:34.617,25,0,25,2026-05-24 16:50:34.663,0,0,0,NULL,NULL,NULL,NULL,2026-05-24 16:51:22.593,25,97,-72,2026-05-24 16:51:22.593,48,47,1,2026-05-24 16:55:05.090,223,222,1,2026-05-24 16:52:37.103,2026-05-24 17:05:57.257,0,NULL,2026-05-24 17:05:57.303,948,947,1,CAD2CAD
26-012660,2026-05-24 16:50:37.333,22,SUN,24,16,B,DAY,LATE,FIRE,MUTUAL FIRE ALARM,1,C2C,CAD to CAD Service 1,CAD to CAD Service 1,2026-05-24 16:49:05.000,NULL,2026-05-24 16:50:37.647,92,0,92,2026-05-24 16:50:37.693,0,0,0,NULL,NULL,NULL,NULL,2026-05-24 16:51:08.593,92,-9999,10091,2026-05-24 16:51:08.593,31,18,13,2026-05-24 16:56:47.530,339,338,1,2026-05-24 16:59:50.007,2026-05-24 17:12:56.640,0,NULL,2026-05-24 17:12:56.670,1431,1431,0,CAD2CAD
26-040926,2026-05-24 16:51:00.000,22,SUN,24,16,B,DAY,LATE,POLICE,TROUBLE UNKNOWN NO EMS,2,Phone,"SMITH, TERESA","SMITH, SHAVAUGHN",2026-05-24 16:50:58.000,2026-05-24 16:55:47.000,2026-05-24 16:54:39.000,221,219,2,2026-05-24 16:56:42.297,123,123,0,2026-05-24 16:54:55.000,237,235,2,2026-05-24 16:56:42.350,344,344,0,2026-05-24 16:56:42.350,0,0,0,2026-05-24 16:57:02.667,20,20,0,2026-05-24 17:24:21.770,2026-05-24 17:24:47.683,0,NULL,2026-05-24 17:24:47.687,2029,2029,0,NR-No Report
26-012661,2026-05-24 16:53:00.000,22,SUN,24,16,B,DAY,LATE,FIRE,ELEVATOR,3,E-911,"ANDERSON, MARILYN",Automatic Dispatch,2026-05-24 16:53:00.000,2026-05-24 16:56:34.000,2026-05-24 16:53:42.000,42,42,0,2026-05-24 16:53:43.910,1,1,0,2026-05-24 16:55:51.000,171,171,0,2026-05-24 16:55:02.183,43,43,0,2026-05-24 16:55:02.183,79,78,1,2026-05-24 17:04:02.847,540,540,0,2026-05-24 17:21:04.410,2026-05-24 17:21:04.410,0,NULL,2026-05-24 17:21:04.457,1684,1684,0,UNDEFINED
26-040928,2026-05-24 16:58:01.000,22,SUN,24,16,B,DAY,LATE,POLICE,ANIMAL ABUSE-NEGLECT,2,Phone,"SMITH, TERESA","SMITH, SHAVAUGHN",2026-05-24 16:57:59.000,2026-05-24 17:00:40.000,2026-05-24 17:00:23.000,144,142,2,2026-05-24 17:02:12.643,109,109,0,2026-05-24 17:00:31.000,152,150,2,2026-05-24 17:02:12.683,253,253,0,2026-05-24 17:02:12.683,0,0,0,2026-05-24 17:02:12.713,0,0,0,2026-05-24 17:02:19.167,2026-05-24 17:02:19.167,0,NULL,2026-05-24 17:02:19.240,260,260,0,ACOR-Animal Control Report
26-040930,2026-05-24 17:05:14.000,22,SUN,24,17,B,DAY,LATE,POLICE,DIP - DRUNK/INTOX PERSON,2,Phone,"PEREZ, CARLOS","SMITH, SHAVAUGHN",2026-05-24 17:05:12.000,2026-05-24 17:07:23.000,2026-05-24 17:06:48.000,96,94,2,2026-05-24 17:07:45.093,57,57,0,2026-05-24 17:18:47.000,815,813,2,2026-05-24 17:07:51.657,153,153,0,2026-05-24 17:07:51.657,6,6,0,NULL,NULL,-9999,NULL,2026-05-24 17:25:01.800,2026-05-24 17:25:01.950,0,NULL,2026-05-24 17:25:02.030,1189,1189,0,NR-No Report
26-012662,2026-05-24 17:06:14.603,22,SUN,24,17,B,DAY,LATE,FIRE,MUTUAL STRUCTURE FIRE,1,Phone,CAD to CAD Service 1,CAD to CAD Service 1,2026-05-24 17:03:41.000,2026-05-24 17:29:29.000,2026-05-24 17:06:15.150,154,0,154,2026-05-24 17:06:15.213,0,0,0,NULL,NULL,NULL,NULL,2026-05-24 17:06:34.310,154,239,-85,2026-05-24 17:06:34.310,19,18,1,2026-05-24 17:10:36.043,242,241,1,2026-05-24 17:35:45.190,2026-05-24 17:58:56.563,0,NULL,2026-05-24 17:58:56.607,3315,3315,0,UNDEFINED
26-040931,2026-05-24 17:08:37.000,22,SUN,24,17,B,DAY,LATE,POLICE,ANIMAL SICK-INJURED,2,Phone,"ANDERSON, MARILYN","SMITH, SHAVAUGHN",2026-05-24 17:08:35.000,2026-05-24 17:09:58.000,2026-05-24 17:09:42.000,67,65,2,2026-05-24 17:13:47.830,245,245,0,2026-05-24 17:10:26.000,111,109,2,2026-05-24 17:13:47.937,312,312,0,2026-05-24 17:13:47.937,0,0,0,NULL,NULL,-9999,NULL,2026-05-24 17:13:54.637,2026-05-24 17:13:54.637,0,NULL,2026-05-24 17:13:54.673,319,319,0,ACOR-Animal Control Report
26-040935,2026-05-24 17:23:48.000,22,SUN,24,17,B,DAY,LATE,POLICE,SHOPLIFTING IN PROG,2,E-911,"SMITH, TERESA","SMITH, SHAVAUGHN",2026-05-24 17:23:47.000,2026-05-24 17:28:13.000,2026-05-24 17:25:08.000,81,80,1,2026-05-24 17:28:32.573,204,204,0,2026-05-24 17:43:07.000,1160,1159,1,2026-05-24 17:28:35.963,285,285,0,2026-05-24 17:28:35.963,3,3,0,2026-05-24 17:30:22.133,107,106,1,2026-05-24 17:42:27.467,2026-05-24 18:01:48.100,0,NULL,2026-05-24 18:01:48.130,2281,2281,0,NR-No Report
26-012663,2026-05-24 17:28:33.000,22,SUN,24,17,B,DAY,LATE,EMS,TROUBLE BREATHING ALS 1,1,E-911,"WALKER, JUANITA",Automatic Dispatch,2026-05-24 17:28:33.000,2026-05-24 17:30:22.000,2026-05-24 17:29:59.000,86,86,0,2026-05-24 17:30:01.407,2,2,0,2026-05-24 17:31:11.000,158,158,0,2026-05-24 17:30:55.963,88,88,0,2026-05-24 17:30:55.963,54,54,0,2026-05-24 17:36:09.013,314,313,1,2026-05-24 17:44:21.900,2026-05-24 18:30:54.660,0,NULL,2026-05-24 18:30:54.717,3741,3741,0,UNDEFINED
26-040936,2026-05-24 17:38:16.000,22,SUN,24,17,B,DAY,LATE,POLICE,DISORDERLY CONDUCT,2,Phone,"PEREZ, CARLOS","SMITH, SHAVAUGHN",2026-05-24 17:38:15.000,2026-05-24 17:40:11.000,2026-05-24 17:38:44.000,29,28,1,2026-05-24 17:40:33.853,109,109,0,2026-05-24 17:40:39.000,144,143,1,2026-05-24 17:40:37.030,138,138,0,2026-05-24 17:40:37.030,4,3,1,2026-05-24 17:45:27.640,290,290,0,2026-05-24 17:52:22.660,2026-05-24 17:52:27.480,0,NULL,2026-05-24 17:52:27.567,852,852,0,NR-No Report
26-040937,2026-05-24 17:44:41.000,22,SUN,24,17,B,DAY,LATE,POLICE,RUNAWAY NOT ON SCENE,2,Phone,"ANDERSON, MARILYN",NULL,2026-05-24 17:44:39.000,2026-05-24 17:46:03.000,2026-05-24 17:46:00.000,81,79,2,2026-05-24 17:53:48.043,468,468,0,2026-05-24 17:46:37.000,118,116,2,2026-05-24 17:53:50.313,549,549,0,2026-05-24 17:53:50.313,2,2,0,2026-05-24 17:57:24.927,214,214,0,2026-05-24 20:21:06.203,2026-05-24 20:21:06.203,0,NULL,2026-05-24 20:21:06.217,9387,9387,0,NR-No Report
26-040938,2026-05-24 17:48:22.000,22,SUN,24,17,B,DAY,LATE,POLICE,DISORDERLY CONDUCT,2,E-911,"PEREZ, CARLOS","WALKER, JUANITA",2026-05-24 17:48:21.000,2026-05-24 17:51:51.027,2026-05-24 17:50:45.000,144,143,1,2026-05-24 17:51:50.940,65,65,0,2026-05-24 17:51:16.000,175,174,1,2026-05-24 17:51:53.640,209,209,0,2026-05-24 17:51:53.640,3,2,1,2026-05-24 17:55:53.787,240,240,0,2026-05-24 18:01:47.147,2026-05-24 18:05:32.707,0,NULL,2026-05-24 18:05:32.813,1031,1031,0,NR-No Report
26-040939,2026-05-24 17:57:16.000,22,SUN,24,17,B,DAY,LATE,POLICE,OFF DUTY DETAIL,8,OFFICER,"WARREN, SHAKITA L",NULL,2026-05-24 17:57:16.000,2026-05-24 17:57:41.000,2026-05-24 17:57:16.000,0,1,-1,2026-05-24 17:57:16.000,0,0,0,2026-05-24 17:57:16.000,0,NULL,0,2026-05-24 17:57:16.000,0,0,0,2026-05-24 17:57:16.000,0,0,0,2026-05-24 17:57:16.000,0,0,0,2026-05-24 21:41:19.953,2026-05-24 21:41:19.953,0,NULL,2026-05-24 21:41:20.070,13443,13443,0,NR-No Report
26-040940,2026-05-24 17:57:31.000,22,SUN,24,17,B,DAY,LATE,POLICE,DISORDERLY CONDUCT,2,E-911,"ANDERSON, MARILYN","GRAVES, CHRISTINA",2026-05-24 17:57:31.000,2026-05-24 18:00:14.000,2026-05-24 17:58:57.000,86,86,0,2026-05-24 18:07:27.050,510,510,0,2026-05-24 18:00:18.000,167,167,0,2026-05-24 18:07:27.133,596,596,0,2026-05-24 18:07:27.133,0,0,0,2026-05-24 18:08:21.803,54,54,0,2026-05-24 18:29:21.867,2026-05-24 18:36:59.603,0,NULL,2026-05-24 18:36:59.703,2368,2368,0,NR-No Report
26-012664,2026-05-24 18:13:05.000,22,SUN,24,18,B,DAY,EARLY,EMS,FALL BLS,3,E-911,"PEREZ, CARLOS","MACK, BRIANA",2026-05-24 18:13:05.000,2026-05-24 18:14:49.000,2026-05-24 18:13:47.000,42,42,0,2026-05-24 18:13:49.987,2,2,0,2026-05-24 18:15:11.000,126,126,0,2026-05-24 18:15:00.297,44,44,0,2026-05-24 18:15:00.297,71,70,1,2026-05-24 18:22:19.310,439,439,0,2026-05-24 18:25:36.370,2026-05-24 19:25:47.260,0,NULL,2026-05-24 19:25:47.370,4362,4362,0,UNDEFINED
26-040943,2026-05-24 18:21:19.000,22,SUN,24,18,B,DAY,EARLY,POLICE,DISORDERLY CONDUCT,2,Phone,"DOGAN, KYLAH","GRAVES, CHRISTINA",2026-05-24 18:21:18.000,2026-05-24 18:21:56.000,2026-05-24 18:21:38.000,20,19,1,2026-05-24 18:23:27.423,109,109,0,2026-05-24 18:22:38.000,80,79,1,2026-05-24 18:23:31.420,129,129,0,2026-05-24 18:23:31.420,4,3,1,NULL,NULL,-9999,NULL,2026-05-24 18:31:14.880,2026-05-24 18:32:13.493,0,NULL,2026-05-24 18:32:13.550,655,655,0,NR-No Report
26-040944,2026-05-24 18:31:06.000,22,SUN,24,18,B,DAY,EARLY,POLICE,OFF DUTY DETAIL,8,OFFICER,"RUSSEL, KYLE N",NULL,2026-05-24 18:31:06.000,2026-05-24 18:31:13.000,2026-05-24 18:31:06.000,0,1,-1,2026-05-24 18:31:06.000,0,0,0,2026-05-24 18:31:06.000,0,NULL,0,2026-05-24 18:31:06.000,0,0,0,2026-05-24 18:31:06.000,0,0,0,2026-05-24 18:31:06.000,0,0,0,2026-05-24 21:09:08.330,2026-05-24 21:09:20.237,0,NULL,2026-05-24 21:09:20.293,9494,9494,0,NR-No Report
26-040947,2026-05-24 18:36:09.000,22,SUN,24,18,B,DAY,EARLY,POLICE,DISORDERLY CONDUCT,2,E-911,"DOGAN, KYLAH",NULL,2026-05-24 18:36:09.000,2026-05-24 18:38:21.000,2026-05-24 18:37:51.000,102,102,0,2026-05-24 18:45:04.770,433,433,0,2026-05-24 18:54:32.000,1103,1103,0,2026-05-24 18:45:09.767,535,535,0,2026-05-24 18:45:09.767,5,4,1,NULL,NULL,-9999,NULL,2026-05-25 00:24:25.913,2026-05-25 00:24:25.913,0,NULL,2026-05-25 00:24:26.010,20896,20896,0,NR-No Report
26-012665,2026-05-24 18:47:17.000,22,SUN,24,18,B,DAY,EARLY,EMS,FALL BLS,3,E-911,"PEREZ, CARLOS","MACK, BRIANA",2026-05-24 18:47:17.000,2026-05-24 18:49:56.000,2026-05-24 18:48:11.000,54,54,0,2026-05-24 18:48:13.790,2,2,0,2026-05-24 18:50:52.000,215,215,0,2026-05-24 18:49:47.150,56,56,0,2026-05-24 18:49:47.150,94,93,1,2026-05-24 18:53:53.527,246,246,0,2026-05-24 19:19:36.677,2026-05-24 19:58:55.300,0,NULL,2026-05-24 19:58:55.357,4298,4298,0,UNDEFINED
26-040949,2026-05-24 18:50:39.000,22,SUN,24,18,B,DAY,EARLY,POLICE,ABDUCTION IN PROG,1,E-911,"DOGAN, KYLAH","GRAVES, CHRISTINA",2026-05-24 18:50:39.000,2026-05-24 18:52:33.000,2026-05-24 18:51:30.000,51,51,0,2026-05-24 18:53:45.943,135,135,0,2026-05-24 18:54:30.000,231,231,0,2026-05-24 18:53:49.730,186,186,0,2026-05-24 18:53:49.730,4,3,1,2026-05-24 18:59:20.870,331,331,0,2026-05-24 19:23:21.063,2026-05-24 19:44:18.660,0,NULL,2026-05-24 19:44:18.763,3219,3219,0,NR-No Report
26-040950,2026-05-24 18:51:11.000,22,SUN,24,18,B,DAY,EARLY,POLICE,DIP - DRUNK/INTOX PERSON,2,E-911,"PRIESTLY, SHAVAUGHN","GRAVES, CHRISTINA",2026-05-24 18:51:11.000,2026-05-24 18:52:52.000,2026-05-24 18:52:29.000,78,78,0,2026-05-24 18:56:46.847,257,257,0,2026-05-24 18:56:42.000,331,331,0,2026-05-24 18:57:01.637,335,335,0,2026-05-24 18:57:01.637,15,14,1,2026-05-24 18:58:46.323,105,104,1,2026-05-24 18:57:15.507,2026-05-24 19:02:18.450,0,NULL,2026-05-24 19:02:18.533,667,667,0,NR-No Report
26-040951,2026-05-24 18:54:20.000,22,SUN,24,18,B,DAY,EARLY,POLICE,PUBLIC SERVICE MULTI OFFICER,3,E-911,"JACKSON, MALIKA","GRAVES, CHRISTINA",2026-05-24 18:54:19.000,2026-05-24 18:59:13.000,2026-05-24 18:58:09.000,230,229,1,2026-05-24 19:14:20.053,971,971,0,2026-05-24 19:02:34.000,495,494,1,2026-05-24 19:14:24.320,1201,1201,0,2026-05-24 19:14:24.320,4,4,0,2026-05-24 19:32:43.510,1099,1099,0,2026-05-24 19:15:42.360,2026-05-24 19:58:37.767,0,NULL,2026-05-24 19:58:37.877,3858,3858,0,NR-No Report
26-012666,2026-05-24 18:55:15.000,22,SUN,24,18,B,DAY,EARLY,FIRE,ELEVATOR,3,E-911,"PEREZ, CARLOS",Automatic Dispatch,2026-05-24 18:55:15.000,2026-05-24 18:56:42.000,2026-05-24 18:56:11.000,56,56,0,2026-05-24 18:56:12.713,1,1,0,2026-05-24 18:56:27.000,72,72,0,2026-05-24 18:57:30.400,57,57,0,2026-05-24 18:57:30.400,78,77,1,2026-05-24 19:05:44.827,494,494,0,2026-05-24 19:16:58.937,2026-05-24 19:16:58.937,0,NULL,2026-05-24 19:16:59.017,1303,1303,0,UNDEFINED
26-040955,2026-05-24 19:14:09.000,22,SUN,24,19,D,NIGHT,EARLY,POLICE,FALSE PRETENSE/SWINDLE DELAY,4,Phone,"PRIESTLY, SHAVAUGHN","SMITH, SHAVAUGHN",2026-05-24 19:14:07.000,2026-05-24 19:16:29.000,2026-05-24 19:15:57.000,110,108,2,2026-05-25 01:01:45.560,20748,20748,0,2026-05-24 19:26:28.000,741,739,2,2026-05-25 01:01:50.097,20858,20858,0,2026-05-25 01:01:50.097,5,4,1,2026-05-25 01:11:01.997,551,551,0,2026-05-25 01:13:13.843,2026-05-25 01:13:13.843,0,NULL,2026-05-25 01:13:13.937,21546,21546,0,NR-No Report
26-012667,2026-05-24 19:15:18.000,22,SUN,24,19,D,NIGHT,EARLY,FIRE,CO ALARM,2,E-911,"DOGAN, KYLAH",Automatic Dispatch,2026-05-24 19:15:18.000,2026-05-24 19:17:43.000,2026-05-24 19:17:06.000,108,108,0,2026-05-24 19:17:08.430,2,2,0,2026-05-24 19:19:03.000,225,225,0,2026-05-24 19:19:22.357,110,110,0,2026-05-24 19:19:22.357,134,133,1,2026-05-24 19:22:51.483,209,209,0,2026-05-24 19:30:39.003,2026-05-24 19:30:39.003,0,NULL,2026-05-24 19:30:39.107,921,921,0,UNDEFINED
26-040958,2026-05-24 19:20:22.000,22,SUN,24,19,D,NIGHT,EARLY,POLICE,SUSPICIOUS EVENT,2,Phone,"PEREZ, CARLOS","GRAVES, CHRISTINA",2026-05-24 19:20:21.000,2026-05-24 19:24:16.000,2026-05-24 19:22:59.000,158,157,1,2026-05-24 19:26:49.020,230,230,0,2026-05-24 19:23:16.000,175,174,1,2026-05-24 19:26:59.840,388,388,0,2026-05-24 19:26:59.840,10,10,0,2026-05-24 19:26:59.837,0,0,0,2026-05-24 19:35:22.273,2026-05-24 19:35:22.273,0,NULL,2026-05-24 19:35:22.337,901,901,0,NR-No Report
26-040957,2026-05-24 19:21:46.000,22,SUN,24,19,D,NIGHT,EARLY,POLICE,POLICE INFORMATION,4,E-911,"GRAVES, CHRISTINA",NULL,2026-05-24 19:21:46.000,2026-05-24 19:21:53.097,2026-05-24 19:21:46.000,0,0,0,2026-05-24 19:21:46.000,0,0,0,2026-05-24 19:21:46.000,0,0,0,2026-05-24 19:22:07.160,0,0,0,2026-05-24 19:21:46.000,0,0,0,2026-05-24 19:21:46.000,0,0,0,2026-05-24 20:07:15.513,2026-05-25 03:03:55.600,0,NULL,2026-05-25 03:03:55.690,27729,27729,0,RE-Report
26-012668,2026-05-24 19:22:18.000,22,SUN,24,19,D,NIGHT,EARLY,FIRE,FIRE ALARM,3,Phone,"DOGAN, KYLAH",Automatic Dispatch,2026-05-24 19:22:16.000,2026-05-24 19:24:17.000,2026-05-24 19:22:48.000,32,30,2,2026-05-24 19:22:50.460,2,2,0,2026-05-24 19:24:08.000,112,110,2,2026-05-24 19:23:53.443,34,34,0,2026-05-24 19:23:53.443,63,62,1,NULL,NULL,-9999,NULL,2026-05-24 19:28:40.243,2026-05-24 19:28:40.243,0,NULL,2026-05-24 19:28:40.397,384,384,0,UNDEFINED
26-012669,2026-05-24 19:29:46.210,22,SUN,24,19,D,NIGHT,EARLY,EMS,MUTUAL ALS,1,C2C,CAD to CAD Service 1,CAD to CAD Service 1,2026-05-24 19:28:15.000,NULL,2026-05-24 19:29:46.663,91,0,91,2026-05-24 19:29:46.710,0,0,0,NULL,NULL,NULL,NULL,2026-05-24 19:30:08.633,91,-9999,10090,2026-05-24 19:30:08.633,22,0,22,2026-05-24 19:32:42.063,154,153,1,2026-05-24 19:55:01.503,2026-05-24 20:39:55.003,0,NULL,2026-05-24 20:39:55.093,4300,4300,0,UNDEFINED
26-040961,2026-05-24 19:37:46.000,22,SUN,24,19,D,NIGHT,EARLY,POLICE,TROUBLE UNKNOWN EMS,1,E-911,"PEREZ, CARLOS","GRAVES, CHRISTINA",2026-05-24 19:37:46.000,2026-05-24 19:40:27.000,2026-05-24 19:40:22.000,156,156,0,2026-05-24 19:41:45.247,83,83,0,2026-05-24 19:44:24.000,398,398,0,2026-05-24 19:41:48.940,239,239,0,2026-05-24 19:41:48.940,3,3,0,2026-05-24 19:44:21.250,153,152,1,2026-05-24 19:57:06.013,2026-05-24 19:57:26.577,0,NULL,2026-05-24 19:57:26.610,1180,1180,0,NR-No Report
26-012670,2026-05-24 19:39:17.057,22,SUN,24,19,D,NIGHT,EARLY,FIRE,MUTUAL AID,1,C2C,CAD to CAD Service 1,CAD to CAD Service 1,2026-05-24 19:38:46.000,NULL,2026-05-24 19:39:17.540,31,0,31,2026-05-24 19:39:17.603,0,0,0,NULL,NULL,NULL,NULL,2026-05-24 19:40:56.157,31,72,-41,2026-05-24 19:40:56.157,99,57,42,2026-05-24 19:43:45.073,169,168,1,2026-05-24 19:48:24.800,2026-05-24 19:49:24.983,0,NULL,2026-05-24 19:49:25.017,638,638,0,CAD2CAD
26-040964,2026-05-24 19:39:42.000,22,SUN,24,19,D,NIGHT,EARLY,POLICE,ASSAULT NO INJURY IN PROG,2,E-911,"PRIESTLY, SHAVAUGHN",NULL,2026-05-24 19:39:42.000,2026-05-24 19:44:31.000,2026-05-24 19:44:28.000,286,286,0,2026-05-24 19:46:10.283,102,102,0,2026-05-24 19:47:36.000,474,474,0,2026-05-24 19:46:12.683,388,388,0,2026-05-24 19:46:12.683,2,2,0,2026-05-24 19:49:45.147,213,212,1,2026-05-24 20:28:07.987,2026-05-25 00:03:16.113,0,NULL,2026-05-25 00:03:16.243,15814,15814,0,RE-Report
26-012671,2026-05-24 19:40:22.000,22,SUN,24,19,D,NIGHT,EARLY,EMS,UNKNOWN MEDICAL ALS 1,1,NOT CAPTURED,"PEREZ, CARLOS",Automatic Dispatch,2026-05-24 19:40:22.000,2026-05-24 19:41:22.000,2026-05-24 19:40:22.000,0,NULL,0,2026-05-24 19:40:24.853,2,2,0,2026-05-24 19:40:22.000,0,0,0,2026-05-24 19:41:42.050,2,2,0,2026-05-24 19:41:42.050,78,77,1,2026-05-24 19:47:31.597,349,349,0,2026-05-24 19:52:23.877,2026-05-24 19:56:59.810,0,NULL,2026-05-24 19:56:59.843,997,997,0,CAD2CAD
26-012672,2026-05-24 19:41:02.000,22,SUN,24,19,D,NIGHT,EARLY,EMS,TROUBLE BREATHING ALS 1,1,E-911,"DOGAN, KYLAH",Automatic Dispatch,2026-05-24 19:41:02.000,2026-05-24 19:42:54.000,2026-05-24 19:41:46.000,44,44,0,2026-05-24 19:41:48.580,2,2,0,2026-05-24 19:42:26.000,84,84,0,2026-05-24 19:42:43.367,46,46,0,2026-05-24 19:42:43.367,55,54,1,2026-05-24 19:47:20.170,277,276,1,2026-05-24 19:44:29.987,2026-05-24 20:53:46.253,0,NULL,2026-05-24 20:53:46.357,4364,4364,0,UNDEFINED
26-012673,2026-05-24 19:42:58.000,22,SUN,24,19,D,NIGHT,EARLY,EMS,HEART PROBLEMS ALS 1,1,E-911,"DOGAN, KYLAH",Automatic Dispatch,2026-05-24 19:42:58.000,2026-05-24 19:46:59.000,2026-05-24 19:44:02.000,64,64,0,2026-05-24 19:44:04.207,2,2,0,2026-05-24 19:44:45.000,107,107,0,2026-05-24 19:44:50.543,66,66,0,2026-05-24 19:44:50.543,46,46,0,2026-05-24 19:48:38.950,228,228,0,2026-05-24 20:10:47.567,2026-05-24 20:57:28.773,0,NULL,2026-05-24 20:57:28.913,4470,4470,0,CAD2CAD
26-040963,2026-05-24 19:43:04.000,22,SUN,24,19,D,NIGHT,EARLY,POLICE,WARRANT SERVICE,2,E-911,"GRAVES, CHRISTINA",NULL,2026-05-24 19:43:04.000,2026-05-24 19:51:25.000,2026-05-24 19:43:07.000,3,3,0,2026-05-24 20:08:37.557,1530,1530,0,2026-05-24 19:43:07.000,3,0,3,2026-05-24 20:08:37.557,1533,1533,0,2026-05-24 20:08:37.557,0,0,0,2026-05-24 22:32:38.110,8641,8640,1,2026-05-25 00:09:18.137,2026-05-25 00:09:18.137,0,NULL,2026-05-25 00:09:18.240,15974,15974,0,RE-Report
26-040965,2026-05-24 19:44:36.000,22,SUN,24,19,D,NIGHT,EARLY,POLICE,DISORDERLY CONDUCT,2,E-911,"DOGAN, KYLAH","GRAVES, CHRISTINA",2026-05-24 19:44:35.000,2026-05-24 19:45:50.000,2026-05-24 19:45:43.000,68,67,1,2026-05-24 20:27:59.300,2536,2536,0,2026-05-24 19:50:38.000,363,362,1,2026-05-24 20:28:02.850,2604,2604,0,2026-05-24 20:28:02.850,3,3,0,2026-05-24 20:30:07.547,125,124,1,2026-05-24 20:29:31.503,2026-05-24 20:44:52.250,0,NULL,2026-05-24 20:44:52.293,3617,3617,0,NR-No Report
26-012674,2026-05-24 19:45:00.000,22,SUN,24,19,D,NIGHT,EARLY,FIRE,GAS LEAK - INSIDE,1,Phone,"JACKSON, MALIKA","MACK, BRIANA",2026-05-24 19:45:00.000,2026-05-24 19:47:32.000,2026-05-24 19:45:30.000,30,30,0,2026-05-24 19:45:32.713,2,2,0,2026-05-24 19:47:09.000,129,129,0,2026-05-24 19:46:33.100,32,32,0,2026-05-24 19:46:33.100,61,60,1,2026-05-24 19:49:51.340,198,198,0,2026-05-24 19:55:18.997,2026-05-24 19:59:14.870,0,NULL,2026-05-24 19:59:14.963,854,854,0,UNDEFINED
26-012675,2026-05-24 19:48:42.000,22,SUN,24,19,D,NIGHT,EARLY,FIRE,FIRE ALARM,3,Phone,"PEREZ, CARLOS",Automatic Dispatch,2026-05-24 19:48:40.000,2026-05-24 19:50:28.000,2026-05-24 19:49:47.000,67,65,2,2026-05-24 19:49:49.523,2,2,0,2026-05-24 19:51:09.000,149,147,2,2026-05-24 19:50:32.410,69,69,0,2026-05-24 19:50:32.410,43,42,1,2026-05-24 19:54:53.747,261,261,0,2026-05-24 19:58:23.233,2026-05-24 19:58:23.233,0,NULL,2026-05-24 19:58:23.387,583,583,0,UNDEFINED
26-012676,2026-05-24 19:51:17.000,22,SUN,24,19,D,NIGHT,EARLY,FIRE,ELEVATOR,3,Phone,"JACKSON, MALIKA",Automatic Dispatch,2026-05-24 19:51:16.000,2026-05-24 19:52:27.000,2026-05-24 19:52:06.000,50,49,1,2026-05-24 19:52:08.187,2,2,0,2026-05-24 19:52:54.000,98,97,1,2026-05-24 19:53:03.040,52,52,0,2026-05-24 19:53:03.040,55,54,1,2026-05-24 20:07:34.053,871,871,0,2026-05-24 19:53:39.107,2026-05-24 20:17:15.373,0,NULL,2026-05-24 20:17:15.530,1559,1559,0,UNDEFINED
26-040968,2026-05-24 19:53:10.000,22,SUN,24,19,D,NIGHT,EARLY,POLICE,TROUBLE UNKNOWN NO EMS,2,E-911,"PEREZ, CARLOS",NULL,2026-05-24 19:53:09.000,2026-05-24 19:55:14.000,2026-05-24 19:54:55.000,106,105,1,2026-05-24 19:55:32.030,37,37,0,2026-05-24 19:56:01.000,172,171,1,2026-05-24 19:55:34.830,143,143,0,2026-05-24 19:55:34.830,2,2,0,2026-05-24 20:03:38.080,484,483,1,2026-05-24 19:56:18.237,2026-05-24 20:19:42.857,0,NULL,2026-05-24 20:19:43.050,1593,1593,0,NR-No Report
26-040969,2026-05-24 19:58:19.000,22,SUN,24,19,D,NIGHT,EARLY,POLICE,911 HANG UP,2,E-911,"JACKSON, MALIKA","GRAVES, CHRISTINA",2026-05-24 19:58:19.000,2026-05-24 19:58:50.000,2026-05-24 19:58:41.000,22,22,0,2026-05-24 20:02:47.090,246,246,0,2026-05-24 19:59:44.000,85,85,0,2026-05-24 20:02:49.990,268,268,0,2026-05-24 20:02:49.990,2,2,0,2026-05-24 20:02:50.457,1,0,1,2026-05-24 20:23:08.353,2026-05-24 20:29:03.317,0,NULL,2026-05-24 20:29:03.467,1844,1844,0,NR-No Report
26-040970,2026-05-24 20:02:00.000,22,SUN,24,20,D,NIGHT,EARLY,POLICE,MENTAL HEALTH CASE,2,Phone,"DOGAN, KYLAH",NULL,2026-05-24 20:01:59.000,2026-05-24 20:03:12.000,2026-05-24 20:02:23.000,24,23,1,2026-05-24 20:04:37.630,134,134,0,2026-05-24 20:06:17.000,258,257,1,2026-05-24 20:04:41.707,158,158,0,2026-05-24 20:04:41.707,4,4,0,2026-05-24 20:05:23.863,42,42,0,2026-05-24 20:10:00.950,2026-05-25 08:51:41.287,0,NULL,2026-05-25 08:51:41.313,46182,46182,0,RE-Report
26-040972,2026-05-24 20:10:39.000,22,SUN,24,20,D,NIGHT,EARLY,POLICE,NOISE COMPLAINT IN PROG,4,E-911,"DOGAN, KYLAH","SMITH, SHAVAUGHN",2026-05-24 20:10:39.000,2026-05-24 20:13:25.000,2026-05-24 20:12:04.000,85,85,0,2026-05-24 21:57:28.670,6324,6324,0,2026-05-24 20:12:59.000,140,140,0,2026-05-24 21:57:28.900,6409,6409,0,2026-05-24 21:57:28.900,0,0,0,2026-05-24 21:57:38.600,10,9,1,2026-05-24 21:58:22.227,2026-05-24 21:58:22.227,0,NULL,2026-05-24 21:58:22.287,6463,6463,0,RE-Report
26-040971,2026-05-24 20:11:17.000,22,SUN,24,20,D,NIGHT,EARLY,POLICE,NOISE COMPLAINT DELAY,4,Phone,"PRIESTLY, SHAVAUGHN",NULL,2026-05-24 20:11:16.000,2026-05-24 21:06:12.000,2026-05-24 20:11:30.000,14,13,1,2026-05-24 21:17:17.110,3947,3947,0,2026-05-24 20:12:14.000,58,57,1,2026-05-24 21:17:17.110,3961,3961,0,2026-05-24 21:17:17.110,0,0,0,NULL,NULL,-9999,NULL,2026-05-24 21:17:25.970,2026-05-24 21:17:25.970,0,NULL,2026-05-24 21:17:26.087,3969,3969,0,NR-No Report
26-012677,2026-05-24 20:11:36.483,22,SUN,24,20,D,NIGHT,EARLY,FIRE,MUTUAL OUTSIDE FIRE,1,C2C,CAD to CAD Service 1,CAD to CAD Service 1,2026-05-24 20:09:58.000,NULL,2026-05-24 20:11:36.907,98,0,98,2026-05-24 20:11:37.000,1,0,1,NULL,NULL,NULL,NULL,2026-05-24 20:12:36.213,99,-9999,10098,2026-05-24 20:12:36.213,59,59,0,2026-05-24 20:27:06.087,870,869,1,2026-05-24 20:28:54.010,2026-05-24 20:28:54.010,0,NULL,2026-05-24 20:28:54.080,1136,1136,0,UNDEFINED
26-040975,2026-05-24 20:29:23.000,22,SUN,24,20,D,NIGHT,EARLY,POLICE,OFF DUTY DETAIL,8,OFFICER,"WILLIAMS, VINCENT E",NULL,2026-05-24 20:29:23.000,2026-05-24 21:24:28.000,2026-05-24 20:29:23.000,0,1,-1,2026-05-24 20:29:23.000,0,0,0,2026-05-24 20:29:23.000,0,NULL,0,2026-05-24 20:29:23.000,0,0,0,2026-05-24 20:29:23.000,0,0,0,2026-05-24 20:29:23.000,0,0,0,2026-05-25 00:06:11.090,2026-05-25 00:06:11.090,0,NULL,2026-05-25 00:06:11.190,13008,13008,0,NR-No Report
26-040976,2026-05-24 20:29:32.000,22,SUN,24,20,D,NIGHT,EARLY,POLICE,SHOPLIFTING IN PROG,2,Phone,"JACKSON, MALIKA",NULL,2026-05-24 20:29:32.000,2026-05-24 20:30:40.000,2026-05-24 20:30:32.000,60,60,0,2026-05-24 20:32:32.553,120,120,0,2026-05-24 20:37:21.000,469,469,0,2026-05-24 20:33:03.007,180,180,0,2026-05-24 20:33:03.007,31,30,1,2026-05-24 20:44:49.097,706,706,0,2026-05-24 22:55:13.750,2026-05-25 01:15:16.970,0,NULL,2026-05-25 01:15:17.030,17144,17144,0,RE-Report
26-012678,2026-05-24 20:46:54.000,22,SUN,24,20,D,NIGHT,EARLY,EMS,FALL BLS,3,E-911,"JACKSON, MALIKA",Automatic Dispatch,2026-05-24 20:46:53.000,2026-05-24 20:51:11.000,2026-05-24 20:48:00.000,67,66,1,2026-05-24 20:48:03.043,3,3,0,2026-05-24 20:49:25.000,152,151,1,2026-05-24 20:49:07.170,70,70,0,2026-05-24 20:49:07.170,64,64,0,2026-05-24 20:59:56.957,649,649,0,2026-05-24 22:15:41.647,2026-05-24 22:15:41.647,0,NULL,2026-05-24 22:15:41.757,5328,5328,0,UNDEFINED
26-012679,2026-05-24 20:50:33.000,22,SUN,24,20,D,NIGHT,EARLY,FIRE,FIRE ALARM,3,Phone,"PEREZ, CARLOS",Automatic Dispatch,2026-05-24 20:50:31.000,2026-05-24 20:51:54.000,2026-05-24 20:51:46.000,75,73,2,2026-05-24 20:51:49.263,3,3,0,2026-05-24 20:52:19.000,108,106,2,2026-05-24 20:53:08.630,78,78,0,2026-05-24 20:53:08.630,79,79,0,NULL,NULL,-9999,NULL,2026-05-24 20:55:50.060,2026-05-24 20:55:50.060,0,NULL,2026-05-24 20:55:50.293,319,319,0,UNDEFINED
26-040979,2026-05-24 20:58:41.000,22,SUN,24,20,D,NIGHT,EARLY,POLICE,DEST OF PROP PUB IN PROG,2,Phone,"GRAVES, CHRISTINA","GRAVES, CHRISTINA",2026-05-24 20:58:41.000,2026-05-24 21:14:04.000,2026-05-24 20:58:43.000,2,2,0,2026-05-24 20:58:56.963,13,13,0,2026-05-24 20:58:43.000,2,0,2,2026-05-24 20:58:57.100,15,15,0,2026-05-24 20:58:57.100,1,0,1,2026-05-24 20:58:57.153,0,0,0,2026-05-24 21:53:20.483,2026-05-24 21:53:20.483,0,NULL,2026-05-24 21:53:20.693,3279,3279,0,RE-Report
26-040981,2026-05-24 21:19:44.000,22,SUN,24,21,D,NIGHT,EARLY,POLICE,DOMESTIC VIOL NO INJ,2,E-911,"DOGAN, KYLAH",NULL,2026-05-24 21:19:44.000,2026-05-24 21:37:35.000,2026-05-24 21:20:42.000,58,58,0,2026-05-24 21:21:53.523,71,71,0,2026-05-24 21:22:48.000,184,184,0,2026-05-24 21:21:58.270,129,129,0,2026-05-24 21:21:58.270,5,4,1,2026-05-24 21:31:10.610,552,552,0,2026-05-25 01:56:24.070,2026-05-25 01:56:24.070,0,NULL,2026-05-25 01:56:24.113,16600,16600,0,NR-No Report
26-040983,2026-05-24 21:27:46.000,22,SUN,24,21,D,NIGHT,EARLY,POLICE,ASSAULT NO INJURY IN PROG,2,E-911,"JACKSON, MALIKA",NULL,2026-05-24 21:27:46.000,2026-05-24 21:30:39.000,2026-05-24 21:29:08.000,82,82,0,2026-05-24 21:30:48.603,100,100,0,2026-05-24 21:36:49.000,543,543,0,2026-05-24 21:31:42.977,182,182,0,2026-05-24 21:31:42.977,54,11,43,2026-05-24 21:49:12.773,1050,1049,1,2026-05-24 21:48:48.440,2026-05-25 00:36:47.660,0,NULL,2026-05-25 00:36:47.720,11341,11341,0,RE-Report
26-040984,2026-05-24 21:34:48.000,22,SUN,24,21,D,NIGHT,EARLY,POLICE,WARRANT SERVICE,2,Phone,"DOGAN, KYLAH","GRAVES, CHRISTINA",2026-05-24 21:34:46.000,2026-05-24 21:35:51.000,2026-05-24 21:35:38.000,52,50,2,2026-05-24 21:49:10.603,812,812,0,2026-05-24 21:54:26.000,1180,1178,2,2026-05-24 21:49:20.097,864,864,0,2026-05-24 21:49:20.097,10,9,1,2026-05-24 21:54:13.177,293,293,0,2026-05-24 22:26:53.437,2026-05-25 00:06:29.823,0,NULL,2026-05-25 00:06:29.910,9103,9103,0,RE-Report
26-040985,2026-05-24 21:40:02.000,22,SUN,24,21,D,NIGHT,EARLY,POLICE,WARRANT SERVICE,2,Phone,"GRAVES, CHRISTINA",NULL,2026-05-24 21:40:02.000,2026-05-24 22:18:44.000,2026-05-24 21:40:03.000,1,1,0,2026-05-24 22:55:16.687,4513,4513,0,2026-05-24 21:40:03.000,1,0,1,2026-05-24 22:55:16.687,4514,4514,0,2026-05-24 22:55:16.687,0,0,0,2026-05-24 22:55:23.250,7,6,1,2026-05-24 22:55:36.687,2026-05-24 22:55:36.687,0,NULL,2026-05-24 22:55:36.763,4534,4534,0,RE-Report
26-012681,2026-05-24 21:51:24.217,22,SUN,24,21,D,NIGHT,EARLY,EMS,MUTUAL ALS,1,C2C,CAD to CAD Service 1,CAD to CAD Service 1,2026-05-24 21:47:28.000,NULL,2026-05-24 21:51:24.577,236,0,236,2026-05-24 21:51:24.640,0,0,0,NULL,NULL,NULL,NULL,2026-05-24 21:52:38.030,236,-9999,10235,2026-05-24 21:52:38.030,74,73,1,NULL,NULL,-9999,NULL,2026-05-24 21:53:57.967,2026-05-24 21:53:59.480,0,NULL,2026-05-24 21:53:59.763,391,391,0,UNDEFINED
26-040991,2026-05-24 21:56:31.000,22,SUN,24,21,D,NIGHT,EARLY,POLICE,MENTAL HEALTH CASE,2,E-911,"DOGAN, KYLAH",NULL,2026-05-24 21:56:31.000,2026-05-24 21:57:40.000,2026-05-24 21:57:26.000,55,55,0,2026-05-24 21:59:35.463,129,129,0,2026-05-24 22:13:34.000,1023,1023,0,2026-05-24 21:59:35.530,184,184,0,2026-05-24 21:59:35.530,0,0,0,2026-05-24 22:04:03.540,268,268,0,2026-05-24 22:13:10.750,2026-05-25 05:36:59.940,0,NULL,2026-05-25 05:37:00.133,27628,27628,0,RE-Report
26-012682,2026-05-24 21:57:38.000,22,SUN,24,21,D,NIGHT,EARLY,FIRE,FIRE ALARM,3,Text,"JACKSON, MALIKA",Automatic Dispatch,2026-05-24 21:57:38.000,2026-05-24 21:58:42.000,2026-05-24 21:58:03.000,25,25,0,2026-05-24 21:58:05.170,2,2,0,2026-05-24 21:58:03.000,25,NULL,25,2026-05-24 21:59:16.333,27,27,0,2026-05-24 21:59:16.333,71,71,0,NULL,NULL,-9999,NULL,2026-05-24 22:00:16.970,2026-05-24 22:00:16.970,0,NULL,2026-05-24 22:00:17.097,158,158,0,UNDEFINED
26-040992,2026-05-24 22:01:21.000,22,SUN,24,22,D,NIGHT,MIDS,POLICE,ALARM RESIDENTIAL NIGHTIME,1,Phone,"GRAVES, CHRISTINA","SMITH, SHAVAUGHN",2026-05-24 22:01:19.000,2026-05-24 22:01:50.000,2026-05-24 22:01:43.000,24,22,2,2026-05-24 22:02:51.690,68,68,0,2026-05-24 22:03:11.000,112,110,2,2026-05-24 22:02:56.070,92,92,0,2026-05-24 22:02:56.070,5,4,1,2026-05-24 22:06:24.487,208,208,0,2026-05-24 22:13:59.813,2026-05-24 22:14:01.570,0,NULL,2026-05-24 22:14:01.667,762,762,0,FALSE-False Alarm
26-040996,2026-05-24 22:03:39.000,22,SUN,24,22,D,NIGHT,MIDS,POLICE,ASSIST OUTSIDE AGENCY,4,VCIN,"JACKSON, MALIKA","BONSU, VALERIE",2026-05-24 22:03:37.000,2026-05-25 05:39:35.000,2026-05-24 22:11:17.000,460,458,2,2026-05-25 06:34:41.113,30204,3309,26895,2026-05-24 22:15:27.000,710,708,2,2026-05-25 06:34:42.803,30664,30664,0,2026-05-25 06:34:42.803,1,1,0,2026-05-25 06:34:42.803,0,0,0,2026-05-25 06:47:23.857,2026-05-25 00:12:56.000,1,2026-05-25 05:39:32.087,2026-05-25 06:47:24.010,7759,31426,-23667,NR-No Report
26-040993,2026-05-24 22:05:41.000,22,SUN,24,22,D,NIGHT,MIDS,POLICE,OFF DUTY DETAIL,8,OFFICER,"FELIX, BRUCE",NULL,2026-05-24 22:05:41.000,2026-05-25 04:03:15.000,2026-05-24 22:05:41.000,0,1,-1,2026-05-24 22:05:41.000,0,0,0,2026-05-24 22:05:41.000,0,NULL,0,2026-05-24 22:05:41.000,0,0,0,2026-05-24 22:05:41.000,0,0,0,2026-05-24 22:05:41.000,0,0,0,2026-05-25 04:39:56.760,2026-05-25 04:39:56.760,0,NULL,2026-05-25 04:39:57.320,23655,23655,0,NR-No Report
26-040995,2026-05-24 22:09:25.000,22,SUN,24,22,D,NIGHT,MIDS,POLICE,WALK IN HQ LOBBY,3,Phone,"GRAVES, CHRISTINA",NULL,2026-05-24 22:09:24.000,2026-05-25 09:10:03.000,2026-05-24 22:11:09.000,105,104,1,2026-05-25 09:11:43.197,39634,107,39527,2026-05-24 22:11:55.000,151,150,1,2026-05-25 09:12:17.287,39739,39739,0,2026-05-25 09:12:17.287,34,34,0,NULL,NULL,-9999,NULL,2026-05-25 16:10:19.603,2026-05-25 03:09:09.000,1,2026-05-25 09:09:55.643,2026-05-25 16:10:19.760,17985,64855,-46870,RE-Report
26-012683,2026-05-24 22:18:55.590,22,SUN,24,22,D,NIGHT,MIDS,FIRE,POLICE STANDBY,1,E-911,"PRIESTLY, SHAVAUGHN",Automatic Dispatch,2026-05-24 22:18:55.590,2026-05-24 22:19:25.000,2026-05-24 22:18:55.590,0,0,0,2026-05-24 22:18:58.080,3,2,1,2026-05-24 22:18:55.590,0,NULL,0,2026-05-24 22:20:06.273,3,2,1,2026-05-24 22:20:06.273,68,68,0,2026-05-24 22:24:56.797,290,290,0,2026-05-24 22:19:20.147,2026-05-24 23:48:13.187,0,NULL,2026-05-24 23:48:13.413,5358,5357,1,UNDEFINED
26-041001,2026-05-24 22:28:35.000,22,SUN,24,22,D,NIGHT,MIDS,POLICE,DWI - DRUNK/INTOX DRIVER,2,E-911,"GRAVES, CHRISTINA",NULL,2026-05-24 22:28:35.000,2026-05-24 22:29:36.000,2026-05-24 22:29:31.000,56,56,0,2026-05-24 22:36:24.097,413,413,0,2026-05-24 22:31:26.000,171,171,0,2026-05-24 22:36:24.160,469,469,0,2026-05-24 22:36:24.160,0,0,0,2026-05-24 22:41:14.077,290,289,1,2026-05-25 00:02:56.340,2026-05-25 06:03:18.630,0,NULL,2026-05-25 06:03:18.707,27283,27283,0,RE-Report
26-012684,2026-05-24 22:29:31.000,22,SUN,24,22,D,NIGHT,MIDS,FIRE,MVC AUTO,2,E-911,"GRAVES, CHRISTINA",Automatic Dispatch,2026-05-24 22:29:31.000,2026-05-24 22:29:39.000,2026-05-24 22:29:31.000,0,NULL,0,2026-05-24 22:29:34.180,3,3,0,2026-05-24 22:29:31.000,0,0,0,2026-05-24 22:34:04.563,3,2,1,2026-05-24 22:34:04.563,270,270,0,2026-05-24 22:37:45.440,221,220,1,2026-05-24 22:51:50.513,2026-05-24 22:51:50.733,0,NULL,2026-05-24 22:51:50.810,1339,1338,1,CAD2CAD
26-012685,2026-05-24 22:30:31.000,22,SUN,24,22,D,NIGHT,MIDS,FIRE,GAS LEAK - INSIDE,1,E-911,"GRAVES, CHRISTINA",Automatic Dispatch,2026-05-24 22:30:30.000,2026-05-24 22:31:10.000,2026-05-24 22:31:02.000,32,31,1,2026-05-24 22:31:04.623,2,2,0,2026-05-24 22:31:25.000,55,54,1,2026-05-24 22:31:57.283,34,34,0,2026-05-24 22:31:57.283,53,52,1,2026-05-24 22:36:46.167,289,288,1,2026-05-24 22:41:59.903,2026-05-24 23:16:22.010,0,NULL,2026-05-24 23:16:22.370,2752,2752,0,UNDEFINED
26-041005,2026-05-24 22:33:20.000,22,SUN,24,22,D,NIGHT,MIDS,POLICE,TROUBLE UNKNOWN EMS,2,E-911,"GRAVES, CHRISTINA","DOGAN, KYLAH",2026-05-24 22:33:18.000,2026-05-24 22:34:01.000,2026-05-24 22:33:55.000,37,35,2,2026-05-24 22:35:26.007,91,91,0,2026-05-24 23:02:11.000,1733,1731,2,2026-05-24 22:35:32.123,128,128,0,2026-05-24 22:35:32.123,6,6,0,2026-05-24 22:53:21.407,1069,1069,0,2026-05-24 23:35:15.160,2026-05-24 23:38:22.227,0,NULL,2026-05-24 23:38:22.257,3904,3904,0,NR-No Report
26-012686,2026-05-24 22:33:55.000,22,SUN,24,22,D,NIGHT,MIDS,EMS,UNKNOWN MEDICAL ALS 1,1,NOT CAPTURED,"GRAVES, CHRISTINA",Automatic Dispatch,2026-05-24 22:33:55.000,2026-05-24 22:35:43.000,2026-05-24 22:33:55.000,0,NULL,0,2026-05-24 22:33:57.483,2,2,0,2026-05-24 22:33:55.000,0,0,0,2026-05-24 22:34:41.113,2,2,0,2026-05-24 22:34:41.113,44,43,1,2026-05-24 22:50:09.363,928,928,0,2026-05-24 23:18:55.610,2026-05-24 23:19:31.977,0,NULL,2026-05-24 23:19:32.037,2736,2736,0,CAD2CAD
26-012687,2026-05-24 22:36:21.193,22,SUN,24,22,D,NIGHT,MIDS,FIRE,MUTUAL ELEVATOR INCIDENT,1,C2C,CAD to CAD Service 1,CAD to CAD Service 1,2026-05-24 22:32:59.000,2026-05-24 22:36:49.000,2026-05-24 22:36:21.613,202,0,202,2026-05-24 22:36:21.660,0,0,0,NULL,NULL,NULL,NULL,2026-05-24 22:38:00.103,202,507,-305,2026-05-24 22:38:00.103,99,98,1,2026-05-24 22:43:25.860,325,325,0,2026-05-24 23:03:03.170,2026-05-24 23:05:21.820,0,NULL,2026-05-24 23:05:21.863,1942,1942,0,UNDEFINED
26-041010,2026-05-24 23:01:07.000,22,SUN,24,23,D,NIGHT,MIDS,POLICE,TRESPASSING IN PROG,2,Phone,"PRIESTLY, SHAVAUGHN","SMITH, SHAVAUGHN",2026-05-24 23:01:05.000,2026-05-24 23:02:22.000,2026-05-24 23:01:35.000,30,28,2,2026-05-25 00:05:06.127,3811,3811,0,2026-05-24 23:02:47.000,102,100,2,2026-05-25 00:05:06.217,3841,3841,0,2026-05-25 00:05:06.217,0,0,0,2026-05-25 00:09:20.050,254,253,1,2026-05-25 00:37:18.077,2026-05-25 01:13:17.107,0,NULL,2026-05-25 01:13:17.200,7932,7932,0,NR-No Report
26-012688,2026-05-24 23:08:52.723,22,SUN,24,23,D,NIGHT,MIDS,EMS,MUTUAL BLS,1,C2C,CAD to CAD Service 1,CAD to CAD Service 1,2026-05-24 23:02:36.000,NULL,2026-05-24 23:08:53.160,377,0,377,2026-05-24 23:08:53.253,0,0,0,NULL,NULL,NULL,NULL,2026-05-24 23:10:30.480,377,-9999,10376,2026-05-24 23:10:30.480,97,97,0,2026-05-24 23:15:46.060,316,315,1,2026-05-24 23:21:01.797,2026-05-24 23:32:41.907,0,NULL,2026-05-24 23:32:41.933,1805,1805,0,UNDEFINED
26-012689,2026-05-24 23:30:24.000,22,SUN,24,23,D,NIGHT,MIDS,EMS,SEIZURE ALS 1,1,E-911,"GRAVES, CHRISTINA",Automatic Dispatch,2026-05-24 23:30:24.000,2026-05-24 23:32:31.000,2026-05-24 23:30:55.000,31,31,0,2026-05-24 23:30:57.383,2,2,0,2026-05-24 23:41:29.000,665,665,0,2026-05-24 23:32:37.723,33,33,0,2026-05-24 23:32:37.723,100,100,0,2026-05-24 23:36:35.447,238,237,1,2026-05-24 23:37:21.087,2026-05-25 00:16:04.613,0,NULL,2026-05-25 00:16:04.760,2740,2740,0,UNDEFINED
26-041011,2026-05-24 23:33:35.000,22,SUN,24,23,D,NIGHT,MIDS,POLICE,FIGHT NO WEAPONS,2,E-911,"JACKSON, MALIKA",NULL,2026-05-24 23:33:35.000,2026-05-24 23:36:53.000,2026-05-24 23:34:44.000,69,69,0,2026-05-24 23:37:17.397,153,153,0,2026-05-24 23:39:06.000,331,331,0,2026-05-24 23:37:21.473,222,222,0,2026-05-24 23:37:21.473,4,4,0,2026-05-24 23:40:44.723,203,203,0,2026-05-25 00:03:36.087,2026-05-25 04:10:23.913,0,NULL,2026-05-25 04:10:23.977,16608,16608,0,RE-Report
26-041014,2026-05-25 00:00:00.000,22,MON,25,0,C,NIGHT,MIDS,POLICE,DISORDERLY CONDUCT,2,Phone,"MACK, BRIANA","SMITH, SHAVAUGHN",2026-05-24 23:59:58.000,2026-05-25 00:02:09.000,2026-05-25 00:01:46.000,108,106,2,2026-05-25 00:02:14.710,28,28,0,2026-05-25 00:02:57.000,179,177,2,2026-05-25 00:02:18.073,136,136,0,2026-05-25 00:02:18.073,4,3,1,2026-05-25 00:12:45.283,627,627,0,2026-05-25 00:15:33.470,2026-05-25 00:15:36.173,0,NULL,2026-05-25 00:15:36.250,938,938,0,NR-No Report
26-012690,2026-05-25 00:04:13.000,22,MON,25,0,C,NIGHT,MIDS,EMS,TROUBLE BREATHING ALS 1,1,E-911,"JACKSON, MALIKA",Automatic Dispatch,2026-05-25 00:04:13.000,2026-05-25 00:07:25.000,2026-05-25 00:05:55.000,102,102,0,2026-05-25 00:05:58.037,3,3,0,2026-05-25 00:07:09.000,176,176,0,2026-05-25 00:07:11.657,105,105,0,2026-05-25 00:07:11.657,73,73,0,2026-05-25 00:13:39.730,388,388,0,2026-05-25 00:13:55.507,2026-05-25 00:42:24.677,0,NULL,2026-05-25 00:42:24.760,2291,2291,0,UNDEFINED
26-012691,2026-05-25 00:17:04.000,22,MON,25,0,C,NIGHT,MIDS,EMS,CARDIAC ARREST ALS 2- SUPV,1,E-911,"MACK, BRIANA",Automatic Dispatch,2026-05-25 00:17:03.000,2026-05-25 00:18:31.000,2026-05-25 00:17:38.000,35,34,1,2026-05-25 00:17:58.633,20,20,0,2026-05-25 00:19:24.000,141,140,1,2026-05-25 00:19:39.993,55,55,0,2026-05-25 00:19:39.993,101,101,0,2026-05-25 00:24:36.517,297,296,1,2026-05-25 00:19:56.167,2026-05-25 01:03:15.150,0,NULL,2026-05-25 01:03:15.237,2772,2772,0,UNDEFINED
26-041016,2026-05-25 00:17:38.000,22,MON,25,0,C,NIGHT,MIDS,POLICE,POLICE INFORMATION,4,E-911,"MACK, BRIANA",NULL,2026-05-25 00:17:38.000,2026-05-25 00:17:55.000,2026-05-25 00:17:38.000,0,NULL,0,2026-05-25 00:18:08.280,30,30,0,2026-05-25 00:17:38.000,0,0,0,2026-05-25 00:18:10.330,30,30,0,2026-05-25 00:18:10.330,2,2,0,2026-05-25 00:19:41.093,91,90,1,2026-05-25 00:19:52.177,2026-05-25 05:30:10.743,0,NULL,2026-05-25 05:30:10.840,18752,18752,0,RE-Report
26-012693,2026-05-25 01:08:58.000,22,MON,25,1,C,NIGHT,MIDS,EMS,PUBLIC SERVICE EMS,4,Phone,"JACKSON, MALIKA","GRAVES, CHRISTINA",2026-05-25 01:08:56.000,2026-05-25 01:11:25.000,2026-05-25 01:10:16.000,80,78,2,2026-05-25 01:10:19.170,3,3,0,2026-05-25 01:11:18.000,142,140,2,2026-05-25 01:11:10.727,83,83,0,2026-05-25 01:11:10.727,51,51,0,2026-05-25 01:21:53.300,643,642,1,2026-05-25 01:11:44.773,2026-05-25 01:44:22.587,0,NULL,2026-05-25 01:44:22.707,2126,2126,0,UNDEFINED
26-041021,2026-05-25 01:10:24.000,22,MON,25,1,C,NIGHT,MIDS,POLICE,WALK IN HQ LOBBY,3,Phone,"MACK, BRIANA",NULL,2026-05-25 01:10:22.000,2026-05-25 01:12:44.000,2026-05-25 01:10:50.000,28,26,2,2026-05-25 01:13:45.690,175,175,0,2026-05-25 01:15:35.000,313,311,2,2026-05-25 01:13:45.747,203,203,0,2026-05-25 01:13:45.747,0,0,0,2026-05-25 01:13:56.780,11,11,0,2026-05-25 01:31:38.700,2026-05-25 01:32:23.773,0,NULL,2026-05-25 01:32:23.883,1321,1321,0,NR-No Report
26-041022,2026-05-25 01:13:36.000,22,MON,25,1,C,NIGHT,MIDS,POLICE,TRAFFIC STOP,2,OFFICER,"JOHNSON, TIAZ J.",NULL,2026-05-25 01:13:36.000,2026-05-25 01:13:49.000,2026-05-25 01:13:36.000,0,1,-1,2026-05-25 01:13:36.000,0,0,0,2026-05-25 01:13:36.000,0,NULL,0,2026-05-25 01:13:36.000,0,0,0,2026-05-25 01:13:36.000,0,0,0,2026-05-25 01:13:36.000,0,0,0,2026-05-25 01:46:42.313,2026-05-25 01:46:42.313,0,NULL,2026-05-25 01:46:42.420,1986,1986,0,CI-Citation
26-041023,2026-05-25 01:16:10.000,22,MON,25,1,C,NIGHT,MIDS,POLICE,DOMESTIC VIOL NO INJ,2,E-911,"JACKSON, MALIKA","SMITH, SHAVAUGHN",2026-05-25 01:16:10.000,2026-05-25 01:31:39.000,2026-05-25 01:26:31.000,621,621,0,2026-05-25 01:33:44.747,433,433,0,2026-05-25 01:51:09.000,2099,2099,0,2026-05-25 01:33:48.157,1054,1054,0,2026-05-25 01:33:48.157,4,3,1,2026-05-25 01:42:37.657,529,529,0,2026-05-25 02:18:44.330,2026-05-25 02:18:46.330,0,NULL,2026-05-25 02:18:46.360,3756,3756,0,NR-No Report
26-041024,2026-05-25 01:45:30.000,22,MON,25,1,C,NIGHT,MIDS,POLICE,NOISE COMPLAINT DELAY,4,Phone,"MACK, BRIANA",NULL,2026-05-25 01:45:28.000,NULL,2026-05-25 01:46:04.000,36,34,2,2026-05-25 02:11:04.420,1500,1500,0,2026-05-25 01:49:27.000,239,237,2,2026-05-25 02:11:04.420,1536,1536,0,2026-05-25 02:11:04.420,0,-9999,9999,2026-05-25 02:11:06.013,2,1,1,2026-05-25 02:11:32.477,2026-05-25 02:11:32.477,0,NULL,2026-05-25 02:11:32.513,1564,1564,0,NR-No Report
26-012694,2026-05-25 02:08:56.000,22,MON,25,2,C,NIGHT,LATE,EMS,CHEST PAIN ALS 1,1,E-911,"JACKSON, MALIKA",Automatic Dispatch,2026-05-25 02:08:56.000,2026-05-25 02:11:07.000,2026-05-25 02:10:24.000,88,88,0,2026-05-25 02:10:27.203,3,3,0,2026-05-25 02:10:56.000,120,120,0,2026-05-25 02:12:11.263,91,91,0,2026-05-25 02:12:11.263,104,104,0,2026-05-25 02:16:52.297,281,281,0,2026-05-25 02:28:53.827,2026-05-25 02:47:29.907,0,NULL,2026-05-25 02:47:29.990,2313,2313,0,UNDEFINED
26-041026,2026-05-25 02:17:56.000,22,MON,25,2,C,NIGHT,LATE,POLICE,ALARM COMMERCIAL,2,Phone,"PRIESTLY, SHAVAUGHN","DOGAN, KYLAH",2026-05-25 02:17:55.000,2026-05-25 02:18:52.000,2026-05-25 02:18:12.000,17,16,1,2026-05-25 02:19:29.773,77,77,0,2026-05-25 02:19:09.000,74,73,1,2026-05-25 02:19:33.007,94,94,0,2026-05-25 02:19:33.007,4,3,1,2026-05-25 02:22:02.537,149,149,0,2026-05-25 02:24:37.137,2026-05-25 02:25:24.367,0,NULL,2026-05-25 02:25:24.440,449,449,0,NR-No Report
26-012695,2026-05-25 02:19:36.000,22,MON,25,2,C,NIGHT,LATE,FIRE,FIRE ALARM,3,E-911,"PRIESTLY, SHAVAUGHN",Automatic Dispatch,2026-05-25 02:19:34.000,2026-05-25 02:21:41.000,2026-05-25 02:20:02.000,28,26,2,2026-05-25 02:20:04.897,2,2,0,2026-05-25 02:21:03.000,89,87,2,2026-05-25 02:21:29.243,30,30,0,2026-05-25 02:21:29.243,85,84,1,NULL,NULL,-9999,NULL,2026-05-25 02:24:42.773,2026-05-25 02:24:42.773,0,NULL,2026-05-25 02:24:42.917,308,308,0,UNDEFINED
26-041028,2026-05-25 02:21:39.000,22,MON,25,2,C,NIGHT,LATE,POLICE,ADMINISTRATIVE TASK,2,Phone,"PRIESTLY, SHAVAUGHN",NULL,2026-05-25 02:21:37.000,2026-05-25 02:24:41.000,2026-05-25 02:23:15.000,98,96,2,2026-05-25 02:29:06.650,351,351,0,2026-05-25 02:23:17.000,100,98,2,2026-05-25 02:29:06.693,449,449,0,2026-05-25 02:29:06.693,0,0,0,2026-05-25 02:33:35.193,269,268,1,2026-05-25 03:30:57.603,2026-05-25 03:30:57.603,0,NULL,2026-05-25 03:30:57.683,4160,4160,0,NR-No Report
26-012696,2026-05-25 02:39:06.000,22,MON,25,2,C,NIGHT,LATE,FIRE,FIRE ALARM,3,E-911,"JACKSON, MALIKA",Automatic Dispatch,2026-05-25 02:39:06.000,2026-05-25 02:42:31.000,2026-05-25 02:40:04.000,58,58,0,2026-05-25 02:40:06.860,2,2,0,2026-05-25 02:42:25.000,199,199,0,2026-05-25 02:41:06.597,60,60,0,2026-05-25 02:41:06.597,60,59,1,2026-05-25 02:46:09.727,303,303,0,2026-05-25 02:47:52.737,2026-05-25 02:47:52.737,0,NULL,2026-05-25 02:47:52.847,526,526,0,UNDEFINED
26-041030,2026-05-25 02:56:15.000,22,MON,25,2,C,NIGHT,LATE,POLICE,ALARM RESIDENTIAL NIGHTIME,1,Text,"PRIESTLY, SHAVAUGHN","DOGAN, KYLAH",2026-05-25 02:56:13.000,2026-05-25 02:57:05.000,2026-05-25 02:56:29.000,16,14,2,2026-05-25 02:57:29.637,60,60,0,2026-05-25 02:59:34.000,201,199,2,2026-05-25 02:57:32.260,76,76,0,2026-05-25 02:57:32.260,3,2,1,2026-05-25 03:00:19.860,167,167,0,2026-05-25 03:06:22.600,2026-05-25 03:09:36.940,0,NULL,2026-05-25 03:09:36.943,803,803,0,FALSE-False Alarm
26-012697,2026-05-25 02:57:58.000,22,MON,25,2,C,NIGHT,LATE,FIRE,CO ALARM,2,E-911,"PRIESTLY, SHAVAUGHN",Automatic Dispatch,2026-05-25 02:57:57.000,2026-05-25 02:59:20.000,2026-05-25 02:58:22.000,25,24,1,2026-05-25 02:58:24.463,2,2,0,2026-05-25 02:59:16.000,79,78,1,2026-05-25 03:00:22.223,27,27,0,2026-05-25 03:00:22.223,118,117,1,2026-05-25 03:04:48.713,266,266,0,2026-05-25 03:17:55.997,2026-05-25 03:17:55.997,0,NULL,2026-05-25 03:17:56.193,1198,1198,0,UNDEFINED
26-041033,2026-05-25 03:21:48.000,22,MON,25,3,C,NIGHT,LATE,POLICE,LARCENY FROM AUTO IN PROG,2,E-911,"MACK, BRIANA",NULL,2026-05-25 03:21:47.000,2026-05-25 03:23:04.000,2026-05-25 03:22:45.000,58,57,1,2026-05-25 03:24:06.000,81,80,1,2026-05-25 03:26:53.000,306,305,1,2026-05-25 03:24:23.550,139,138,1,2026-05-25 03:24:23.550,17,17,0,2026-05-25 03:31:07.493,404,403,1,2026-05-25 04:05:26.263,2026-05-25 06:53:00.903,0,NULL,2026-05-25 06:53:00.950,12673,12673,0,NR-No Report
26-041034,2026-05-25 03:25:07.000,22,MON,25,3,C,NIGHT,LATE,POLICE,TRAFFIC STOP,2,OFFICER,"DOGAN, KYLAH","DOGAN, KYLAH",2026-05-25 03:25:07.000,NULL,2026-05-25 03:25:07.000,0,0,0,2026-05-25 03:25:07.000,0,0,0,2026-05-25 03:25:07.000,0,0,0,2026-05-25 03:28:25.797,0,0,0,2026-05-25 03:25:07.000,0,0,0,2026-05-25 03:25:07.000,0,0,0,2026-05-25 03:34:27.210,2026-05-25 03:39:15.437,0,NULL,2026-05-25 03:39:15.440,848,848,0,CI-Citation
26-041036,2026-05-25 03:26:53.000,22,MON,25,3,C,NIGHT,LATE,POLICE,DISORDERLY CONDUCT,2,E-911,"JACKSON, MALIKA",NULL,2026-05-25 03:26:53.000,2026-05-25 03:30:15.000,2026-05-25 03:30:11.000,198,198,0,2026-05-25 03:44:35.453,864,864,0,2026-05-25 03:30:11.000,198,NULL,198,2026-05-25 03:44:39.450,1062,1062,0,2026-05-25 03:44:39.450,4,3,1,2026-05-25 03:46:17.250,98,97,1,2026-05-25 04:01:34.010,2026-05-25 04:02:42.887,0,NULL,2026-05-25 04:02:42.950,2149,2149,0,NR-No Report
26-012698,2026-05-25 03:30:16.000,22,MON,25,3,C,NIGHT,LATE,EMS,UNKNOWN MEDICAL ALS 1,1,Phone,"MACK, BRIANA",Automatic Dispatch,2026-05-25 03:30:16.000,2026-05-25 03:43:15.000,2026-05-25 03:30:16.000,0,NULL,0,2026-05-25 03:30:18.553,2,2,0,2026-05-25 03:30:16.000,0,0,0,2026-05-25 03:31:57.387,2,2,0,2026-05-25 03:31:57.387,99,98,1,2026-05-25 03:35:25.637,208,208,0,2026-05-25 03:48:03.190,2026-05-25 03:48:37.377,0,NULL,2026-05-25 03:48:37.567,1101,1101,0,UNDEFINED
26-041038,2026-05-25 03:50:01.000,22,MON,25,3,C,NIGHT,LATE,POLICE,DISORDERLY CONDUCT,2,E-911,"DOGAN, KYLAH","DOGAN, KYLAH",2026-05-25 03:50:01.000,2026-05-25 03:53:53.000,2026-05-25 03:50:40.000,39,39,0,2026-05-25 04:09:59.120,1159,1159,0,2026-05-25 03:53:43.000,222,222,0,2026-05-25 04:10:04.900,1198,1198,0,2026-05-25 04:10:04.900,5,5,0,2026-05-25 04:11:20.733,76,75,1,2026-05-25 04:25:46.327,2026-05-25 04:26:02.847,0,NULL,2026-05-25 04:26:02.913,2161,2161,0,NR-No Report
26-012699,2026-05-25 04:01:46.000,22,MON,25,4,C,NIGHT,LATE,EMS,TROUBLE BREATHING ALS 1,1,E-911,"PRIESTLY, SHAVAUGHN",Automatic Dispatch,2026-05-25 04:01:46.000,2026-05-25 04:02:58.000,2026-05-25 04:02:23.000,37,37,0,2026-05-25 04:02:26.623,3,3,0,2026-05-25 04:04:18.000,152,152,0,2026-05-25 04:04:39.093,40,40,0,2026-05-25 04:04:39.093,133,132,1,2026-05-25 04:09:33.417,294,294,0,2026-05-25 04:19:48.977,2026-05-25 04:23:28.977,0,NULL,2026-05-25 04:23:29.063,1302,1302,0,UNDEFINED
26-041041,2026-05-25 04:09:24.000,22,MON,25,4,C,NIGHT,LATE,POLICE,BURGLARY COMMERCIAL IN PROG,1,Phone,"PRIESTLY, SHAVAUGHN",NULL,2026-05-25 04:09:22.000,2026-05-25 04:10:21.000,2026-05-25 04:09:39.000,17,15,2,2026-05-25 04:10:33.777,54,54,0,2026-05-25 04:11:20.000,118,116,2,2026-05-25 04:10:36.610,71,71,0,2026-05-25 04:10:36.610,3,2,1,2026-05-25 04:15:18.377,282,281,1,2026-05-25 05:44:03.543,2026-05-25 11:39:53.637,0,NULL,2026-05-25 11:39:53.710,27031,27031,0,RE-Report
26-012700,2026-05-25 04:24:22.133,22,MON,25,4,C,NIGHT,LATE,FIRE,FIRE ALARM,3,E-911,"PRIESTLY, SHAVAUGHN",Automatic Dispatch,2026-05-25 04:24:22.133,2026-05-25 04:24:36.000,2026-05-25 04:24:22.133,0,0,0,2026-05-25 04:24:24.533,2,2,0,2026-05-25 04:24:22.133,0,NULL,0,2026-05-25 04:26:11.440,2,2,0,2026-05-25 04:26:11.440,107,106,1,2026-05-25 04:29:35.337,204,203,1,2026-05-25 04:45:45.553,2026-05-25 04:45:45.553,0,NULL,2026-05-25 04:45:45.873,1283,1283,0,UNDEFINED
26-041044,2026-05-25 04:42:13.000,22,MON,25,4,C,NIGHT,LATE,POLICE,TRAFFIC STOP,2,Radio,"DOGAN, KYLAH","DOGAN, KYLAH",2026-05-25 04:42:13.000,2026-05-25 04:42:16.000,2026-05-25 04:42:13.000,0,0,0,2026-05-25 04:42:13.000,0,0,0,2026-05-25 04:42:13.000,0,0,0,2026-05-25 04:44:42.727,0,0,0,2026-05-25 04:42:13.000,0,0,0,2026-05-25 04:42:13.000,0,0,0,2026-05-25 04:58:19.310,2026-05-25 05:07:17.087,0,NULL,2026-05-25 05:07:17.167,1504,1504,0,CI-Citation
26-012701,2026-05-25 05:01:29.000,22,MON,25,5,C,NIGHT,LATE,EMS,PUBLIC SERVICE EMS,4,E-911,"PRIESTLY, SHAVAUGHN",Automatic Dispatch,2026-05-25 05:01:27.000,2026-05-25 05:02:51.000,2026-05-25 05:01:55.000,28,26,2,2026-05-25 05:01:58.083,3,3,0,2026-05-25 05:02:55.000,88,86,2,2026-05-25 05:04:24.250,31,31,0,2026-05-25 05:04:24.250,146,146,0,2026-05-25 05:09:00.177,276,275,1,2026-05-25 05:25:22.190,2026-05-25 05:25:22.190,0,NULL,2026-05-25 05:25:22.490,1435,1435,0,UNDEFINED
26-012702,2026-05-25 05:16:11.000,22,MON,25,5,C,NIGHT,LATE,EMS,INJURED PERSON BLS,3,E-911,"PRIESTLY, SHAVAUGHN",Automatic Dispatch,2026-05-25 05:16:11.000,2026-05-25 05:19:45.000,2026-05-25 05:16:59.000,48,48,0,2026-05-25 05:17:02.490,3,3,0,2026-05-25 05:19:10.000,179,179,0,2026-05-25 05:19:26.873,51,51,0,2026-05-25 05:19:26.873,144,144,0,2026-05-25 05:27:49.503,503,502,1,2026-05-25 07:09:23.993,2026-05-25 07:09:23.993,0,NULL,2026-05-25 07:09:24.113,6792,6792,0,UNDEFINED
26-041047,2026-05-25 05:38:50.000,22,MON,25,5,C,NIGHT,LATE,POLICE,OFF DUTY DETAIL,8,OFFICER,"ANDERSON, ALEX D",NULL,2026-05-25 05:38:50.000,2026-05-25 05:39:00.000,2026-05-25 05:38:50.000,0,1,-1,2026-05-25 05:38:50.000,0,0,0,2026-05-25 05:38:50.000,0,NULL,0,2026-05-25 05:38:50.000,0,0,0,2026-05-25 05:38:50.000,0,0,0,2026-05-25 05:38:50.000,0,0,0,2026-05-25 08:26:14.537,2026-05-25 08:26:14.537,0,NULL,2026-05-25 08:26:14.610,10044,10044,0,NR-No Report
26-041048,2026-05-25 05:48:33.000,22,MON,25,5,C,NIGHT,LATE,POLICE,DISORDERLY CONDUCT,2,Phone,"MACK, BRIANA","SMITH, SHAVAUGHN",2026-05-25 05:48:31.000,2026-05-25 05:50:40.000,2026-05-25 05:49:04.000,33,31,2,2026-05-25 05:50:45.223,101,101,0,2026-05-25 05:50:21.000,110,108,2,2026-05-25 05:50:46.927,134,134,0,2026-05-25 05:50:46.927,1,1,0,2026-05-25 05:53:03.903,137,136,1,2026-05-25 06:12:59.707,2026-05-25 06:15:35.443,0,NULL,2026-05-25 06:15:35.503,1624,1624,0,NR-No Report
26-041049,2026-05-25 05:56:08.000,22,MON,25,5,C,NIGHT,LATE,POLICE,MISSING PERSON IMMEDIATE,2,E-911,"MACK, BRIANA",NULL,2026-05-25 05:56:08.000,2026-05-25 06:03:20.217,2026-05-25 06:00:07.000,239,239,0,2026-05-25 06:02:44.783,157,157,0,2026-05-25 06:04:05.000,477,477,0,2026-05-25 06:02:45.170,396,396,0,2026-05-25 06:02:45.170,1,0,1,2026-05-25 06:02:46.770,1,1,0,2026-05-25 06:08:40.097,2026-05-25 08:43:33.237,0,NULL,2026-05-25 08:43:33.273,10045,10045,0,RE-Report
26-041051,2026-05-25 06:23:56.000,22,MON,25,6,A,DAY,EARLY,POLICE,MVC PROPERTY DAMAGE,2,E-911,"SMITH, TERESA","BONSU, VALERIE",2026-05-25 06:23:56.000,2026-05-25 06:33:54.000,2026-05-25 06:25:16.000,80,80,0,2026-05-25 06:34:11.393,535,535,0,2026-05-25 06:25:33.000,97,97,0,2026-05-25 06:37:21.527,615,615,0,2026-05-25 06:37:21.527,190,190,0,2026-05-25 07:19:25.070,2524,2523,1,2026-05-25 07:46:56.997,2026-05-25 07:46:56.997,0,NULL,2026-05-25 07:46:57.097,4980,4980,0,NR-No Report
26-041052,2026-05-25 06:28:38.000,22,MON,25,6,A,DAY,EARLY,POLICE,DISORDERLY CONDUCT,2,Phone,"JONES, DAESHA","BONSU, VALERIE",2026-05-25 06:28:38.000,2026-05-25 06:29:52.000,2026-05-25 06:29:35.000,57,57,0,2026-05-25 06:35:45.133,370,370,0,2026-05-25 06:31:13.000,155,155,0,2026-05-25 06:35:45.180,427,427,0,2026-05-25 06:35:45.180,0,0,0,2026-05-25 06:45:47.153,602,601,1,2026-05-25 06:53:39.407,2026-05-25 06:53:54.440,0,NULL,2026-05-25 06:53:54.513,1516,1516,0,NR-No Report
26-041053,2026-05-25 06:34:39.000,22,MON,25,6,A,DAY,EARLY,POLICE,HAZARD,2,E-911,"DEWBERRY, RE'KEYA","BONSU, VALERIE",2026-05-25 06:34:39.000,2026-05-25 06:37:23.000,2026-05-25 06:36:46.000,127,127,0,2026-05-25 06:52:01.637,915,915,0,2026-05-25 06:38:36.000,237,237,0,2026-05-25 06:52:01.697,1042,1042,0,2026-05-25 06:52:01.697,0,0,0,NULL,NULL,-9999,NULL,2026-05-25 06:52:42.283,2026-05-25 06:52:42.283,0,NULL,2026-05-25 06:52:42.497,1083,1083,0,NR-No Report
26-041054,2026-05-25 06:48:08.000,22,MON,25,6,A,DAY,EARLY,POLICE,FLAG DOWN,2,OFFICER,"LARNERD, GRANT",NULL,2026-05-25 06:48:08.000,NULL,2026-05-25 06:48:08.000,0,1,-1,2026-05-25 06:48:08.000,0,0,0,2026-05-25 06:48:08.000,0,NULL,0,2026-05-25 06:48:08.000,0,0,0,2026-05-25 06:48:08.000,0,0,0,2026-05-25 06:48:08.000,0,0,0,2026-05-25 06:48:37.627,2026-05-25 06:48:37.627,0,NULL,2026-05-25 06:48:37.700,29,29,0,NR-No Report
26-012703,2026-05-25 06:59:17.000,22,MON,25,6,A,DAY,EARLY,EMS,BLS EMERGENCY,3,Phone,"DEWBERRY, RE'KEYA",Automatic Dispatch,2026-05-25 06:59:15.000,2026-05-25 07:00:01.000,2026-05-25 06:59:39.000,24,22,2,2026-05-25 06:59:41.660,2,2,0,2026-05-25 07:01:16.000,121,119,2,2026-05-25 07:00:35.330,26,26,0,2026-05-25 07:00:35.330,54,53,1,2026-05-25 07:08:28.517,473,473,0,2026-05-25 08:03:08.360,2026-05-25 08:06:50.327,0,NULL,2026-05-25 08:06:50.750,4055,4055,0,UNDEFINED
26-041055,2026-05-25 07:13:08.000,22,MON,25,7,A,DAY,EARLY,POLICE,ASSIST CITIZEN PROMPT,3,E-911,"JONES, DAESHA","DEWBERRY, RE'KEYA",2026-05-25 07:13:08.000,2026-05-25 07:21:08.000,2026-05-25 07:16:18.000,190,190,0,2026-05-25 08:00:52.533,2674,2674,0,2026-05-25 07:21:03.000,475,475,0,2026-05-25 08:00:59.033,2864,2864,0,2026-05-25 08:00:59.033,7,6,1,2026-05-25 08:16:58.637,959,959,0,2026-05-25 08:48:19.230,2026-05-25 08:48:19.230,0,NULL,2026-05-25 08:48:19.297,5711,5711,0,NR-No Report
26-041056,2026-05-25 07:18:51.000,22,MON,25,7,A,DAY,EARLY,POLICE,PARKING COMPLAINT,4,Phone,"DEWBERRY, RE'KEYA","DEWBERRY, RE'KEYA",2026-05-25 07:18:49.000,2026-05-25 08:01:05.000,2026-05-25 07:19:17.000,28,26,2,2026-05-25 08:01:10.433,2513,2513,0,2026-05-25 07:21:13.000,144,142,2,2026-05-25 08:01:12.983,2541,2541,0,2026-05-25 08:01:12.983,2,2,0,2026-05-25 08:16:44.560,932,931,1,2026-05-25 08:18:08.893,2026-05-25 08:18:08.893,0,NULL,2026-05-25 08:18:09.067,3559,3559,0,NR-No Report
26-041057,2026-05-25 07:40:34.000,22,MON,25,7,A,DAY,EARLY,POLICE,POLICE INFORMATION,4,E-911,"JONES, DAESHA","BONSU, VALERIE",2026-05-25 07:40:34.000,2026-05-25 07:44:17.000,2026-05-25 07:44:08.000,214,214,0,2026-05-25 07:45:04.667,56,56,0,2026-05-25 07:50:17.000,583,583,0,2026-05-25 07:45:04.743,270,270,0,2026-05-25 07:45:04.743,0,0,0,2026-05-25 07:48:50.210,226,225,1,2026-05-25 15:46:47.293,2026-05-25 16:01:54.060,0,NULL,2026-05-25 16:01:54.217,30080,30080,0,RE-Report
26-012704,2026-05-25 07:56:12.000,22,MON,25,7,A,DAY,EARLY,EMS,CHEST PAIN ALS 1,1,E-911,"DEWBERRY, RE'KEYA",Automatic Dispatch,2026-05-25 07:56:12.000,2026-05-25 07:57:09.000,2026-05-25 07:56:57.000,45,45,0,2026-05-25 07:56:59.670,2,2,0,2026-05-25 07:59:02.000,170,170,0,2026-05-25 07:58:00.927,47,47,0,2026-05-25 07:58:00.927,61,61,0,2026-05-25 08:01:22.823,202,201,1,2026-05-25 08:22:19.337,2026-05-25 09:41:49.400,0,NULL,2026-05-25 09:41:49.457,6337,6337,0,UNDEFINED
26-041058,2026-05-25 07:56:35.000,22,MON,25,7,A,DAY,EARLY,POLICE,MENTAL HEALTH CASE,2,Phone,"SMITH, TERESA",NULL,2026-05-25 07:56:35.000,NULL,2026-05-25 07:57:13.000,38,38,0,2026-05-25 08:00:23.010,190,190,0,2026-05-25 08:00:46.000,251,251,0,2026-05-25 08:00:23.010,228,228,0,2026-05-25 08:00:23.010,0,0,0,2026-05-25 08:10:50.153,627,627,0,2026-05-25 09:19:30.380,2026-05-25 09:19:30.380,0,NULL,2026-05-25 09:19:30.433,4975,4975,0,NR-No Report
26-041059,2026-05-25 07:59:57.000,22,MON,25,7,A,DAY,EARLY,POLICE,DISORDERLY CONDUCT,2,Phone,"JONES, DAESHA","DEWBERRY, RE'KEYA",2026-05-25 07:59:56.000,2026-05-25 08:03:22.000,2026-05-25 08:03:17.000,201,200,1,2026-05-25 08:04:00.733,43,43,0,2026-05-25 08:03:17.000,201,NULL,201,2026-05-25 08:04:13.127,244,244,0,2026-05-25 08:04:13.127,13,12,1,NULL,NULL,-9999,NULL,2026-05-25 08:06:36.933,2026-05-25 08:06:41.233,0,NULL,2026-05-25 08:06:41.283,405,405,0,CN-Cancellation
26-041060,2026-05-25 08:04:32.000,22,MON,25,8,A,DAY,EARLY,POLICE,TRESPASSING IN PROG,2,Phone,"SMITH, TERESA","DEWBERRY, RE'KEYA",2026-05-25 08:04:32.000,2026-05-25 08:06:45.000,2026-05-25 08:04:47.000,15,15,0,2026-05-25 08:06:52.180,125,125,0,2026-05-25 08:06:38.000,126,126,0,2026-05-25 08:06:58.487,140,140,0,2026-05-25 08:06:58.487,6,6,0,2026-05-25 08:11:27.183,269,268,1,2026-05-25 09:24:47.847,2026-05-25 09:25:08.610,0,NULL,2026-05-25 09:25:08.683,4836,4836,0,NR-No Report
26-012705,2026-05-25 08:09:34.133,22,MON,25,8,A,DAY,EARLY,EMS,MUTUAL ALS,1,C2C,CAD to CAD Service 1,CAD to CAD Service 1,2026-05-25 08:04:08.000,NULL,2026-05-25 08:09:34.617,326,0,326,2026-05-25 08:09:34.853,0,0,0,NULL,NULL,NULL,NULL,2026-05-25 08:10:34.120,326,-9999,10325,2026-05-25 08:10:34.120,60,59,1,2026-05-25 08:15:52.250,318,318,0,2026-05-25 08:27:33.843,2026-05-25 10:53:55.770,0,NULL,2026-05-25 10:53:55.817,10187,10187,0,CAD2CAD
26-012706,2026-05-25 08:18:31.000,22,MON,25,8,A,DAY,EARLY,EMS,TROUBLE BREATHING ALS 1,1,E-911,"BONSU, VALERIE",Automatic Dispatch,2026-05-25 08:18:31.000,2026-05-25 08:19:44.000,2026-05-25 08:19:30.000,59,59,0,2026-05-25 08:19:32.893,2,2,0,2026-05-25 08:22:16.000,225,225,0,2026-05-25 08:20:03.807,61,61,0,2026-05-25 08:20:03.807,31,30,1,2026-05-25 08:21:42.020,99,98,1,2026-05-25 08:34:32.933,2026-05-25 08:36:36.157,0,NULL,2026-05-25 08:36:36.177,1085,1085,0,UNDEFINED
26-041063,2026-05-25 08:24:00.000,22,MON,25,8,A,DAY,EARLY,POLICE,TROUBLE UNKNOWN NO EMS,1,E-911,"BONSU, VALERIE","BONSU, VALERIE",2026-05-25 08:23:59.000,2026-05-25 08:39:44.000,2026-05-25 08:39:40.000,941,940,1,2026-05-25 08:39:56.407,16,16,0,2026-05-25 08:43:59.000,1200,1199,1,2026-05-25 08:39:58.690,957,957,0,2026-05-25 08:39:58.690,2,2,0,2026-05-25 08:42:50.820,172,172,0,2026-05-25 09:57:08.623,2026-05-25 18:35:32.203,0,NULL,2026-05-25 18:35:32.257,36693,36693,0,RE-Report
26-041062,2026-05-25 08:28:02.000,22,MON,25,8,A,DAY,EARLY,POLICE,LARCENY FROM AUTO DELAY,4,Phone,"SMITH, TERESA",NULL,2026-05-25 08:28:00.000,2026-05-25 08:31:38.000,2026-05-25 08:30:20.000,140,138,2,2026-05-25 08:36:45.910,385,385,0,2026-05-25 08:36:39.000,519,517,2,2026-05-25 08:36:48.927,525,525,0,2026-05-25 08:36:48.927,3,3,0,2026-05-25 09:50:34.223,4426,4425,1,2026-05-25 18:06:45.117,2026-05-25 18:06:45.117,0,NULL,2026-05-25 18:06:45.180,34725,34725,0,RE-Report
26-041061,2026-05-25 08:29:42.883,22,MON,25,8,A,DAY,EARLY,POLICE,MVC PROPERTY DAMAGE,2,Radio,"GOODWIN, SHEENA","DEWBERRY, RE'KEYA",2026-05-25 08:29:42.883,2026-05-25 08:30:00.000,2026-05-25 08:29:42.883,0,0,0,2026-05-25 08:30:08.983,26,26,0,2026-05-25 08:29:42.883,0,NULL,0,2026-05-25 08:33:26.910,26,26,0,2026-05-25 08:33:26.910,198,197,1,2026-05-25 08:37:50.060,264,263,1,2026-05-25 10:02:04.847,2026-05-25 11:32:39.440,0,NULL,2026-05-25 11:32:39.503,10977,10976,1,NR-No Report
26-012708,2026-05-25 08:39:19.000,22,MON,25,8,A,DAY,EARLY,FIRE,FIRE ALARM,3,E-911,"JONES, DAESHA",Automatic Dispatch,2026-05-25 08:39:19.000,2026-05-25 08:40:03.000,2026-05-25 08:39:58.000,39,39,0,2026-05-25 08:40:00.517,2,2,0,2026-05-25 08:43:03.000,224,224,0,2026-05-25 08:40:13.247,41,41,0,2026-05-25 08:40:13.247,13,12,1,2026-05-25 08:46:10.407,357,357,0,2026-05-25 08:56:32.873,2026-05-25 08:56:32.873,0,NULL,2026-05-25 08:56:32.987,1033,1033,0,UNDEFINED
26-041065,2026-05-25 08:52:41.000,22,MON,25,8,A,DAY,EARLY,POLICE,TROUBLE UNKNOWN NO EMS,3,E-911,"BONSU, VALERIE","DEWBERRY, RE'KEYA",2026-05-25 08:52:41.000,2026-05-25 08:58:48.000,2026-05-25 08:57:31.000,290,290,0,2026-05-25 09:02:32.133,301,301,0,2026-05-25 10:09:40.000,4619,4619,0,2026-05-25 09:02:37.473,591,591,0,2026-05-25 09:02:37.473,5,5,0,2026-05-25 09:08:16.810,339,339,0,2026-05-25 10:20:30.823,2026-05-25 10:20:30.917,0,NULL,2026-05-25 10:20:30.983,5269,5269,0,DUPPD-Duplicate Police
26-012709,2026-05-25 09:01:07.340,22,MON,25,9,A,DAY,EARLY,EMS,MUTUAL ALS,1,C2C,CAD to CAD Service 1,CAD to CAD Service 1,2026-05-25 08:59:15.000,NULL,2026-05-25 09:01:07.667,112,0,112,2026-05-25 09:01:07.777,0,0,0,NULL,NULL,NULL,NULL,2026-05-25 09:01:12.450,112,-9999,10111,2026-05-25 09:01:12.450,5,0,5,2026-05-25 09:03:50.180,158,157,1,2026-05-25 09:05:32.717,2026-05-25 09:06:07.113,0,NULL,2026-05-25 09:06:07.177,412,412,0,CAD2CAD
26-041067,2026-05-25 09:06:24.000,22,MON,25,9,A,DAY,EARLY,POLICE,TRAFFIC STOP,2,OFFICER,"ELAM, ERIK J",NULL,2026-05-25 09:06:24.000,2026-05-25 09:06:52.000,2026-05-25 09:06:24.000,0,1,-1,2026-05-25 09:06:24.000,0,0,0,2026-05-25 09:06:24.000,0,NULL,0,2026-05-25 09:06:24.000,0,0,0,2026-05-25 09:06:24.000,0,0,0,2026-05-25 09:06:24.000,0,0,0,2026-05-25 09:57:37.927,2026-05-25 16:01:35.810,0,NULL,2026-05-25 16:01:35.870,24911,24911,0,CI-Citation
26-012710,2026-05-25 09:18:32.000,22,MON,25,9,A,DAY,EARLY,FIRE,FIRE ALARM,3,E-911,"JONES, DAESHA",Automatic Dispatch,2026-05-25 09:18:32.000,2026-05-25 09:19:24.000,2026-05-25 09:19:15.000,43,43,0,2026-05-25 09:19:17.390,2,2,0,2026-05-25 09:23:25.000,293,293,0,2026-05-25 09:19:38.197,45,45,0,2026-05-25 09:19:38.197,21,20,1,2026-05-25 09:21:44.937,126,126,0,2026-05-25 10:09:59.717,2026-05-25 10:09:59.717,0,NULL,2026-05-25 10:09:59.990,3087,3087,0,UNDEFINED
26-012711,2026-05-25 09:18:55.000,22,MON,25,9,A,DAY,EARLY,EMS,PUBLIC SERVICE EMS,4,E-911,"BONSU, VALERIE",Automatic Dispatch,2026-05-25 09:18:55.000,2026-05-25 09:21:02.000,2026-05-25 09:19:26.000,31,31,0,2026-05-25 09:19:28.153,2,2,0,2026-05-25 09:20:17.000,82,82,0,2026-05-25 09:20:33.730,33,33,0,2026-05-25 09:20:33.730,65,65,0,2026-05-25 09:30:29.990,596,596,0,2026-05-25 09:39:39.637,2026-05-25 09:39:39.637,0,NULL,2026-05-25 09:39:39.837,1244,1244,0,UNDEFINED
26-012712,2026-05-25 09:41:02.070,22,MON,25,9,A,DAY,EARLY,EMS,MUTUAL ALS,1,C2C,CAD to CAD Service 1,CAD to CAD Service 1,2026-05-25 09:40:36.000,NULL,2026-05-25 09:41:02.413,26,0,26,2026-05-25 09:41:02.460,0,0,0,NULL,NULL,NULL,NULL,2026-05-25 09:41:57.423,26,326,-300,2026-05-25 09:41:57.423,55,54,1,2026-05-25 09:49:43.313,466,465,1,2026-05-25 10:00:35.570,2026-05-25 11:17:52.937,0,NULL,2026-05-25 11:17:53.020,5836,5836,0,UNDEFINED
26-041078,2026-05-25 09:41:52.000,22,MON,25,9,A,DAY,EARLY,POLICE,POLICE INFORMATION,4,Phone,"BONSU, VALERIE",NULL,2026-05-25 09:41:52.000,2026-05-25 10:20:51.000,2026-05-25 10:09:20.000,1648,1648,0,2026-05-25 10:58:18.140,2938,2938,0,2026-05-25 10:09:43.000,1671,1671,0,2026-05-25 10:58:26.923,4586,4586,0,2026-05-25 10:58:26.923,8,8,0,2026-05-25 11:34:26.987,2160,2160,0,NULL,2026-05-25 15:56:21.000,0,NULL,NULL,22469,22469,0,NR-No Report
26-041073,2026-05-25 09:43:40.000,22,MON,25,9,A,DAY,EARLY,POLICE,WALK IN HQ LOBBY,3,Phone,"JONES, DAESHA",NULL,2026-05-25 09:43:38.000,2026-05-25 09:51:46.000,2026-05-25 09:51:34.000,476,474,2,2026-05-25 09:54:15.727,161,161,0,2026-05-25 09:51:34.000,476,NULL,476,2026-05-25 09:54:15.790,637,637,0,2026-05-25 09:54:15.790,0,0,0,NULL,NULL,-9999,NULL,2026-05-25 18:06:31.667,2026-05-25 18:06:31.667,0,NULL,2026-05-25 18:06:31.727,30173,30173,0,RE-Report
26-041071,2026-05-25 09:44:09.000,22,MON,25,9,A,DAY,EARLY,POLICE,DISORDERLY CONDUCT,2,E-911,"JONES, DAESHA","DEWBERRY, RE'KEYA",2026-05-25 09:44:09.000,2026-05-25 09:45:10.000,2026-05-25 09:45:00.000,51,51,0,2026-05-25 09:45:33.700,33,33,0,2026-05-25 09:47:40.000,211,211,0,2026-05-25 09:45:52.377,84,84,0,2026-05-25 09:45:52.377,19,18,1,NULL,NULL,-9999,NULL,2026-05-25 09:48:41.203,2026-05-25 09:48:43.613,0,NULL,2026-05-25 09:48:43.677,274,274,0,CN-Cancellation
26-012713,2026-05-25 09:49:02.340,22,MON,25,9,A,DAY,EARLY,EMS,FACILITY BLS,3,E-911,"JONES, DAESHA",Automatic Dispatch,2026-05-25 09:49:02.340,2026-05-25 09:49:07.000,2026-05-25 09:49:02.340,0,1,-1,2026-05-25 09:49:04.997,2,2,0,2026-05-25 09:49:02.340,0,NULL,0,2026-05-25 09:49:22.573,2,2,0,2026-05-25 09:49:22.573,18,17,1,2026-05-25 09:52:19.273,177,176,1,2026-05-25 10:12:50.173,2026-05-25 11:47:15.927,0,NULL,2026-05-25 11:47:16.023,7093,7093,0,UNDEFINED
26-041072,2026-05-25 09:51:14.717,22,MON,25,9,A,DAY,EARLY,POLICE,DISORDERLY CONDUCT,2,Radio,"GOODWIN, SHEENA","DEWBERRY, RE'KEYA",2026-05-25 09:51:14.717,2026-05-25 09:51:20.000,2026-05-25 09:51:14.717,0,0,0,2026-05-25 09:51:27.670,13,12,1,2026-05-25 09:51:14.717,0,NULL,0,2026-05-25 09:51:39.507,13,12,1,2026-05-25 09:51:39.507,12,11,1,2026-05-25 09:56:53.177,314,313,1,2026-05-25 10:07:21.063,2026-05-25 10:07:28.217,0,NULL,2026-05-25 10:07:28.337,974,973,1,NR-No Report
26-041074,2026-05-25 09:55:03.000,22,MON,25,9,A,DAY,EARLY,POLICE,DIP - DRUNK/INTOX PERSON,2,Phone,"JONES, DAESHA","DEWBERRY, RE'KEYA",2026-05-25 09:55:03.000,2026-05-25 09:55:51.000,2026-05-25 09:55:46.000,43,43,0,2026-05-25 10:03:19.883,453,453,0,2026-05-25 09:57:44.000,161,161,0,2026-05-25 10:03:24.620,496,496,0,2026-05-25 10:03:24.620,5,4,1,2026-05-25 10:12:40.840,556,556,0,2026-05-25 10:19:06.007,2026-05-25 10:19:13.593,0,NULL,2026-05-25 10:19:13.613,1450,1450,0,NR-No Report
26-041075,2026-05-25 09:55:06.000,22,MON,25,9,A,DAY,EARLY,POLICE,MVC PROPERTY DAMAGE,2,E-911,"BONSU, VALERIE",NULL,2026-05-25 09:55:05.000,2026-05-25 09:56:31.000,2026-05-25 09:56:18.000,73,72,1,2026-05-25 09:56:35.980,17,17,0,2026-05-25 09:56:31.000,86,85,1,2026-05-25 09:56:39.127,90,90,0,2026-05-25 09:56:39.127,4,3,1,2026-05-25 10:00:18.450,219,219,0,2026-05-25 11:18:01.553,2026-05-25 11:18:01.553,0,NULL,2026-05-25 11:18:01.660,4976,4976,0,NR-No Report
26-041083,2026-05-25 10:14:28.000,22,MON,25,10,A,DAY,MIDS,POLICE,TRAFFIC STOP,2,OFFICER,"ESCOBAR, STEVEN R",NULL,2026-05-25 10:14:28.000,2026-05-25 10:14:41.000,2026-05-25 10:14:28.000,0,1,-1,2026-05-25 10:14:28.000,0,0,0,2026-05-25 10:14:28.000,0,NULL,0,2026-05-25 10:14:28.000,0,0,0,2026-05-25 10:14:28.000,0,0,0,2026-05-25 10:14:28.000,0,0,0,2026-05-25 10:20:46.393,2026-05-25 10:20:46.393,0,NULL,2026-05-25 10:20:46.613,378,378,0,NR-No Report
26-041086,2026-05-25 10:19:42.000,22,MON,25,10,A,DAY,MIDS,POLICE,DEST OF PROP VEH DELAY,4,Phone,"JONES, DAESHA",NULL,2026-05-25 10:19:40.000,2026-05-25 10:23:02.000,2026-05-25 10:22:56.000,196,194,2,2026-05-25 10:32:13.897,557,557,0,2026-05-25 10:27:05.000,445,443,2,2026-05-25 10:32:13.953,753,753,0,2026-05-25 10:32:13.953,0,0,0,2026-05-25 12:58:36.717,8783,8782,1,2026-05-25 18:06:55.580,2026-05-25 18:06:55.580,0,NULL,2026-05-25 18:06:55.697,28035,28035,0,RE-Report
26-012714,2026-05-25 10:23:59.000,22,MON,25,10,A,DAY,MIDS,EMS,BLS EMERGENCY,3,E-911,"DEWBERRY, RE'KEYA",Automatic Dispatch,2026-05-25 10:23:59.000,2026-05-25 10:36:38.000,2026-05-25 10:25:27.000,88,88,0,2026-05-25 10:25:29.623,2,2,0,2026-05-25 10:27:26.000,207,207,0,2026-05-25 10:25:47.323,90,90,0,2026-05-25 10:25:47.323,18,17,1,2026-05-25 10:35:50.110,603,602,1,2026-05-25 11:45:32.813,2026-05-25 11:45:32.813,0,NULL,2026-05-25 11:45:32.977,4893,4893,0,UNDEFINED
26-041087,2026-05-25 10:25:26.000,22,MON,25,10,A,DAY,MIDS,POLICE,DISORDERLY CONDUCT,2,E-911,"GOODWIN, SHEENA","BONSU, VALERIE",2026-05-25 10:25:26.000,2026-05-25 10:28:00.000,2026-05-25 10:26:24.000,58,58,0,2026-05-25 10:28:10.300,106,106,0,2026-05-25 10:26:24.000,58,NULL,58,2026-05-25 10:28:15.883,164,164,0,2026-05-25 10:28:15.883,5,5,0,2026-05-25 10:36:15.203,480,479,1,2026-05-25 10:42:58.307,2026-05-25 10:43:12.820,0,NULL,2026-05-25 10:43:12.880,1066,1066,0,NR-No Report
26-041088,2026-05-25 10:37:57.000,22,MON,25,10,A,DAY,MIDS,POLICE,MENTAL HEALTH CASE,2,Phone,"JONES, DAESHA","BONSU, VALERIE",2026-05-25 10:37:57.000,2026-05-25 10:39:15.000,2026-05-25 10:39:07.000,70,70,0,2026-05-25 10:42:50.000,223,223,0,2026-05-25 11:01:41.000,1424,1424,0,2026-05-25 10:42:54.087,293,293,0,2026-05-25 10:42:54.087,4,4,0,2026-05-25 10:55:44.217,770,770,0,2026-05-25 10:44:29.370,2026-05-25 11:42:06.397,0,NULL,2026-05-25 11:42:06.520,3849,3849,0,NR-No Report
26-012715,2026-05-25 10:47:07.000,22,MON,25,10,A,DAY,MIDS,EMS,UNKNOWN MEDICAL ALS 1,1,E-911,"GOODWIN, SHEENA","SMITH, TERESA",2026-05-25 10:47:07.000,2026-05-25 10:47:35.000,2026-05-25 10:47:07.000,0,NULL,0,2026-05-25 10:47:09.787,2,2,0,2026-05-25 10:47:07.000,0,0,0,2026-05-25 10:48:45.577,2,2,0,2026-05-25 10:48:45.577,96,22,74,NULL,NULL,-9999,NULL,2026-05-25 10:48:18.990,2026-05-25 10:50:54.667,0,NULL,2026-05-25 10:50:54.957,227,227,0,UNDEFINED
26-012716,2026-05-25 10:57:20.000,22,MON,25,10,A,DAY,MIDS,EMS,FALL BLS,3,Phone,"DEWBERRY, RE'KEYA",Automatic Dispatch,2026-05-25 10:57:18.000,2026-05-25 10:58:56.000,2026-05-25 10:58:11.000,53,51,2,2026-05-25 10:58:13.907,2,2,0,2026-05-25 10:59:27.000,129,127,2,2026-05-25 11:00:15.863,55,55,0,2026-05-25 11:00:15.863,122,121,1,2026-05-25 11:07:11.873,416,416,0,2026-05-25 11:19:53.973,2026-05-25 11:19:53.973,0,NULL,2026-05-25 11:19:54.003,1355,1355,0,CAD2CAD
26-012717,2026-05-25 11:00:32.000,22,MON,25,11,A,DAY,MIDS,EMS,TROUBLE BREATHING ALS 1,1,E-911,"ANDERSON, MARILYN",Automatic Dispatch,2026-05-25 11:00:32.000,2026-05-25 11:04:09.000,2026-05-25 11:01:35.000,63,63,0,2026-05-25 11:01:38.207,3,3,0,2026-05-25 11:03:14.000,162,162,0,2026-05-25 11:02:45.113,66,66,0,2026-05-25 11:02:45.113,67,66,1,2026-05-25 11:06:38.257,233,233,0,2026-05-25 12:01:41.787,2026-05-25 12:18:21.687,0,NULL,2026-05-25 12:18:21.763,4669,4669,0,UNDEFINED
26-012719,2026-05-25 11:07:15.000,22,MON,25,11,A,DAY,MIDS,EMS,FALL BLS,3,Phone,"DEWBERRY, RE'KEYA",Automatic Dispatch,2026-05-25 11:07:12.000,2026-05-25 11:09:44.000,2026-05-25 11:08:25.000,73,70,3,2026-05-25 11:08:28.057,3,3,0,2026-05-25 11:10:05.000,173,170,3,2026-05-25 11:09:01.667,76,76,0,2026-05-25 11:09:01.667,33,33,0,2026-05-25 11:13:56.290,295,294,1,2026-05-25 11:54:49.053,2026-05-25 12:05:23.923,0,NULL,2026-05-25 12:05:24.080,3491,3491,0,CAD2CAD
26-012718,2026-05-25 11:07:31.000,22,MON,25,11,A,DAY,MIDS,FIRE,PUBLIC SERVICE FIRE,4,Phone,"GOODWIN, SHEENA",Automatic Dispatch,2026-05-25 11:07:29.000,2026-05-25 11:09:02.000,2026-05-25 11:08:01.000,32,30,2,2026-05-25 11:08:03.350,2,2,0,2026-05-25 11:11:33.000,244,242,2,2026-05-25 11:09:12.107,34,34,0,2026-05-25 11:09:12.107,69,68,1,2026-05-25 11:23:28.330,856,856,0,2026-05-25 11:33:19.880,2026-05-25 11:33:19.880,0,NULL,2026-05-25 11:33:20.150,1550,1550,0,UNDEFINED
26-012720,2026-05-25 11:09:39.000,22,MON,25,11,A,DAY,MIDS,EMS,BLS EMERGENCY,3,E-911,"ANDERSON, MARILYN",Automatic Dispatch,2026-05-25 11:09:38.000,2026-05-25 11:11:25.000,2026-05-25 11:10:35.000,57,56,1,2026-05-25 11:10:37.353,2,2,0,2026-05-25 11:12:56.000,198,197,1,2026-05-25 11:11:50.850,59,59,0,2026-05-25 11:11:50.850,73,73,0,2026-05-25 11:19:08.223,438,437,1,2026-05-25 12:44:01.437,2026-05-25 13:15:33.440,0,NULL,2026-05-25 13:15:33.493,7555,7555,0,UNDEFINED
26-041093,2026-05-25 11:15:17.000,22,MON,25,11,A,DAY,MIDS,POLICE,SHOPLIFTING IN PROG,2,Phone,"GOODWIN, SHEENA",NULL,2026-05-25 11:15:16.000,2026-05-25 11:17:33.000,2026-05-25 11:15:41.000,25,24,1,2026-05-25 11:17:42.237,121,121,0,2026-05-25 11:21:56.000,400,399,1,2026-05-25 11:17:42.287,146,146,0,2026-05-25 11:17:42.287,0,0,0,NULL,NULL,-9999,NULL,2026-05-25 12:05:29.493,2026-05-25 16:49:08.510,0,NULL,2026-05-25 16:49:08.557,20032,20032,0,RE-Report
26-012721,2026-05-25 11:23:28.000,22,MON,25,11,A,DAY,MIDS,FIRE,FIRE ALARM,3,E-911,"CRUZ, STEPHANIE",Automatic Dispatch,2026-05-25 11:23:28.000,2026-05-25 11:24:51.000,2026-05-25 11:24:09.000,41,41,0,2026-05-25 11:24:11.507,2,2,0,2026-05-25 11:26:25.000,177,177,0,2026-05-25 11:25:18.960,43,43,0,2026-05-25 11:25:18.960,67,67,0,2026-05-25 11:27:37.923,139,138,1,2026-05-25 11:41:15.487,2026-05-25 11:41:15.487,0,NULL,2026-05-25 11:41:15.790,1067,1067,0,UNDEFINED
26-041094,2026-05-25 11:28:30.000,22,MON,25,11,A,DAY,MIDS,POLICE,ALARM COMMERCIAL,2,Phone,"ANDERSON, MARILYN","BONSU, VALERIE",2026-05-25 11:28:28.000,2026-05-25 11:33:54.000,2026-05-25 11:28:52.000,24,22,2,2026-05-25 11:33:51.103,299,299,0,2026-05-25 11:30:47.000,139,137,2,2026-05-25 11:33:54.067,323,323,0,2026-05-25 11:33:54.067,3,2,1,2026-05-25 11:38:17.273,263,263,0,2026-05-25 12:22:21.253,2026-05-25 12:22:43.233,0,NULL,2026-05-25 12:22:43.333,3255,3255,0,NR-No Report
26-012722,2026-05-25 11:31:45.093,22,MON,25,11,A,DAY,MIDS,FIRE,MUTUAL FIRE ALARM,1,C2C,CAD to CAD Service 1,CAD to CAD Service 1,2026-05-25 11:30:43.000,NULL,2026-05-25 11:31:45.470,62,0,62,2026-05-25 11:31:45.517,0,0,0,NULL,NULL,NULL,NULL,2026-05-25 11:32:00.050,62,77,-15,2026-05-25 11:32:00.050,15,0,15,2026-05-25 11:36:14.993,254,254,0,2026-05-25 11:38:49.463,2026-05-25 11:44:40.913,0,NULL,2026-05-25 11:44:40.943,837,837,0,CAD2CAD
26-041096,2026-05-25 11:34:52.000,22,MON,25,11,A,DAY,MIDS,POLICE,PROPERTY FOUND,4,Phone,"ANDERSON, MARILYN","BONSU, VALERIE",2026-05-25 11:34:50.000,2026-05-25 11:45:12.000,2026-05-25 11:35:12.000,22,20,2,2026-05-25 15:36:00.300,14448,14448,0,2026-05-25 11:35:45.000,55,53,2,2026-05-25 15:36:05.797,14470,14470,0,2026-05-25 15:36:05.797,5,5,0,NULL,NULL,-9999,NULL,2026-05-25 15:40:40.060,2026-05-25 15:40:40.060,0,NULL,2026-05-25 15:40:40.227,14750,14750,0,NR-No Report
26-012723,2026-05-25 11:36:25.000,22,MON,25,11,A,DAY,MIDS,FIRE,FIRE ALARM,3,E-911,"DEWBERRY, RE'KEYA",Automatic Dispatch,2026-05-25 11:36:25.000,2026-05-25 11:38:31.000,2026-05-25 11:37:10.000,45,45,0,2026-05-25 11:37:12.687,2,2,0,2026-05-25 11:38:53.000,148,148,0,2026-05-25 11:38:00.253,47,47,0,2026-05-25 11:38:00.253,48,47,1,2026-05-25 11:41:12.430,192,192,0,2026-05-25 11:47:29.223,2026-05-25 11:47:29.223,0,NULL,2026-05-25 11:47:29.367,664,664,0,UNDEFINED
26-041099,2026-05-25 11:39:50.000,22,MON,25,11,A,DAY,MIDS,POLICE,SUSPICIOUS EVENT,2,Phone,"GOODWIN, SHEENA","DEWBERRY, RE'KEYA",2026-05-25 11:39:48.000,2026-05-25 11:43:22.000,2026-05-25 11:41:35.000,107,105,2,2026-05-25 13:15:02.467,5607,5607,0,2026-05-25 11:44:57.000,309,307,2,2026-05-25 13:15:06.957,5714,5714,0,2026-05-25 13:15:06.957,4,4,0,2026-05-25 13:20:58.920,352,351,1,2026-05-25 13:38:25.393,2026-05-25 13:45:54.477,0,NULL,2026-05-25 13:45:54.577,7566,7566,0,NR-No Report
26-012724,2026-05-25 11:45:05.000,22,MON,25,11,A,DAY,MIDS,FIRE,CO ALARM,2,E-911,"ANDERSON, MARILYN",Automatic Dispatch,2026-05-25 11:45:03.000,2026-05-25 11:47:32.000,2026-05-25 11:45:20.000,17,15,2,2026-05-25 11:45:22.503,2,2,0,2026-05-25 11:47:19.000,136,134,2,2026-05-25 11:46:31.697,19,19,0,2026-05-25 11:46:31.697,69,69,0,2026-05-25 11:49:47.087,196,195,1,2026-05-25 11:56:20.617,2026-05-25 11:56:20.617,0,NULL,2026-05-25 11:56:20.957,677,677,0,UNDEFINED
26-012725,2026-05-25 12:01:13.000,22,MON,25,12,A,DAY,MIDS,FIRE,FIRE ALARM,3,Phone,"GOODWIN, SHEENA",Automatic Dispatch,2026-05-25 12:01:12.000,2026-05-25 12:04:19.000,2026-05-25 12:01:40.000,28,27,1,2026-05-25 12:01:43.453,3,3,0,2026-05-25 12:03:33.000,141,140,1,2026-05-25 12:02:59.173,31,31,0,2026-05-25 12:02:59.173,76,75,1,2026-05-25 12:06:38.237,219,219,0,2026-05-25 12:45:09.593,2026-05-25 12:45:09.593,0,NULL,2026-05-25 12:45:09.737,2637,2637,0,UNDEFINED
26-041102,2026-05-25 12:03:00.000,22,MON,25,12,A,DAY,MIDS,POLICE,MVC HIT/RUN NO INJ DELAY,4,Phone,"BONSU, VALERIE","DEWBERRY, RE'KEYA",2026-05-25 12:02:58.000,2026-05-25 12:36:44.000,2026-05-25 12:17:04.000,846,844,2,2026-05-25 16:23:35.020,14791,14791,0,2026-05-25 12:17:06.000,848,846,2,NULL,15637,15637,0,NULL,NULL,-9999,NULL,NULL,NULL,-9999,NULL,NULL,2026-05-25 16:24:15.000,0,NULL,NULL,15677,15677,0,CN-Cancellation
26-012726,2026-05-25 12:09:17.000,22,MON,25,12,A,DAY,MIDS,EMS,UNKNOWN MEDICAL ALS 1,1,Phone,"GOODWIN, SHEENA","SMITH, TERESA",2026-05-25 12:09:16.000,2026-05-25 12:11:09.000,2026-05-25 12:10:39.000,83,82,1,2026-05-25 12:10:41.457,2,2,0,2026-05-25 12:17:14.000,478,477,1,2026-05-25 12:11:48.663,85,85,0,2026-05-25 12:11:48.663,67,67,0,2026-05-25 12:15:17.460,209,208,1,2026-05-25 12:13:38.193,2026-05-25 13:07:51.847,0,NULL,2026-05-25 13:07:51.913,3515,3515,0,UNDEFINED
26-041105,2026-05-25 12:17:43.000,22,MON,25,12,A,DAY,MIDS,POLICE,POLICE INFORMATION,4,Phone,"JONES, DAESHA",NULL,2026-05-25 12:17:41.000,2026-05-25 12:22:05.000,2026-05-25 12:21:24.000,223,221,2,2026-05-25 12:23:09.613,105,105,0,2026-05-25 12:22:00.000,259,257,2,2026-05-25 12:23:12.417,328,328,0,2026-05-25 12:23:12.417,3,2,1,2026-05-25 12:31:35.100,503,502,1,2026-05-25 16:28:27.227,2026-05-25 16:28:27.227,0,NULL,2026-05-25 16:28:27.313,15046,15046,0,RE-Report
26-041104,2026-05-25 12:20:05.000,22,MON,25,12,A,DAY,MIDS,POLICE,TROUBLE UNKNOWN NO EMS,2,Phone,"GOODWIN, SHEENA","DEWBERRY, RE'KEYA",2026-05-25 12:20:03.000,2026-05-25 12:21:19.000,2026-05-25 12:20:25.000,22,20,2,2026-05-25 12:22:03.373,98,98,0,2026-05-25 12:22:00.000,117,115,2,2026-05-25 12:22:03.450,120,120,0,2026-05-25 12:22:03.450,0,0,0,2026-05-25 12:31:18.163,555,554,1,2026-05-25 13:09:37.837,2026-05-25 13:10:24.423,0,NULL,2026-05-25 13:10:24.563,3021,3021,0,NR-No Report
26-041106,2026-05-25 12:20:33.000,22,MON,25,12,A,DAY,MIDS,POLICE,DOMESTIC VIOL NO INJ,2,E-911,"ANDERSON, MARILYN",NULL,2026-05-25 12:20:33.000,2026-05-25 12:21:54.000,2026-05-25 12:21:31.000,58,58,0,2026-05-25 12:33:11.327,700,700,0,2026-05-25 12:23:29.000,176,176,0,2026-05-25 12:33:11.390,758,758,0,2026-05-25 12:33:11.390,0,0,0,2026-05-25 12:37:07.970,236,236,0,2026-05-25 12:44:17.280,2026-05-25 12:48:17.747,0,NULL,2026-05-25 12:48:17.757,1664,1664,0,NR-No Report
26-012727,2026-05-25 12:22:24.000,22,MON,25,12,A,DAY,MIDS,FIRE,FIRE ALARM,3,Phone,"GOODWIN, SHEENA",Automatic Dispatch,2026-05-25 12:22:22.000,2026-05-25 12:24:12.000,2026-05-25 12:22:40.000,18,16,2,2026-05-25 12:22:42.970,2,2,0,2026-05-25 12:25:03.000,161,159,2,2026-05-25 12:23:49.530,20,20,0,2026-05-25 12:23:49.530,67,66,1,2026-05-25 12:25:50.217,121,120,1,2026-05-25 12:31:46.293,2026-05-25 12:31:46.293,0,NULL,2026-05-25 12:31:46.383,564,564,0,UNDEFINED
26-012728,2026-05-25 12:45:31.000,22,MON,25,12,A,DAY,MIDS,EMS,CHEST PAIN ALS 1,1,E-911,"JONES, DAESHA",Automatic Dispatch,2026-05-25 12:45:31.000,2026-05-25 12:50:31.000,2026-05-25 12:50:25.000,294,294,0,2026-05-25 12:50:27.843,2,2,0,2026-05-25 12:57:53.000,742,742,0,2026-05-25 12:51:23.370,296,296,0,2026-05-25 12:51:23.370,56,55,1,2026-05-25 12:55:06.547,223,223,0,2026-05-25 13:04:44.620,2026-05-25 14:00:34.570,0,NULL,2026-05-25 14:00:34.600,4503,4503,0,CAD2CAD
26-041110,2026-05-25 12:47:45.000,22,MON,25,12,A,DAY,MIDS,POLICE,SUSPICIOUS EVENT,2,Phone,"GOODWIN, SHEENA","DEWBERRY, RE'KEYA",2026-05-25 12:47:44.000,2026-05-25 12:48:52.000,2026-05-25 12:48:26.000,42,41,1,2026-05-25 12:51:24.493,178,178,0,2026-05-25 12:50:08.000,144,143,1,2026-05-25 12:51:34.393,220,220,0,2026-05-25 12:51:34.393,10,9,1,2026-05-25 12:53:07.600,93,93,0,2026-05-25 12:51:48.850,2026-05-25 12:58:31.360,0,NULL,2026-05-25 12:58:31.543,647,647,0,NR-No Report
26-041113,2026-05-25 12:58:44.000,22,MON,25,12,A,DAY,MIDS,POLICE,DISORDERLY CONDUCT,2,Phone,"JONES, DAESHA",NULL,2026-05-25 12:58:42.000,2026-05-25 13:01:06.000,2026-05-25 13:00:38.000,116,114,2,2026-05-25 13:03:52.890,194,194,0,2026-05-25 13:02:15.000,213,211,2,2026-05-25 13:03:52.953,310,310,0,2026-05-25 13:03:52.953,0,0,0,2026-05-25 13:09:41.643,349,348,1,2026-05-25 14:15:42.597,2026-05-25 14:15:42.513,0,NULL,2026-05-25 14:15:42.513,4620,4620,0,NR-No Report
26-041120,2026-05-25 13:24:59.000,22,MON,25,13,A,DAY,MIDS,POLICE,POLICE INFORMATION,4,E-911,"ANDERSON, MARILYN","DEWBERRY, RE'KEYA",2026-05-25 13:24:58.000,2026-05-25 13:26:12.000,2026-05-25 13:26:04.000,66,65,1,2026-05-25 13:26:42.717,38,38,0,2026-05-25 13:30:24.000,326,325,1,2026-05-25 13:26:50.183,104,104,0,2026-05-25 13:26:50.183,8,7,1,2026-05-25 13:30:42.923,232,232,0,2026-05-25 14:03:48.157,2026-05-25 14:52:18.147,0,NULL,2026-05-25 14:52:18.243,5240,5240,0,RE-Report
26-012730,2026-05-25 13:26:05.000,22,MON,25,13,A,DAY,MIDS,EMS,UNKNOWN MEDICAL ALS 1,1,NOT CAPTURED,"ANDERSON, MARILYN",Automatic Dispatch,2026-05-25 13:26:05.000,2026-05-25 13:31:01.000,2026-05-25 13:26:05.000,0,NULL,0,2026-05-25 13:26:08.193,3,3,0,2026-05-25 13:26:05.000,0,0,0,2026-05-25 13:26:46.790,3,3,0,2026-05-25 13:26:46.790,38,38,0,2026-05-25 13:30:30.080,224,223,1,2026-05-25 13:32:03.893,2026-05-25 13:38:35.173,0,NULL,2026-05-25 13:38:35.350,750,750,0,UNDEFINED
26-041121,2026-05-25 13:30:06.000,22,MON,25,13,A,DAY,MIDS,POLICE,DOMESTIC VIOL NO INJ,2,E-911,"JONES, DAESHA",NULL,2026-05-25 13:30:05.000,2026-05-25 13:32:48.000,2026-05-25 13:32:36.000,151,150,1,2026-05-25 13:32:58.097,22,22,0,2026-05-25 13:49:27.000,1162,1161,1,2026-05-25 13:33:05.530,173,173,0,2026-05-25 13:33:05.530,7,7,0,2026-05-25 13:56:39.673,1414,1414,0,2026-05-25 15:21:21.537,2026-05-25 22:36:24.283,0,NULL,2026-05-25 22:36:24.353,32779,32779,0,RE-Report
26-041122,2026-05-25 13:34:20.000,22,MON,25,13,A,DAY,MIDS,POLICE,DOMESTIC VIOL NO INJ,2,Phone,"ANDERSON, MARILYN","DEWBERRY, RE'KEYA",2026-05-25 13:34:19.000,2026-05-25 13:35:50.000,2026-05-25 13:35:04.000,45,44,1,2026-05-25 13:38:27.420,203,203,0,2026-05-25 13:36:42.000,143,142,1,2026-05-25 13:38:27.483,248,248,0,2026-05-25 13:38:27.483,0,0,0,2026-05-25 13:51:27.617,780,780,0,2026-05-25 14:15:23.780,2026-05-25 14:25:54.757,0,NULL,2026-05-25 14:25:54.783,3095,3095,0,NR-No Report
26-012731,2026-05-25 13:34:37.000,22,MON,25,13,A,DAY,MIDS,FIRE,FIRE ALARM,3,Phone,"BONSU, VALERIE",Automatic Dispatch,2026-05-25 13:34:37.000,2026-05-25 13:36:14.000,2026-05-25 13:35:37.000,60,60,0,2026-05-25 13:35:39.093,2,2,0,2026-05-25 13:36:14.000,97,97,0,2026-05-25 13:36:29.290,62,62,0,2026-05-25 13:36:29.290,50,50,0,NULL,NULL,-9999,NULL,2026-05-25 13:43:26.737,2026-05-25 13:43:26.737,0,NULL,2026-05-25 13:43:26.873,529,529,0,UNDEFINED
26-041123,2026-05-25 13:36:20.000,22,MON,25,13,A,DAY,MIDS,POLICE,WALK IN HQ LOBBY,2,E-911,"BONSU, VALERIE","DEWBERRY, RE'KEYA",2026-05-25 13:36:18.000,2026-05-25 13:37:51.000,2026-05-25 13:37:47.000,89,87,2,2026-05-25 13:47:54.460,607,607,0,2026-05-25 13:37:47.000,89,NULL,89,2026-05-25 13:47:57.220,696,696,0,2026-05-25 13:47:57.220,3,2,1,NULL,NULL,-9999,NULL,2026-05-25 14:42:17.140,2026-05-25 16:26:49.900,0,NULL,2026-05-25 16:26:49.990,10231,10231,0,RE-Report
26-012732,2026-05-25 13:37:48.000,22,MON,25,13,A,DAY,MIDS,EMS,ASSAULT ALS 1,3,E-911,"BONSU, VALERIE","SMITH, TERESA",2026-05-25 13:37:48.000,2026-05-25 13:38:15.000,2026-05-25 13:37:48.000,0,NULL,0,2026-05-25 13:37:50.203,2,2,0,2026-05-25 13:37:48.000,0,0,0,2026-05-25 13:38:54.703,2,2,0,2026-05-25 13:38:54.703,64,64,0,2026-05-25 13:42:07.623,193,192,1,2026-05-25 13:39:58.610,2026-05-25 14:01:59.600,0,NULL,2026-05-25 14:01:59.687,1451,1451,0,UNDEFINED
26-041125,2026-05-25 13:44:03.000,22,MON,25,13,A,DAY,MIDS,POLICE,ASSAULT NO INJURY IN PROG,2,E-911,"ANDERSON, MARILYN",NULL,2026-05-25 13:44:02.000,2026-05-25 13:45:35.000,2026-05-25 13:44:34.000,32,31,1,2026-05-25 13:46:04.133,90,90,0,2026-05-25 13:46:15.000,133,132,1,2026-05-25 13:46:04.210,122,122,0,2026-05-25 13:46:04.210,0,0,0,2026-05-25 13:55:40.937,576,576,0,2026-05-25 14:16:27.190,2026-05-25 18:06:17.533,0,NULL,2026-05-25 18:06:17.697,15735,15735,0,RE-Report
26-041126,2026-05-25 13:44:25.000,22,MON,25,13,A,DAY,MIDS,POLICE,MVC PROPERTY DAMAGE,2,E-911,"BONSU, VALERIE",NULL,2026-05-25 13:44:25.000,2026-05-25 13:46:16.000,2026-05-25 13:45:42.000,77,77,0,2026-05-25 14:16:29.137,1847,1847,0,2026-05-25 14:01:48.000,1043,1043,0,2026-05-25 14:16:29.137,1924,1924,0,2026-05-25 14:16:29.137,0,-9999,9999,2026-05-25 14:16:45.483,16,16,0,2026-05-25 14:16:45.460,2026-05-25 14:16:45.460,0,NULL,2026-05-25 14:16:45.700,1940,1940,0,NR-No Report
26-012733,2026-05-25 13:45:59.320,22,MON,25,13,A,DAY,MIDS,FIRE,MUTUAL AID,1,C2C,CAD to CAD Service 1,CAD to CAD Service 1,2026-05-25 13:45:33.647,NULL,2026-05-25 13:45:59.773,26,0,26,2026-05-25 13:45:59.850,0,0,0,NULL,NULL,NULL,NULL,2026-05-25 13:46:25.447,26,-9999,10025,2026-05-25 13:46:25.447,26,25,1,2026-05-25 13:56:34.680,609,609,0,2026-05-25 14:02:00.420,2026-05-25 14:02:00.420,0,NULL,2026-05-25 14:02:00.563,987,986,1,UNDEFINED
26-012734,2026-05-25 13:49:35.250,22,MON,25,13,A,DAY,MIDS,EMS,MUTUAL ALS,1,C2C,CAD to CAD Service 1,CAD to CAD Service 1,2026-05-25 13:49:11.000,NULL,2026-05-25 13:49:35.970,24,0,24,2026-05-25 13:49:36.033,1,0,1,NULL,NULL,NULL,NULL,2026-05-25 13:50:23.853,25,-9999,10024,2026-05-25 13:50:23.853,47,37,10,2026-05-25 13:56:24.063,361,360,1,2026-05-25 13:57:53.737,2026-05-25 16:01:13.973,0,NULL,2026-05-25 16:01:14.023,7922,7922,0,CAD2CAD
26-041127,2026-05-25 13:50:55.000,22,MON,25,13,A,DAY,MIDS,POLICE,GLA DELAY,4,Phone,"ANDERSON, MARILYN",NULL,2026-05-25 13:50:53.000,2026-05-25 13:58:45.000,2026-05-25 13:52:09.000,76,74,2,2026-05-25 16:25:57.103,9228,9228,0,2026-05-25 13:57:27.000,394,392,2,2026-05-25 16:26:06.633,9304,9304,0,2026-05-25 16:26:06.633,9,9,0,2026-05-25 16:46:46.400,1240,1239,1,2026-05-25 22:46:02.637,2026-05-25 22:46:02.637,0,NULL,2026-05-25 22:46:02.707,32109,32109,0,RE-Report
26-012735,2026-05-25 14:01:19.000,22,MON,25,14,A,DAY,LATE,FIRE,FIRE ALARM,3,E-911,"JONES, DAESHA",Automatic Dispatch,2026-05-25 14:01:17.000,2026-05-25 14:03:33.000,2026-05-25 14:02:44.000,87,85,2,2026-05-25 14:02:47.063,3,3,0,2026-05-25 14:03:58.000,161,159,2,2026-05-25 14:03:54.890,90,90,0,2026-05-25 14:03:54.890,67,67,0,2026-05-25 14:07:45.280,231,230,1,2026-05-25 14:27:18.610,2026-05-25 14:27:18.610,0,NULL,2026-05-25 14:27:18.787,1561,1561,0,UNDEFINED
26-041133,2026-05-25 14:12:28.000,22,MON,25,14,A,DAY,LATE,POLICE,ASSIST CITIZEN DELAY,4,Phone,"BONSU, VALERIE","BONSU, VALERIE",2026-05-25 14:12:28.000,NULL,2026-05-25 14:17:54.000,326,326,0,2026-05-25 15:13:10.373,3316,3316,0,2026-05-25 14:18:31.000,363,363,0,2026-05-25 15:13:10.430,3642,3642,0,2026-05-25 15:13:10.430,0,0,0,NULL,NULL,-9999,NULL,2026-05-25 15:13:42.500,2026-05-25 15:13:42.500,0,NULL,2026-05-25 15:13:42.560,3674,3674,0,NR-No Report
26-041132,2026-05-25 14:17:02.000,22,MON,25,14,A,DAY,LATE,POLICE,ASSAULT NO INJURY DELAY,4,Phone,"DEWBERRY, RE'KEYA",NULL,2026-05-25 14:17:00.000,2026-05-25 15:31:38.000,2026-05-25 14:17:43.000,43,41,2,2026-05-25 15:36:45.593,4742,4742,0,2026-05-25 14:20:49.000,229,227,2,2026-05-25 15:36:56.183,4785,4785,0,2026-05-25 15:36:56.183,11,10,1,2026-05-25 16:00:53.230,1437,1437,0,2026-05-25 17:13:36.423,2026-05-25 17:13:36.423,0,NULL,2026-05-25 17:13:36.493,10596,10596,0,NR-No Report
26-041134,2026-05-25 14:26:39.000,22,MON,25,14,A,DAY,LATE,POLICE,SUSPICIOUS EVENT,2,Phone,"JONES, DAESHA","BONSU, VALERIE",2026-05-25 14:26:38.000,NULL,2026-05-25 14:27:38.000,60,59,1,2026-05-25 14:35:19.787,461,461,0,2026-05-25 14:29:22.000,164,163,1,2026-05-25 14:35:19.840,521,521,0,2026-05-25 14:35:19.840,0,0,0,2026-05-25 14:46:18.683,659,658,1,2026-05-25 14:50:58.797,2026-05-25 14:50:58.797,0,NULL,2026-05-25 14:50:58.883,1460,1460,0,NR-No Report
26-012736,2026-05-25 14:31:04.000,22,MON,25,14,A,DAY,LATE,FIRE,INVESTIGATION,3,Phone,"JONES, DAESHA",Automatic Dispatch,2026-05-25 14:31:02.000,2026-05-25 14:31:42.000,2026-05-25 14:31:29.000,27,25,2,2026-05-25 14:31:31.343,2,2,0,2026-05-25 14:32:20.000,78,76,2,2026-05-25 14:32:34.493,29,29,0,2026-05-25 14:32:34.493,63,63,0,2026-05-25 14:40:02.993,448,448,0,2026-05-25 14:42:55.693,2026-05-25 14:42:55.693,0,NULL,2026-05-25 14:42:55.783,713,713,0,UNDEFINED
26-041135,2026-05-25 14:36:54.000,22,MON,25,14,A,DAY,LATE,POLICE,FALSE PRETENSE/SWINDLE DELAY,4,Phone,"JONES, DAESHA",NULL,2026-05-25 14:36:52.000,2026-05-25 15:16:19.000,2026-05-25 14:38:59.000,127,125,2,2026-05-25 15:21:14.737,2535,2535,0,2026-05-25 14:38:59.000,127,NULL,127,2026-05-25 15:21:58.240,2662,2662,0,2026-05-25 15:21:58.240,44,5,39,NULL,NULL,-9999,NULL,2026-05-25 23:53:37.517,2026-05-25 23:53:37.517,0,NULL,2026-05-25 23:53:37.597,33405,33405,0,RE-Report
26-041136,2026-05-25 14:41:25.000,22,MON,25,14,A,DAY,LATE,POLICE,SUSPICIOUS EVENT,2,Phone,"SMITH, TERESA","BONSU, VALERIE",2026-05-25 14:41:23.000,2026-05-25 14:59:21.000,2026-05-25 14:43:43.000,140,138,2,2026-05-25 14:53:45.387,602,602,0,2026-05-25 14:44:22.000,179,177,2,2026-05-25 14:53:45.437,742,742,0,2026-05-25 14:53:45.437,0,0,0,2026-05-25 14:54:00.197,15,14,1,2026-05-25 15:08:48.673,2026-05-25 15:08:48.673,0,NULL,2026-05-25 15:08:48.720,1645,1645,0,NR-No Report
26-012737,2026-05-25 14:42:23.000,22,MON,25,14,A,DAY,LATE,EMS,CHEST PAIN ALS 1,1,E-911,"DEWBERRY, RE'KEYA",Automatic Dispatch,2026-05-25 14:42:23.000,2026-05-25 14:43:42.000,2026-05-25 14:42:49.000,26,26,0,2026-05-25 14:42:51.423,2,2,0,2026-05-25 14:44:18.000,115,115,0,2026-05-25 14:43:09.930,28,28,0,2026-05-25 14:43:09.930,18,18,0,2026-05-25 14:46:20.977,191,191,0,2026-05-25 15:05:19.413,2026-05-25 16:10:40.637,0,NULL,2026-05-25 16:10:40.720,5297,5297,0,UNDEFINED
26-041141,2026-05-25 15:03:57.000,22,MON,25,15,A,DAY,LATE,POLICE,LARCENY COMM IN PROG,2,Phone,"JONES, DAESHA","BONSU, VALERIE",2026-05-25 15:03:55.000,2026-05-25 15:06:10.000,2026-05-25 15:04:15.000,20,18,2,2026-05-25 15:15:34.860,679,679,0,2026-05-25 15:07:21.000,206,204,2,2026-05-25 15:15:56.777,699,699,0,2026-05-25 15:15:56.777,22,21,1,2026-05-25 15:27:03.777,667,666,1,2026-05-25 15:33:47.873,2026-05-25 18:06:22.703,0,NULL,2026-05-25 18:06:22.807,10947,10947,0,RE-Report
26-012738,2026-05-25 15:13:46.000,22,MON,25,15,A,DAY,LATE,EMS,UNKNOWN MEDICAL ALS 1,1,E-911,"SMITH, TERESA",Automatic Dispatch,2026-05-25 15:13:46.000,2026-05-25 15:14:14.000,2026-05-25 15:13:46.000,0,NULL,0,2026-05-25 15:13:48.843,2,2,0,2026-05-25 15:13:46.000,0,0,0,2026-05-25 15:15:41.273,2,2,0,2026-05-25 15:15:41.273,113,112,1,2026-05-25 15:20:00.293,259,259,0,2026-05-25 15:29:50.947,2026-05-25 15:47:49.003,0,NULL,2026-05-25 15:47:49.960,2043,2043,0,UNDEFINED
26-041145,2026-05-25 15:35:48.000,22,MON,25,15,A,DAY,LATE,POLICE,CREDIT CARD FRAUD DELAY,4,Phone,"SMITH, TERESA",NULL,2026-05-25 15:35:47.000,2026-05-25 16:02:05.000,2026-05-25 15:36:46.000,59,58,1,2026-05-25 19:43:03.693,14777,14777,0,2026-05-25 15:39:45.000,238,237,1,2026-05-25 19:43:06.417,14836,14836,0,2026-05-25 19:43:06.417,3,2,1,2026-05-25 19:54:37.030,691,690,1,2026-05-25 19:43:38.733,2026-05-26 01:34:42.370,0,NULL,2026-05-26 01:34:42.440,35935,35935,0,RE-Report
26-041150,2026-05-25 15:47:51.000,22,MON,25,15,A,DAY,LATE,POLICE,MVC HIT/RUN NO INJURY,2,Phone,"ANDERSON, MARILYN","BONSU, VALERIE",2026-05-25 15:47:49.000,2026-05-25 16:16:30.000,2026-05-25 15:48:37.000,48,46,2,2026-05-25 15:51:33.557,176,176,0,2026-05-25 15:49:57.000,128,126,2,2026-05-25 15:51:36.033,224,224,0,2026-05-25 15:51:36.033,3,2,1,2026-05-25 15:51:37.290,1,1,0,2026-05-25 17:56:59.187,2026-05-25 17:56:59.187,0,NULL,2026-05-25 17:56:59.277,7750,7750,0,RE-Report
26-012739,2026-05-25 15:55:52.000,22,MON,25,15,A,DAY,LATE,FIRE,FIRE ALARM,3,E-911,"ANDERSON, MARILYN",Automatic Dispatch,2026-05-25 15:55:50.000,2026-05-25 15:56:27.000,2026-05-25 15:56:11.000,21,19,2,2026-05-25 15:56:13.770,2,2,0,2026-05-25 15:57:40.000,110,108,2,2026-05-25 15:57:40.583,23,23,0,2026-05-25 15:57:40.583,87,86,1,2026-05-25 16:00:32.760,172,172,0,2026-05-25 16:03:45.457,2026-05-25 16:03:45.457,0,NULL,2026-05-25 16:03:45.683,475,475,0,UNDEFINED
26-041151,2026-05-25 16:08:29.000,22,MON,25,16,A,DAY,LATE,POLICE,ASSAULT NO INJURY IN PROG,2,E-911,"JONES, DAESHA","DEWBERRY, RE'KEYA",2026-05-25 16:08:28.000,2026-05-25 16:09:23.000,2026-05-25 16:09:17.000,49,48,1,2026-05-25 16:10:08.457,51,51,0,2026-05-25 16:24:31.000,963,962,1,2026-05-25 16:10:11.190,100,100,0,2026-05-25 16:10:11.190,3,2,1,2026-05-25 16:23:33.943,802,802,0,2026-05-25 17:01:02.877,2026-05-25 17:42:09.407,0,NULL,2026-05-25 17:42:09.463,5621,5621,0,RE-Report
26-012740,2026-05-25 16:19:12.000,22,MON,25,16,A,DAY,LATE,FIRE,FIRE ALARM,3,Phone,"BONSU, VALERIE",Automatic Dispatch,2026-05-25 16:19:12.000,2026-05-25 16:21:17.000,2026-05-25 16:20:47.000,95,95,0,2026-05-25 16:20:49.300,2,2,0,2026-05-25 16:21:02.000,110,110,0,2026-05-25 16:21:34.873,97,97,0,2026-05-25 16:21:34.873,45,45,0,NULL,NULL,-9999,NULL,NULL,2026-05-25 16:34:44.000,0,NULL,NULL,932,932,0,CC-Call Completed
26-041153,2026-05-25 16:23:44.000,22,MON,25,16,A,DAY,LATE,POLICE,TRESPASSING IN PROG,2,Phone,"ANDERSON, MARILYN","DEWBERRY, RE'KEYA",2026-05-25 16:23:43.000,2026-05-25 16:24:25.000,2026-05-25 16:24:16.000,33,32,1,2026-05-25 16:35:53.303,697,697,0,2026-05-25 16:25:24.000,101,100,1,2026-05-25 16:36:47.673,730,730,0,2026-05-25 16:36:47.673,54,54,0,2026-05-25 16:48:53.947,726,726,0,2026-05-25 17:08:52.747,2026-05-25 17:09:21.067,0,NULL,2026-05-25 17:09:21.153,2738,2738,0,NR-No Report
26-041155,2026-05-25 16:25:46.000,22,MON,25,16,A,DAY,LATE,POLICE,TROUBLE UNKNOWN EMS,1,E-911,"JONES, DAESHA","DEWBERRY, RE'KEYA",2026-05-25 16:25:45.000,2026-05-25 16:27:29.000,2026-05-25 16:27:23.000,98,97,1,2026-05-25 16:28:30.090,67,67,0,2026-05-25 16:29:33.000,228,227,1,2026-05-25 16:28:34.153,165,165,0,2026-05-25 16:28:34.153,4,4,0,2026-05-25 16:30:45.457,131,131,0,2026-05-25 16:34:43.513,2026-05-25 16:37:25.397,0,NULL,2026-05-25 16:37:25.500,700,700,0,NR-No Report
26-012743,2026-05-25 16:26:15.000,22,MON,25,16,A,DAY,LATE,EMS,SEIZURE ALS 1,1,E-911,"BONSU, VALERIE","GOODWIN, SHEENA",2026-05-25 16:26:15.000,2026-05-25 16:29:48.000,2026-05-25 16:27:51.000,96,96,0,2026-05-25 16:27:53.140,2,2,0,2026-05-25 16:36:00.000,585,585,0,2026-05-25 16:28:52.143,98,98,0,2026-05-25 16:28:52.143,59,59,0,2026-05-25 16:32:24.087,212,211,1,2026-05-25 16:32:45.190,2026-05-25 17:43:49.387,0,NULL,2026-05-25 17:43:49.523,4654,4654,0,UNDEFINED
26-041154,2026-05-25 16:26:27.000,22,MON,25,16,A,DAY,LATE,POLICE,DOMESTIC VIOL MINOR INJ,2,E-911,"ANDERSON, MARILYN","DEWBERRY, RE'KEYA",2026-05-25 16:26:26.000,2026-05-25 16:27:38.000,2026-05-25 16:27:20.000,54,53,1,2026-05-25 16:31:29.363,249,249,0,2026-05-25 16:30:38.000,252,251,1,2026-05-25 16:31:32.127,303,303,0,2026-05-25 16:31:32.127,3,2,1,2026-05-25 16:35:04.457,212,212,0,2026-05-25 16:32:46.240,2026-05-25 18:19:15.000,0,NULL,NULL,6769,6769,0,NR-No Report
26-012741,2026-05-25 16:27:21.000,22,MON,25,16,A,DAY,LATE,EMS,ASSAULT ALS 1,3,E-911,"ANDERSON, MARILYN","GOODWIN, SHEENA",2026-05-25 16:27:21.000,2026-05-25 16:27:49.000,2026-05-25 16:27:21.000,0,NULL,0,2026-05-25 16:27:24.007,3,3,0,2026-05-25 16:27:21.000,0,0,0,2026-05-25 16:28:46.083,3,3,0,2026-05-25 16:28:46.083,82,82,0,NULL,NULL,-9999,NULL,2026-05-25 16:38:15.907,2026-05-25 16:38:19.200,0,NULL,2026-05-25 16:38:19.377,658,658,0,UNDEFINED
26-012742,2026-05-25 16:27:24.000,22,MON,25,16,A,DAY,LATE,EMS,UNKNOWN MEDICAL ALS 1,1,E-911,"JONES, DAESHA","GOODWIN, SHEENA",2026-05-25 16:27:24.000,2026-05-25 16:30:43.000,2026-05-25 16:27:24.000,0,NULL,0,2026-05-25 16:27:27.880,3,3,0,2026-05-25 16:27:24.000,0,0,0,2026-05-25 16:28:31.093,3,3,0,2026-05-25 16:28:31.093,64,63,1,2026-05-25 16:31:46.243,195,195,0,2026-05-25 16:33:25.937,2026-05-25 16:34:28.133,0,NULL,2026-05-25 16:34:29.007,424,424,0,UNDEFINED
26-012744,2026-05-25 16:36:07.000,22,MON,25,16,A,DAY,LATE,FIRE,FIRE ALARM,3,Phone,"BONSU, VALERIE",Automatic Dispatch,2026-05-25 16:36:06.000,2026-05-25 16:37:07.000,2026-05-25 16:37:00.000,54,53,1,2026-05-25 16:37:02.327,2,2,0,2026-05-25 16:37:21.000,75,74,1,2026-05-25 16:37:51.317,56,56,0,2026-05-25 16:37:51.317,49,48,1,2026-05-25 16:40:23.190,152,151,1,2026-05-25 17:07:16.260,2026-05-25 17:07:16.260,0,NULL,2026-05-25 17:07:16.550,1870,1870,0,UNDEFINED
26-041157,2026-05-25 16:37:47.000,22,MON,25,16,A,DAY,LATE,POLICE,ASSAULT NO INJURY IN PROG,2,E-911,"BONSU, VALERIE",NULL,2026-05-25 16:37:47.000,2026-05-25 16:44:32.000,2026-05-25 16:44:01.000,374,374,0,2026-05-25 16:44:44.473,43,43,0,2026-05-25 16:50:49.000,782,782,0,2026-05-25 16:44:47.203,417,417,0,2026-05-25 16:44:47.203,3,2,1,2026-05-25 16:53:12.780,505,505,0,2026-05-26 04:22:52.180,2026-05-26 04:22:52.180,0,NULL,2026-05-26 04:22:52.220,42305,42305,0,RE-Report
26-041160,2026-05-25 17:00:04.000,22,MON,25,17,A,DAY,LATE,POLICE,ASSIST CITIZEN PROMPT,3,Phone,"JONES, DAESHA","MCLEOD, DOUGLAS",2026-05-25 17:00:02.000,2026-05-25 17:02:01.000,2026-05-25 17:01:15.000,73,71,2,2026-05-25 19:28:01.403,8806,8806,0,2026-05-25 17:05:17.000,315,313,2,2026-05-25 19:28:01.510,8879,8879,0,2026-05-25 19:28:01.510,0,0,0,NULL,NULL,-9999,NULL,2026-05-25 19:40:22.417,2026-05-25 19:40:22.417,0,NULL,2026-05-25 19:40:22.500,9620,9620,0,NR-No Report
26-041161,2026-05-25 17:06:12.000,22,MON,25,17,A,DAY,LATE,POLICE,LARCENY COMM IN PROG,2,E-911,"JONES, DAESHA",NULL,2026-05-25 17:06:12.000,2026-05-25 17:07:02.000,2026-05-25 17:06:45.000,33,33,0,2026-05-25 17:07:32.547,47,47,0,2026-05-25 17:09:26.000,194,194,0,2026-05-25 17:07:36.613,80,80,0,2026-05-25 17:07:36.613,4,4,0,2026-05-25 17:09:42.857,126,126,0,2026-05-25 17:09:23.870,2026-05-25 23:36:02.127,0,NULL,2026-05-25 23:36:02.153,23390,23390,0,RE-Report
26-012746,2026-05-25 17:07:05.727,22,MON,25,17,A,DAY,LATE,EMS,MUTUAL BLS,1,CAD2CAD,CAD to CAD Service 1,CAD to CAD Service 1,2026-05-25 17:05:04.000,2026-05-25 17:08:39.000,2026-05-25 17:07:06.100,122,0,122,2026-05-25 17:07:06.147,0,0,0,NULL,NULL,NULL,NULL,2026-05-25 17:07:56.090,122,172,-50,2026-05-25 17:07:56.090,50,0,50,2026-05-25 17:11:14.317,198,198,0,2026-05-25 17:07:56.700,2026-05-25 17:46:11.393,0,NULL,2026-05-25 17:46:11.457,2467,2467,0,CAD2CAD
26-041164,2026-05-25 17:15:06.000,22,MON,25,17,A,DAY,LATE,POLICE,TROUBLE UNKNOWN EMS,2,Phone,"BONSU, VALERIE","DEWBERRY, RE'KEYA",2026-05-25 17:15:04.000,2026-05-25 17:16:51.000,2026-05-25 17:16:43.000,99,97,2,2026-05-25 17:17:42.010,59,59,0,2026-05-25 17:16:43.000,99,NULL,99,2026-05-25 17:17:46.957,158,158,0,2026-05-25 17:17:46.957,4,4,0,2026-05-25 17:24:26.437,400,399,1,2026-05-25 17:18:14.417,2026-05-25 17:36:25.037,0,NULL,2026-05-25 17:36:25.137,1281,1281,0,NR-No Report
26-012747,2026-05-25 17:16:43.000,22,MON,25,17,A,DAY,LATE,EMS,UNKNOWN MEDICAL ALS 1,1,E-911,"BONSU, VALERIE",Automatic Dispatch,2026-05-25 17:16:43.000,2026-05-25 17:17:04.000,2026-05-25 17:16:43.000,0,NULL,0,2026-05-25 17:16:45.707,2,2,0,2026-05-25 17:16:43.000,0,0,0,2026-05-25 17:17:44.380,2,2,0,2026-05-25 17:17:44.380,59,58,1,2026-05-25 17:20:13.197,149,148,1,2026-05-25 17:25:45.340,2026-05-25 17:25:59.237,0,NULL,2026-05-25 17:25:59.373,556,556,0,UNDEFINED
26-041165,2026-05-25 17:22:52.000,22,MON,25,17,A,DAY,LATE,POLICE,DOMESTIC VIOL NO INJ,2,Phone,"JONES, DAESHA",NULL,2026-05-25 17:22:50.000,2026-05-26 17:44:26.000,2026-05-25 17:24:09.000,79,77,2,2026-05-25 17:47:55.243,1426,1426,0,2026-05-25 17:27:36.000,286,284,2,2026-05-25 17:47:57.300,1505,1505,0,2026-05-25 17:47:57.300,2,2,0,2026-05-25 17:52:43.153,286,285,1,2026-05-26 02:43:41.233,2026-05-26 02:43:41.233,1,2026-05-26 17:19:55.120,2026-05-26 18:47:34.097,33651,5084,28567,RE-Report
26-041166,2026-05-25 17:30:07.000,22,MON,25,17,A,DAY,LATE,POLICE,DISORDERLY CONDUCT,2,Phone,"BONSU, VALERIE",NULL,2026-05-25 17:30:05.000,2026-05-25 17:32:45.000,2026-05-25 17:32:21.000,136,134,2,2026-05-25 17:33:28.343,67,67,0,2026-05-25 17:40:00.000,595,593,2,2026-05-25 17:33:32.500,203,203,0,2026-05-25 17:33:32.500,4,4,0,2026-05-25 17:40:48.633,436,436,0,2026-05-25 17:41:49.920,2026-05-25 17:54:48.103,0,NULL,2026-05-25 17:54:48.183,1483,1483,0,NR-No Report
26-012748,2026-05-25 17:31:47.000,22,MON,25,17,A,DAY,LATE,EMS,HEART PROBLEMS ALS 1,1,E-911,"SMITH, TERESA",Automatic Dispatch,2026-05-25 17:31:47.000,2026-05-25 17:33:03.000,2026-05-25 17:32:31.000,44,44,0,2026-05-25 17:32:34.070,3,3,0,2026-05-25 17:34:52.000,185,185,0,2026-05-25 17:33:34.363,47,47,0,2026-05-25 17:33:34.363,60,60,0,2026-05-25 17:37:11.070,217,216,1,2026-05-25 18:00:04.033,2026-05-25 18:03:02.333,0,NULL,2026-05-25 18:03:02.570,1875,1875,0,UNDEFINED
26-041167,2026-05-25 17:37:36.000,22,MON,25,17,A,DAY,LATE,POLICE,DRUG COMPLAINT IN PROG,2,Phone,"BONSU, VALERIE","MCLEOD, DOUGLAS",2026-05-25 17:37:36.000,2026-05-25 17:41:04.000,2026-05-25 17:39:44.000,128,128,0,2026-05-25 18:36:07.843,3383,3383,0,2026-05-25 17:39:58.000,142,142,0,2026-05-25 18:36:08.137,3511,3511,0,2026-05-25 18:36:08.137,1,0,1,2026-05-25 18:40:35.190,267,267,0,NULL,2026-05-25 19:02:07.000,0,NULL,NULL,5071,5071,0,NR-No Report
26-041170,2026-05-25 17:43:24.000,22,MON,25,17,A,DAY,LATE,POLICE,LARCENY FROM AUTO DELAY,4,Phone,"BONSU, VALERIE",NULL,2026-05-25 17:43:24.000,NULL,2026-05-25 17:46:28.000,184,184,0,2026-05-25 20:03:50.633,8242,8242,0,2026-05-25 17:46:38.000,194,194,0,2026-05-25 20:03:56.537,8426,8426,0,2026-05-25 20:03:56.537,6,5,1,2026-05-25 20:08:58.493,302,301,1,2026-05-26 01:44:31.903,2026-05-26 01:44:31.903,1,2026-05-26 16:47:06.520,2026-05-26 17:35:05.987,28867,85901,-57034,RE-Report
26-012749,2026-05-25 17:43:26.000,22,MON,25,17,A,DAY,LATE,EMS,TROUBLE BREATHING ALS 1,1,E-911,"JONES, DAESHA",Automatic Dispatch,2026-05-25 17:43:26.000,2026-05-25 17:44:07.000,2026-05-25 17:44:02.000,36,36,0,2026-05-25 17:44:04.957,2,2,0,2026-05-25 17:48:46.000,320,320,0,2026-05-25 17:44:45.610,38,38,0,2026-05-25 17:44:45.610,41,40,1,2026-05-25 17:50:54.150,369,368,1,2026-05-25 18:08:18.157,2026-05-25 19:05:53.743,0,NULL,2026-05-25 19:05:53.800,4947,4947,0,UNDEFINED
26-041168,2026-05-25 17:44:50.000,22,MON,25,17,A,DAY,LATE,POLICE,OFF DUTY DETAIL,8,OFFICER,"LARUSSO, ANTHONY",NULL,2026-05-25 17:44:50.000,2026-05-25 17:44:54.000,2026-05-25 17:44:50.000,0,1,-1,2026-05-25 17:44:50.000,0,0,0,2026-05-25 17:44:50.000,0,NULL,0,2026-05-25 17:44:50.000,0,0,0,2026-05-25 17:44:50.000,0,0,0,2026-05-25 17:44:50.000,0,0,0,2026-05-25 22:00:36.420,2026-05-25 22:00:36.420,0,NULL,2026-05-25 22:00:36.457,15346,15346,0,NR-No Report
26-041169,2026-05-25 17:45:38.000,22,MON,25,17,A,DAY,LATE,POLICE,ASSIST CITIZEN PROMPT,3,Phone,"SMITH, TERESA",NULL,2026-05-25 17:45:36.000,2026-05-25 17:50:46.000,2026-05-25 17:46:25.000,49,47,2,2026-05-25 17:57:56.317,691,691,0,2026-05-25 17:48:04.000,148,146,2,2026-05-25 17:57:56.317,740,740,0,2026-05-25 17:57:56.317,0,0,0,2026-05-25 18:02:07.993,251,251,0,NULL,2026-05-25 19:42:16.000,0,NULL,NULL,7000,7000,0,NR-No Report
26-041171,2026-05-25 17:48:49.000,22,MON,25,17,A,DAY,LATE,POLICE,DISORDERLY CONDUCT,2,Phone,"BONSU, VALERIE","MCLEOD, DOUGLAS",2026-05-25 17:48:48.000,2026-05-25 17:51:16.000,2026-05-25 17:50:17.000,89,88,1,2026-05-25 18:00:22.290,605,605,0,2026-05-25 17:50:18.000,90,89,1,2026-05-25 18:00:26.223,694,694,0,2026-05-25 18:00:26.223,4,3,1,2026-05-25 18:01:14.530,48,48,0,2026-05-25 18:01:16.637,2026-05-25 18:06:11.300,0,NULL,2026-05-25 18:06:11.353,1043,1043,0,NR-No Report
26-012750,2026-05-25 17:52:58.000,22,MON,25,17,A,DAY,LATE,EMS,UNKNOWN MEDICAL ALS 1,1,NOT CAPTURED,"JONES, DAESHA",Automatic Dispatch,2026-05-25 17:52:58.000,2026-05-25 17:53:16.000,2026-05-25 17:52:58.000,0,NULL,0,2026-05-25 17:53:01.240,3,3,0,2026-05-25 17:52:58.000,0,0,0,2026-05-25 17:53:37.040,3,2,1,2026-05-25 17:53:37.040,36,35,1,NULL,NULL,-9999,NULL,2026-05-25 17:55:34.230,2026-05-25 17:55:43.157,0,NULL,2026-05-25 17:55:43.297,165,164,1,UNDEFINED
26-041173,2026-05-25 17:57:32.000,22,MON,25,17,A,DAY,LATE,POLICE,MVC PROPERTY DAMAGE,4,Phone,"HARDING, AUTUMN","MCLEOD, DOUGLAS",2026-05-25 17:57:31.000,2026-05-25 18:12:32.000,2026-05-25 18:00:36.000,185,184,1,2026-05-25 18:52:45.190,3129,3129,0,2026-05-25 18:01:32.000,241,240,1,2026-05-25 18:52:45.247,3314,3314,0,2026-05-25 18:52:45.247,0,0,0,2026-05-25 18:52:46.643,1,1,0,2026-05-25 19:20:22.387,2026-05-25 19:20:22.387,0,NULL,2026-05-25 19:20:22.533,4971,4971,0,NR-No Report
26-041174,2026-05-25 18:00:47.000,22,MON,25,18,A,DAY,EARLY,POLICE,OFF DUTY DETAIL,8,OFFICER,"GARDIZI, LEMAR",NULL,2026-05-25 18:00:47.000,2026-05-25 18:02:06.000,2026-05-25 18:00:47.000,0,1,-1,2026-05-25 18:00:47.000,0,0,0,2026-05-25 18:00:47.000,0,NULL,0,2026-05-25 18:00:47.000,0,0,0,2026-05-25 18:00:47.000,0,0,0,2026-05-25 18:00:47.000,0,0,0,2026-05-25 22:03:40.213,2026-05-25 22:03:40.213,0,NULL,2026-05-25 22:03:40.287,14573,14573,0,NR-No Report
26-041175,2026-05-25 18:01:54.000,22,MON,25,18,A,DAY,EARLY,POLICE,WEAPON VIOL GUN IN PROG,1,E-911,"ANDERSON, MARILYN",NULL,2026-05-25 18:01:54.000,2026-05-25 18:03:32.000,2026-05-25 18:03:25.000,91,91,0,2026-05-25 18:03:40.763,15,15,0,2026-05-25 18:06:18.000,264,264,0,2026-05-25 18:03:46.950,106,106,0,2026-05-25 18:03:46.950,6,6,0,2026-05-25 18:05:52.353,126,125,1,2026-05-25 18:07:06.947,2026-05-25 19:08:28.213,0,NULL,2026-05-25 19:08:28.217,3994,3994,0,NR-No Report
26-041176,2026-05-25 18:07:03.000,22,MON,25,18,A,DAY,EARLY,POLICE,MVC HIT/RUN NO INJURY,2,E-911,"HARDING, AUTUMN",NULL,2026-05-25 18:07:03.000,2026-05-25 19:18:24.000,2026-05-25 18:07:22.000,19,19,0,2026-05-25 18:18:51.667,689,689,0,2026-05-25 18:09:54.000,171,171,0,2026-05-25 18:18:51.807,708,708,0,2026-05-25 18:18:51.807,0,0,0,2026-05-25 18:18:51.857,0,0,0,2026-05-26 04:21:09.997,2026-05-26 04:21:09.997,0,NULL,2026-05-26 04:21:10.140,36846,36846,0,RE-Report
26-012752,2026-05-25 18:23:26.000,22,MON,25,18,A,DAY,EARLY,FIRE,ELEVATOR,3,Phone,"MARTINEZ, ESTHER",Automatic Dispatch,2026-05-25 18:23:25.000,2026-05-25 18:24:16.000,2026-05-25 18:24:07.000,42,41,1,2026-05-25 18:24:08.487,1,1,0,2026-05-25 18:25:15.000,110,109,1,2026-05-25 18:24:25.180,43,43,0,2026-05-25 18:24:25.180,17,16,1,2026-05-25 18:35:34.533,669,669,0,2026-05-25 18:45:48.867,2026-05-25 18:45:48.867,0,NULL,2026-05-25 18:45:49.013,1343,1343,0,UNDEFINED
26-012753,2026-05-25 18:26:10.000,22,MON,25,18,A,DAY,EARLY,EMS,CARDIAC ARREST ALS 2- SUPV,1,E-911,"HARDING, AUTUMN",Automatic Dispatch,2026-05-25 18:26:10.000,2026-05-25 18:27:59.000,2026-05-25 18:27:48.000,98,98,0,2026-05-25 18:27:51.120,3,3,0,2026-05-25 18:35:41.000,571,571,0,2026-05-25 18:28:15.563,101,101,0,2026-05-25 18:28:15.563,24,24,0,2026-05-25 18:31:57.563,222,222,0,2026-05-25 18:28:30.043,2026-05-25 21:17:01.747,0,NULL,2026-05-25 21:17:01.850,10251,10251,0,UNDEFINED
26-041177,2026-05-25 18:27:49.000,22,MON,25,18,A,DAY,EARLY,POLICE,POLICE INFORMATION,4,E-911,"HARDING, AUTUMN",NULL,2026-05-25 18:27:49.000,2026-05-25 18:27:55.000,2026-05-25 18:27:49.000,0,NULL,0,2026-05-25 18:28:09.603,20,20,0,2026-05-25 18:27:49.000,0,0,0,2026-05-25 18:28:15.150,20,20,0,2026-05-25 18:28:15.150,6,5,1,2026-05-25 18:32:25.057,250,249,1,2026-05-25 19:05:59.070,2026-05-25 23:53:52.480,0,NULL,2026-05-25 23:53:52.537,19563,19563,0,RE-Report
26-041178,2026-05-25 18:29:20.000,22,MON,25,18,A,DAY,EARLY,POLICE,ABANDONED AUTO,4,Phone,"ANDERSON, MARILYN","HARDING, AUTUMN",2026-05-25 18:29:19.000,2026-05-25 18:37:28.000,2026-05-25 18:29:46.000,27,26,1,2026-05-25 22:41:24.093,15098,15098,0,2026-05-25 18:30:52.000,93,92,1,2026-05-25 22:41:28.717,15125,15125,0,2026-05-25 22:41:28.717,4,4,0,2026-05-25 22:44:13.413,165,164,1,2026-05-25 23:13:24.870,2026-05-25 23:13:24.870,0,NULL,2026-05-25 23:13:24.920,17045,17045,0,NR-No Report
26-041179,2026-05-25 18:35:19.000,22,MON,25,18,A,DAY,EARLY,POLICE,AGGRESSIVE DRIVER,2,E-911,"ANDERSON, MARILYN","MCLEOD, DOUGLAS",2026-05-25 18:35:18.000,2026-05-25 18:36:45.000,2026-05-25 18:36:24.000,66,65,1,2026-05-25 18:43:13.537,409,409,0,2026-05-25 18:41:25.000,367,366,1,2026-05-25 18:43:17.590,475,475,0,2026-05-25 18:43:17.590,4,4,0,2026-05-25 18:46:56.610,219,219,0,2026-05-25 18:43:55.867,2026-05-25 19:29:20.897,0,NULL,2026-05-25 19:29:20.940,3242,3242,0,RE-Report
26-041181,2026-05-25 18:39:19.000,22,MON,25,18,A,DAY,EARLY,POLICE,OFF DUTY DETAIL,8,OFFICER,"RICHARDS, JOSHUA L",NULL,2026-05-25 18:39:19.000,2026-05-25 18:39:25.000,2026-05-25 18:39:19.000,0,1,-1,2026-05-25 18:39:19.000,0,0,0,2026-05-25 18:39:19.000,0,NULL,0,2026-05-25 18:39:19.000,0,0,0,2026-05-25 18:39:19.000,0,0,0,2026-05-25 18:39:19.000,0,0,0,2026-05-25 19:52:54.160,2026-05-26 00:06:13.377,0,NULL,2026-05-26 00:06:13.433,19614,19614,0,NR-No Report
26-012755,2026-05-25 18:40:25.000,22,MON,25,18,A,DAY,EARLY,EMS,FALL BLS,3,E-911,"MESARIS, MATTHEW",Automatic Dispatch,2026-05-25 18:40:25.000,2026-05-25 18:41:53.000,2026-05-25 18:41:42.000,77,77,0,2026-05-25 18:41:44.950,2,2,0,2026-05-25 18:42:08.000,103,103,0,2026-05-25 18:42:45.607,79,79,0,2026-05-25 18:42:45.607,61,60,1,2026-05-25 18:48:44.463,359,358,1,2026-05-25 19:50:34.457,2026-05-25 19:50:34.457,0,NULL,2026-05-25 19:50:34.633,4209,4209,0,UNDEFINED
26-041182,2026-05-25 18:40:36.000,22,MON,25,18,A,DAY,EARLY,POLICE,IDENTITY FRAUD DELAY,4,Phone,"MARTINEZ, ESTHER","MCLEOD, DOUGLAS",2026-05-25 18:40:35.000,2026-05-26 18:27:38.000,2026-05-25 18:41:49.000,74,73,1,2026-05-26 20:31:18.823,92969,7428,85541,2026-05-25 18:42:17.000,102,101,1,2026-05-26 20:32:05.687,93043,-9999,103042,2026-05-26 20:32:05.687,47,46,1,2026-05-26 20:32:05.687,0,0,0,2026-05-26 21:31:10.100,2026-05-25 22:25:02.000,1,2026-05-26 18:27:30.687,2026-05-26 21:31:10.267,13467,10235,3232,RE-Report
26-041185,2026-05-25 18:50:46.000,22,MON,25,18,A,DAY,EARLY,POLICE,LARCENY FROM AUTO DELAY,4,Phone,"MESARIS, MATTHEW",NULL,2026-05-25 18:50:44.000,2026-05-25 18:54:04.000,2026-05-25 18:52:40.000,116,114,2,2026-05-25 19:09:58.267,1038,1038,0,2026-05-25 18:52:44.000,120,118,2,2026-05-25 19:10:31.707,1154,1154,0,2026-05-25 19:10:31.707,33,33,0,NULL,NULL,-9999,NULL,2026-05-25 21:16:47.987,2026-05-25 21:16:47.987,0,NULL,2026-05-25 21:16:48.060,8763,8763,0,NR-No Report
26-012756,2026-05-25 18:55:56.000,22,MON,25,18,A,DAY,EARLY,EMS,TROUBLE BREATHING ALS 1,1,E-911,"HARDING, AUTUMN",Automatic Dispatch,2026-05-25 18:55:56.000,2026-05-25 18:56:40.000,2026-05-25 18:56:31.000,35,35,0,2026-05-25 18:56:33.877,2,2,0,2026-05-25 18:58:24.000,148,148,0,2026-05-25 18:57:18.170,37,37,0,2026-05-25 18:57:18.170,45,44,1,2026-05-25 18:59:04.153,106,105,1,2026-05-25 19:09:23.883,2026-05-25 19:52:58.863,0,NULL,2026-05-25 19:52:58.900,3422,3422,0,UNDEFINED
26-012757,2026-05-25 18:57:15.000,22,MON,25,18,A,DAY,EARLY,FIRE,FIRE ALARM,3,Phone,"MARTINEZ, ESTHER",Automatic Dispatch,2026-05-25 18:57:15.000,2026-05-25 18:58:00.000,2026-05-25 18:57:51.000,36,36,0,2026-05-25 18:57:53.910,2,2,0,2026-05-25 18:59:20.000,125,125,0,2026-05-25 18:59:38.543,38,38,0,2026-05-25 18:59:38.543,105,104,1,2026-05-25 19:02:02.490,144,143,1,2026-05-25 19:15:36.797,2026-05-25 19:15:36.797,0,NULL,2026-05-25 19:15:36.867,1101,1101,0,UNDEFINED
26-012758,2026-05-25 19:06:30.000,22,MON,25,19,C,NIGHT,EARLY,EMS,STROKE ALS 2,1,E-911,"MARTINEZ, ESTHER",Automatic Dispatch,2026-05-25 19:06:30.000,2026-05-25 19:07:26.000,2026-05-25 19:07:15.000,45,45,0,2026-05-25 19:07:18.287,3,3,0,2026-05-25 19:10:38.000,248,248,0,2026-05-25 19:08:12.490,48,48,0,2026-05-25 19:08:12.490,54,54,0,2026-05-25 19:09:50.170,98,97,1,2026-05-25 19:25:41.853,2026-05-25 20:07:56.630,0,NULL,2026-05-25 20:07:56.677,3686,3686,0,CAD2CAD
26-012759,2026-05-25 19:12:24.000,22,MON,25,19,C,NIGHT,EARLY,FIRE,APPLIANCE FIRE HIGHRISE,1,E-911,"HARDING, AUTUMN",Automatic Dispatch,2026-05-25 19:12:24.000,2026-05-25 19:13:14.000,2026-05-25 19:13:04.000,40,40,0,2026-05-25 19:13:06.223,2,2,0,2026-05-25 19:17:55.000,331,331,0,2026-05-25 19:13:32.573,42,42,0,2026-05-25 19:13:32.573,26,26,0,2026-05-25 19:15:36.603,124,124,0,2026-05-25 19:14:05.280,2026-05-25 19:39:49.487,0,NULL,2026-05-25 19:39:49.567,1645,1645,0,UNDEFINED
26-041189,2026-05-25 19:13:04.000,22,MON,25,19,C,NIGHT,EARLY,POLICE,TRAFFIC DIRECTION-FIRE,2,E-911,"HARDING, AUTUMN","MCLEOD, DOUGLAS",2026-05-25 19:13:04.000,2026-05-25 19:14:57.000,2026-05-25 19:13:04.000,0,NULL,0,2026-05-25 19:20:07.830,423,423,0,2026-05-25 19:13:04.000,0,0,0,2026-05-25 19:20:17.010,423,423,0,2026-05-25 19:20:17.010,10,9,1,NULL,NULL,-9999,NULL,2026-05-25 19:20:35.137,2026-05-25 19:26:49.683,0,NULL,2026-05-25 19:26:49.970,825,825,0,NR-No Report
26-041191,2026-05-25 19:22:06.000,22,MON,25,19,C,NIGHT,EARLY,POLICE,ASSAULT NO INJURY IN PROG,2,E-911,"ANDERSON, MARILYN","HARDING, AUTUMN",2026-05-25 19:22:05.000,2026-05-25 19:28:13.000,2026-05-25 19:23:02.000,57,56,1,2026-05-25 19:31:18.857,496,496,0,2026-05-25 19:27:34.000,329,328,1,2026-05-25 19:31:27.510,553,553,0,2026-05-25 19:31:27.510,9,8,1,2026-05-25 19:34:50.850,203,203,0,2026-05-25 20:19:18.290,2026-05-26 01:02:38.590,0,NULL,2026-05-26 01:02:38.653,20433,20433,0,NR-No Report
26-041192,2026-05-25 19:24:00.000,22,MON,25,19,C,NIGHT,EARLY,POLICE,DWI - DRUNK/INTOX DRIVER,2,E-911,"MARTINEZ, ESTHER",NULL,2026-05-25 19:24:00.000,2026-05-25 19:25:38.000,2026-05-25 19:25:32.000,92,92,0,2026-05-25 19:26:49.623,77,77,0,2026-05-25 19:26:58.000,178,178,0,2026-05-25 19:26:49.697,169,169,0,2026-05-25 19:26:49.697,0,0,0,2026-05-25 19:26:49.740,0,0,0,2026-05-25 20:21:24.240,2026-05-26 04:20:59.943,0,NULL,2026-05-26 04:20:59.987,32219,32219,0,RE-Report
26-012760,2026-05-25 19:24:16.000,22,MON,25,19,C,NIGHT,EARLY,FIRE,FIRE ALARM,3,Phone,"MCLEOD, DOUGLAS",Automatic Dispatch,2026-05-25 19:24:15.000,2026-05-25 19:26:29.000,2026-05-25 19:24:49.000,34,33,1,2026-05-25 19:24:51.723,2,2,0,2026-05-25 19:26:19.000,124,123,1,2026-05-25 19:26:11.907,36,36,0,2026-05-25 19:26:11.907,80,80,0,2026-05-25 19:29:30.740,199,198,1,2026-05-25 19:40:57.737,2026-05-25 19:40:57.737,0,NULL,2026-05-25 19:40:57.850,1002,1002,0,UNDEFINED
26-041194,2026-05-25 19:28:44.000,22,MON,25,19,C,NIGHT,EARLY,POLICE,MVC HIT/RUN NO INJ DELAY,4,E-911,"MESARIS, MATTHEW","MCLEOD, DOUGLAS",2026-05-25 19:28:44.000,2026-05-25 19:43:25.000,2026-05-25 19:31:26.000,162,162,0,2026-05-25 20:28:53.700,3447,3447,0,2026-05-25 19:31:28.000,164,164,0,2026-05-25 20:28:53.760,3609,3609,0,2026-05-25 20:28:53.760,0,0,0,2026-05-25 20:28:56.053,3,2,1,NULL,2026-05-25 22:36:55.000,0,NULL,NULL,11291,11291,0,NR-No Report
26-041196,2026-05-25 20:03:47.000,22,MON,25,20,C,NIGHT,EARLY,POLICE,TELEPHONE COMPLAINT,4,Phone,"MESARIS, MATTHEW",NULL,2026-05-25 20:03:45.000,2026-05-25 20:14:00.000,2026-05-25 20:11:52.000,487,485,2,2026-05-25 22:50:04.400,9492,9492,0,2026-05-25 20:11:53.000,488,486,2,2026-05-25 22:50:07.850,9979,9979,0,2026-05-25 22:50:07.850,3,3,0,2026-05-25 22:54:43.060,276,275,1,2026-05-26 00:18:11.923,2026-05-26 00:18:11.923,0,NULL,2026-05-26 00:18:11.980,15266,15266,0,NR-No Report
26-041195,2026-05-25 20:03:54.000,22,MON,25,20,C,NIGHT,EARLY,POLICE,DRUG COMPLAINT IN PROG,2,Phone,"MARTINEZ, ESTHER","MCLEOD, DOUGLAS",2026-05-25 20:03:54.000,2026-05-25 20:08:21.000,2026-05-25 20:05:09.000,75,75,0,2026-05-25 20:09:46.300,277,277,0,2026-05-25 20:06:02.000,128,128,0,2026-05-25 20:09:49.947,352,352,0,2026-05-25 20:09:49.947,3,3,0,2026-05-25 20:16:01.570,372,371,1,2026-05-25 20:18:37.033,2026-05-25 20:18:54.423,0,NULL,2026-05-25 20:18:54.463,900,900,0,NR-No Report
26-012761,2026-05-25 20:11:01.000,22,MON,25,20,C,NIGHT,EARLY,FIRE,FIRE ALARM,3,E-911,"MARTINEZ, ESTHER",Automatic Dispatch,2026-05-25 20:11:01.000,2026-05-25 20:12:26.000,2026-05-25 20:12:07.000,66,66,0,2026-05-25 20:12:09.347,2,2,0,2026-05-25 20:13:36.000,155,155,0,2026-05-25 20:12:19.887,68,68,0,2026-05-25 20:12:19.887,10,10,0,2026-05-25 20:19:56.933,457,457,0,2026-05-25 20:37:03.397,2026-05-25 20:37:03.397,0,NULL,2026-05-25 20:37:04.013,1562,1562,0,UNDEFINED
26-041198,2026-05-25 20:14:03.000,22,MON,25,20,C,NIGHT,EARLY,POLICE,ASSIST CITIZEN PROMPT,3,E-911,"HARDING, AUTUMN",NULL,2026-05-25 20:14:03.000,2026-05-25 20:18:38.000,2026-05-25 20:14:47.000,44,44,0,2026-05-25 20:19:03.907,256,256,0,2026-05-25 20:16:47.000,164,164,0,2026-05-25 20:19:03.963,300,300,0,2026-05-25 20:19:03.963,0,0,0,2026-05-25 20:19:26.677,23,22,1,2026-05-25 20:37:25.093,2026-05-26 01:02:56.280,0,NULL,2026-05-26 01:02:56.357,17333,17333,0,NR-No Report
26-012762,2026-05-25 20:31:12.000,22,MON,25,20,C,NIGHT,EARLY,FIRE,FIRE ALARM,3,Phone,"MARTINEZ, ESTHER",Automatic Dispatch,2026-05-25 20:31:10.000,2026-05-25 20:32:45.000,2026-05-25 20:32:22.000,72,70,2,2026-05-25 20:32:24.730,2,2,0,2026-05-25 20:33:16.000,126,124,2,2026-05-25 20:33:55.637,74,74,0,2026-05-25 20:33:55.637,91,90,1,2026-05-25 20:38:11.493,256,255,1,2026-05-25 20:40:10.330,2026-05-25 20:40:10.330,0,NULL,2026-05-25 20:40:11.050,540,540,0,UNDEFINED
26-041200,2026-05-25 20:32:02.000,22,MON,25,20,C,NIGHT,EARLY,POLICE,SUSPICIOUS EVENT,2,Phone,"ANDERSON, MARILYN","MCLEOD, DOUGLAS",2026-05-25 20:32:00.000,2026-05-25 20:32:54.000,2026-05-25 20:32:24.000,24,22,2,2026-05-25 20:43:07.720,643,643,0,2026-05-25 20:35:49.000,229,227,2,2026-05-25 20:43:12.987,667,667,0,2026-05-25 20:43:12.987,5,5,0,2026-05-25 20:59:06.253,954,953,1,2026-05-25 20:44:07.707,2026-05-25 21:04:11.347,0,NULL,2026-05-25 21:04:11.423,1931,1931,0,NR-No Report
26-012763,2026-05-25 20:32:09.000,22,MON,25,20,C,NIGHT,EARLY,EMS,BLS EMERGENCY,3,Phone,"MESARIS, MATTHEW","LEWIS, LESLIE",2026-05-25 20:32:08.000,2026-05-25 20:33:46.000,2026-05-25 20:33:18.000,70,69,1,2026-05-25 20:33:20.683,2,2,0,2026-05-25 20:33:24.000,76,75,1,2026-05-25 20:33:39.137,72,72,0,2026-05-25 20:33:39.137,19,18,1,2026-05-25 20:33:46.330,7,7,0,2026-05-25 20:35:26.250,2026-05-25 21:21:08.897,0,NULL,2026-05-25 21:21:09.000,2940,2940,0,UNDEFINED
26-041202,2026-05-25 20:38:36.000,22,MON,25,20,C,NIGHT,EARLY,POLICE,WEAPON VIOL GUN IN PROG,2,E-911,"MESARIS, MATTHEW","MCLEOD, DOUGLAS",2026-05-25 20:38:36.000,2026-05-25 20:40:45.000,2026-05-25 20:40:41.000,125,125,0,2026-05-25 20:41:53.653,72,72,0,2026-05-25 20:42:17.000,221,221,0,2026-05-25 20:41:57.950,197,197,0,2026-05-25 20:41:57.950,4,4,0,2026-05-25 20:56:14.770,857,856,1,2026-05-25 21:11:30.583,2026-05-25 21:11:30.583,0,NULL,2026-05-25 21:11:30.637,1974,1974,0,NR-No Report
26-041201,2026-05-25 20:39:08.000,22,MON,25,20,C,NIGHT,EARLY,POLICE,ALARM COMMERCIAL,1,Phone,"HARDING, AUTUMN",NULL,2026-05-25 20:39:06.000,2026-05-25 20:40:02.000,2026-05-25 20:39:55.000,49,47,2,2026-05-25 20:40:12.810,17,17,0,2026-05-25 20:40:44.000,98,96,2,2026-05-25 20:40:41.447,66,66,0,2026-05-25 20:40:41.447,29,28,1,2026-05-25 20:44:55.433,254,253,1,2026-05-25 20:49:57.970,2026-05-25 21:01:11.963,0,NULL,2026-05-25 21:01:12.050,1325,1325,0,FALSE-False Alarm
26-012764,2026-05-25 20:39:14.000,22,MON,25,20,C,NIGHT,EARLY,EMS,FALL BLS,3,E-911,"MARTINEZ, ESTHER",Automatic Dispatch,2026-05-25 20:39:13.000,2026-05-25 20:40:37.000,2026-05-25 20:40:29.000,76,75,1,2026-05-25 20:40:32.367,3,3,0,2026-05-25 20:42:49.000,216,215,1,2026-05-25 20:41:49.757,79,79,0,2026-05-25 20:41:49.757,77,77,0,2026-05-25 20:55:27.013,818,817,1,2026-05-25 21:01:14.423,2026-05-25 21:01:14.423,0,NULL,2026-05-25 21:01:14.503,1321,1321,0,UNDEFINED
26-041203,2026-05-25 20:42:50.000,22,MON,25,20,C,NIGHT,EARLY,POLICE,DISORDERLY CONDUCT,2,Phone,"MARTINEZ, ESTHER","MCLEOD, DOUGLAS",2026-05-25 20:42:50.000,2026-05-25 20:43:39.000,2026-05-25 20:43:25.000,35,35,0,2026-05-25 20:46:30.983,185,185,0,2026-05-25 20:46:19.000,209,209,0,2026-05-25 20:46:31.047,220,220,0,2026-05-25 20:46:31.047,1,0,1,2026-05-25 20:52:54.527,383,383,0,NULL,2026-05-25 21:20:55.000,0,NULL,NULL,2285,2285,0,NR-No Report
26-041204,2026-05-25 20:43:41.000,22,MON,25,20,C,NIGHT,EARLY,POLICE,SHOPLIFTING HOLDING SUSPECT,2,Phone,"HARDING, AUTUMN",NULL,2026-05-25 20:43:41.000,2026-05-25 20:44:23.000,2026-05-25 20:44:16.000,35,35,0,2026-05-25 20:45:03.003,47,47,0,2026-05-25 20:45:47.000,126,126,0,2026-05-25 20:45:03.050,82,82,0,2026-05-25 20:45:03.050,0,0,0,2026-05-25 20:52:35.137,452,452,0,2026-05-25 22:01:42.630,2026-05-26 02:18:41.093,0,NULL,2026-05-26 02:18:41.137,20100,20100,0,RE-Report
26-012765,2026-05-25 20:50:35.000,22,MON,25,20,C,NIGHT,EARLY,EMS,BLS EMERGENCY,3,Radio,"MCLEOD, DOUGLAS",Automatic Dispatch,2026-05-25 20:50:33.000,2026-05-25 20:51:05.000,2026-05-25 20:50:57.000,24,22,2,2026-05-25 20:51:00.160,3,3,0,2026-05-25 20:54:04.000,211,209,2,2026-05-25 20:52:04.843,27,27,0,2026-05-25 20:52:04.843,64,64,0,2026-05-25 21:11:45.133,1181,1180,1,2026-05-25 21:45:25.753,2026-05-25 21:45:25.753,0,NULL,2026-05-25 21:45:25.980,3292,3292,0,UNDEFINED
26-041205,2026-05-25 20:52:17.000,22,MON,25,20,C,NIGHT,EARLY,POLICE,SUSPICIOUS EVENT,2,Phone,"MESARIS, MATTHEW","MCLEOD, DOUGLAS",2026-05-25 20:52:17.000,2026-05-25 20:54:30.000,2026-05-25 20:53:33.000,76,76,0,2026-05-25 21:04:15.863,642,642,0,2026-05-25 20:54:20.000,123,123,0,2026-05-25 21:04:15.907,718,718,0,2026-05-25 21:04:15.907,0,0,0,2026-05-25 21:31:01.367,1606,1605,1,2026-05-25 21:38:50.680,2026-05-25 21:38:50.680,0,NULL,2026-05-25 21:38:50.770,2793,2793,0,NR-No Report
26-041206,2026-05-25 20:58:18.000,22,MON,25,20,C,NIGHT,EARLY,POLICE,ROBBERY FROM PERSON IN PROG,1,Phone,"MARTINEZ, ESTHER",NULL,2026-05-25 20:58:17.000,2026-05-25 20:59:20.000,2026-05-25 20:59:12.000,55,54,1,2026-05-25 21:01:51.207,159,159,0,2026-05-25 21:01:24.000,187,186,1,2026-05-25 21:01:51.257,214,214,0,2026-05-25 21:01:51.257,0,0,0,2026-05-25 21:09:26.670,455,455,0,2026-05-25 21:17:37.650,2026-05-26 01:12:30.973,0,NULL,2026-05-26 01:12:31.177,15253,15253,0,RE-Report
26-041209,2026-05-25 20:59:12.000,22,MON,25,20,C,NIGHT,EARLY,POLICE,SUSPICIOUS EVENT,4,E-911,"MESARIS, MATTHEW","HARDING, AUTUMN",2026-05-25 20:59:12.000,2026-05-25 21:16:11.000,2026-05-25 21:04:00.000,288,288,0,2026-05-25 22:42:16.660,5896,5896,0,2026-05-25 21:04:01.000,289,289,0,2026-05-25 22:42:30.707,6184,6184,0,2026-05-25 22:42:30.707,14,14,0,2026-05-25 22:46:52.050,262,261,1,2026-05-25 23:40:33.430,2026-05-25 23:40:57.000,0,NULL,2026-05-25 23:40:57.027,9705,9705,0,NR-No Report
26-041207,2026-05-25 21:01:35.000,22,MON,25,21,C,NIGHT,EARLY,POLICE,SUSPICIOUS EVENT,2,Phone,"ANDERSON, MARILYN","LEWIS, LESLIE",2026-05-25 21:01:33.000,2026-05-25 21:04:41.000,2026-05-25 21:02:18.000,45,43,2,2026-05-25 21:46:42.887,2664,2664,0,2026-05-25 21:08:25.000,412,410,2,2026-05-25 21:46:45.537,2709,2709,0,2026-05-25 21:46:45.537,3,2,1,2026-05-26 02:06:01.537,15556,15555,1,2026-05-25 21:47:24.737,2026-05-26 02:19:54.487,0,NULL,2026-05-26 02:19:54.543,19101,19101,0,NR-No Report
26-041208,2026-05-25 21:02:48.000,22,MON,25,21,C,NIGHT,EARLY,POLICE,TRESPASSING IN PROG,2,E-911,"HARDING, AUTUMN",NULL,2026-05-25 21:02:47.000,2026-05-25 21:04:54.000,2026-05-25 21:03:24.000,37,36,1,2026-05-25 21:59:33.453,3369,3369,0,2026-05-25 21:06:02.000,195,194,1,2026-05-25 21:59:51.413,3406,3406,0,2026-05-25 21:59:51.413,18,17,1,2026-05-25 22:17:21.063,1050,1049,1,2026-05-25 22:32:21.567,2026-05-26 01:02:25.983,0,NULL,2026-05-26 01:02:26.073,14378,14378,0,RE-Report
26-012766,2026-05-25 21:06:03.690,22,MON,25,21,C,NIGHT,EARLY,EMS,BLS EMERGENCY,3,Phone,"MARTINEZ, ESTHER",Automatic Dispatch,2026-05-25 21:06:03.690,2026-05-25 21:06:26.000,2026-05-25 21:06:03.690,0,0,0,2026-05-25 21:06:06.210,3,2,1,2026-05-25 21:06:03.690,0,NULL,0,2026-05-25 21:07:14.043,3,2,1,2026-05-25 21:07:14.043,68,67,1,2026-05-25 21:11:34.847,260,260,0,2026-05-25 21:22:45.653,2026-05-25 21:22:45.653,0,NULL,2026-05-25 21:22:45.767,1002,1001,1,UNDEFINED
26-041210,2026-05-25 21:12:01.000,22,MON,25,21,C,NIGHT,EARLY,POLICE,TROUBLE UNKNOWN NO EMS,1,E-911,"ANDERSON, MARILYN","MCLEOD, DOUGLAS",2026-05-25 21:12:00.000,2026-05-25 21:14:11.000,2026-05-25 21:13:09.000,69,68,1,2026-05-25 21:19:46.727,397,397,0,2026-05-25 21:15:41.000,221,220,1,2026-05-25 21:19:46.780,466,466,0,2026-05-25 21:19:46.780,0,0,0,2026-05-25 21:23:05.523,199,198,1,2026-05-25 21:26:01.640,2026-05-25 22:45:52.587,0,NULL,2026-05-25 22:45:52.660,5632,5632,0,NR-No Report
26-041211,2026-05-25 21:14:00.000,22,MON,25,21,C,NIGHT,EARLY,POLICE,TROUBLE UNKNOWN NO EMS,1,E-911,"HARDING, AUTUMN",NULL,2026-05-25 21:14:00.000,2026-05-25 21:15:16.000,2026-05-25 21:15:11.000,71,71,0,2026-05-25 21:17:03.357,112,112,0,2026-05-25 21:15:45.000,105,105,0,2026-05-25 21:17:03.400,183,183,0,2026-05-25 21:17:03.400,0,0,0,2026-05-25 21:22:18.980,315,315,0,2026-05-25 21:28:37.160,2026-05-25 22:08:47.037,0,NULL,2026-05-25 22:08:47.133,3287,3287,0,NR-No Report
26-041212,2026-05-25 21:18:21.000,22,MON,25,21,C,NIGHT,EARLY,POLICE,ALARM COMMERCIAL,2,Text,"HARDING, AUTUMN","HARDING, AUTUMN",2026-05-25 21:18:19.000,2026-05-25 21:20:20.000,2026-05-25 21:19:01.000,42,40,2,2026-05-25 21:29:33.260,632,632,0,2026-05-25 21:20:19.000,120,118,2,2026-05-25 21:29:37.813,674,674,0,2026-05-25 21:29:37.813,4,4,0,2026-05-25 21:30:32.257,55,54,1,2026-05-25 21:36:09.480,2026-05-25 22:20:53.497,0,NULL,2026-05-25 22:20:53.533,3754,3754,0,FALSE-False Alarm
26-012768,2026-05-25 21:21:46.000,22,MON,25,21,C,NIGHT,EARLY,FIRE,CO ALARM,2,Phone,"MARTINEZ, ESTHER","LEWIS, LESLIE",2026-05-25 21:21:45.000,2026-05-25 21:31:05.000,2026-05-25 21:22:35.000,50,49,1,2026-05-25 21:22:37.573,2,2,0,2026-05-25 21:24:24.000,159,158,1,2026-05-25 21:23:52.300,52,52,0,2026-05-25 21:23:52.300,75,74,1,2026-05-25 21:31:03.330,431,431,0,2026-05-25 21:27:15.393,2026-05-25 21:29:32.243,1,2026-05-25 21:30:53.220,2026-05-25 21:32:51.743,467,666,-199,UNDEFINED
26-012769,2026-05-25 21:22:17.000,22,MON,25,21,C,NIGHT,EARLY,EMS,BLS EMERGENCY,3,Phone,"ANDERSON, MARILYN",Automatic Dispatch,2026-05-25 21:22:16.000,2026-05-25 21:22:53.000,2026-05-25 21:22:42.000,26,25,1,2026-05-25 21:22:44.873,2,2,0,2026-05-25 21:24:59.000,163,162,1,2026-05-25 21:23:45.747,28,28,0,2026-05-25 21:23:45.747,61,60,1,2026-05-25 21:26:17.400,152,151,1,2026-05-25 21:38:18.977,2026-05-25 22:15:04.203,0,NULL,2026-05-25 22:15:04.280,3168,3168,0,CAD2CAD
26-041217,2026-05-25 21:44:55.000,22,MON,25,21,C,NIGHT,EARLY,POLICE,PARKING COMPLAINT,4,Phone,"ANDERSON, MARILYN","HARDING, AUTUMN",2026-05-25 21:44:53.000,2026-05-25 21:57:13.000,2026-05-25 21:46:01.000,68,66,2,2026-05-25 23:15:24.503,5363,5363,0,2026-05-25 21:47:18.000,145,143,2,2026-05-25 23:15:27.970,5431,5431,0,2026-05-25 23:15:27.970,3,3,0,2026-05-25 23:20:14.037,287,286,1,2026-05-25 23:26:37.850,2026-05-25 23:26:37.850,0,NULL,2026-05-25 23:26:37.893,6104,6104,0,NR-No Report
26-041218,2026-05-25 21:46:35.000,22,MON,25,21,C,NIGHT,EARLY,POLICE,SUSPICIOUS EVENT,2,E-911,"MESARIS, MATTHEW",NULL,2026-05-25 21:46:35.000,2026-05-25 21:55:37.000,2026-05-25 21:47:45.000,70,70,0,2026-05-25 21:58:20.800,635,635,0,2026-05-25 21:49:04.000,149,149,0,2026-05-25 21:58:25.327,705,705,0,2026-05-25 21:58:25.327,5,4,1,2026-05-25 22:12:11.770,826,826,0,2026-05-25 22:10:40.260,2026-05-25 23:22:34.107,0,NULL,2026-05-25 23:22:34.163,5759,5759,0,NR-No Report
26-041219,2026-05-25 21:47:56.000,22,MON,25,21,C,NIGHT,EARLY,POLICE,WEAPON VIOL GUN IN PROG,2,E-911,"MARTINEZ, ESTHER",NULL,2026-05-25 21:47:56.000,2026-05-26 20:59:39.000,2026-05-25 21:48:32.000,36,36,0,2026-05-25 21:49:41.680,69,69,0,2026-05-25 21:52:29.000,273,273,0,2026-05-25 21:49:41.680,105,105,0,2026-05-25 21:49:41.680,0,0,0,2026-05-25 21:52:22.113,161,160,1,2026-05-25 22:00:15.853,2026-05-25 23:30:12.483,1,2026-05-26 20:59:22.823,2026-05-27 01:32:46.260,6136,13490,-7354,RE-Report
26-012771,2026-05-25 21:56:24.000,22,MON,25,21,C,NIGHT,EARLY,EMS,FALL BLS,3,E-911,"MARTINEZ, ESTHER",Automatic Dispatch,2026-05-25 21:56:23.000,2026-05-25 21:57:13.000,2026-05-25 21:56:59.000,36,35,1,2026-05-25 21:57:01.803,2,2,0,2026-05-25 22:00:08.000,225,224,1,2026-05-25 21:59:30.910,38,38,0,2026-05-25 21:59:30.910,149,149,0,2026-05-25 22:05:59.707,389,388,1,2026-05-25 22:53:39.540,2026-05-25 22:53:39.540,0,NULL,2026-05-25 22:53:39.620,3436,3436,0,UNDEFINED
26-041220,2026-05-25 21:56:38.000,22,MON,25,21,C,NIGHT,EARLY,POLICE,NOISE COMPLAINT IN PROG,4,Phone,"MCLEOD, DOUGLAS","HARDING, AUTUMN",2026-05-25 21:56:37.000,2026-05-25 21:57:20.000,2026-05-25 21:57:05.000,28,27,1,2026-05-25 22:58:35.147,3690,3690,0,2026-05-25 21:57:41.000,64,63,1,2026-05-25 22:58:38.507,3718,3718,0,2026-05-25 22:58:38.507,3,3,0,2026-05-25 23:00:53.370,135,134,1,2026-05-25 23:02:33.957,2026-05-25 23:09:03.973,0,NULL,2026-05-25 23:09:04.047,4346,4346,0,NR-No Report
26-041221,2026-05-25 22:00:15.000,22,MON,25,22,C,NIGHT,MIDS,POLICE,MVC HIT/RUN NO INJURY,2,E-911,"MCLEOD, DOUGLAS","HARDING, AUTUMN",2026-05-25 22:00:15.000,2026-05-25 22:02:21.000,2026-05-25 22:01:47.000,92,92,0,2026-05-25 22:02:43.530,56,56,0,2026-05-25 22:01:54.000,99,99,0,2026-05-25 22:03:17.860,148,148,0,2026-05-25 22:03:17.860,34,34,0,2026-05-25 22:12:28.037,551,550,1,2026-05-25 22:25:24.377,2026-05-25 22:25:24.377,0,NULL,2026-05-25 22:25:24.417,1509,1509,0,NR-No Report
26-012773,2026-05-25 22:00:16.000,22,MON,25,22,C,NIGHT,MIDS,EMS,INJURED PERSON BLS,3,E-911,"MESARIS, MATTHEW","LEWIS, LESLIE",2026-05-25 22:00:16.000,2026-05-25 22:05:23.000,2026-05-25 22:02:34.000,138,138,0,2026-05-25 22:02:36.933,2,2,0,2026-05-25 22:02:34.000,138,NULL,138,2026-05-25 22:05:21.693,140,140,0,2026-05-25 22:05:21.693,165,0,165,2026-05-25 22:11:17.140,356,355,1,2026-05-25 22:03:52.910,2026-05-25 22:03:52.910,1,2026-05-25 22:05:12.310,2026-05-25 22:26:05.950,216,1549,-1333,UNDEFINED
26-041222,2026-05-25 22:14:17.000,22,MON,25,22,C,NIGHT,MIDS,POLICE,SUSPICIOUS EVENT,2,Phone,"MESARIS, MATTHEW","HARDING, AUTUMN",2026-05-25 22:14:16.000,2026-05-25 22:17:33.000,2026-05-25 22:17:26.000,190,189,1,2026-05-25 22:30:58.263,812,812,0,2026-05-25 22:17:29.000,193,192,1,2026-05-25 22:31:11.053,1002,1002,0,2026-05-25 22:31:11.053,13,12,1,2026-05-25 22:33:12.767,121,121,0,2026-05-25 22:37:55.900,2026-05-25 22:39:58.317,0,NULL,2026-05-25 22:39:58.370,1542,1542,0,NR-No Report
26-012774,2026-05-25 22:17:13.000,22,MON,25,22,C,NIGHT,MIDS,FIRE,FIRE ALARM,3,E-911,"ANDERSON, MARILYN",Automatic Dispatch,2026-05-25 22:17:12.000,2026-05-25 22:19:09.000,2026-05-25 22:18:10.000,58,57,1,2026-05-25 22:18:12.967,2,2,0,2026-05-25 22:23:07.000,355,354,1,2026-05-25 22:19:57.237,60,60,0,2026-05-25 22:19:57.237,105,104,1,2026-05-25 22:25:22.020,325,324,1,2026-05-25 22:42:21.080,2026-05-25 22:42:21.080,0,NULL,2026-05-25 22:42:21.337,1509,1509,0,UNDEFINED
26-041223,2026-05-25 22:21:21.000,22,MON,25,22,C,NIGHT,MIDS,POLICE,ADMINISTRATIVE TASK,2,Phone,"MARTINEZ, ESTHER","HARDING, AUTUMN",2026-05-25 22:21:20.000,2026-05-25 22:24:57.000,2026-05-25 22:22:15.000,55,54,1,2026-05-25 22:41:52.650,1177,1177,0,2026-05-25 22:22:25.000,65,64,1,2026-05-25 22:43:06.187,1232,1232,0,2026-05-25 22:43:06.187,74,7,67,2026-05-25 23:00:18.423,1032,1032,0,2026-05-25 22:43:02.303,2026-05-25 23:35:23.860,0,NULL,2026-05-25 23:35:23.903,4443,4443,0,NR-No Report
26-012775,2026-05-25 22:30:06.000,22,MON,25,22,C,NIGHT,MIDS,FIRE,FIRE ALARM,3,E-911,"MESARIS, MATTHEW",Automatic Dispatch,2026-05-25 22:30:04.000,2026-05-25 22:31:30.000,2026-05-25 22:31:18.000,74,72,2,2026-05-25 22:31:20.213,2,2,0,2026-05-25 22:41:31.000,687,685,2,2026-05-25 22:33:08.720,76,76,0,2026-05-25 22:33:08.720,108,108,0,2026-05-25 22:39:24.137,376,375,1,2026-05-25 23:19:52.670,2026-05-25 23:19:52.670,0,NULL,2026-05-25 23:19:53.547,2988,2988,0,UNDEFINED
26-041224,2026-05-25 22:45:42.000,22,MON,25,22,C,NIGHT,MIDS,POLICE,NOISE COMPLAINT IN PROG,4,Phone,"WATSON, JOANNE","HARDING, AUTUMN",2026-05-25 22:45:41.000,2026-05-25 22:49:54.000,2026-05-25 22:49:16.000,215,214,1,2026-05-25 23:36:19.690,2823,2823,0,2026-05-25 22:49:24.000,223,222,1,2026-05-25 23:36:25.953,3038,3038,0,2026-05-25 23:36:25.953,6,6,0,2026-05-25 23:37:58.327,93,92,1,2026-05-25 23:36:49.860,2026-05-25 23:55:10.927,0,NULL,2026-05-25 23:55:10.927,4169,4170,-1,NR-No Report
26-041225,2026-05-25 22:53:53.000,22,MON,25,22,C,NIGHT,MIDS,POLICE,DISORDERLY CONDUCT,2,Phone,"WATSON, JOANNE","HARDING, AUTUMN",2026-05-25 22:53:51.000,2026-05-25 22:56:45.000,2026-05-25 22:55:55.000,124,122,2,2026-05-25 23:10:25.260,870,870,0,2026-05-25 22:55:57.000,126,124,2,2026-05-25 23:10:25.300,994,994,0,2026-05-25 23:10:25.300,0,0,0,2026-05-26 00:12:28.490,3723,3723,0,2026-05-26 00:22:24.783,2026-05-26 00:22:24.783,0,NULL,2026-05-26 00:22:24.847,5313,5313,0,NR-No Report
26-041226,2026-05-25 23:10:38.000,22,MON,25,23,C,NIGHT,MIDS,POLICE,TROUBLE UNKNOWN EMS,2,E-911,"MESARIS, MATTHEW","HARDING, AUTUMN",2026-05-25 23:10:37.000,2026-05-25 23:11:44.000,2026-05-25 23:11:35.000,58,57,1,2026-05-25 23:12:16.613,41,41,0,2026-05-25 23:44:38.000,2041,2040,1,2026-05-25 23:12:25.550,99,99,0,2026-05-25 23:12:25.550,9,2,7,2026-05-25 23:12:44.700,19,19,0,2026-05-26 00:12:02.390,2026-05-26 00:21:28.703,0,NULL,2026-05-26 00:21:28.753,4251,4251,0,NR-No Report
26-041228,2026-05-25 23:11:13.000,22,MON,25,23,C,NIGHT,MIDS,POLICE,MENTAL HEALTH CASE,2,E-911,"ANDERSON, MARILYN",NULL,2026-05-25 23:11:12.000,2026-05-25 23:35:27.000,2026-05-25 23:14:17.000,185,184,1,2026-05-25 23:15:50.247,93,93,0,2026-05-25 23:17:09.000,357,356,1,2026-05-25 23:15:53.057,278,278,0,2026-05-25 23:15:53.057,3,2,1,2026-05-25 23:26:36.907,643,643,0,2026-05-25 23:52:34.977,2026-05-25 23:52:34.977,0,NULL,2026-05-25 23:52:35.067,2482,2482,0,NR-No Report
26-012777,2026-05-25 23:11:35.000,22,MON,25,23,C,NIGHT,MIDS,EMS,UNKNOWN MEDICAL ALS 1,1,Phone,"MESARIS, MATTHEW",Automatic Dispatch,2026-05-25 23:11:35.000,2026-05-25 23:11:45.000,2026-05-25 23:11:35.000,0,NULL,0,2026-05-25 23:11:38.037,3,3,0,2026-05-25 23:11:35.000,0,0,0,2026-05-25 23:12:23.350,3,3,0,2026-05-25 23:12:23.350,45,45,0,2026-05-25 23:17:11.267,288,287,1,2026-05-25 23:23:32.643,2026-05-25 23:27:37.990,0,NULL,2026-05-25 23:27:38.080,962,962,0,UNDEFINED
26-041229,2026-05-25 23:34:13.000,22,MON,25,23,C,NIGHT,MIDS,POLICE,SUBJECT STOP,2,OFFICER,"HARDING, AUTUMN","HARDING, AUTUMN",2026-05-25 23:34:13.000,2026-05-25 23:43:01.303,2026-05-25 23:34:13.000,0,0,0,2026-05-25 23:34:13.000,0,0,0,2026-05-25 23:34:13.000,0,0,0,2026-05-25 23:44:39.263,0,0,0,2026-05-25 23:34:13.000,0,0,0,2026-05-25 23:34:13.000,0,0,0,2026-05-25 23:52:09.043,2026-05-25 23:52:25.417,0,NULL,2026-05-25 23:52:25.457,1092,1092,0,NR-No Report
26-041230,2026-05-25 23:36:45.000,22,MON,25,23,C,NIGHT,MIDS,POLICE,TROUBLE UNKNOWN NO EMS,2,Phone,"MARTINEZ, ESTHER","HARDING, AUTUMN",2026-05-25 23:36:45.000,2026-05-25 23:37:59.000,2026-05-25 23:37:22.000,37,37,0,2026-05-25 23:43:57.227,395,395,0,2026-05-25 23:38:52.000,127,127,0,2026-05-25 23:44:24.890,432,432,0,2026-05-25 23:44:24.890,27,27,0,2026-05-25 23:48:42.550,258,257,1,2026-05-26 00:02:50.250,2026-05-26 00:17:02.017,0,NULL,2026-05-26 00:17:02.100,2417,2417,0,NR-No Report
26-041231,2026-05-25 23:41:38.000,22,MON,25,23,C,NIGHT,MIDS,POLICE,ALARM COMMERCIAL,2,Phone,"MARTINEZ, ESTHER","HARDING, AUTUMN",2026-05-25 23:41:37.000,2026-05-25 23:43:29.000,2026-05-25 23:42:42.000,65,64,1,2026-05-25 23:48:29.510,347,347,0,2026-05-25 23:43:23.000,106,105,1,2026-05-25 23:48:32.307,412,412,0,2026-05-25 23:48:32.307,3,2,1,2026-05-25 23:57:14.280,522,521,1,2026-05-26 00:11:16.183,2026-05-26 00:11:16.183,0,NULL,2026-05-26 00:11:16.227,1779,1779,0,FALSE-False Alarm
26-041233,2026-05-26 00:11:00.000,22,TUE,26,0,C,NIGHT,MIDS,POLICE,OCCUPIED VEHICLE CHECK,2,OFFICER,"HARDING, AUTUMN",NULL,2026-05-26 00:11:00.000,2026-05-26 00:13:50.000,2026-05-26 00:11:00.000,0,0,0,2026-05-26 00:11:00.000,0,0,0,2026-05-26 00:11:00.000,0,0,0,2026-05-26 00:11:12.503,0,0,0,2026-05-26 00:11:00.000,0,0,0,2026-05-26 00:11:00.000,0,0,0,2026-05-26 00:11:55.017,2026-05-26 00:15:00.017,0,NULL,2026-05-26 00:15:00.037,240,240,0,NR-No Report
26-041234,2026-05-26 00:43:40.000,22,TUE,26,0,C,NIGHT,MIDS,POLICE,TRAFFIC STOP,2,OFFICER,"LEWIS, LESLIE","LEWIS, LESLIE",2026-05-26 00:43:40.000,2026-05-26 00:43:43.000,2026-05-26 00:43:40.000,0,0,0,2026-05-26 00:43:40.000,0,0,0,2026-05-26 00:43:40.000,0,0,0,2026-05-26 00:43:51.880,0,0,0,2026-05-26 00:43:40.000,0,0,0,2026-05-26 00:43:40.000,0,0,0,2026-05-26 00:47:54.683,2026-05-26 00:57:39.653,0,NULL,2026-05-26 00:57:39.693,839,839,0,NR-No Report
26-041235,2026-05-26 00:45:46.000,22,TUE,26,0,C,NIGHT,MIDS,POLICE,TRAFFIC STOP,2,OFFICER,"LEWIS, LESLIE","LEWIS, LESLIE",2026-05-26 00:45:46.000,2026-05-26 00:46:39.000,2026-05-26 00:45:46.000,0,0,0,2026-05-26 00:45:46.000,0,0,0,2026-05-26 00:45:46.000,0,0,0,2026-05-26 00:46:37.613,0,0,0,2026-05-26 00:45:46.000,0,0,0,2026-05-26 00:45:46.000,0,0,0,2026-05-26 00:57:21.917,2026-05-26 01:00:06.277,0,NULL,2026-05-26 01:00:06.343,860,860,0,CI-Citation
26-041236,2026-05-26 00:46:10.000,22,TUE,26,0,C,NIGHT,MIDS,POLICE,TRAFFIC STOP,2,OFFICER,"LEWIS, LESLIE",NULL,2026-05-26 00:46:10.000,2026-05-26 00:46:15.000,2026-05-26 00:46:10.000,0,0,0,2026-05-26 00:46:10.000,0,0,0,2026-05-26 00:46:10.000,0,0,0,2026-05-26 00:46:27.080,0,0,0,2026-05-26 00:46:10.000,0,0,0,2026-05-26 00:46:10.000,0,0,0,2026-05-26 00:50:55.760,2026-05-26 00:55:22.967,0,NULL,2026-05-26 00:55:23.083,552,552,0,NR-No Report
26-041238,2026-05-26 00:49:11.000,22,TUE,26,0,C,NIGHT,MIDS,POLICE,POLICE INFORMATION,4,Phone,"WATSON, JOANNE","LEWIS, LESLIE",2026-05-26 00:49:09.000,2026-05-26 00:53:54.000,2026-05-26 00:52:44.000,215,213,2,2026-05-26 00:58:54.880,370,370,0,2026-05-26 00:52:52.000,223,221,2,2026-05-26 00:58:57.393,585,585,0,2026-05-26 00:58:57.393,3,2,1,2026-05-26 01:06:57.070,480,479,1,2026-05-26 02:59:32.023,2026-05-26 02:59:32.023,0,NULL,2026-05-26 02:59:32.083,7823,7823,0,RE-Report
26-041237,2026-05-26 00:49:20.000,22,TUE,26,0,C,NIGHT,MIDS,POLICE,ASSIST CITIZEN DELAY,4,Phone,"MCLEOD, DOUGLAS","LEWIS, LESLIE",2026-05-26 00:49:18.000,2026-05-26 00:50:47.000,2026-05-26 00:50:38.000,80,78,2,2026-05-26 01:00:45.577,607,607,0,2026-05-26 00:50:38.000,80,NULL,80,2026-05-26 01:00:45.627,687,687,0,2026-05-26 01:00:45.627,0,0,0,2026-05-26 01:00:45.663,0,0,0,2026-05-26 01:21:12.083,2026-05-26 01:21:12.083,0,NULL,2026-05-26 01:21:12.207,1914,1914,0,NR-No Report
26-041240,2026-05-26 01:02:32.000,22,TUE,26,1,C,NIGHT,MIDS,POLICE,DISORDERLY CONDUCT,2,E-911,"MCLEOD, DOUGLAS",NULL,2026-05-26 01:02:32.000,2026-05-26 01:05:37.000,2026-05-26 01:04:20.000,108,108,0,2026-05-26 01:05:40.767,80,80,0,2026-05-26 01:04:57.000,145,145,0,2026-05-26 01:05:49.250,188,188,0,2026-05-26 01:05:49.250,9,8,1,2026-05-26 01:07:13.553,84,84,0,2026-05-26 01:06:32.653,2026-05-26 01:25:14.597,0,NULL,2026-05-26 01:25:14.690,1362,1362,0,NR-No Report
26-041241,2026-05-26 01:28:00.000,22,TUE,26,1,C,NIGHT,MIDS,POLICE,ALARM COMMERCIAL,2,Phone,"WATSON, JOANNE","LEWIS, LESLIE",2026-05-26 01:27:59.000,2026-05-26 01:33:02.000,2026-05-26 01:29:29.000,90,89,1,2026-05-26 01:33:07.163,218,218,0,2026-05-26 01:29:31.000,92,91,1,2026-05-26 01:33:10.273,308,308,0,2026-05-26 01:33:10.273,3,3,0,2026-05-26 01:35:08.877,118,118,0,2026-05-26 01:39:48.080,2026-05-26 01:39:53.650,0,NULL,2026-05-26 01:39:53.703,714,714,0,FALSE-False Alarm
26-041242,2026-05-26 01:34:53.000,22,TUE,26,1,C,NIGHT,MIDS,POLICE,TRAFFIC STOP,2,OFFICER,"LEWIS, LESLIE","LEWIS, LESLIE",2026-05-26 01:34:53.000,2026-05-26 01:35:59.000,2026-05-26 01:34:53.000,0,0,0,2026-05-26 01:34:53.000,0,0,0,2026-05-26 01:34:53.000,0,0,0,2026-05-26 01:35:03.163,0,0,0,2026-05-26 01:34:53.000,0,0,0,2026-05-26 01:34:53.000,0,0,0,2026-05-26 01:40:51.477,2026-05-26 01:49:36.390,0,NULL,2026-05-26 01:49:36.390,883,883,0,NR-No Report
26-012778,2026-05-26 01:39:41.000,22,TUE,26,1,C,NIGHT,MIDS,FIRE,CO ALARM,2,E-911,"WATSON, JOANNE",Automatic Dispatch,2026-05-26 01:39:41.000,2026-05-26 01:41:15.000,2026-05-26 01:40:54.000,73,73,0,2026-05-26 01:40:57.087,3,3,0,2026-05-26 01:41:15.000,94,94,0,2026-05-26 01:42:51.417,76,76,0,2026-05-26 01:42:51.417,114,114,0,2026-05-26 01:45:54.090,183,182,1,2026-05-26 02:27:58.140,2026-05-26 02:27:58.140,0,NULL,2026-05-26 02:27:58.250,2897,2897,0,UNDEFINED
26-041243,2026-05-26 02:01:13.000,22,TUE,26,2,C,NIGHT,LATE,POLICE,ADMINISTRATIVE TASK,2,Phone,"WATSON, JOANNE","LEWIS, LESLIE",2026-05-26 02:01:11.000,2026-05-26 02:03:10.000,2026-05-26 02:02:43.000,92,90,2,2026-05-26 02:05:13.153,150,150,0,2026-05-26 02:02:53.000,102,100,2,2026-05-26 02:05:36.323,242,242,0,2026-05-26 02:05:36.323,23,23,0,2026-05-26 02:27:43.893,1327,1327,0,2026-05-26 03:21:51.323,2026-05-26 03:21:51.323,0,NULL,2026-05-26 03:21:51.377,4840,4840,0,NR-No Report
26-012779,2026-05-26 02:30:15.517,22,TUE,26,2,C,NIGHT,LATE,FIRE,MUTUAL AID,1,C2C,CAD to CAD Service 1,CAD to CAD Service 1,2026-05-26 02:29:11.000,2026-05-26 02:30:40.000,2026-05-26 02:30:15.907,64,0,64,2026-05-26 02:30:15.953,0,0,0,NULL,NULL,NULL,NULL,2026-05-26 02:31:56.290,64,101,-37,2026-05-26 02:31:56.290,101,63,38,2026-05-26 02:35:16.647,200,200,0,2026-05-26 02:40:48.393,2026-05-26 02:49:04.513,0,NULL,2026-05-26 02:49:04.643,1193,1193,0,UNDEFINED
26-041245,2026-05-26 02:31:18.000,22,TUE,26,2,C,NIGHT,LATE,POLICE,TRAFFIC STOP,2,Radio,"MCLEOD, DOUGLAS","MCLEOD, DOUGLAS",2026-05-26 02:31:18.000,2026-05-26 02:31:23.000,2026-05-26 02:31:18.000,0,0,0,2026-05-26 02:31:18.000,0,0,0,2026-05-26 02:31:18.000,0,0,0,2026-05-26 02:31:32.170,0,0,0,2026-05-26 02:31:18.000,0,0,0,2026-05-26 02:31:18.000,0,0,0,2026-05-26 02:33:37.233,2026-05-26 03:09:25.000,0,NULL,NULL,2287,2287,0,NR-No Report
26-041246,2026-05-26 02:42:10.000,22,TUE,26,2,C,NIGHT,LATE,POLICE,TRAFFIC STOP,2,OFFICER,"SUN, JEFF Y",NULL,2026-05-26 02:42:10.000,2026-05-26 02:42:23.000,2026-05-26 02:42:10.000,0,1,-1,2026-05-26 02:42:10.000,0,0,0,2026-05-26 02:42:10.000,0,NULL,0,2026-05-26 02:42:10.000,0,0,0,2026-05-26 02:42:10.000,0,0,0,2026-05-26 02:42:10.000,0,0,0,2026-05-26 02:46:20.407,2026-05-26 02:46:20.407,0,NULL,2026-05-26 02:46:20.473,250,250,0,NR-No Report
26-041248,2026-05-26 03:05:48.000,22,TUE,26,3,C,NIGHT,LATE,POLICE,SUSPICIOUS EVENT,2,Phone,"WATSON, JOANNE","MCLEOD, DOUGLAS",2026-05-26 03:05:46.000,2026-05-26 03:07:49.000,2026-05-26 03:07:12.000,86,84,2,2026-05-26 03:08:38.527,86,86,0,2026-05-26 03:07:16.000,90,88,2,2026-05-26 03:08:46.277,172,172,0,2026-05-26 03:08:46.277,8,7,1,2026-05-26 03:12:26.080,220,219,1,2026-05-26 03:22:00.827,2026-05-26 03:54:16.223,0,NULL,2026-05-26 03:54:16.283,2910,2910,0,NR-No Report
26-012780,2026-05-26 03:15:53.000,22,TUE,26,3,C,NIGHT,LATE,EMS,BLS EMERGENCY,3,E-911,"MARTINEZ, ESTHER",Automatic Dispatch,2026-05-26 03:15:52.000,2026-05-26 03:17:52.000,2026-05-26 03:17:13.000,81,80,1,2026-05-26 03:17:17.200,4,4,0,2026-05-26 03:20:22.000,270,269,1,2026-05-26 03:20:04.727,85,85,0,2026-05-26 03:20:04.727,167,167,0,2026-05-26 03:44:15.033,1451,1450,1,2026-05-26 04:20:08.693,2026-05-26 04:20:08.693,0,NULL,2026-05-26 04:20:08.787,3856,3856,0,UNDEFINED
26-041251,2026-05-26 03:49:09.000,22,TUE,26,3,C,NIGHT,LATE,POLICE,WARRANT SERVICE,2,Phone,"MARTINEZ, ESTHER",NULL,2026-05-26 03:49:08.000,2026-05-26 03:49:29.000,2026-05-26 03:49:21.000,13,12,1,2026-05-26 03:50:47.607,86,86,0,2026-05-26 03:52:15.000,187,186,1,2026-05-26 03:50:47.650,99,99,0,2026-05-26 03:50:47.650,0,0,0,2026-05-26 03:50:47.680,0,0,0,2026-05-26 05:03:14.223,2026-05-26 16:18:26.507,0,NULL,2026-05-26 16:18:26.507,44958,44958,0,NR-No Report
26-041252,2026-05-26 03:56:13.000,22,TUE,26,3,C,NIGHT,LATE,POLICE,TRAFFIC STOP,2,Radio,"LEWIS, LESLIE","LEWIS, LESLIE",2026-05-26 03:56:13.000,2026-05-26 03:58:59.000,2026-05-26 03:56:13.000,0,0,0,2026-05-26 03:56:13.000,0,0,0,2026-05-26 03:56:13.000,0,0,0,2026-05-26 04:00:13.073,0,0,0,2026-05-26 03:56:13.000,0,0,0,2026-05-26 03:56:13.000,0,0,0,2026-05-26 04:51:16.110,2026-05-26 04:51:16.110,0,NULL,2026-05-26 04:51:16.153,3303,3303,0,CI-Citation
26-041254,2026-05-26 04:12:34.000,22,TUE,26,4,C,NIGHT,LATE,POLICE,DOMESTIC VIOL NO INJ,2,E-911,"MARTINEZ, ESTHER","LEWIS, LESLIE",2026-05-26 04:12:33.000,2026-05-26 04:16:19.000,2026-05-26 04:15:25.000,172,171,1,2026-05-26 04:16:24.527,59,59,0,2026-05-26 04:18:53.000,380,379,1,2026-05-26 04:16:26.333,231,231,0,2026-05-26 04:16:26.333,2,1,1,2026-05-26 04:21:50.877,324,324,0,2026-05-26 06:14:08.053,2026-05-26 06:14:28.177,0,NULL,2026-05-26 06:14:28.240,7315,7315,0,NR-No Report
26-041256,2026-05-26 04:26:32.000,22,TUE,26,4,C,NIGHT,LATE,POLICE,MENTAL HEALTH CASE,2,Phone,"MCLEOD, DOUGLAS","LEWIS, LESLIE",2026-05-26 04:26:30.000,2026-05-26 04:28:12.000,2026-05-26 04:27:31.000,61,59,2,2026-05-26 04:30:54.923,203,203,0,2026-05-26 04:27:57.000,87,85,2,2026-05-26 04:31:16.530,264,264,0,2026-05-26 04:31:16.530,22,21,1,2026-05-26 04:32:49.120,93,92,1,2026-05-26 04:33:54.097,2026-05-26 04:51:49.710,0,NULL,2026-05-26 04:51:49.793,1519,1519,0,NR-No Report
26-041257,2026-05-26 04:47:03.000,22,TUE,26,4,C,NIGHT,LATE,POLICE,DWI - DRUNK/INTOX DRIVER,2,OFFICER,"MCLEOD, DOUGLAS","MCLEOD, DOUGLAS",2026-05-26 04:47:03.000,2026-05-26 05:03:56.000,2026-05-26 04:47:03.000,0,0,0,2026-05-26 04:47:03.000,0,0,0,2026-05-26 04:47:03.000,0,0,0,2026-05-26 04:47:11.870,0,0,0,2026-05-26 04:47:03.000,0,0,0,2026-05-26 04:47:03.000,0,0,0,2026-05-26 06:07:54.930,2026-05-26 13:04:22.310,0,NULL,2026-05-26 13:04:22.330,29839,29839,0,RE-Report
26-012781,2026-05-26 05:46:06.317,22,TUE,26,5,C,NIGHT,LATE,FIRE,MUTUAL FIRE ALARM,1,C2C,CAD to CAD Service 1,CAD to CAD Service 1,2026-05-26 05:44:53.000,NULL,2026-05-26 05:46:06.877,73,0,73,2026-05-26 05:46:06.973,0,0,0,NULL,NULL,NULL,NULL,2026-05-26 05:47:43.957,73,-9999,10072,2026-05-26 05:47:43.957,97,96,1,2026-05-26 05:51:23.177,220,219,1,2026-05-26 06:07:14.697,2026-05-26 06:09:45.353,0,NULL,2026-05-26 06:09:45.717,1492,1492,0,UNDEFINED
26-041262,2026-05-26 06:04:35.000,22,TUE,26,6,A,DAY,EARLY,POLICE,ASSIST OUTSIDE AGENCY,2,VCIN,"BONSU, VALERIE","BONSU, VALERIE",2026-05-26 06:04:35.000,2026-05-26 06:11:47.000,2026-05-26 06:05:45.000,70,70,0,2026-05-26 06:14:44.507,539,539,0,2026-05-26 06:11:33.000,418,418,0,2026-05-26 06:14:50.967,609,609,0,2026-05-26 06:14:50.967,6,6,0,2026-05-26 06:23:23.570,513,512,1,2026-05-26 07:17:16.520,2026-05-26 07:17:16.520,0,NULL,2026-05-26 07:17:16.623,4361,4361,0,NR-No Report
26-041263,2026-05-26 06:06:44.000,22,TUE,26,6,A,DAY,EARLY,POLICE,911 HANG UP,2,E-911,"WALKER, JUANITA","BONSU, VALERIE",2026-05-26 06:06:44.000,2026-05-26 06:15:27.000,2026-05-26 06:07:11.000,27,27,0,2026-05-26 06:18:16.957,665,665,0,2026-05-26 06:07:47.000,63,63,0,2026-05-26 06:18:22.840,692,692,0,2026-05-26 06:18:22.840,6,5,1,2026-05-26 06:21:40.880,198,198,0,2026-05-26 06:24:37.537,2026-05-26 06:25:45.717,0,NULL,2026-05-26 06:25:45.790,1141,1141,0,FALSE-False Alarm
26-012782,2026-05-26 06:07:04.000,22,TUE,26,6,A,DAY,EARLY,EMS,UNCONSCIOUS ALS 2,1,E-911,"JONES, DAESHA",Automatic Dispatch,2026-05-26 06:07:02.000,2026-05-26 06:08:14.000,2026-05-26 06:08:00.000,58,56,2,2026-05-26 06:08:21.347,21,21,0,2026-05-26 06:09:26.000,144,142,2,2026-05-26 06:09:35.133,79,79,0,2026-05-26 06:09:35.133,74,73,1,2026-05-26 06:16:47.740,432,432,0,2026-05-26 06:40:58.207,2026-05-26 07:47:09.623,0,NULL,2026-05-26 07:47:09.727,6007,6007,0,UNDEFINED
26-012783,2026-05-26 06:09:29.000,22,TUE,26,6,A,DAY,EARLY,EMS,UNKNOWN MEDICAL ALS 1,1,E-911,"JONES, DAESHA","GOODWIN, SHEENA",2026-05-26 06:09:27.000,2026-05-26 06:10:51.000,2026-05-26 06:10:30.000,63,61,2,2026-05-26 06:10:33.377,3,3,0,2026-05-26 06:14:02.000,275,273,2,2026-05-26 06:12:17.623,66,66,0,2026-05-26 06:12:17.623,104,63,41,2026-05-26 06:16:51.930,274,274,0,2026-05-26 06:14:13.380,2026-05-26 06:55:19.733,0,NULL,2026-05-26 06:55:19.843,2752,2752,0,UNDEFINED
26-041267,2026-05-26 06:19:40.000,22,TUE,26,6,A,DAY,EARLY,POLICE,WARRANT SERVICE,2,Radio,"BONSU, VALERIE","BONSU, VALERIE",2026-05-26 06:19:39.000,2026-05-26 06:20:02.000,2026-05-26 06:19:49.000,10,9,1,2026-05-26 06:19:54.667,5,5,0,2026-05-26 06:19:58.000,19,18,1,2026-05-26 06:19:54.757,15,15,0,2026-05-26 06:19:54.757,0,0,0,NULL,NULL,-9999,NULL,2026-05-26 07:14:23.263,2026-05-26 07:14:23.263,0,NULL,2026-05-26 07:14:23.297,3284,3284,0,NR-No Report
26-041268,2026-05-26 06:22:04.000,22,TUE,26,6,A,DAY,EARLY,POLICE,PARKING COMPLAINT,4,Phone,"PATTERSON, JAHAIRA",NULL,2026-05-26 06:22:03.000,NULL,2026-05-26 06:23:01.000,58,57,1,2026-05-26 06:35:51.993,770,770,0,2026-05-26 06:23:15.000,72,71,1,2026-05-26 06:35:51.993,828,828,0,2026-05-26 06:35:51.993,0,0,0,2026-05-26 07:21:44.017,2753,2752,1,2026-05-26 07:26:43.447,2026-05-26 07:26:43.447,0,NULL,2026-05-26 07:26:43.827,3880,3880,0,NR-No Report
26-041269,2026-05-26 06:27:15.000,22,TUE,26,6,A,DAY,EARLY,POLICE,TRAFFIC STOP,2,OFFICER,"BONSU, VALERIE","BONSU, VALERIE",2026-05-26 06:27:15.000,2026-05-26 06:27:20.000,2026-05-26 06:27:15.000,0,0,0,2026-05-26 06:27:15.000,0,0,0,2026-05-26 06:27:15.000,0,0,0,2026-05-26 06:27:53.780,0,0,0,2026-05-26 06:27:15.000,0,0,0,2026-05-26 06:27:15.000,0,0,0,2026-05-26 06:31:42.373,2026-05-26 06:31:45.120,0,NULL,2026-05-26 06:31:45.193,270,270,0,NR-No Report
26-012784,2026-05-26 06:29:42.000,22,TUE,26,6,A,DAY,EARLY,FIRE,FIRE ALARM,3,Phone,"PATTERSON, JAHAIRA",Automatic Dispatch,2026-05-26 06:29:40.000,2026-05-26 06:31:09.000,2026-05-26 06:30:41.000,61,59,2,2026-05-26 06:30:43.920,2,2,0,2026-05-26 06:30:41.000,61,NULL,61,2026-05-26 06:32:16.890,63,63,0,2026-05-26 06:32:16.890,93,92,1,NULL,NULL,-9999,NULL,2026-05-26 06:34:47.903,2026-05-26 06:34:47.903,0,NULL,2026-05-26 06:34:48.247,307,307,0,UNDEFINED
26-041270,2026-05-26 06:33:24.000,22,TUE,26,6,A,DAY,EARLY,POLICE,DISORDERLY CONDUCT,2,Phone,"PATTERSON, JAHAIRA","BONSU, VALERIE",2026-05-26 06:33:22.000,2026-05-26 06:37:29.000,2026-05-26 06:34:59.000,97,95,2,2026-05-26 06:51:22.730,983,983,0,2026-05-26 06:35:01.000,99,97,2,2026-05-26 06:51:28.583,1080,1080,0,2026-05-26 06:51:28.583,6,5,1,2026-05-26 06:58:20.690,412,412,0,2026-05-26 07:46:52.803,2026-05-26 07:53:41.640,0,NULL,2026-05-26 07:53:41.880,4819,4819,0,NR-No Report
26-041271,2026-05-26 06:40:16.000,22,TUE,26,6,A,DAY,EARLY,POLICE,LARCENY FROM AUTO DELAY,4,Phone,"JONES, DAESHA","WALKER, JUANITA",2026-05-26 06:40:14.000,2026-05-26 06:42:04.000,2026-05-26 06:41:07.000,53,51,2,2026-05-26 08:18:59.900,5872,5872,0,2026-05-26 06:42:27.000,133,131,2,2026-05-26 08:19:03.660,5925,5925,0,2026-05-26 08:19:03.660,4,3,1,2026-05-26 08:22:09.903,186,186,0,2026-05-26 09:50:35.407,2026-05-26 09:50:35.407,0,NULL,2026-05-26 09:50:35.463,11421,11421,0,NR-No Report
26-041273,2026-05-26 07:00:35.000,22,TUE,26,7,A,DAY,EARLY,POLICE,ALARM COMMERCIAL,1,Phone,"PATTERSON, JAHAIRA","BONSU, VALERIE",2026-05-26 07:00:33.000,2026-05-26 07:02:35.000,2026-05-26 07:01:11.000,38,36,2,2026-05-26 07:03:21.720,130,130,0,2026-05-26 07:07:45.000,432,430,2,2026-05-26 07:03:47.310,168,168,0,2026-05-26 07:03:47.310,26,14,12,NULL,NULL,-9999,NULL,NULL,2026-05-26 07:08:09.000,0,NULL,NULL,456,456,0,CN-Cancellation
26-041276,2026-05-26 07:01:16.000,22,TUE,26,7,A,DAY,EARLY,POLICE,DEST OF PROP OTH DELAY,4,Text,"WALKER, JUANITA",NULL,2026-05-26 07:01:13.000,2026-05-26 07:08:11.000,2026-05-26 07:07:42.000,389,386,3,2026-05-26 07:09:13.477,91,91,0,2026-05-26 07:08:43.000,450,447,3,2026-05-26 07:09:17.813,480,480,0,2026-05-26 07:09:17.813,4,4,0,2026-05-26 07:17:18.170,481,480,1,2026-05-26 08:22:26.803,2026-05-26 08:22:26.803,0,NULL,2026-05-26 08:22:26.857,4873,4873,0,NR-No Report
26-041275,2026-05-26 07:02:57.000,22,TUE,26,7,A,DAY,EARLY,POLICE,OFF DUTY DETAIL,8,OFFICER,"HETZNER, PHILIP H",NULL,2026-05-26 07:02:57.000,2026-05-26 08:09:10.000,2026-05-26 07:02:57.000,0,1,-1,2026-05-26 07:02:57.000,0,0,0,2026-05-26 07:02:57.000,0,NULL,0,2026-05-26 07:02:57.000,0,0,0,2026-05-26 07:02:57.000,0,0,0,2026-05-26 07:02:57.000,0,0,0,2026-05-26 10:52:31.737,2026-05-26 10:52:31.737,0,NULL,2026-05-26 10:52:31.790,13774,13774,0,NR-No Report
26-012785,2026-05-26 07:31:14.183,22,TUE,26,7,A,DAY,EARLY,EMS,MUTUAL ALS,1,C2C,CAD to CAD Service 1,CAD to CAD Service 1,2026-05-26 07:29:52.000,NULL,2026-05-26 07:31:14.577,82,0,82,2026-05-26 07:31:14.637,0,0,0,NULL,NULL,NULL,NULL,2026-05-26 07:31:51.333,82,-9999,10081,2026-05-26 07:31:51.333,37,36,1,2026-05-26 07:36:31.743,280,280,0,2026-05-26 07:41:13.550,2026-05-26 07:49:50.023,0,NULL,2026-05-26 07:49:50.090,1198,1198,0,UNDEFINED
26-041278,2026-05-26 07:39:17.000,22,TUE,26,7,A,DAY,EARLY,POLICE,ALARM RESIDENTIAL,2,Text,"JONES, DAESHA","BONSU, VALERIE",2026-05-26 07:39:15.000,2026-05-26 07:40:38.000,2026-05-26 07:39:31.000,16,14,2,2026-05-26 07:41:43.270,132,132,0,2026-05-26 07:42:05.000,170,168,2,2026-05-26 07:41:46.407,148,148,0,2026-05-26 07:41:46.407,3,3,0,2026-05-26 07:47:23.433,337,337,0,2026-05-26 08:05:47.160,2026-05-26 08:06:54.443,0,NULL,2026-05-26 08:06:54.537,1659,1659,0,NR-No Report
26-041279,2026-05-26 07:44:27.000,22,TUE,26,7,A,DAY,EARLY,POLICE,ALARM COMMERCIAL,2,Phone,"PATTERSON, JAHAIRA","BONSU, VALERIE",2026-05-26 07:44:26.000,2026-05-26 07:54:16.000,2026-05-26 07:44:57.000,31,30,1,2026-05-26 07:54:27.107,570,570,0,2026-05-26 07:46:05.000,99,98,1,2026-05-26 07:54:34.110,601,601,0,2026-05-26 07:54:34.110,7,7,0,2026-05-26 08:00:24.370,350,350,0,2026-05-26 07:54:52.307,2026-05-26 08:08:46.030,0,NULL,2026-05-26 08:08:46.063,1460,1460,0,FALSE-False Alarm
26-041280,2026-05-26 07:50:04.000,22,TUE,26,7,A,DAY,EARLY,POLICE,MVC PROPERTY DAMAGE,2,E-911,"WALKER, JUANITA","BONSU, VALERIE",2026-05-26 07:50:04.000,2026-05-26 07:55:19.000,2026-05-26 07:53:52.000,228,228,0,2026-05-26 07:55:30.010,98,98,0,2026-05-26 07:59:26.000,562,562,0,2026-05-26 07:55:32.177,326,326,0,2026-05-26 07:55:32.177,2,2,0,2026-05-26 08:07:09.693,697,697,0,2026-05-26 11:24:18.283,2026-05-26 11:24:18.283,0,NULL,2026-05-26 11:24:18.327,12854,12854,0,CI-Citation
26-012786,2026-05-26 07:55:57.553,22,TUE,26,7,A,DAY,EARLY,FIRE,MUTUAL FIRE ALARM,1,C2C,CAD to CAD Service 1,CAD to CAD Service 1,2026-05-26 07:55:32.000,2026-05-26 07:57:12.000,2026-05-26 07:55:57.943,25,0,25,2026-05-26 07:55:58.003,1,0,1,NULL,NULL,NULL,NULL,2026-05-26 07:57:19.087,26,-9999,10025,2026-05-26 07:57:19.087,81,74,7,2026-05-26 08:01:46.940,267,267,0,2026-05-26 08:03:18.400,2026-05-26 08:04:42.300,0,NULL,2026-05-26 08:04:42.317,550,550,0,CAD2CAD
26-012787,2026-05-26 07:58:53.787,22,TUE,26,7,A,DAY,EARLY,FIRE,MUTUAL FIRE ALARM,1,C2C,CAD to CAD Service 1,CAD to CAD Service 1,2026-05-26 07:58:35.000,NULL,2026-05-26 07:58:54.537,19,0,19,2026-05-26 07:58:54.583,0,0,0,NULL,NULL,NULL,NULL,2026-05-26 08:00:01.447,19,36,-17,2026-05-26 08:00:01.447,67,66,1,NULL,NULL,-9999,NULL,2026-05-26 08:00:33.437,2026-05-26 08:00:40.627,0,NULL,2026-05-26 08:00:40.753,125,125,0,UNDEFINED
26-041282,2026-05-26 08:04:53.000,22,TUE,26,8,A,DAY,EARLY,POLICE,TRNSPORT PRISONER MED LOCAL,4,Radio,"WALKER, JUANITA","WALKER, JUANITA",2026-05-26 08:04:53.000,2026-05-26 08:05:09.220,2026-05-26 08:04:53.000,0,0,0,2026-05-26 08:04:53.000,0,0,0,2026-05-26 08:04:53.000,0,0,0,NULL,0,0,0,2026-05-26 08:04:53.000,0,0,0,2026-05-26 08:04:53.000,0,0,0,2026-05-26 09:55:18.637,2026-05-26 09:55:51.613,0,NULL,2026-05-26 09:55:51.727,6658,6658,0,NR-No Report
26-012788,2026-05-26 08:05:31.420,22,TUE,26,8,A,DAY,EARLY,FIRE,MUTUAL FIRE ALARM,1,C2C,CAD to CAD Service 1,CAD to CAD Service 1,2026-05-26 08:04:32.000,NULL,2026-05-26 08:05:31.920,59,0,59,2026-05-26 08:05:31.983,0,0,0,NULL,NULL,NULL,NULL,2026-05-26 08:06:04.097,59,-9999,10058,2026-05-26 08:06:04.097,33,18,15,NULL,NULL,-9999,NULL,2026-05-26 08:06:41.617,2026-05-26 08:07:18.213,0,NULL,2026-05-26 08:07:18.277,166,166,0,UNDEFINED
26-041283,2026-05-26 08:16:39.000,22,TUE,26,8,A,DAY,EARLY,POLICE,ANIMAL BARKING DOG,3,Phone,"JONES, DAESHA","BONSU, VALERIE",2026-05-26 08:16:37.000,2026-05-26 08:18:33.000,2026-05-26 08:17:10.000,33,31,2,2026-05-26 08:20:15.690,185,185,0,2026-05-26 08:18:18.000,101,99,2,NULL,218,218,0,NULL,NULL,-9999,NULL,NULL,NULL,-9999,NULL,2026-05-26 08:20:19.830,2026-05-26 08:20:19.830,0,NULL,2026-05-26 08:20:20.003,222,222,0,ACOR-Animal Control Report
26-041285,2026-05-26 08:28:22.000,22,TUE,26,8,A,DAY,EARLY,POLICE,TRAFFIC STOP,2,OFFICER,"KIM, DANIEL H",NULL,2026-05-26 08:28:22.000,2026-05-26 08:28:42.000,2026-05-26 08:28:22.000,0,0,0,2026-05-26 08:28:22.000,0,0,0,2026-05-26 08:28:22.000,0,NULL,0,2026-05-26 08:28:22.000,0,0,0,2026-05-26 08:28:22.000,0,0,0,2026-05-26 08:28:22.000,0,0,0,2026-05-26 08:50:30.440,2026-05-26 08:50:30.440,0,NULL,2026-05-26 08:50:30.643,1328,1328,0,CI-Citation
26-041287,2026-05-26 08:28:51.000,22,TUE,26,8,A,DAY,EARLY,POLICE,CREDIT CARD FRAUD DELAY,4,Phone,"MAIORIELLO, BERMARI",NULL,2026-05-26 08:28:50.000,2026-05-26 08:30:24.000,2026-05-26 08:29:58.000,68,67,1,2026-05-26 08:35:44.147,346,346,0,2026-05-26 08:31:57.000,187,186,1,2026-05-26 08:35:44.147,414,414,0,2026-05-26 08:35:44.147,0,0,0,NULL,NULL,-9999,NULL,2026-05-26 10:03:34.970,2026-05-26 10:03:34.970,0,NULL,2026-05-26 10:03:35.077,5684,5684,0,RE-Report
26-041286,2026-05-26 08:28:57.000,22,TUE,26,8,A,DAY,EARLY,POLICE,PARKING COMPLAINT,4,Phone,"CRUZ, STEPHANIE",NULL,2026-05-26 08:28:55.000,2026-05-26 08:43:58.000,2026-05-26 08:29:26.000,31,29,2,2026-05-26 08:45:13.977,947,947,0,2026-05-26 08:31:17.000,142,140,2,2026-05-26 08:45:13.977,978,978,0,2026-05-26 08:45:13.977,0,0,0,NULL,NULL,-9999,NULL,2026-05-26 08:46:26.797,2026-05-26 08:46:26.797,0,NULL,2026-05-26 08:46:27.033,1051,1051,0,NR-No Report
26-041288,2026-05-26 08:29:58.000,22,TUE,26,8,A,DAY,EARLY,POLICE,PARKING COMPLAINT,3,Phone,"BONSU, VALERIE",NULL,2026-05-26 08:29:58.000,NULL,2026-05-26 08:30:12.000,14,14,0,2026-05-26 08:41:16.750,664,664,0,2026-05-26 08:30:48.000,50,50,0,2026-05-26 08:41:16.750,678,678,0,2026-05-26 08:41:16.750,0,0,0,2026-05-26 08:45:39.533,263,262,1,2026-05-26 08:58:03.153,2026-05-26 08:58:03.153,0,NULL,2026-05-26 08:58:04.237,1685,1685,0,NR-No Report
26-041289,2026-05-26 08:31:01.000,22,TUE,26,8,A,DAY,EARLY,POLICE,TRAFFIC STOP,2,Radio,"WALKER, JUANITA",NULL,2026-05-26 08:30:58.000,NULL,2026-05-26 08:31:27.000,29,26,3,2026-05-26 08:50:35.460,1148,1148,0,2026-05-26 08:32:20.000,82,79,3,2026-05-26 08:50:35.460,1177,1177,0,2026-05-26 08:50:35.460,0,-9999,9999,NULL,NULL,-9999,NULL,2026-05-26 08:50:41.763,2026-05-26 08:50:41.763,0,NULL,2026-05-26 08:50:41.833,1183,1183,0,CI-Citation
26-012789,2026-05-26 08:39:47.920,22,TUE,26,8,A,DAY,EARLY,FIRE,MUTUAL PUBLIC SERVICE,1,C2C,CAD to CAD Service 1,CAD to CAD Service 1,2026-05-26 08:37:15.000,NULL,2026-05-26 08:39:48.403,153,0,153,2026-05-26 08:39:48.497,0,0,0,NULL,NULL,NULL,NULL,2026-05-26 08:40:05.637,153,-9999,10152,2026-05-26 08:40:05.637,17,17,0,NULL,NULL,-9999,NULL,2026-05-26 08:42:15.317,2026-05-26 08:42:15.317,0,NULL,2026-05-26 08:42:15.783,300,300,0,UNDEFINED
26-012790,2026-05-26 08:40:08.000,22,TUE,26,8,A,DAY,EARLY,FIRE,WIRES DOWN,4,Phone,"MAIORIELLO, BERMARI",Automatic Dispatch,2026-05-26 08:40:06.000,2026-05-26 08:47:56.000,2026-05-26 08:41:06.000,60,58,2,2026-05-26 08:41:08.480,2,2,0,2026-05-26 08:41:23.000,77,75,2,2026-05-26 08:41:51.190,62,62,0,2026-05-26 08:41:51.190,43,42,1,2026-05-26 08:51:44.487,593,593,0,2026-05-26 08:55:50.160,2026-05-26 08:55:50.160,0,NULL,2026-05-26 08:55:50.327,944,944,0,UNDEFINED
26-041291,2026-05-26 08:40:19.000,22,TUE,26,8,A,DAY,EARLY,POLICE,ASSIST OUTSIDE AGENCY,2,Phone,"PATTERSON, JAHAIRA","WALKER, JUANITA",2026-05-26 08:40:18.000,2026-05-26 08:42:00.000,2026-05-26 08:41:27.000,69,68,1,2026-05-26 08:42:46.607,79,79,0,2026-05-26 08:42:51.000,153,152,1,2026-05-26 08:43:03.037,148,148,0,2026-05-26 08:43:03.037,17,16,1,2026-05-26 09:02:11.340,1148,1148,0,2026-05-26 09:11:35.590,2026-05-26 09:11:35.590,0,NULL,2026-05-26 09:11:35.650,1877,1877,0,NR-No Report
26-041290,2026-05-26 08:40:45.000,22,TUE,26,8,A,DAY,EARLY,POLICE,PARKING COMPLAINT,4,Phone,"PICKERAL, LAUREN",NULL,2026-05-26 08:40:45.000,2026-05-26 08:44:07.000,2026-05-26 08:40:56.000,11,11,0,2026-05-26 09:47:46.003,4010,4010,0,2026-05-26 08:41:26.000,41,41,0,2026-05-26 09:47:46.003,4021,4021,0,2026-05-26 09:47:46.003,0,-9999,9999,2026-05-26 10:42:49.440,3303,3303,0,2026-05-26 10:55:09.103,2026-05-26 10:55:09.103,0,NULL,2026-05-26 10:55:09.947,8064,8064,0,CI-Citation
26-041293,2026-05-26 08:46:32.000,22,TUE,26,8,A,DAY,EARLY,POLICE,LARCENY COMMERCIAL DELAY,4,Phone,"JONES, DAESHA",NULL,2026-05-26 08:46:30.000,2026-05-26 08:47:34.000,2026-05-26 08:47:08.000,38,36,2,2026-05-26 08:50:44.153,216,216,0,2026-05-26 08:47:40.000,70,68,2,2026-05-26 08:50:49.120,254,254,0,2026-05-26 08:50:49.120,5,4,1,2026-05-26 09:08:40.480,1071,1071,0,2026-05-26 12:28:35.500,2026-05-26 12:28:35.500,0,NULL,2026-05-26 12:28:35.517,13325,13325,0,RE-Report
26-041295,2026-05-26 08:52:21.000,22,TUE,26,8,A,DAY,EARLY,POLICE,ASSIST CITIZEN PROMPT,3,Phone,"PICKERAL, LAUREN","WALKER, JUANITA",2026-05-26 08:52:19.000,2026-05-26 08:53:34.000,2026-05-26 08:53:08.000,49,47,2,2026-05-26 09:23:02.357,1794,1794,0,2026-05-26 08:56:13.000,234,232,2,2026-05-26 09:23:06.907,1843,1843,0,2026-05-26 09:23:06.907,4,4,0,2026-05-26 09:31:26.067,500,499,1,2026-05-26 09:51:58.900,2026-05-26 09:52:14.530,0,NULL,2026-05-26 09:52:14.747,3595,3595,0,NR-No Report
26-041296,2026-05-26 08:53:56.000,22,TUE,26,8,A,DAY,EARLY,POLICE,ALARM HOLDUP,1,Phone,"MAIORIELLO, BERMARI","WALKER, JUANITA",2026-05-26 08:53:53.000,2026-05-26 08:54:49.000,2026-05-26 08:54:44.000,51,48,3,2026-05-26 08:55:25.707,41,41,0,2026-05-26 08:58:00.000,247,244,3,2026-05-26 08:55:29.917,92,92,0,2026-05-26 08:55:29.917,4,4,0,2026-05-26 08:56:54.783,85,84,1,2026-05-26 08:56:08.903,2026-05-26 09:16:16.467,0,NULL,2026-05-26 09:16:16.540,1343,1343,0,NR-No Report
26-041297,2026-05-26 08:54:28.000,22,TUE,26,8,A,DAY,EARLY,POLICE,MVC PROPERTY DAMAGE,2,E-911,"JONES, DAESHA","WALKER, JUANITA",2026-05-26 08:54:28.000,2026-05-26 08:55:57.000,2026-05-26 08:55:48.000,80,80,0,2026-05-26 08:57:59.763,131,131,0,2026-05-26 08:56:52.000,144,144,0,2026-05-26 08:58:39.803,211,211,0,2026-05-26 08:58:39.803,40,40,0,2026-05-26 09:09:11.810,632,632,0,2026-05-26 12:48:36.080,2026-05-26 12:48:36.080,0,NULL,2026-05-26 12:48:36.200,14048,14048,0,NR-No Report
26-041299,2026-05-26 08:57:53.000,22,TUE,26,8,A,DAY,EARLY,POLICE,PARKING COMPLAINT,4,Phone,"PATTERSON, JAHAIRA",NULL,2026-05-26 08:57:53.000,NULL,2026-05-26 08:59:41.000,108,108,0,2026-05-26 09:26:43.890,1622,1622,0,2026-05-26 09:00:06.000,133,133,0,2026-05-26 09:26:43.890,1730,1730,0,2026-05-26 09:26:43.890,0,0,0,2026-05-26 09:29:28.347,165,164,1,2026-05-26 10:58:15.277,2026-05-26 10:58:15.277,0,NULL,2026-05-26 10:58:15.753,7222,7222,0,CI-Citation
26-041300,2026-05-26 09:00:36.000,22,TUE,26,9,A,DAY,EARLY,POLICE,TRAFFIC STOP,2,OFFICER,"KIM, DANIEL H",NULL,2026-05-26 09:00:36.000,2026-05-26 09:04:52.000,2026-05-26 09:00:36.000,0,1,-1,2026-05-26 09:00:36.000,0,0,0,2026-05-26 09:00:36.000,0,NULL,0,2026-05-26 09:00:36.000,0,0,0,2026-05-26 09:00:36.000,0,0,0,2026-05-26 09:00:36.000,0,0,0,NULL,2026-05-26 09:09:59.000,0,NULL,NULL,563,563,0,CI-Citation
26-041301,2026-05-26 09:00:39.000,22,TUE,26,9,A,DAY,EARLY,POLICE,WALK IN HQ LOBBY,3,Radio,"WALKER, JUANITA","WALKER, JUANITA",2026-05-26 09:00:37.000,2026-05-26 09:01:12.283,2026-05-26 09:01:00.000,23,21,2,2026-05-26 09:01:12.240,12,12,0,2026-05-26 09:04:50.000,253,251,2,2026-05-26 09:02:57.213,35,35,0,2026-05-26 09:02:57.213,105,104,1,2026-05-26 09:02:57.213,0,0,0,2026-05-26 10:47:06.143,2026-05-26 10:47:06.143,0,NULL,2026-05-26 10:47:06.220,6389,6389,0,NR-No Report
26-012791,2026-05-26 09:04:43.000,22,TUE,26,9,A,DAY,EARLY,EMS,TROUBLE BREATHING ALS 1,1,E-911,"JONES, DAESHA",Automatic Dispatch,2026-05-26 09:04:43.000,2026-05-26 09:06:12.000,2026-05-26 09:06:04.000,81,81,0,2026-05-26 09:06:06.097,2,2,0,2026-05-26 09:09:31.000,288,288,0,2026-05-26 09:06:09.777,83,83,0,2026-05-26 09:06:09.777,3,3,0,2026-05-26 09:11:14.040,305,304,1,2026-05-26 09:27:35.860,2026-05-26 10:02:05.260,0,NULL,2026-05-26 10:02:05.517,3442,3442,0,UNDEFINED
26-041306,2026-05-26 09:25:45.000,22,TUE,26,9,A,DAY,EARLY,POLICE,PARKING COMPLAINT,4,Phone,"PICKERAL, LAUREN",NULL,2026-05-26 09:25:44.000,NULL,2026-05-26 09:26:32.000,48,47,1,2026-05-26 09:43:44.103,1032,1032,0,2026-05-26 09:26:45.000,61,60,1,2026-05-26 09:43:44.103,1080,1080,0,2026-05-26 09:43:44.103,0,-9999,9999,2026-05-26 09:53:20.653,576,576,0,2026-05-26 10:20:30.733,2026-05-26 10:20:30.733,0,NULL,2026-05-26 10:20:31.653,3286,3286,0,CI-Citation
26-041307,2026-05-26 09:26:42.000,22,TUE,26,9,A,DAY,EARLY,POLICE,TRNSPORT PRISONER JAIL TO JAIL,4,Radio,"WALKER, JUANITA","WALKER, JUANITA",2026-05-26 09:26:42.000,2026-05-26 09:27:00.373,2026-05-26 09:26:42.000,0,0,0,2026-05-26 09:26:42.000,0,0,0,2026-05-26 09:26:42.000,0,0,0,NULL,0,0,0,2026-05-26 09:26:42.000,0,0,0,2026-05-26 09:26:42.000,0,0,0,2026-05-26 10:43:36.213,2026-05-26 10:43:36.470,0,NULL,2026-05-26 10:43:36.643,4614,4614,0,NR-No Report
26-041310,2026-05-26 09:27:12.000,22,TUE,26,9,A,DAY,EARLY,POLICE,TRESPASSING IN PROG,2,Phone,"PATTERSON, JAHAIRA","WALKER, JUANITA",2026-05-26 09:27:10.000,2026-05-26 09:29:08.000,2026-05-26 09:28:48.000,98,96,2,2026-05-26 09:30:10.430,82,82,0,2026-05-26 09:28:52.000,102,100,2,2026-05-26 09:30:12.793,180,180,0,2026-05-26 09:30:12.793,2,2,0,2026-05-26 09:38:39.917,507,507,0,2026-05-26 09:32:28.510,2026-05-26 09:54:33.043,0,NULL,2026-05-26 09:54:33.137,1643,1643,0,NR-No Report
26-041308,2026-05-26 09:27:20.000,22,TUE,26,9,A,DAY,EARLY,POLICE,TRESPASSING IN PROG,2,Radio,"WALKER, JUANITA","WALKER, JUANITA",2026-05-26 09:27:20.000,2026-05-26 09:27:28.353,2026-05-26 09:27:20.000,0,0,0,2026-05-26 09:27:20.000,0,0,0,2026-05-26 09:27:20.000,0,0,0,2026-05-26 09:29:56.780,0,0,0,2026-05-26 09:27:20.000,0,0,0,2026-05-26 09:27:20.000,0,0,0,2026-05-26 10:12:22.500,2026-05-26 11:23:39.050,0,NULL,2026-05-26 11:23:39.293,6979,6979,0,NR-No Report
26-041312,2026-05-26 09:31:31.000,22,TUE,26,9,A,DAY,EARLY,POLICE,OFF DUTY DETAIL,8,OFFICER,"BROOKS, MELVIN",NULL,2026-05-26 09:31:31.000,2026-05-26 09:31:42.000,2026-05-26 09:31:31.000,0,1,-1,2026-05-26 09:31:31.000,0,0,0,2026-05-26 09:31:31.000,0,NULL,0,2026-05-26 09:31:31.000,0,0,0,2026-05-26 09:31:31.000,0,0,0,2026-05-26 09:31:31.000,0,0,0,2026-05-26 17:22:58.830,2026-05-26 17:22:58.830,0,NULL,2026-05-26 17:22:59.017,28287,28287,0,NR-No Report
26-041313,2026-05-26 09:32:36.000,22,TUE,26,9,A,DAY,EARLY,POLICE,LARCENY OTHER DELAY,4,Phone,"MAIORIELLO, BERMARI","BONSU, VALERIE",2026-05-26 09:32:34.000,2026-05-26 09:50:20.000,2026-05-26 09:33:36.000,62,60,2,2026-05-26 10:20:21.603,2805,1806,999,2026-05-26 09:39:45.000,431,429,2,2026-05-26 10:20:27.390,2867,2867,0,2026-05-26 10:20:27.390,6,5,1,NULL,NULL,-9999,NULL,2026-05-26 10:21:11.990,2026-05-26 09:41:38.000,1,2026-05-26 09:50:15.263,2026-05-26 10:21:12.027,544,2917,-2373,NR-No Report
26-041315,2026-05-26 09:40:53.000,22,TUE,26,9,A,DAY,EARLY,POLICE,TRAFFIC STOP,2,OFFICER,"KIM, DANIEL H",NULL,2026-05-26 09:40:53.000,NULL,2026-05-26 09:40:53.000,0,1,-1,2026-05-26 09:40:53.000,0,0,0,2026-05-26 09:40:53.000,0,NULL,0,2026-05-26 09:40:53.000,0,0,0,2026-05-26 09:40:53.000,0,0,0,2026-05-26 09:40:53.000,0,0,0,2026-05-26 09:46:36.677,2026-05-26 09:46:36.677,0,NULL,2026-05-26 09:46:36.693,343,343,0,CI-Citation
26-041318,2026-05-26 09:44:11.000,22,TUE,26,9,A,DAY,EARLY,POLICE,SHOPLIFTING DELAY,4,Phone,"MAIORIELLO, BERMARI","WALKER, JUANITA",2026-05-26 09:44:09.000,2026-05-26 09:46:49.000,2026-05-26 09:46:37.000,148,146,2,2026-05-26 09:47:40.467,63,63,0,2026-05-26 09:46:59.000,170,168,2,2026-05-26 09:47:43.513,211,211,0,2026-05-26 09:47:43.513,3,3,0,2026-05-26 09:47:43.513,0,0,0,NULL,2026-05-26 13:32:55.000,0,NULL,NULL,13726,13726,0,RE-Report
26-041317,2026-05-26 09:45:10.000,22,TUE,26,9,A,DAY,EARLY,POLICE,PARKING COMPLAINT,4,Phone,"PATTERSON, JAHAIRA",NULL,2026-05-26 09:45:10.000,2026-05-26 09:46:40.000,2026-05-26 09:46:25.000,75,75,0,2026-05-26 09:50:44.240,259,259,0,2026-05-26 09:46:28.000,78,78,0,2026-05-26 09:50:44.240,334,334,0,2026-05-26 09:50:44.240,0,0,0,2026-05-26 09:52:05.200,81,80,1,2026-05-26 09:56:09.737,2026-05-26 09:56:09.737,0,NULL,2026-05-26 09:56:10.807,659,659,0,NR-No Report
26-041323,2026-05-26 09:49:31.000,22,TUE,26,9,A,DAY,EARLY,POLICE,ANIMAL STRAY,2,Phone,"BONSU, VALERIE","WALKER, JUANITA",2026-05-26 09:49:31.000,2026-05-26 10:59:28.000,2026-05-26 09:51:13.000,102,102,0,2026-05-26 09:54:35.450,202,202,0,2026-05-26 09:51:20.000,109,109,0,NULL,304,304,0,NULL,NULL,-9999,NULL,NULL,NULL,-9999,NULL,NULL,2026-05-26 09:55:16.000,1,2026-05-26 10:51:40.013,NULL,345,4588,-4243,ACOR-Animal Control Report
26-041322,2026-05-26 09:49:39.000,22,TUE,26,9,A,DAY,EARLY,POLICE,TRAFFIC STOP,2,OFFICER,"KIM, DANIEL H",NULL,2026-05-26 09:49:39.000,NULL,2026-05-26 09:49:39.000,0,1,-1,2026-05-26 09:49:39.000,0,0,0,2026-05-26 09:49:39.000,0,NULL,0,2026-05-26 09:49:39.000,0,0,0,2026-05-26 09:49:39.000,0,0,0,2026-05-26 09:49:39.000,0,0,0,2026-05-26 09:56:47.617,2026-05-26 09:56:47.617,0,NULL,2026-05-26 09:56:47.617,428,428,0,CI-Citation
26-041324,2026-05-26 09:52:40.000,22,TUE,26,9,A,DAY,EARLY,POLICE,ALARM RESIDENTIAL,2,Phone,"PICKERAL, LAUREN","WALKER, JUANITA",2026-05-26 09:52:38.000,2026-05-26 09:53:45.000,2026-05-26 09:53:20.000,42,40,2,2026-05-26 09:53:59.323,39,39,0,2026-05-26 09:53:34.000,56,54,2,2026-05-26 09:54:03.173,81,81,0,2026-05-26 09:54:03.173,4,3,1,2026-05-26 09:55:53.667,110,110,0,NULL,2026-05-26 09:57:56.000,0,NULL,NULL,318,318,0,FALSE-False Alarm
26-041325,2026-05-26 09:53:30.000,22,TUE,26,9,A,DAY,EARLY,POLICE,PARKING COMPLAINT,4,Phone,"MAIORIELLO, BERMARI",NULL,2026-05-26 09:53:29.000,NULL,2026-05-26 09:54:25.000,56,55,1,2026-05-26 09:57:47.720,202,202,0,2026-05-26 09:55:16.000,107,106,1,2026-05-26 09:57:47.720,258,258,0,2026-05-26 09:57:47.720,0,-9999,9999,2026-05-26 10:10:04.753,737,737,0,2026-05-26 10:31:43.733,2026-05-26 10:31:43.733,0,NULL,2026-05-26 10:31:44.000,2294,2294,0,NR-No Report
26-012792,2026-05-26 10:02:04.000,22,TUE,26,10,A,DAY,MIDS,EMS,FALL BLS,3,E-911,"ALLEN, TIANA",Automatic Dispatch,2026-05-26 10:02:04.000,2026-05-26 10:03:04.000,2026-05-26 10:02:34.000,30,30,0,2026-05-26 10:02:36.693,2,2,0,2026-05-26 10:04:30.000,146,146,0,2026-05-26 10:03:45.513,32,32,0,2026-05-26 10:03:45.513,69,68,1,2026-05-26 10:10:37.073,412,411,1,2026-05-26 10:26:12.850,2026-05-26 10:26:12.850,0,NULL,2026-05-26 10:26:12.943,1448,1448,0,UNDEFINED
26-041328,2026-05-26 10:04:52.000,22,TUE,26,10,A,DAY,MIDS,POLICE,CIVIL PROCESS EVICTION,4,Phone,"BONSU, VALERIE","BONSU, VALERIE",2026-05-26 10:04:52.000,2026-05-26 10:05:03.000,2026-05-26 10:04:52.000,0,0,0,2026-05-26 10:04:52.000,0,0,0,2026-05-26 10:04:52.000,0,0,0,2026-05-26 10:04:56.803,0,0,0,2026-05-26 10:04:52.000,0,0,0,2026-05-26 10:04:52.000,0,0,0,2026-05-26 10:24:25.433,2026-05-26 10:25:08.703,0,NULL,2026-05-26 10:25:08.793,1216,1216,0,NR-No Report
26-041332,2026-05-26 10:27:03.000,22,TUE,26,10,A,DAY,MIDS,POLICE,PARKING COMPLAINT,4,Phone,"PICKERAL, LAUREN",NULL,2026-05-26 10:27:01.000,NULL,2026-05-26 10:27:16.000,15,13,2,2026-05-26 10:40:03.783,767,767,0,2026-05-26 10:28:14.000,73,71,2,2026-05-26 10:40:03.783,782,782,0,2026-05-26 10:40:03.783,0,-9999,9999,2026-05-26 10:51:59.180,716,715,1,2026-05-26 10:53:33.940,2026-05-26 10:53:33.940,0,NULL,2026-05-26 10:53:35.633,1592,1592,0,NR-No Report
26-041333,2026-05-26 10:30:17.000,22,TUE,26,10,A,DAY,MIDS,POLICE,DISABLED MOTORIST,2,Phone,"FLOURNOY, ERICKA","BONSU, VALERIE",2026-05-26 10:30:15.000,2026-05-26 10:35:15.000,2026-05-26 10:31:27.000,72,70,2,2026-05-26 10:36:22.357,295,295,0,2026-05-26 10:31:32.000,77,75,2,2026-05-26 10:36:22.423,367,367,0,2026-05-26 10:36:22.423,0,0,0,NULL,NULL,-9999,NULL,2026-05-26 10:58:53.980,2026-05-26 10:58:53.980,0,NULL,2026-05-26 10:58:54.083,1718,1718,0,NR-No Report
26-041335,2026-05-26 10:36:23.000,22,TUE,26,10,A,DAY,MIDS,POLICE,PROPERTY FOUND,4,Phone,"ANDERSON, MARILYN","BONSU, VALERIE",2026-05-26 10:36:22.000,2026-05-26 10:38:11.000,2026-05-26 10:37:23.000,61,60,1,2026-05-26 10:56:03.740,1120,1120,0,2026-05-26 10:40:35.000,253,252,1,2026-05-26 10:56:05.470,1181,1181,0,2026-05-26 10:56:05.470,2,1,1,2026-05-26 10:56:05.470,0,0,0,2026-05-26 11:28:44.867,2026-05-26 11:28:44.867,0,NULL,2026-05-26 11:28:44.910,3142,3142,0,SUP-Supplement
26-012793,2026-05-26 10:46:14.750,22,TUE,26,10,A,DAY,MIDS,EMS,MUTUAL BLS,1,C2C,CAD to CAD Service 1,CAD to CAD Service 1,2026-05-26 10:44:27.000,NULL,2026-05-26 10:46:15.360,108,0,108,2026-05-26 10:46:15.457,0,0,0,NULL,NULL,NULL,NULL,2026-05-26 10:46:23.520,108,761,-653,2026-05-26 10:46:23.520,8,8,0,2026-05-26 10:51:48.423,325,324,1,2026-05-26 11:01:44.253,2026-05-26 11:26:20.433,0,NULL,2026-05-26 11:26:20.463,2513,2513,0,CAD2CAD
26-012794,2026-05-26 10:46:18.000,22,TUE,26,10,A,DAY,MIDS,FIRE,PUBLIC SERVICE FIRE,4,Phone,"PATTERSON, JAHAIRA",Automatic Dispatch,2026-05-26 10:46:18.000,NULL,2026-05-26 10:47:16.000,58,58,0,2026-05-26 10:47:19.193,3,3,0,2026-05-26 10:48:33.000,135,135,0,2026-05-26 10:49:19.190,61,61,0,2026-05-26 10:49:19.190,120,119,1,2026-05-26 10:56:28.677,429,429,0,2026-05-26 11:12:57.803,2026-05-26 11:12:57.803,0,NULL,2026-05-26 11:12:57.917,1599,1599,0,UNDEFINED
26-041339,2026-05-26 10:59:33.000,22,TUE,26,10,A,DAY,MIDS,POLICE,TRAFFIC STOP,2,OFFICER,"TRAPERO, HUMBERTO A",NULL,2026-05-26 10:59:33.000,2026-05-26 10:59:48.000,2026-05-26 10:59:33.000,0,1,-1,2026-05-26 10:59:33.000,0,0,0,2026-05-26 10:59:33.000,0,NULL,0,2026-05-26 10:59:33.000,0,0,0,2026-05-26 10:59:33.000,0,0,0,2026-05-26 10:59:33.000,0,0,0,2026-05-26 11:08:21.500,2026-05-26 11:08:21.500,0,NULL,2026-05-26 11:08:21.557,528,528,0,CI-Citation
26-041340,2026-05-26 11:05:00.000,22,TUE,26,11,A,DAY,MIDS,POLICE,TRAFFIC STOP,2,OFFICER,"LARNERD, GRANT",NULL,2026-05-26 11:05:00.000,2026-05-26 11:05:10.000,2026-05-26 11:05:00.000,0,1,-1,2026-05-26 11:05:00.000,0,0,0,2026-05-26 11:05:00.000,0,NULL,0,2026-05-26 11:05:00.000,0,0,0,2026-05-26 11:05:00.000,0,0,0,2026-05-26 11:05:00.000,0,0,0,2026-05-26 11:12:19.307,2026-05-26 11:12:19.307,0,NULL,2026-05-26 11:12:19.383,439,439,0,NR-No Report
26-012795,2026-05-26 11:05:03.840,22,TUE,26,11,A,DAY,MIDS,EMS,MUTUAL BLS,1,C2C,CAD to CAD Service 1,CAD to CAD Service 1,2026-05-26 11:04:14.000,NULL,2026-05-26 11:05:04.343,50,0,50,2026-05-26 11:05:04.403,0,0,0,NULL,NULL,NULL,NULL,2026-05-26 11:06:17.583,50,66,-16,2026-05-26 11:06:17.583,73,56,17,2026-05-26 11:08:18.100,121,120,1,2026-05-26 11:15:51.110,2026-05-26 12:11:10.083,0,NULL,2026-05-26 12:11:10.100,4016,4016,0,CAD2CAD
26-012796,2026-05-26 11:05:41.000,22,TUE,26,11,A,DAY,MIDS,FIRE,FIRE ALARM,3,Text,"CRUZ, STEPHANIE",Automatic Dispatch,2026-05-26 11:05:39.000,2026-05-26 11:07:22.000,2026-05-26 11:06:20.000,41,39,2,2026-05-26 11:06:22.727,2,2,0,2026-05-26 11:07:43.000,124,122,2,2026-05-26 11:07:19.660,43,43,0,2026-05-26 11:07:19.660,57,56,1,2026-05-26 11:10:14.960,175,175,0,2026-05-26 11:10:56.193,2026-05-26 11:10:56.193,0,NULL,2026-05-26 11:10:56.417,317,317,0,UNDEFINED
26-041342,2026-05-26 11:05:42.000,22,TUE,26,11,A,DAY,MIDS,POLICE,TRNSPORT PRISONER JAIL TO JAIL,4,Radio,"BONSU, VALERIE","BONSU, VALERIE",2026-05-26 11:05:40.000,2026-05-26 18:50:56.000,2026-05-26 11:06:11.000,31,29,2,2026-05-26 11:06:16.777,5,5,0,2026-05-26 11:08:33.000,173,171,2,2026-05-26 11:06:16.833,36,36,0,2026-05-26 11:06:16.833,0,0,0,2026-05-26 11:25:58.450,1182,1181,1,2026-05-27 12:30:47.030,2026-05-27 12:30:47.030,0,NULL,2026-05-27 12:30:47.077,91507,5107,86400,NR-No Report
26-041343,2026-05-26 11:06:02.000,22,TUE,26,11,A,DAY,MIDS,POLICE,ALARM HOLDUP,1,Phone,"MAIORIELLO, BERMARI",NULL,2026-05-26 11:06:01.000,2026-05-26 11:06:54.000,2026-05-26 11:06:49.000,48,47,1,2026-05-26 11:07:03.107,14,14,0,2026-05-26 11:08:00.000,119,118,1,2026-05-26 11:07:46.080,62,62,0,2026-05-26 11:07:46.080,43,2,41,2026-05-26 11:08:22.400,36,36,0,2026-05-26 11:10:10.783,2026-05-26 11:12:34.927,0,NULL,2026-05-26 11:12:34.943,393,393,0,FALSE-False Alarm
26-041344,2026-05-26 11:06:51.000,22,TUE,26,11,A,DAY,MIDS,POLICE,POLICE INFORMATION,4,Phone,"PICKERAL, LAUREN","BONSU, VALERIE",2026-05-26 11:06:50.000,2026-05-26 11:09:34.000,2026-05-26 11:07:26.000,36,35,1,2026-05-26 11:12:02.483,276,276,0,2026-05-26 11:08:16.000,86,85,1,2026-05-26 11:12:02.530,312,312,0,2026-05-26 11:12:02.530,0,0,0,2026-05-26 11:15:22.193,200,199,1,2026-05-26 11:47:39.233,2026-05-26 13:23:36.113,0,NULL,2026-05-26 13:23:36.173,8206,8206,0,RE-Report
26-041345,2026-05-26 11:08:39.000,22,TUE,26,11,A,DAY,MIDS,POLICE,TRNSPORT PRISONER JAIL TO JAIL,4,Radio,"BONSU, VALERIE","BONSU, VALERIE",2026-05-26 11:08:37.000,NULL,2026-05-26 11:08:59.000,22,20,2,2026-05-26 11:09:04.640,5,5,0,2026-05-26 11:09:06.000,29,27,2,2026-05-26 11:09:04.687,27,27,0,2026-05-26 11:09:04.687,0,0,0,2026-05-26 11:24:34.013,930,929,1,2026-05-26 11:56:47.503,2026-05-26 11:56:47.463,0,NULL,2026-05-26 11:56:47.463,2890,2890,0,NR-No Report
26-041347,2026-05-26 11:13:12.000,22,TUE,26,11,A,DAY,MIDS,POLICE,TRAFFIC STOP,2,OFFICER,"TRAPERO, HUMBERTO A",NULL,2026-05-26 11:13:12.000,2026-05-26 11:13:29.000,2026-05-26 11:13:12.000,0,1,-1,2026-05-26 11:13:12.000,0,0,0,2026-05-26 11:13:12.000,0,NULL,0,2026-05-26 11:13:12.000,0,0,0,2026-05-26 11:13:12.000,0,0,0,2026-05-26 11:13:12.000,0,0,0,2026-05-26 11:25:32.790,2026-05-26 11:25:32.790,0,NULL,2026-05-26 11:25:32.903,740,740,0,CI-Citation
26-041350,2026-05-26 11:16:22.000,22,TUE,26,11,A,DAY,MIDS,POLICE,PARKING COMPLAINT,4,Phone,"FLOURNOY, ERICKA",NULL,2026-05-26 11:16:20.000,NULL,2026-05-26 11:17:30.000,70,68,2,2026-05-26 11:20:36.653,186,186,0,2026-05-26 11:17:37.000,77,75,2,2026-05-26 11:20:36.653,256,256,0,2026-05-26 11:20:36.653,0,0,0,2026-05-26 11:40:15.030,1179,1178,1,2026-05-26 11:57:47.853,2026-05-26 11:57:47.853,0,NULL,2026-05-26 11:57:48.680,2487,2487,0,CI-Citation
26-041352,2026-05-26 11:26:48.000,22,TUE,26,11,A,DAY,MIDS,POLICE,PARKING COMPLAINT,4,Phone,"PATTERSON, JAHAIRA",NULL,2026-05-26 11:26:46.000,NULL,2026-05-26 11:27:35.000,49,47,2,2026-05-26 11:34:37.447,422,422,0,2026-05-26 11:37:27.000,641,639,2,2026-05-26 11:34:37.447,471,471,0,2026-05-26 11:34:37.447,0,-9999,9999,2026-05-26 11:38:25.657,228,228,0,2026-05-26 11:46:30.370,2026-05-26 11:46:30.370,0,NULL,2026-05-26 11:46:30.863,1184,1184,0,NR-No Report
26-041353,2026-05-26 11:29:09.000,22,TUE,26,11,A,DAY,MIDS,POLICE,POLICE INFORMATION,4,Phone,"MAIORIELLO, BERMARI","MAIORIELLO, BERMARI",2026-05-26 11:29:08.000,2026-05-26 11:31:34.740,2026-05-26 11:29:37.000,29,28,1,2026-05-26 11:31:34.480,117,117,0,2026-05-26 11:33:43.000,275,274,1,2026-05-26 11:31:39.057,146,146,0,2026-05-26 11:31:39.057,5,4,1,2026-05-26 11:31:55.097,16,16,0,2026-05-26 12:38:54.403,2026-05-26 19:01:39.507,0,NULL,2026-05-26 19:01:39.717,27151,27151,0,RE-Report
26-012797,2026-05-26 11:30:07.343,22,TUE,26,11,A,DAY,MIDS,EMS,MUTUAL CPR,1,C2C,CAD to CAD Service 1,CAD to CAD Service 1,2026-05-26 11:28:32.000,NULL,2026-05-26 11:30:07.780,95,0,95,2026-05-26 11:30:07.857,0,0,0,NULL,NULL,NULL,NULL,2026-05-26 11:30:56.307,95,-9999,10094,2026-05-26 11:30:56.307,49,38,11,2026-05-26 11:36:17.990,321,321,0,2026-05-26 11:38:05.630,2026-05-26 11:51:01.753,0,NULL,2026-05-26 11:51:01.817,1349,1349,0,CAD2CAD
26-012798,2026-05-26 11:31:30.000,22,TUE,26,11,A,DAY,MIDS,EMS,ALTERED LOC ALS 1,1,E-911,"WALKER, JUANITA","GOODWIN, SHEENA",2026-05-26 11:31:30.000,2026-05-26 11:33:30.000,2026-05-26 11:33:22.000,112,112,0,2026-05-26 11:33:24.690,2,2,0,2026-05-26 11:35:15.000,225,225,0,2026-05-26 11:34:54.193,114,114,0,2026-05-26 11:34:54.193,90,89,1,2026-05-26 11:40:55.607,361,361,0,2026-05-26 12:00:42.930,2026-05-26 12:22:08.763,0,NULL,2026-05-26 12:22:08.867,3038,3038,0,UNDEFINED
26-041354,2026-05-26 11:34:32.000,22,TUE,26,11,A,DAY,MIDS,POLICE,TRAFFIC STOP,2,OFFICER,"TRAPERO, HUMBERTO A",NULL,2026-05-26 11:34:32.000,2026-05-26 11:36:38.000,2026-05-26 11:34:32.000,0,1,-1,2026-05-26 11:34:32.000,0,0,0,2026-05-26 11:34:32.000,0,NULL,0,2026-05-26 11:34:32.000,0,0,0,2026-05-26 11:34:32.000,0,0,0,2026-05-26 11:34:32.000,0,0,0,2026-05-26 11:38:10.253,2026-05-26 11:38:10.253,0,NULL,2026-05-26 11:38:10.297,218,218,0,CI-Citation
26-041355,2026-05-26 11:34:55.000,22,TUE,26,11,A,DAY,MIDS,POLICE,ANIMAL COMPLAINT,4,E-911,"FLOURNOY, ERICKA","PATTERSON, JAHAIRA",2026-05-26 11:34:55.000,2026-05-26 11:39:00.000,2026-05-26 11:36:25.000,90,90,0,2026-05-26 11:59:00.617,1355,1355,0,2026-05-26 11:38:02.000,187,187,0,2026-05-26 11:59:00.660,1445,1445,0,2026-05-26 11:59:00.660,0,0,0,2026-05-26 11:59:00.697,0,0,0,2026-05-26 11:59:05.407,2026-05-26 11:59:05.407,0,NULL,2026-05-26 11:59:05.450,1450,1450,0,ACOR-Animal Control Report
26-012799,2026-05-26 11:36:43.000,22,TUE,26,11,A,DAY,MIDS,EMS,UNCONSCIOUS ALS 2,1,Phone,"WALKER, JUANITA",Automatic Dispatch,2026-05-26 11:36:41.000,2026-05-26 11:39:23.000,2026-05-26 11:39:11.000,150,148,2,2026-05-26 11:39:15.233,4,4,0,2026-05-26 11:43:40.000,419,417,2,2026-05-26 11:39:57.777,154,154,0,2026-05-26 11:39:57.777,42,42,0,2026-05-26 11:45:07.497,310,309,1,2026-05-26 11:58:05.463,2026-05-26 12:05:39.920,0,NULL,2026-05-26 12:05:40.247,1738,1738,0,UNDEFINED
26-012801,2026-05-26 11:40:54.000,22,TUE,26,11,A,DAY,MIDS,FIRE,RESIDENTIAL BUILDING FIRE,1,E-911,"CRUZ, STEPHANIE",Automatic Dispatch,2026-05-26 11:40:53.000,2026-05-26 11:42:50.000,2026-05-26 11:42:34.000,101,100,1,2026-05-26 11:42:38.523,4,4,0,2026-05-26 11:45:26.000,273,272,1,2026-05-26 11:42:57.160,105,105,0,2026-05-26 11:42:57.160,19,18,1,2026-05-26 11:44:50.027,113,112,1,2026-05-26 11:43:21.700,2026-05-26 11:47:19.427,0,NULL,2026-05-26 11:47:19.477,386,386,0,UNDEFINED
26-012800,2026-05-26 11:40:55.000,22,TUE,26,11,A,DAY,MIDS,EMS,FACILITY BLS,3,E-911,"FLOURNOY, ERICKA",Automatic Dispatch,2026-05-26 11:40:55.000,2026-05-26 11:47:44.000,2026-05-26 11:42:21.000,86,86,0,2026-05-26 11:42:22.830,1,1,0,2026-05-26 11:45:26.000,271,271,0,2026-05-26 11:43:34.473,87,87,0,2026-05-26 11:43:34.473,72,71,1,2026-05-26 11:48:49.747,315,315,0,2026-05-26 12:03:47.623,2026-05-26 12:49:32.003,0,NULL,2026-05-26 12:49:32.117,4117,4117,0,UNDEFINED
26-041357,2026-05-26 11:42:34.000,22,TUE,26,11,A,DAY,MIDS,POLICE,TRAFFIC DIRECTION-FIRE,3,NOT CAPTURED,"CRUZ, STEPHANIE","BONSU, VALERIE",2026-05-26 11:42:34.000,2026-05-26 11:43:47.000,2026-05-26 11:42:34.000,0,NULL,0,2026-05-26 11:44:22.497,108,108,0,2026-05-26 11:42:34.000,0,0,0,2026-05-26 11:44:24.873,108,108,0,2026-05-26 11:44:24.873,2,2,0,NULL,NULL,-9999,NULL,2026-05-26 11:44:51.660,2026-05-26 11:48:32.000,0,NULL,NULL,358,358,0,CN-Cancellation
26-041358,2026-05-26 11:43:02.000,22,TUE,26,11,A,DAY,MIDS,POLICE,CIVIL PROCESS EVICTION,4,Radio,"BONSU, VALERIE","BONSU, VALERIE",2026-05-26 11:43:02.000,2026-05-26 11:43:05.000,2026-05-26 11:43:02.000,0,0,0,2026-05-26 11:43:02.000,0,0,0,2026-05-26 11:43:02.000,0,0,0,2026-05-26 11:43:17.180,0,0,0,2026-05-26 11:43:02.000,0,0,0,2026-05-26 11:43:02.000,0,0,0,2026-05-26 12:11:57.680,2026-05-26 12:12:14.013,0,NULL,2026-05-26 12:12:14.083,1752,1752,0,NR-No Report
26-041360,2026-05-26 11:49:11.000,22,TUE,26,11,A,DAY,MIDS,POLICE,TRAFFIC STOP,2,OFFICER,"TRAPERO, HUMBERTO A",NULL,2026-05-26 11:49:11.000,2026-05-26 11:49:36.000,2026-05-26 11:49:11.000,0,1,-1,2026-05-26 11:49:11.000,0,0,0,2026-05-26 11:49:11.000,0,NULL,0,2026-05-26 11:49:11.000,0,0,0,2026-05-26 11:49:11.000,0,0,0,2026-05-26 11:49:11.000,0,0,0,2026-05-26 11:53:52.067,2026-05-26 11:53:52.067,0,NULL,2026-05-26 11:53:52.247,281,281,0,CI-Citation
26-041361,2026-05-26 11:51:44.000,22,TUE,26,11,A,DAY,MIDS,POLICE,ANIMAL COMPLAINT,4,Phone,"MAIORIELLO, BERMARI","PATTERSON, JAHAIRA",2026-05-26 11:51:42.000,2026-05-26 11:57:36.000,2026-05-26 11:52:53.000,71,69,2,2026-05-26 11:58:45.037,352,352,0,2026-05-26 11:54:25.000,163,161,2,2026-05-26 11:58:45.470,423,423,0,2026-05-26 11:58:45.470,0,0,0,2026-05-26 11:58:45.513,0,0,0,2026-05-26 11:58:53.653,2026-05-26 11:58:53.653,0,NULL,2026-05-26 11:58:53.717,431,431,0,ACOR-Animal Control Report
26-041362,2026-05-26 11:52:12.000,22,TUE,26,11,A,DAY,MIDS,POLICE,ASSIST OUTSIDE AGENCY,4,VCIN,"BONSU, VALERIE","WALKER, JUANITA",2026-05-26 11:52:10.000,2026-05-26 11:56:29.000,2026-05-26 11:55:01.000,171,169,2,2026-05-26 12:01:30.483,389,389,0,2026-05-26 11:56:29.000,259,257,2,2026-05-26 12:01:33.167,560,560,0,2026-05-26 12:01:33.167,3,2,1,NULL,NULL,-9999,NULL,NULL,2026-05-26 12:07:18.000,0,NULL,NULL,908,908,0,CN-Cancellation
26-012802,2026-05-26 11:56:41.000,22,TUE,26,11,A,DAY,MIDS,EMS,FACILITY BLS,3,E-911,"CRUZ, STEPHANIE",Automatic Dispatch,2026-05-26 11:56:41.000,2026-05-26 11:58:41.000,2026-05-26 11:57:45.000,64,64,0,2026-05-26 11:57:47.890,2,2,0,2026-05-26 12:00:42.000,241,241,0,2026-05-26 11:59:01.027,66,66,0,2026-05-26 11:59:01.027,74,73,1,2026-05-26 12:06:45.647,464,464,0,2026-05-26 12:17:10.710,2026-05-26 13:02:27.967,0,NULL,2026-05-26 13:02:28.093,3946,3946,0,CAD2CAD
26-041364,2026-05-26 11:57:25.000,22,TUE,26,11,A,DAY,MIDS,POLICE,TRAFFIC STOP,2,OFFICER,"TRAPERO, HUMBERTO A",NULL,2026-05-26 11:57:25.000,2026-05-26 11:58:10.000,2026-05-26 11:57:25.000,0,0,0,2026-05-26 11:57:25.000,0,0,0,2026-05-26 11:57:25.000,0,NULL,0,2026-05-26 11:57:25.000,0,0,0,2026-05-26 11:57:25.000,0,0,0,2026-05-26 11:57:25.000,0,0,0,2026-05-26 12:04:37.537,2026-05-26 12:04:37.537,0,NULL,2026-05-26 12:04:37.767,432,432,0,CI-Citation
26-041365,2026-05-26 12:04:50.000,22,TUE,26,12,A,DAY,MIDS,POLICE,TRAFFIC STOP,2,OFFICER,"TRAPERO, HUMBERTO A",NULL,2026-05-26 12:04:50.000,2026-05-26 12:07:25.000,2026-05-26 12:04:50.000,0,1,-1,2026-05-26 12:04:50.000,0,0,0,2026-05-26 12:04:50.000,0,NULL,0,2026-05-26 12:04:50.000,0,0,0,2026-05-26 12:04:50.000,0,0,0,2026-05-26 12:04:50.000,0,0,0,2026-05-26 12:11:22.963,2026-05-26 12:11:22.963,0,NULL,2026-05-26 12:11:23.317,392,392,0,NR-No Report
26-041367,2026-05-26 12:05:24.000,22,TUE,26,12,A,DAY,MIDS,POLICE,WALK IN HQ LOBBY,3,Phone,"MAIORIELLO, BERMARI","WALKER, JUANITA",2026-05-26 12:05:22.000,2026-05-26 12:07:56.000,2026-05-26 12:07:48.000,146,144,2,2026-05-26 12:08:39.763,51,51,0,2026-05-26 12:09:10.000,228,226,2,2026-05-26 12:08:42.367,197,197,0,2026-05-26 12:08:42.367,3,2,1,2026-05-26 12:13:05.863,263,263,0,2026-05-26 13:34:40.490,2026-05-26 13:34:40.297,0,NULL,2026-05-26 13:34:40.297,5358,5358,0,RE-Report
26-041368,2026-05-26 12:09:32.000,22,TUE,26,12,A,DAY,MIDS,POLICE,PARKING COMPLAINT,4,Phone,"PATTERSON, JAHAIRA",NULL,2026-05-26 12:09:32.000,NULL,2026-05-26 12:10:02.000,30,30,0,2026-05-26 12:10:36.697,34,34,0,2026-05-26 12:10:11.000,39,39,0,2026-05-26 12:10:36.697,64,64,0,2026-05-26 12:10:36.697,0,-9999,9999,2026-05-26 12:17:13.643,397,396,1,2026-05-26 12:46:04.310,2026-05-26 12:46:04.310,0,NULL,2026-05-26 12:46:05.060,2192,2192,0,NR-No Report
26-041369,2026-05-26 12:11:43.000,22,TUE,26,12,A,DAY,MIDS,POLICE,TRAFFIC STOP,2,OFFICER,"LEACH, JOSHUA C",NULL,2026-05-26 12:11:43.000,2026-05-26 12:12:00.000,2026-05-26 12:11:43.000,0,1,-1,2026-05-26 12:11:43.000,0,0,0,2026-05-26 12:11:43.000,0,NULL,0,2026-05-26 12:11:43.000,0,0,0,2026-05-26 12:11:43.000,0,0,0,2026-05-26 12:11:43.000,0,0,0,2026-05-26 12:16:41.797,2026-05-26 12:16:41.797,0,NULL,2026-05-26 12:16:42.707,298,298,0,CI-Citation
26-041370,2026-05-26 12:16:57.000,22,TUE,26,12,A,DAY,MIDS,POLICE,TRAFFIC STOP,2,OFFICER,"TRAPERO, HUMBERTO A",NULL,2026-05-26 12:16:57.000,NULL,2026-05-26 12:16:57.000,0,1,-1,2026-05-26 12:16:57.000,0,0,0,2026-05-26 12:16:57.000,0,NULL,0,2026-05-26 12:16:57.000,0,0,0,2026-05-26 12:16:57.000,0,0,0,2026-05-26 12:16:57.000,0,0,0,2026-05-26 12:22:16.547,2026-05-26 12:22:16.547,0,NULL,2026-05-26 12:22:16.580,319,319,0,CI-Citation
26-041371,2026-05-26 12:17:46.000,22,TUE,26,12,A,DAY,MIDS,POLICE,PARKING COMPLAINT,3,Phone,"PATTERSON, JAHAIRA",NULL,2026-05-26 12:17:45.000,2026-05-26 12:36:40.000,2026-05-26 12:18:39.000,54,53,1,2026-05-26 12:28:17.080,578,578,0,2026-05-26 12:18:41.000,56,55,1,2026-05-26 12:28:17.080,632,632,0,2026-05-26 12:28:17.080,0,0,0,2026-05-26 12:33:59.257,342,342,0,2026-05-26 12:58:44.757,2026-05-26 12:58:44.757,0,NULL,2026-05-26 12:58:45.403,2459,2459,0,CI-Citation
26-012804,2026-05-26 12:20:49.970,22,TUE,26,12,A,DAY,MIDS,EMS,MUTUAL ALS,1,C2C,CAD to CAD Service 1,CAD to CAD Service 1,2026-05-26 12:18:50.000,NULL,2026-05-26 12:20:51.127,121,0,121,2026-05-26 12:20:51.187,0,0,0,NULL,NULL,NULL,NULL,2026-05-26 12:21:38.127,121,135,-14,2026-05-26 12:21:38.127,47,46,1,2026-05-26 12:24:47.797,189,189,0,2026-05-26 12:36:15.783,2026-05-26 13:17:15.633,0,NULL,2026-05-26 13:17:15.723,3505,3505,0,UNDEFINED
26-041372,2026-05-26 12:25:54.000,22,TUE,26,12,A,DAY,MIDS,POLICE,PARKING COMPLAINT,4,Phone,"PATTERSON, JAHAIRA",NULL,2026-05-26 12:25:52.000,2026-05-26 12:38:30.000,2026-05-26 12:27:09.000,77,75,2,2026-05-26 12:27:44.217,35,35,0,2026-05-26 12:29:59.000,247,245,2,2026-05-26 12:27:44.217,112,112,0,2026-05-26 12:27:44.217,0,0,0,NULL,NULL,-9999,NULL,2026-05-26 12:39:40.080,2026-05-26 12:39:40.080,0,NULL,2026-05-26 12:39:40.750,828,828,0,NR-No Report
26-041373,2026-05-26 12:27:56.000,22,TUE,26,12,A,DAY,MIDS,POLICE,TRAFFIC STOP,2,OFFICER,"TRAPERO, HUMBERTO A",NULL,2026-05-26 12:27:56.000,2026-05-26 12:29:35.000,2026-05-26 12:27:56.000,0,1,-1,2026-05-26 12:27:56.000,0,0,0,2026-05-26 12:27:56.000,0,NULL,0,2026-05-26 12:27:56.000,0,0,0,2026-05-26 12:27:56.000,0,0,0,2026-05-26 12:27:56.000,0,0,0,2026-05-26 12:33:29.207,2026-05-26 12:33:29.207,0,NULL,2026-05-26 12:33:29.257,333,333,0,CI-Citation
26-012805,2026-05-26 12:34:54.000,22,TUE,26,12,A,DAY,MIDS,EMS,STROKE ALS 2,1,E-911,"JONES, DAESHA","GOODWIN, SHEENA",2026-05-26 12:34:54.000,2026-05-26 12:36:48.000,2026-05-26 12:36:43.000,109,109,0,2026-05-26 12:36:45.707,2,2,0,2026-05-26 12:41:18.000,384,384,0,2026-05-26 12:36:59.640,111,111,0,2026-05-26 12:36:59.640,14,13,1,2026-05-26 12:40:40.073,221,220,1,2026-05-26 12:38:06.353,2026-05-26 13:26:14.967,0,NULL,2026-05-26 13:26:15.133,3080,3080,0,UNDEFINED
26-041374,2026-05-26 12:35:06.000,22,TUE,26,12,A,DAY,MIDS,POLICE,MVC PROPERTY DAMAGE,2,E-911,"FLOURNOY, ERICKA","WALKER, JUANITA",2026-05-26 12:35:06.000,2026-05-26 12:38:14.000,2026-05-26 12:36:53.000,107,107,0,2026-05-26 12:38:26.893,93,93,0,2026-05-26 12:37:18.000,132,132,0,2026-05-26 12:38:35.980,200,200,0,2026-05-26 12:38:35.980,9,9,0,2026-05-26 12:51:22.213,767,766,1,2026-05-26 14:08:29.687,2026-05-26 15:15:13.100,0,NULL,2026-05-26 15:15:13.120,9607,9607,0,CI-Citation
26-041375,2026-05-26 12:37:03.000,22,TUE,26,12,A,DAY,MIDS,POLICE,TRAFFIC STOP,2,OFFICER,"TRAPERO, HUMBERTO A",NULL,2026-05-26 12:37:03.000,2026-05-26 12:37:26.000,2026-05-26 12:37:03.000,0,1,-1,2026-05-26 12:37:03.000,0,0,0,2026-05-26 12:37:03.000,0,NULL,0,2026-05-26 12:37:03.000,0,0,0,2026-05-26 12:37:03.000,0,0,0,2026-05-26 12:37:03.000,0,0,0,2026-05-26 12:42:43.080,2026-05-26 12:42:43.080,0,NULL,2026-05-26 12:42:43.107,340,340,0,CI-Citation
26-041376,2026-05-26 12:37:30.000,22,TUE,26,12,A,DAY,MIDS,POLICE,TRAFFIC STOP,2,OFFICER,"LEACH, JOSHUA C",NULL,2026-05-26 12:37:30.000,2026-05-26 12:37:44.000,2026-05-26 12:37:30.000,0,1,-1,2026-05-26 12:37:30.000,0,0,0,2026-05-26 12:37:30.000,0,NULL,0,2026-05-26 12:37:30.000,0,0,0,2026-05-26 12:37:30.000,0,0,0,2026-05-26 12:37:30.000,0,0,0,2026-05-26 12:42:07.250,2026-05-26 12:42:07.250,0,NULL,2026-05-26 12:42:08.137,277,277,0,CI-Citation
26-041377,2026-05-26 12:40:31.000,22,TUE,26,12,A,DAY,MIDS,POLICE,ALARM RESIDENTIAL,2,Text,"ANDERSON, MARILYN",NULL,2026-05-26 12:40:29.000,2026-05-26 12:41:23.000,2026-05-26 12:40:51.000,22,20,2,2026-05-26 12:41:30.917,39,39,0,2026-05-26 12:41:49.000,80,78,2,2026-05-26 12:41:35.030,61,61,0,2026-05-26 12:41:35.030,5,4,1,2026-05-26 12:44:58.513,203,203,0,2026-05-26 12:46:04.850,2026-05-26 13:04:54.327,0,NULL,2026-05-26 13:04:54.377,1465,1465,0,NR-No Report
26-041378,2026-05-26 12:40:34.000,22,TUE,26,12,A,DAY,MIDS,POLICE,DOMESTIC VIOL NO INJ,2,Phone,"MAIORIELLO, BERMARI","WALKER, JUANITA",2026-05-26 12:40:33.000,2026-05-26 12:41:50.000,2026-05-26 12:41:31.000,58,57,1,2026-05-26 12:42:24.023,53,53,0,2026-05-26 12:44:04.000,211,210,1,2026-05-26 12:42:28.000,111,111,0,2026-05-26 12:42:28.000,4,3,1,2026-05-26 12:48:12.933,344,344,0,2026-05-26 13:43:37.537,2026-05-26 13:45:56.603,0,NULL,2026-05-26 13:45:56.617,3923,3923,0,NR-No Report
26-041379,2026-05-26 12:45:00.000,22,TUE,26,12,A,DAY,MIDS,POLICE,PUBLIC SERVICE MULTI OFFICER,2,E-911,"FLOURNOY, ERICKA","WALKER, JUANITA",2026-05-26 12:44:59.000,2026-05-26 12:47:26.000,2026-05-26 12:46:35.000,96,95,1,2026-05-26 12:48:03.510,88,88,0,2026-05-26 12:50:11.000,312,311,1,2026-05-26 12:48:09.593,184,184,0,2026-05-26 12:48:09.593,6,6,0,2026-05-26 12:50:52.103,163,162,1,2026-05-26 14:32:28.303,2026-05-26 15:40:17.507,0,NULL,2026-05-26 15:40:17.600,10518,10518,0,NR-No Report
26-041380,2026-05-26 12:46:53.000,22,TUE,26,12,A,DAY,MIDS,POLICE,MENTAL HEALTH CASE,2,E-911,"JONES, DAESHA",NULL,2026-05-26 12:46:53.000,2026-05-26 12:47:51.000,2026-05-26 12:47:41.000,48,48,0,2026-05-26 12:50:01.240,140,140,0,2026-05-26 12:53:15.000,382,382,0,2026-05-26 12:50:03.940,188,188,0,2026-05-26 12:50:03.940,2,2,0,2026-05-26 12:51:40.463,97,96,1,2026-05-26 13:29:30.933,2026-05-27 17:25:34.907,0,NULL,2026-05-27 17:25:34.970,103121,16721,86400,SUP-Supplement
26-012806,2026-05-26 12:47:02.640,22,TUE,26,12,A,DAY,MIDS,FIRE,MUTUAL FIRE ALARM,1,C2C,CAD to CAD Service 1,CAD to CAD Service 1,2026-05-26 12:45:25.000,2026-05-26 12:51:19.000,2026-05-26 12:47:03.063,98,0,98,2026-05-26 12:47:03.127,0,0,0,NULL,NULL,NULL,NULL,2026-05-26 12:48:09.687,98,112,-14,2026-05-26 12:48:09.687,66,66,0,2026-05-26 12:54:47.847,398,398,0,2026-05-26 12:55:07.287,2026-05-26 12:55:28.023,0,NULL,2026-05-26 12:55:28.173,603,603,0,UNDEFINED
26-012808,2026-05-26 12:53:05.000,22,TUE,26,12,A,DAY,MIDS,EMS,FALL BLS,3,E-911,"FLOURNOY, ERICKA","FLOURNOY, ERICKA",2026-05-26 12:53:05.000,2026-05-26 12:54:14.000,2026-05-26 12:53:48.000,43,43,0,2026-05-26 12:53:50.237,2,2,0,2026-05-26 12:56:07.000,182,182,0,2026-05-26 12:54:59.773,45,45,0,2026-05-26 12:54:59.773,69,69,0,2026-05-26 13:04:39.733,580,579,1,2026-05-26 13:26:15.350,2026-05-26 14:10:57.627,0,NULL,2026-05-26 14:10:57.863,4672,4672,0,UNDEFINED
26-041381,2026-05-26 12:53:56.000,22,TUE,26,12,A,DAY,MIDS,POLICE,TRAFFIC STOP,2,OFFICER,"TRAPERO, HUMBERTO A",NULL,2026-05-26 12:53:56.000,2026-05-26 12:54:19.000,2026-05-26 12:53:56.000,0,1,-1,2026-05-26 12:53:56.000,0,0,0,2026-05-26 12:53:56.000,0,NULL,0,2026-05-26 12:53:56.000,0,0,0,2026-05-26 12:53:56.000,0,0,0,2026-05-26 12:53:56.000,0,0,0,2026-05-26 13:09:01.780,2026-05-26 13:09:01.780,0,NULL,2026-05-26 13:09:02.097,905,905,0,CI-Citation
26-012809,2026-05-26 13:00:54.000,22,TUE,26,13,A,DAY,MIDS,EMS,FALL BLS,3,E-911,"JONES, DAESHA",Automatic Dispatch,2026-05-26 13:00:54.000,2026-05-26 13:01:42.000,2026-05-26 13:01:37.000,43,43,0,2026-05-26 13:01:39.580,2,2,0,2026-05-26 13:03:11.000,137,137,0,2026-05-26 13:02:23.210,45,45,0,2026-05-26 13:02:23.210,44,43,1,2026-05-26 13:11:15.550,532,532,0,2026-05-26 14:14:52.933,2026-05-26 14:14:52.933,0,NULL,2026-05-26 14:14:53.020,4438,4438,0,UNDEFINED
26-041383,2026-05-26 13:02:27.000,22,TUE,26,13,A,DAY,MIDS,POLICE,BOOT REMOVAL,3,Phone,"PATTERSON, JAHAIRA",NULL,2026-05-26 13:02:27.000,NULL,2026-05-26 13:03:01.000,34,34,0,2026-05-26 13:22:27.387,1166,1166,0,2026-05-26 13:09:59.000,452,452,0,2026-05-26 13:22:27.387,1200,1200,0,2026-05-26 13:22:27.387,0,-9999,9999,2026-05-26 13:34:37.220,730,729,1,2026-05-26 13:44:17.633,2026-05-26 13:44:17.633,0,NULL,2026-05-26 13:44:18.190,2510,2510,0,NR-No Report
26-041384,2026-05-26 13:03:13.000,22,TUE,26,13,A,DAY,MIDS,POLICE,TRAFFIC STOP,2,OFFICER,"LEACH, JOSHUA C",NULL,2026-05-26 13:03:13.000,2026-05-26 13:03:30.000,2026-05-26 13:03:13.000,0,2,-2,2026-05-26 13:03:13.000,0,0,0,2026-05-26 13:03:13.000,0,NULL,0,2026-05-26 13:03:13.000,0,0,0,2026-05-26 13:03:13.000,0,0,0,2026-05-26 13:03:13.000,0,0,0,2026-05-26 13:07:41.127,2026-05-26 13:07:41.127,0,NULL,2026-05-26 13:07:41.980,268,268,0,CI-Citation
26-041385,2026-05-26 13:06:50.000,22,TUE,26,13,A,DAY,MIDS,POLICE,ASSIST OUTSIDE AGENCY,2,VCIN,"CRUZ, STEPHANIE","WALKER, JUANITA",2026-05-26 13:06:48.000,2026-05-26 13:09:24.000,2026-05-26 13:08:19.000,91,89,2,2026-05-26 13:10:03.443,104,104,0,2026-05-26 13:11:19.000,271,269,2,2026-05-26 13:10:07.460,195,195,0,2026-05-26 13:10:07.460,4,4,0,2026-05-26 13:18:21.687,494,494,0,2026-05-26 14:11:46.217,2026-05-26 14:11:46.217,0,NULL,2026-05-26 14:11:46.287,3898,3898,0,NR-No Report
26-041386,2026-05-26 13:08:52.000,22,TUE,26,13,A,DAY,MIDS,POLICE,TRAFFIC STOP,2,OFFICER,"KIM, DANIEL H",NULL,2026-05-26 13:08:52.000,2026-05-26 13:09:03.000,2026-05-26 13:08:52.000,0,1,-1,2026-05-26 13:08:52.000,0,0,0,2026-05-26 13:08:52.000,0,NULL,0,2026-05-26 13:08:52.000,0,0,0,2026-05-26 13:08:52.000,0,0,0,2026-05-26 13:08:52.000,0,0,0,2026-05-26 13:16:07.960,2026-05-26 13:16:07.960,0,NULL,2026-05-26 13:16:08.010,435,435,0,CI-Citation
26-041388,2026-05-26 13:10:43.000,22,TUE,26,13,A,DAY,MIDS,POLICE,TRESPASSING IN PROG,2,Phone,"PATTERSON, JAHAIRA","WALKER, JUANITA",2026-05-26 13:10:41.000,2026-05-26 13:13:00.000,2026-05-26 13:12:51.000,130,128,2,2026-05-26 13:33:02.870,1211,1211,0,2026-05-26 13:14:29.000,228,226,2,2026-05-26 13:33:10.963,1341,1341,0,2026-05-26 13:33:10.963,8,3,5,2026-05-26 13:37:42.450,272,271,1,2026-05-26 13:33:15.220,2026-05-26 13:44:07.363,0,NULL,2026-05-26 13:44:07.363,2006,2006,0,NR-No Report
26-012810,2026-05-26 13:12:17.000,22,TUE,26,13,A,DAY,MIDS,FIRE,GAS LEAK - INSIDE,1,E-911,"ANDERSON, MARILYN",Automatic Dispatch,2026-05-26 13:12:17.000,2026-05-26 13:14:40.000,2026-05-26 13:12:50.000,33,33,0,2026-05-26 13:12:52.143,2,2,0,2026-05-26 13:15:03.000,166,166,0,2026-05-26 13:13:50.190,35,35,0,2026-05-26 13:13:50.190,58,58,0,2026-05-26 13:16:14.933,144,144,0,2026-05-26 13:21:35.020,2026-05-26 13:34:26.573,0,NULL,2026-05-26 13:34:26.733,1329,1329,0,UNDEFINED
26-041389,2026-05-26 13:12:32.000,22,TUE,26,13,A,DAY,MIDS,POLICE,DISORDERLY CONDUCT,2,E-911,"JONES, DAESHA",NULL,2026-05-26 13:12:32.000,2026-05-26 13:13:28.000,2026-05-26 13:13:18.000,46,46,0,2026-05-26 13:14:24.347,66,66,0,2026-05-26 13:22:45.000,613,613,0,2026-05-26 13:14:34.577,112,112,0,2026-05-26 13:14:34.577,10,10,0,2026-05-26 13:19:28.127,294,293,1,2026-05-26 13:33:21.890,2026-05-26 13:36:49.587,0,NULL,2026-05-26 13:36:49.713,1457,1457,0,NR-No Report
26-041390,2026-05-26 13:12:54.000,22,TUE,26,13,A,DAY,MIDS,POLICE,PUBLIC SERVICE MULTI OFFICER,2,Phone,"PICKERAL, LAUREN","WALKER, JUANITA",2026-05-26 13:12:52.000,2026-05-26 13:14:34.000,2026-05-26 13:14:08.000,76,74,2,2026-05-26 13:51:43.223,2255,2255,0,2026-05-26 13:16:55.000,243,241,2,2026-05-26 13:51:53.023,2331,2331,0,2026-05-26 13:51:53.023,10,9,1,2026-05-26 14:02:02.280,609,609,0,2026-05-26 14:14:17.233,2026-05-26 14:14:38.713,0,NULL,2026-05-26 14:14:38.960,3706,3706,0,NR-No Report
26-012811,2026-05-26 13:14:59.000,22,TUE,26,13,A,DAY,MIDS,EMS,FALL BLS,3,E-911,"BONSU, VALERIE",Automatic Dispatch,2026-05-26 13:14:58.000,2026-05-26 13:16:14.000,2026-05-26 13:15:57.000,59,58,1,2026-05-26 13:15:59.363,2,2,0,2026-05-26 13:17:21.000,143,142,1,2026-05-26 13:16:07.800,61,61,0,2026-05-26 13:16:07.800,8,8,0,2026-05-26 13:23:07.463,420,419,1,2026-05-26 13:31:54.700,2026-05-26 14:15:45.633,0,NULL,2026-05-26 14:15:45.760,3647,3647,0,CAD2CAD
26-041392,2026-05-26 13:17:35.000,22,TUE,26,13,A,DAY,MIDS,POLICE,CIVIL PROCESS EVICTION,4,Radio,"WALKER, JUANITA","WALKER, JUANITA",2026-05-26 13:17:35.000,2026-05-26 13:17:45.867,2026-05-26 13:17:35.000,0,0,0,2026-05-26 13:17:35.000,0,0,0,2026-05-26 13:17:35.000,0,0,0,2026-05-26 13:18:03.440,0,0,0,2026-05-26 13:17:35.000,0,0,0,2026-05-26 13:17:35.000,0,0,0,2026-05-26 13:25:28.473,2026-05-26 13:34:48.863,0,NULL,2026-05-26 13:34:49.063,1033,1033,0,NR-No Report
26-041393,2026-05-26 13:17:52.000,22,TUE,26,13,A,DAY,MIDS,POLICE,MVC PROPERTY DAMAGE,2,Phone,"VALENTIN, EMERITA","WALKER, JUANITA",2026-05-26 13:17:51.000,2026-05-26 13:22:36.000,2026-05-26 13:18:24.000,33,32,1,2026-05-26 13:33:58.040,934,934,0,2026-05-26 13:18:24.000,33,NULL,33,2026-05-26 13:34:20.163,967,967,0,2026-05-26 13:34:20.163,22,22,0,2026-05-26 13:54:06.673,1186,1186,0,2026-05-26 13:35:33.940,2026-05-26 14:12:53.107,0,NULL,2026-05-26 14:12:53.133,3302,3302,0,NR-No Report
26-041394,2026-05-26 13:18:44.000,22,TUE,26,13,A,DAY,MIDS,POLICE,TRAFFIC STOP,2,OFFICER,"LEACH, JOSHUA C",NULL,2026-05-26 13:18:44.000,2026-05-26 13:19:37.000,2026-05-26 13:18:44.000,0,2,-2,2026-05-26 13:18:44.000,0,0,0,2026-05-26 13:18:44.000,0,NULL,0,2026-05-26 13:18:44.000,0,0,0,2026-05-26 13:18:44.000,0,0,0,2026-05-26 13:18:44.000,0,0,0,2026-05-26 13:23:15.810,2026-05-26 13:23:15.810,0,NULL,2026-05-26 13:23:16.627,271,271,0,CI-Citation
26-041395,2026-05-26 13:20:27.000,22,TUE,26,13,A,DAY,MIDS,POLICE,TRAFFIC STOP,2,OFFICER,"TRAPERO, HUMBERTO A",NULL,2026-05-26 13:20:27.000,NULL,2026-05-26 13:20:27.000,0,4,-4,2026-05-26 13:20:27.000,0,0,0,2026-05-26 13:20:27.000,0,NULL,0,2026-05-26 13:20:27.000,0,0,0,2026-05-26 13:20:27.000,0,0,0,2026-05-26 13:20:27.000,0,0,0,2026-05-26 13:25:33.303,2026-05-26 13:25:33.303,0,NULL,2026-05-26 13:25:33.310,306,306,0,CI-Citation
26-041398,2026-05-26 13:24:13.000,22,TUE,26,13,A,DAY,MIDS,POLICE,DOMESTIC VIOL NO INJ,2,Phone,"VALENTIN, EMERITA","WALKER, JUANITA",2026-05-26 13:24:12.000,2026-05-26 13:25:55.000,2026-05-26 13:24:43.000,31,30,1,2026-05-26 13:26:09.050,86,86,0,2026-05-26 13:29:14.000,302,301,1,2026-05-26 13:26:15.727,117,117,0,2026-05-26 13:26:15.727,6,6,0,2026-05-26 13:33:09.093,414,413,1,2026-05-26 13:50:24.157,2026-05-26 13:50:38.863,0,NULL,2026-05-26 13:50:38.893,1586,1586,0,NR-No Report
26-041399,2026-05-26 13:26:41.000,22,TUE,26,13,A,DAY,MIDS,POLICE,RUNAWAY IN PROG,2,Phone,"ANDERSON, MARILYN",NULL,2026-05-26 13:26:39.000,2026-05-26 13:27:55.000,2026-05-26 13:27:42.000,63,61,2,2026-05-26 13:45:37.110,1075,1075,0,2026-05-26 13:31:26.000,287,285,2,2026-05-26 13:45:44.940,1138,1138,0,2026-05-26 13:45:44.940,7,7,0,2026-05-26 13:46:23.400,39,38,1,2026-05-26 15:38:44.767,2026-05-26 15:51:06.140,0,NULL,2026-05-26 15:51:06.170,8667,8667,0,NR-No Report
26-041400,2026-05-26 13:30:35.000,22,TUE,26,13,A,DAY,MIDS,POLICE,TRAFFIC STOP,2,OFFICER,"TRAPERO, HUMBERTO A",NULL,2026-05-26 13:30:35.000,2026-05-26 13:30:43.000,2026-05-26 13:30:35.000,0,1,-1,2026-05-26 13:30:35.000,0,0,0,2026-05-26 13:30:35.000,0,NULL,0,2026-05-26 13:30:35.000,0,0,0,2026-05-26 13:30:35.000,0,0,0,2026-05-26 13:30:35.000,0,0,0,2026-05-26 13:37:13.880,2026-05-26 13:37:13.870,0,NULL,2026-05-26 13:37:13.870,398,398,0,CI-Citation
26-041402,2026-05-26 13:34:56.000,22,TUE,26,13,A,DAY,MIDS,POLICE,FALSE PRETENSE/SWINDLE DELAY,4,Phone,"VALENTIN, EMERITA","BONSU, VALERIE",2026-05-26 13:34:55.000,2026-05-26 14:02:04.000,2026-05-26 13:35:53.000,58,57,1,2026-05-26 14:39:38.420,3825,3825,0,2026-05-26 13:42:36.000,461,460,1,2026-05-26 14:39:43.377,3883,3883,0,2026-05-26 14:39:43.377,5,4,1,2026-05-26 15:00:30.753,1247,1247,0,2026-05-26 17:23:31.863,2026-05-26 17:23:31.863,0,NULL,2026-05-26 17:23:31.863,13716,13716,0,RE-Report
26-041403,2026-05-26 13:39:38.000,22,TUE,26,13,A,DAY,MIDS,POLICE,TRAFFIC STOP,2,OFFICER,"TRAPERO, HUMBERTO A",NULL,2026-05-26 13:39:38.000,2026-05-26 13:39:46.000,2026-05-26 13:39:38.000,0,0,0,2026-05-26 13:39:38.000,0,0,0,2026-05-26 13:39:38.000,0,NULL,0,2026-05-26 13:39:38.000,0,0,0,2026-05-26 13:39:38.000,0,0,0,2026-05-26 13:39:38.000,0,0,0,2026-05-26 13:45:53.403,2026-05-26 13:45:53.243,0,NULL,2026-05-26 13:45:53.243,375,375,0,CI-Citation
26-041406,2026-05-26 13:42:34.000,22,TUE,26,13,A,DAY,MIDS,POLICE,CREDIT CARD FRAUD DELAY,4,Phone,"PATTERSON, JAHAIRA","BONSU, VALERIE",2026-05-26 13:42:33.000,NULL,2026-05-26 13:45:35.000,182,181,1,2026-05-26 14:00:45.403,910,910,0,2026-05-26 13:49:55.000,442,441,1,2026-05-26 14:00:50.933,1092,1092,0,2026-05-26 14:00:50.933,5,5,0,2026-05-26 14:14:41.257,831,830,1,2026-05-26 15:58:38.203,2026-05-26 15:58:38.203,0,NULL,2026-05-26 15:58:38.250,8165,8165,0,RE-Report
26-041404,2026-05-26 13:42:40.000,22,TUE,26,13,A,DAY,MIDS,POLICE,TROUBLE UNKNOWN EMS,2,Phone,"VALENTIN, EMERITA","WALKER, JUANITA",2026-05-26 13:42:40.000,2026-05-26 13:45:02.000,2026-05-26 13:43:48.000,68,68,0,2026-05-26 13:45:25.453,97,97,0,2026-05-26 13:46:16.000,216,216,0,2026-05-26 13:45:30.597,165,165,0,2026-05-26 13:45:30.597,5,5,0,2026-05-26 13:50:29.190,299,298,1,2026-05-26 13:46:18.233,2026-05-26 13:51:07.000,0,NULL,NULL,507,507,0,NR-No Report
26-012812,2026-05-26 13:43:48.000,22,TUE,26,13,A,DAY,MIDS,EMS,UNKNOWN MEDICAL ALS 1,1,Radio,"VALENTIN, EMERITA",Automatic Dispatch,2026-05-26 13:43:48.000,2026-05-26 13:45:08.000,2026-05-26 13:43:48.000,0,NULL,0,2026-05-26 13:43:50.707,2,2,0,2026-05-26 13:43:48.000,0,0,0,2026-05-26 13:44:23.160,2,2,0,2026-05-26 13:44:23.160,33,32,1,2026-05-26 13:48:42.600,259,259,0,2026-05-26 13:50:45.920,2026-05-26 13:52:35.467,0,NULL,2026-05-26 13:52:35.497,527,527,0,UNDEFINED
26-041405,2026-05-26 13:45:26.000,22,TUE,26,13,A,DAY,MIDS,POLICE,TRAFFIC STOP,2,OFFICER,"LEACH, JOSHUA C",NULL,2026-05-26 13:45:26.000,2026-05-26 13:46:50.000,2026-05-26 13:45:26.000,0,2,-2,2026-05-26 13:45:26.000,0,0,0,2026-05-26 13:45:26.000,0,NULL,0,2026-05-26 13:45:26.000,0,0,0,2026-05-26 13:45:26.000,0,0,0,2026-05-26 13:45:26.000,0,0,0,2026-05-26 13:49:06.283,2026-05-26 13:49:06.283,0,NULL,2026-05-26 13:49:07.080,220,220,0,NR-No Report
26-041408,2026-05-26 13:47:53.000,22,TUE,26,13,A,DAY,MIDS,POLICE,DRUG COMPLAINT IN PROG,2,E-911,"BONSU, VALERIE","WALKER, JUANITA",2026-05-26 13:47:53.000,2026-05-26 13:52:44.000,2026-05-26 13:50:08.000,135,135,0,2026-05-26 13:52:55.513,167,167,0,2026-05-26 13:50:39.000,166,166,0,2026-05-26 13:52:59.063,302,302,0,2026-05-26 13:52:59.063,4,3,1,2026-05-26 14:00:05.990,426,426,0,2026-05-26 13:54:32.070,2026-05-26 14:02:56.853,0,NULL,2026-05-26 14:02:56.983,903,903,0,NR-No Report
26-041407,2026-05-26 13:48:41.000,22,TUE,26,13,A,DAY,MIDS,POLICE,PARKING COMPLAINT,4,Phone,"VALENTIN, EMERITA",NULL,2026-05-26 13:48:39.000,NULL,2026-05-26 13:48:53.000,14,12,2,2026-05-26 14:09:05.463,1212,1212,0,2026-05-26 13:49:44.000,65,63,2,2026-05-26 14:09:05.463,1226,1226,0,2026-05-26 14:09:05.463,0,-9999,9999,2026-05-26 14:30:17.613,1272,1272,0,2026-05-26 14:34:31.707,2026-05-26 14:34:31.707,0,NULL,2026-05-26 14:34:32.040,2752,2752,0,NR-No Report
26-012814,2026-05-26 13:48:56.000,22,TUE,26,13,A,DAY,MIDS,FIRE,CO ALARM,2,Text,"ANDERSON, MARILYN",Automatic Dispatch,2026-05-26 13:48:54.000,2026-05-26 13:49:46.000,2026-05-26 13:49:22.000,28,26,2,2026-05-26 13:49:24.417,2,2,0,2026-05-26 13:50:44.000,110,108,2,2026-05-26 13:49:25.897,30,30,0,2026-05-26 13:49:25.897,1,1,0,2026-05-26 13:52:57.047,212,211,1,2026-05-26 13:55:25.767,2026-05-26 13:55:25.767,0,NULL,2026-05-26 13:55:25.917,391,391,0,UNDEFINED
26-012815,2026-05-26 13:52:40.000,22,TUE,26,13,A,DAY,MIDS,EMS,FACILITY BLS,3,E-911,"BONSU, VALERIE","FLOURNOY, ERICKA",2026-05-26 13:52:39.000,2026-05-26 14:26:49.000,2026-05-26 13:54:13.000,94,93,1,2026-05-26 13:54:15.577,2,2,0,2026-05-26 13:55:51.000,192,191,1,2026-05-26 13:54:47.337,96,96,0,2026-05-26 13:54:47.337,32,31,1,2026-05-26 13:57:53.450,186,186,0,2026-05-26 14:15:27.063,2026-05-26 14:23:52.070,1,2026-05-26 14:26:15.360,2026-05-26 14:23:52.257,1873,2534,-661,CC-Call Completed
26-041410,2026-05-26 13:58:50.000,22,TUE,26,13,A,DAY,MIDS,POLICE,ALARM RESIDENTIAL,2,Phone,"ANDERSON, MARILYN","BONSU, VALERIE",2026-05-26 13:58:48.000,2026-05-26 14:01:13.000,2026-05-26 13:59:11.000,23,21,2,2026-05-26 14:01:28.960,137,137,0,2026-05-26 14:00:51.000,123,121,2,2026-05-26 14:01:34.343,160,160,0,2026-05-26 14:01:34.343,6,5,1,2026-05-26 14:15:07.397,813,813,0,2026-05-26 14:18:26.463,2026-05-26 14:18:26.463,0,NULL,2026-05-26 14:18:26.520,1178,1178,0,FALSE-False Alarm
26-041412,2026-05-26 14:00:45.000,22,TUE,26,14,A,DAY,LATE,POLICE,TRAFFIC STOP,2,OFFICER,"TRAPERO, HUMBERTO A",NULL,2026-05-26 14:00:45.000,2026-05-26 14:00:52.000,2026-05-26 14:00:45.000,0,1,-1,2026-05-26 14:00:45.000,0,0,0,2026-05-26 14:00:45.000,0,NULL,0,2026-05-26 14:00:45.000,0,0,0,2026-05-26 14:00:45.000,0,0,0,2026-05-26 14:00:45.000,0,0,0,2026-05-26 14:06:40.027,2026-05-26 14:06:40.027,0,NULL,2026-05-26 14:06:40.057,355,355,0,CI-Citation
26-041413,2026-05-26 14:04:27.000,22,TUE,26,14,A,DAY,LATE,POLICE,FORGERY/BAD CHECK DELAY,4,Phone,"JONES, DAESHA",NULL,2026-05-26 14:04:25.000,2026-05-26 14:08:32.000,2026-05-26 14:06:02.000,97,95,2,2026-05-26 15:03:16.523,3434,3434,0,2026-05-26 14:07:39.000,194,192,2,2026-05-26 15:03:26.060,3531,3531,0,2026-05-26 15:03:26.060,10,9,1,NULL,NULL,-9999,NULL,2026-05-27 00:26:58.377,2026-05-27 00:26:58.377,0,NULL,2026-05-27 00:26:58.440,37353,37353,0,RE-Report
26-041415,2026-05-26 14:08:33.000,22,TUE,26,14,A,DAY,LATE,POLICE,TRAFFIC STOP,2,OFFICER,"LEACH, JOSHUA C",NULL,2026-05-26 14:08:33.000,2026-05-26 14:08:39.000,2026-05-26 14:08:33.000,0,2,-2,2026-05-26 14:08:33.000,0,0,0,2026-05-26 14:08:33.000,0,NULL,0,2026-05-26 14:08:33.000,0,0,0,2026-05-26 14:08:33.000,0,0,0,2026-05-26 14:08:33.000,0,0,0,2026-05-26 14:13:29.013,2026-05-26 14:13:29.013,0,NULL,2026-05-26 14:13:29.883,296,296,0,CI-Citation
26-041416,2026-05-26 14:11:05.000,22,TUE,26,14,A,DAY,LATE,POLICE,FLAG DOWN,2,OFFICER,"FELIX, BRUCE",NULL,2026-05-26 14:11:05.000,2026-05-26 14:11:13.000,2026-05-26 14:11:05.000,0,1,-1,2026-05-26 14:11:05.000,0,0,0,2026-05-26 14:11:05.000,0,NULL,0,2026-05-26 14:11:05.000,0,0,0,2026-05-26 14:11:05.000,0,0,0,2026-05-26 14:11:05.000,0,0,0,2026-05-26 14:19:43.610,2026-05-26 14:19:43.610,0,NULL,2026-05-26 14:19:43.677,518,518,0,NR-No Report
26-041418,2026-05-26 14:16:04.000,22,TUE,26,14,A,DAY,LATE,POLICE,ANIMAL SICK-INJURED,2,Phone,"MAIORIELLO, BERMARI","BONSU, VALERIE",2026-05-26 14:16:04.000,2026-05-26 14:27:42.000,2026-05-26 14:16:49.000,45,45,0,2026-05-26 14:28:35.623,706,706,0,2026-05-26 14:17:15.000,71,71,0,2026-05-26 14:28:35.697,751,751,0,2026-05-26 14:28:35.697,0,0,0,NULL,NULL,-9999,NULL,2026-05-26 14:28:39.137,2026-05-26 14:28:39.137,0,NULL,2026-05-26 14:28:39.223,755,755,0,ACOR-Animal Control Report
26-041421,2026-05-26 14:16:23.000,22,TUE,26,14,A,DAY,LATE,POLICE,TROUBLE UNKNOWN EMS,2,Phone,"LEWIS, LESLIE","BONSU, VALERIE",2026-05-26 14:16:21.000,2026-05-26 14:19:26.000,2026-05-26 14:19:17.000,176,174,2,2026-05-26 14:24:54.837,337,337,0,2026-05-26 14:19:47.000,206,204,2,2026-05-26 14:24:59.307,513,513,0,2026-05-26 14:24:59.307,5,4,1,NULL,NULL,-9999,NULL,NULL,2026-05-26 14:27:37.000,0,NULL,NULL,676,676,0,CN-Cancellation
26-041420,2026-05-26 14:16:40.000,22,TUE,26,14,A,DAY,LATE,POLICE,MVC PROPERTY DAMAGE,2,E-911,"JONES, DAESHA","BONSU, VALERIE",2026-05-26 14:16:40.000,2026-05-26 14:19:03.000,2026-05-26 14:18:15.000,95,95,0,2026-05-26 14:20:15.180,120,120,0,2026-05-26 14:19:23.000,163,163,0,2026-05-26 14:20:15.663,215,215,0,2026-05-26 14:20:15.663,0,0,0,2026-05-26 14:24:19.537,244,243,1,2026-05-26 14:40:44.087,2026-05-26 14:40:44.087,0,NULL,2026-05-26 14:40:44.100,1444,1444,0,NR-No Report
26-041422,2026-05-26 14:18:09.000,22,TUE,26,14,A,DAY,LATE,POLICE,ASSIST CITIZEN DELAY,4,Phone,"MAIORIELLO, BERMARI","BONSU, VALERIE",2026-05-26 14:18:07.000,2026-05-26 14:45:22.000,2026-05-26 14:19:21.000,74,72,2,2026-05-26 14:46:49.440,1648,1648,0,2026-05-26 14:21:21.000,194,192,2,2026-05-26 14:47:21.527,1722,1722,0,2026-05-26 14:47:21.527,32,32,0,2026-05-26 15:24:44.897,2243,2243,0,2026-05-26 16:25:05.883,2026-05-26 16:25:05.883,0,NULL,2026-05-26 16:25:05.977,7618,7618,0,NR-No Report
26-012816,2026-05-26 14:19:18.000,22,TUE,26,14,A,DAY,LATE,EMS,UNKNOWN MEDICAL ALS 1,1,NOT CAPTURED,"LEWIS, LESLIE","FLOURNOY, ERICKA",2026-05-26 14:19:18.000,2026-05-26 14:20:59.000,2026-05-26 14:19:18.000,0,NULL,0,2026-05-26 14:19:20.397,2,2,0,2026-05-26 14:19:18.000,0,0,0,2026-05-26 14:20:02.200,2,2,0,2026-05-26 14:20:02.200,42,41,1,2026-05-26 14:25:48.290,346,346,0,2026-05-26 14:21:14.423,2026-05-26 14:30:15.020,0,NULL,2026-05-26 14:30:15.093,657,657,0,UNDEFINED
26-012817,2026-05-26 14:28:21.000,22,TUE,26,14,A,DAY,LATE,EMS,TROUBLE BREATHING ALS 1,1,E-911,"ANDERSON, MARILYN",Automatic Dispatch,2026-05-26 14:28:21.000,2026-05-26 14:29:52.000,2026-05-26 14:29:19.000,58,58,0,2026-05-26 14:29:22.923,3,3,0,2026-05-26 14:31:18.000,177,177,0,2026-05-26 14:30:29.590,61,61,0,2026-05-26 14:30:29.590,67,66,1,2026-05-26 14:34:34.470,245,244,1,2026-05-26 14:39:02.407,2026-05-26 15:49:05.287,0,NULL,2026-05-26 15:49:37.060,4844,4844,0,UNDEFINED
26-041425,2026-05-26 14:31:00.000,22,TUE,26,14,A,DAY,LATE,POLICE,TRAFFIC STOP,2,OFFICER,"LEACH, JOSHUA C",NULL,2026-05-26 14:31:00.000,2026-05-26 14:31:06.000,2026-05-26 14:31:00.000,0,1,-1,2026-05-26 14:31:00.000,0,0,0,2026-05-26 14:31:00.000,0,NULL,0,2026-05-26 14:31:00.000,0,0,0,2026-05-26 14:31:00.000,0,0,0,2026-05-26 14:31:00.000,0,0,0,2026-05-26 14:36:25.140,2026-05-26 14:36:25.140,0,NULL,2026-05-26 14:36:25.910,325,325,0,CI-Citation
26-041426,2026-05-26 14:39:14.000,22,TUE,26,14,A,DAY,LATE,POLICE,PARKING COMPLAINT,4,Phone,"MAIORIELLO, BERMARI",NULL,2026-05-26 14:39:11.000,NULL,2026-05-26 14:40:09.000,58,55,3,2026-05-26 14:48:35.717,506,506,0,2026-05-26 14:41:19.000,128,125,3,2026-05-26 14:48:35.717,564,564,0,2026-05-26 14:48:35.717,0,0,0,2026-05-26 14:54:53.437,378,377,1,2026-05-26 15:10:10.977,2026-05-26 15:10:10.977,0,NULL,2026-05-26 15:10:12.043,1859,1859,0,NR-No Report
26-041428,2026-05-26 14:44:23.000,22,TUE,26,14,A,DAY,LATE,POLICE,PUBLIC SERVICE MULTI OFFICER,2,Phone,"VALENTIN, EMERITA",NULL,2026-05-26 14:44:21.000,2026-05-26 14:47:24.000,2026-05-26 14:47:03.000,162,160,2,2026-05-26 14:47:47.097,44,44,0,2026-05-26 15:25:50.000,2489,2487,2,2026-05-26 14:47:53.713,206,206,0,2026-05-26 14:47:53.713,6,6,0,2026-05-26 14:57:50.687,597,596,1,2026-05-26 17:10:06.157,2026-05-27 01:52:04.120,0,NULL,2026-05-27 01:52:04.183,40063,40063,0,RE-Report
26-041429,2026-05-26 14:48:52.000,22,TUE,26,14,A,DAY,LATE,POLICE,NOISE COMPLAINT DELAY,4,Phone,"PATTERSON, JAHAIRA",NULL,2026-05-26 14:48:52.000,NULL,2026-05-26 14:49:43.000,51,51,0,2026-05-26 14:50:34.313,51,51,0,2026-05-26 14:50:35.000,103,103,0,2026-05-26 14:50:34.313,102,102,0,2026-05-26 14:50:34.313,0,-9999,9999,2026-05-26 14:50:36.063,2,1,1,2026-05-26 14:51:20.063,2026-05-26 14:51:20.063,0,NULL,2026-05-26 14:51:20.110,148,148,0,NR-No Report
26-041430,2026-05-26 14:52:46.000,22,TUE,26,14,A,DAY,LATE,POLICE,MVC HIT/RUN NO INJ DELAY,4,Phone,"PICKERAL, LAUREN","WALKER, LATITIA",2026-05-26 14:52:46.000,2026-05-27 15:15:48.000,2026-05-26 14:53:30.000,44,44,0,2026-05-26 21:57:36.027,25446,25446,0,2026-05-26 14:54:15.000,89,89,0,2026-05-26 21:58:11.757,25490,25490,0,2026-05-26 21:58:11.757,35,35,0,2026-05-26 22:04:02.037,351,350,1,2026-05-26 22:09:17.297,2026-05-26 22:09:17.297,1,2026-05-27 15:15:22.007,2026-05-27 20:52:19.283,26191,21573,4618,RE-Report
26-041433,2026-05-26 15:00:17.000,22,TUE,26,15,A,DAY,LATE,POLICE,PARKING COMPLAINT,4,Phone,"PATTERSON, JAHAIRA",NULL,2026-05-26 15:00:16.000,NULL,2026-05-26 15:00:56.000,40,39,1,2026-05-26 15:08:08.270,432,432,0,2026-05-26 15:01:25.000,69,68,1,2026-05-26 15:08:08.270,472,472,0,2026-05-26 15:08:08.270,0,0,0,2026-05-26 15:33:07.800,1499,1499,0,2026-05-26 15:43:12.477,2026-05-26 15:43:12.477,0,NULL,2026-05-26 15:43:12.643,2576,2576,0,NR-No Report
26-041438,2026-05-26 15:23:53.000,22,TUE,26,15,A,DAY,LATE,POLICE,PUBLIC SERVICE MULTI OFFICER,2,E-911,"LEWIS, LESLIE","LEWIS, LESLIE",2026-05-26 15:23:53.000,2026-05-26 15:26:36.000,2026-05-26 15:25:34.000,101,101,0,2026-05-26 15:55:42.197,1808,1808,0,2026-05-26 15:52:20.000,1707,1707,0,2026-05-26 15:55:42.263,1909,1909,0,2026-05-26 15:55:42.263,0,0,0,2026-05-26 15:55:43.930,1,1,0,2026-05-26 16:02:52.610,2026-05-26 16:02:52.553,0,NULL,2026-05-26 16:02:52.553,2339,2339,0,NR-No Report
26-012818,2026-05-26 15:24:20.000,22,TUE,26,15,A,DAY,LATE,EMS,FALL BLS,3,E-911,"ANDERSON, MARILYN",Automatic Dispatch,2026-05-26 15:24:20.000,2026-05-26 15:25:34.000,2026-05-26 15:25:10.000,50,50,0,2026-05-26 15:25:12.660,2,2,0,2026-05-26 15:28:37.000,257,257,0,2026-05-26 15:25:37.987,52,52,0,2026-05-26 15:25:37.987,25,25,0,2026-05-26 15:30:17.377,280,279,1,2026-05-26 16:56:26.627,2026-05-26 16:56:32.297,0,NULL,2026-05-26 16:56:32.373,5532,5532,0,UNDEFINED
26-041439,2026-05-26 15:24:55.000,22,TUE,26,15,A,DAY,LATE,POLICE,LARCENY COMM IN PROG,2,Phone,"MAIORIELLO, BERMARI",NULL,2026-05-26 15:24:55.000,2026-05-26 15:26:19.000,2026-05-26 15:25:47.000,52,52,0,2026-05-26 15:34:17.647,510,510,0,2026-05-26 15:26:48.000,113,113,0,2026-05-26 15:34:17.647,562,562,0,2026-05-26 15:34:17.647,0,0,0,2026-05-26 15:37:23.590,186,185,1,2026-05-26 15:39:57.663,2026-05-26 16:20:39.423,0,NULL,2026-05-26 16:20:39.493,3344,3344,0,NR-No Report
26-041440,2026-05-26 15:35:03.000,22,TUE,26,15,A,DAY,LATE,POLICE,PARKING COMPLAINT,4,Phone,"LEWIS, LESLIE",NULL,2026-05-26 15:35:01.000,NULL,2026-05-26 15:36:25.000,84,82,2,2026-05-26 15:39:34.127,189,189,0,2026-05-26 15:36:35.000,94,92,2,2026-05-26 15:39:34.127,273,273,0,2026-05-26 15:39:34.127,0,-9999,9999,2026-05-26 16:05:16.787,1542,1542,0,2026-05-26 16:19:03.673,2026-05-26 16:19:03.673,0,NULL,2026-05-26 16:19:03.927,2642,2642,0,CI-Citation
26-041441,2026-05-26 15:39:00.000,22,TUE,26,15,A,DAY,LATE,POLICE,WARRANT ISSUED,6,Phone,"PATTERSON, JAHAIRA",Automatic Dispatch,2026-05-26 15:38:59.000,NULL,2026-05-26 15:39:09.000,10,9,1,2026-05-26 15:39:10.310,1,1,0,2026-05-26 15:39:09.000,10,NULL,10,NULL,11,11,0,NULL,NULL,-9999,NULL,NULL,NULL,-9999,NULL,2026-05-26 15:39:29.550,2026-05-26 15:39:29.550,0,NULL,2026-05-26 15:39:29.600,30,30,0,NR-No Report
26-041442,2026-05-26 15:39:13.000,22,TUE,26,15,A,DAY,LATE,POLICE,WARRANT ISSUED,6,Phone,"PATTERSON, JAHAIRA","PATTERSON, JAHAIRA",2026-05-26 15:39:13.000,NULL,2026-05-26 15:39:14.000,1,1,0,2026-05-26 15:39:32.833,18,18,0,2026-05-26 15:39:14.000,1,0,1,2026-05-26 15:39:32.877,19,19,0,2026-05-26 15:39:32.877,0,0,0,2026-05-26 15:39:32.927,0,0,0,2026-05-26 15:39:36.650,2026-05-26 15:39:36.650,0,NULL,2026-05-26 15:39:36.683,23,23,0,NR-No Report
26-041443,2026-05-26 15:41:29.000,22,TUE,26,15,A,DAY,LATE,POLICE,POLICE INFORMATION,4,Phone,"MAIORIELLO, BERMARI","LEWIS, LESLIE",2026-05-26 15:41:27.000,2026-05-26 15:47:02.000,2026-05-26 15:45:00.000,213,211,2,2026-05-26 16:33:56.817,2936,2936,0,2026-05-26 15:49:14.000,467,465,2,2026-05-26 16:33:59.883,3149,3149,0,2026-05-26 16:33:59.883,3,3,0,2026-05-26 16:40:24.557,385,384,1,2026-05-26 16:44:52.100,2026-05-26 18:31:59.217,0,NULL,2026-05-26 18:31:59.313,10232,10232,0,RE-Report
26-041444,2026-05-26 15:47:09.000,22,TUE,26,15,A,DAY,LATE,POLICE,PARKING COMPLAINT,4,Phone,"JONES, DAESHA",NULL,2026-05-26 15:47:08.000,NULL,2026-05-26 15:47:42.000,34,33,1,2026-05-26 15:55:11.870,449,449,0,2026-05-26 15:47:45.000,37,36,1,2026-05-26 15:55:11.870,483,483,0,2026-05-26 15:55:11.870,0,0,0,2026-05-26 16:28:58.037,2027,2026,1,2026-05-26 16:37:34.253,2026-05-26 16:37:34.253,0,NULL,2026-05-26 16:37:34.897,3026,3026,0,NR-No Report
26-041446,2026-05-26 15:50:32.000,22,TUE,26,15,A,DAY,LATE,POLICE,TRAFFIC STOP,2,OFFICER,"YOUNG, JAMES K",NULL,2026-05-26 15:50:32.000,2026-05-26 15:50:42.000,2026-05-26 15:50:32.000,0,1,-1,2026-05-26 15:50:32.000,0,0,0,2026-05-26 15:50:32.000,0,NULL,0,2026-05-26 15:50:32.000,0,0,0,2026-05-26 15:50:32.000,0,0,0,2026-05-26 15:50:32.000,0,0,0,2026-05-26 16:00:30.230,2026-05-26 16:00:30.230,0,NULL,2026-05-26 16:00:30.257,598,598,0,CI-Citation
26-041447,2026-05-26 15:51:19.000,22,TUE,26,15,A,DAY,LATE,POLICE,SUSPICIOUS EVENT,2,E-911,"ANDERSON, MARILYN","LEWIS, LESLIE",2026-05-26 15:51:18.000,2026-05-26 15:55:55.000,2026-05-26 15:52:04.000,46,45,1,2026-05-26 16:09:04.893,1020,1020,0,2026-05-26 15:55:12.000,234,233,1,2026-05-26 16:09:06.973,1066,1066,0,2026-05-26 16:09:06.973,2,2,0,2026-05-26 16:15:23.690,377,376,1,2026-05-26 16:41:35.890,2026-05-26 16:41:35.890,0,NULL,2026-05-26 16:41:35.947,3017,3017,0,NR-No Report
26-012820,2026-05-26 15:52:30.000,22,TUE,26,15,A,DAY,LATE,FIRE,RESIDENTIAL BUILDING FIRE,1,E-911,"LEWIS, LESLIE","ALLEN, TIANA",2026-05-26 15:52:30.000,2026-05-26 15:53:48.760,2026-05-26 15:53:11.000,41,41,0,2026-05-26 15:53:14.610,3,3,0,2026-05-26 15:54:21.000,111,111,0,2026-05-26 15:53:39.493,44,44,0,2026-05-26 15:53:39.493,25,24,1,2026-05-26 15:57:06.490,207,206,1,2026-05-26 15:54:20.317,2026-05-26 19:07:37.000,0,NULL,2026-05-26 19:07:37.073,11707,11706,1,UNDEFINED
26-041448,2026-05-26 15:53:11.000,22,TUE,26,15,A,DAY,LATE,POLICE,TRAFFIC DIRECTION-FIRE,3,Phone,"LEWIS, LESLIE",NULL,2026-05-26 15:53:11.000,2026-05-26 15:56:35.000,2026-05-26 15:53:11.000,0,NULL,0,2026-05-26 15:56:56.023,225,225,0,2026-05-26 15:53:11.000,0,0,0,2026-05-26 15:56:56.243,225,224,1,2026-05-26 15:56:56.243,0,0,0,2026-05-26 16:13:01.423,965,965,0,2026-05-26 17:01:35.137,2026-05-27 02:55:50.820,0,NULL,2026-05-27 02:55:50.853,39759,39758,1,RE-Report
26-041449,2026-05-26 15:54:01.000,22,TUE,26,15,A,DAY,LATE,POLICE,OFF DUTY DETAIL,8,OFFICER,"REEVE, DANIEL",NULL,2026-05-26 15:54:01.000,2026-05-26 15:54:17.000,2026-05-26 15:54:01.000,0,1,-1,2026-05-26 15:54:01.000,0,0,0,2026-05-26 15:54:01.000,0,NULL,0,2026-05-26 15:54:01.000,0,0,0,2026-05-26 15:54:01.000,0,0,0,2026-05-26 15:54:01.000,0,0,0,2026-05-26 20:06:34.640,2026-05-26 20:06:34.640,0,NULL,2026-05-26 20:06:34.777,15153,15153,0,NR-No Report
26-041456,2026-05-26 15:56:15.000,22,TUE,26,15,A,DAY,LATE,POLICE,DISORDERLY CONDUCT,2,E-911,"BONSU, VALERIE","LEWIS, LESLIE",2026-05-26 15:56:14.000,2026-05-26 16:02:52.000,2026-05-26 16:01:12.000,298,297,1,2026-05-26 16:20:03.830,1131,1131,0,2026-05-26 16:01:49.000,335,334,1,2026-05-26 16:20:06.353,1429,1429,0,2026-05-26 16:20:06.353,3,2,1,2026-05-26 16:27:46.100,460,459,1,2026-05-26 16:30:38.893,2026-05-26 16:33:17.150,0,NULL,2026-05-26 16:33:17.200,2223,2223,0,NR-No Report
26-041452,2026-05-26 15:56:25.000,22,TUE,26,15,A,DAY,LATE,POLICE,TRAFFIC STOP,2,OFFICER,"TRAPERO, HUMBERTO A",NULL,2026-05-26 15:56:25.000,NULL,2026-05-26 15:56:25.000,0,1,-1,2026-05-26 15:56:25.000,0,0,0,2026-05-26 15:56:25.000,0,NULL,0,2026-05-26 15:56:25.000,0,0,0,2026-05-26 15:56:25.000,0,0,0,2026-05-26 15:56:25.000,0,0,0,2026-05-26 16:03:52.947,2026-05-26 16:03:52.947,0,NULL,2026-05-26 16:03:53.023,447,447,0,CI-Citation
26-041453,2026-05-26 15:56:36.000,22,TUE,26,15,A,DAY,LATE,POLICE,OFF DUTY DETAIL,8,OFFICER,"KIM, DANIEL H",NULL,2026-05-26 15:56:36.000,2026-05-26 18:17:51.000,2026-05-26 15:56:36.000,0,1,-1,2026-05-26 15:56:36.000,0,0,0,2026-05-26 15:56:36.000,0,NULL,0,2026-05-26 15:56:36.000,0,0,0,2026-05-26 15:56:36.000,0,0,0,2026-05-26 15:56:36.000,0,0,0,2026-05-26 19:07:50.127,2026-05-26 19:07:50.127,0,NULL,2026-05-26 19:07:50.167,11474,11474,0,NR-No Report
26-012821,2026-05-26 15:57:21.000,22,TUE,26,15,A,DAY,LATE,EMS,FALL BLS,3,E-911,"BONSU, VALERIE",Automatic Dispatch,2026-05-26 15:57:21.000,2026-05-26 15:58:23.000,2026-05-26 15:57:41.000,20,20,0,2026-05-26 15:57:42.943,1,1,0,2026-05-26 16:01:51.000,270,270,0,2026-05-26 15:58:34.460,21,21,0,2026-05-26 15:58:34.460,52,51,1,2026-05-26 16:05:12.127,398,397,1,2026-05-26 16:40:55.033,2026-05-26 16:40:55.033,0,NULL,2026-05-26 16:40:55.260,2614,2614,0,UNDEFINED
26-041454,2026-05-26 15:58:57.000,22,TUE,26,15,A,DAY,LATE,POLICE,PARKING COMPLAINT,4,Phone,"JONES, DAESHA",NULL,2026-05-26 15:58:57.000,2026-05-26 16:05:09.000,2026-05-26 15:59:39.000,42,42,0,2026-05-26 16:07:45.647,486,486,0,2026-05-26 16:00:34.000,97,97,0,2026-05-26 16:07:45.647,528,528,0,2026-05-26 16:07:45.647,0,0,0,2026-05-26 16:30:44.400,1379,1378,1,2026-05-26 16:47:30.167,2026-05-26 16:47:30.167,0,NULL,2026-05-26 16:47:32.647,2913,2913,0,CI-Citation
26-041455,2026-05-26 16:00:04.000,22,TUE,26,16,A,DAY,LATE,POLICE,OFF DUTY DETAIL,8,OFFICER,"WALL, RACHEL L",NULL,2026-05-26 16:00:04.000,2026-05-26 18:18:00.000,2026-05-26 16:00:04.000,0,2,-2,2026-05-26 16:00:04.000,0,0,0,2026-05-26 16:00:04.000,0,NULL,0,2026-05-26 16:00:04.000,0,0,0,2026-05-26 16:00:04.000,0,0,0,2026-05-26 16:00:04.000,0,0,0,2026-05-26 19:45:07.003,2026-05-26 19:45:07.003,0,NULL,2026-05-26 19:45:07.047,13503,13503,0,NR-No Report
26-012822,2026-05-26 16:03:35.000,22,TUE,26,16,A,DAY,LATE,EMS,SEIZURE ALS 1,1,Phone,"PERALTA, ANNETTE",Automatic Dispatch,2026-05-26 16:03:33.000,2026-05-26 16:06:11.000,2026-05-26 16:05:21.000,108,106,2,2026-05-26 16:05:23.367,2,2,0,2026-05-26 16:11:03.000,450,448,2,2026-05-26 16:05:27.857,110,110,0,2026-05-26 16:05:27.857,4,4,0,2026-05-26 16:09:27.653,240,239,1,2026-05-26 17:02:11.487,2026-05-26 17:22:11.770,0,NULL,2026-05-26 17:22:11.853,4718,4718,0,UNDEFINED
26-041458,2026-05-26 16:04:00.000,22,TUE,26,16,A,DAY,LATE,POLICE,LARCENY COMM IN PROG,2,Phone,"CRUZ, STEPHANIE",NULL,2026-05-26 16:03:58.000,2026-05-26 16:05:14.000,2026-05-26 16:04:29.000,31,29,2,2026-05-26 16:34:23.927,1794,1794,0,2026-05-26 16:06:55.000,177,175,2,2026-05-26 16:34:28.523,1825,1825,0,2026-05-26 16:34:28.523,5,4,1,2026-05-26 16:37:05.880,157,157,0,2026-05-26 16:45:24.353,2026-05-26 17:16:24.493,0,NULL,2026-05-26 17:16:24.617,4346,4346,0,RE-Report
26-041462,2026-05-26 16:14:47.000,22,TUE,26,16,A,DAY,LATE,POLICE,TRAFFIC STOP,2,OFFICER,"TRAPERO, HUMBERTO A",NULL,2026-05-26 16:14:47.000,2026-05-26 16:14:57.000,2026-05-26 16:14:47.000,0,1,-1,2026-05-26 16:14:47.000,0,0,0,2026-05-26 16:14:47.000,0,NULL,0,2026-05-26 16:14:47.000,0,0,0,2026-05-26 16:14:47.000,0,0,0,2026-05-26 16:14:47.000,0,0,0,2026-05-26 16:18:59.133,2026-05-26 16:18:59.133,0,NULL,2026-05-26 16:18:59.177,252,252,0,CI-Citation
26-041463,2026-05-26 16:17:17.000,22,TUE,26,16,A,DAY,LATE,POLICE,PARKING COMPLAINT,3,Phone,"VALENTIN, EMERITA",NULL,2026-05-26 16:17:15.000,2026-05-26 16:19:56.000,2026-05-26 16:17:50.000,35,33,2,2026-05-26 16:26:36.123,526,526,0,2026-05-26 16:17:50.000,35,NULL,35,2026-05-26 16:26:36.123,561,561,0,2026-05-26 16:26:36.123,0,0,0,2026-05-26 16:34:01.700,445,445,0,2026-05-26 16:39:47.413,2026-05-26 16:39:47.413,0,NULL,2026-05-26 16:39:47.903,1352,1352,0,NR-No Report
26-041465,2026-05-26 16:24:15.000,22,TUE,26,16,A,DAY,LATE,POLICE,PARKING COMPLAINT,4,Phone,"CRUZ, STEPHANIE",NULL,2026-05-26 16:24:14.000,2026-05-26 16:39:38.000,2026-05-26 16:24:50.000,36,35,1,2026-05-26 17:06:27.663,2497,2497,0,2026-05-26 16:29:00.000,286,285,1,2026-05-26 17:06:27.663,2533,2533,0,2026-05-26 17:06:27.663,0,0,0,2026-05-26 17:36:00.247,1773,1772,1,2026-05-26 17:40:27.517,2026-05-26 17:40:27.517,0,NULL,2026-05-26 17:40:28.553,4573,4573,0,NR-No Report
26-041466,2026-05-26 16:24:25.000,22,TUE,26,16,A,DAY,LATE,POLICE,ASSIST CITIZEN DELAY,4,Phone,"MAIORIELLO, BERMARI",NULL,2026-05-26 16:24:23.000,2026-05-26 16:32:53.000,2026-05-26 16:27:34.000,191,189,2,2026-05-26 16:59:14.077,1900,1900,0,2026-05-26 16:28:11.000,228,226,2,2026-05-26 16:59:19.437,2091,2091,0,2026-05-26 16:59:19.437,5,5,0,NULL,NULL,-9999,NULL,2026-05-26 21:00:11.327,2026-05-26 21:00:11.327,0,NULL,2026-05-26 21:00:11.413,16548,16548,0,NR-No Report
26-041467,2026-05-26 16:26:43.000,22,TUE,26,16,A,DAY,LATE,POLICE,DISORDERLY CONDUCT,2,E-911,"BONSU, VALERIE","LEWIS, LESLIE",2026-05-26 16:26:43.000,2026-05-26 16:29:13.957,2026-05-26 16:27:50.000,67,67,0,2026-05-26 16:29:13.870,83,83,0,2026-05-26 16:32:04.000,321,321,0,2026-05-26 16:29:22.803,150,150,0,2026-05-26 16:29:22.803,9,3,6,2026-05-26 16:30:16.740,54,53,1,2026-05-26 16:31:05.457,2026-05-26 16:43:40.500,0,NULL,2026-05-26 16:43:40.543,1017,1017,0,NR-No Report
26-041468,2026-05-26 16:28:22.000,22,TUE,26,16,A,DAY,LATE,POLICE,TRAFFIC STOP,2,OFFICER,"TRAPERO, HUMBERTO A",NULL,2026-05-26 16:28:22.000,2026-05-26 16:28:29.000,2026-05-26 16:28:22.000,0,1,-1,2026-05-26 16:28:22.000,0,0,0,2026-05-26 16:28:22.000,0,NULL,0,2026-05-26 16:28:22.000,0,0,0,2026-05-26 16:28:22.000,0,0,0,2026-05-26 16:28:22.000,0,0,0,2026-05-26 16:32:42.763,2026-05-26 16:32:42.763,0,NULL,2026-05-26 16:32:42.823,260,260,0,CI-Citation
26-041469,2026-05-26 16:35:31.000,22,TUE,26,16,A,DAY,LATE,POLICE,DIP - DRUNK/INTOX PERSON,2,Phone,"VALENTIN, EMERITA","LEWIS, LESLIE",2026-05-26 16:35:29.000,2026-05-26 16:37:44.000,2026-05-26 16:36:28.000,59,57,2,2026-05-26 16:43:01.533,393,393,0,2026-05-26 16:58:30.000,1381,1379,2,2026-05-26 16:43:07.850,452,452,0,2026-05-26 16:43:07.850,6,6,0,2026-05-26 16:44:08.137,61,60,1,2026-05-26 16:44:10.563,2026-05-26 17:09:55.483,0,NULL,2026-05-26 17:09:55.553,2066,2066,0,NR-No Report
26-041470,2026-05-26 16:36:30.000,22,TUE,26,16,A,DAY,LATE,POLICE,ASSIST CITIZEN PROMPT,2,Phone,"JONES, DAESHA",NULL,2026-05-26 16:36:28.000,2026-05-26 16:37:51.000,2026-05-26 16:37:26.000,58,56,2,2026-05-26 16:41:18.500,232,232,0,2026-05-26 16:37:53.000,85,83,2,2026-05-26 16:41:22.340,290,290,0,2026-05-26 16:41:22.340,4,3,1,2026-05-26 16:55:14.210,832,831,1,2026-05-26 21:00:53.253,2026-05-26 21:00:53.253,0,NULL,2026-05-26 21:00:53.253,15865,15865,0,NR-No Report
26-041471,2026-05-26 16:37:00.000,22,TUE,26,16,A,DAY,LATE,POLICE,TRAFFIC COMPLAINT,3,E-911,"CRUZ, STEPHANIE","LEWIS, LESLIE",2026-05-26 16:36:58.000,2026-05-26 16:41:12.000,2026-05-26 16:37:35.000,37,35,2,2026-05-26 16:54:35.040,1020,1020,0,2026-05-26 16:38:51.000,113,111,2,2026-05-26 16:54:38.137,1057,1057,0,2026-05-26 16:54:38.137,3,3,0,2026-05-26 17:04:58.227,620,620,0,2026-05-26 17:18:16.947,2026-05-26 17:29:18.693,0,NULL,2026-05-26 17:29:18.783,3140,3140,0,NR-No Report
26-041474,2026-05-26 16:38:41.000,22,TUE,26,16,A,DAY,LATE,POLICE,PARKING COMPLAINT,4,Radio,"BONSU, VALERIE",NULL,2026-05-26 16:38:39.000,2026-05-26 18:31:28.000,2026-05-26 16:42:54.000,255,253,2,2026-05-26 16:50:55.813,481,481,0,2026-05-26 16:43:33.000,294,292,2,2026-05-26 16:50:55.813,736,736,0,2026-05-26 16:50:55.813,0,-9999,9999,2026-05-26 19:19:53.997,8938,8938,0,2026-05-26 16:57:07.790,2026-05-26 16:57:07.790,1,2026-05-26 18:25:33.767,2026-05-26 19:27:59.920,1108,10159,-9051,NR-No Report
26-041472,2026-05-26 16:38:59.000,22,TUE,26,16,A,DAY,LATE,POLICE,ANIMAL SICK-INJURED,2,Phone,"PICKERAL, LAUREN","LEWIS, LESLIE",2026-05-26 16:38:57.000,2026-05-26 16:40:13.000,2026-05-26 16:39:35.000,38,36,2,2026-05-26 16:40:05.723,30,30,0,2026-05-26 16:40:30.000,93,91,2,2026-05-26 16:40:48.463,68,68,0,2026-05-26 16:40:48.463,43,42,1,2026-05-26 16:40:53.037,5,4,1,2026-05-26 16:40:59.577,2026-05-26 16:40:59.577,0,NULL,2026-05-26 16:40:59.627,122,122,0,ACOR-Animal Control Report
26-041476,2026-05-26 16:41:47.000,22,TUE,26,16,A,DAY,LATE,POLICE,MVC INJURY MOPED/BICYCLE,1,E-911,"PERALTA, ANNETTE",NULL,2026-05-26 16:41:45.000,2026-05-26 16:44:54.000,2026-05-26 16:44:41.000,176,174,2,2026-05-26 16:45:03.117,22,22,0,2026-05-26 16:47:37.000,352,350,2,2026-05-26 16:45:07.420,198,198,0,2026-05-26 16:45:07.420,4,4,0,2026-05-26 16:47:10.757,123,123,0,2026-05-26 16:45:40.160,2026-05-26 16:55:30.903,0,NULL,2026-05-26 16:55:30.970,825,825,0,NR-No Report
26-041473,2026-05-26 16:42:31.000,22,TUE,26,16,A,DAY,LATE,POLICE,TRAFFIC STOP,2,OFFICER,"TRAPERO, HUMBERTO A",NULL,2026-05-26 16:42:31.000,2026-05-26 16:42:39.000,2026-05-26 16:42:31.000,0,1,-1,2026-05-26 16:42:31.000,0,0,0,2026-05-26 16:42:31.000,0,NULL,0,2026-05-26 16:42:31.000,0,0,0,2026-05-26 16:42:31.000,0,0,0,2026-05-26 16:42:31.000,0,0,0,2026-05-26 16:47:54.130,2026-05-26 16:47:54.130,0,NULL,2026-05-26 16:47:54.287,323,323,0,CI-Citation
26-012823,2026-05-26 16:44:41.000,22,TUE,26,16,A,DAY,LATE,EMS,BICYCLIST STRUCK ALS 1 - SUPV,1,Phone,"PERALTA, ANNETTE",Automatic Dispatch,2026-05-26 16:44:41.000,2026-05-26 16:45:13.000,2026-05-26 16:44:41.000,0,NULL,0,2026-05-26 16:44:44.197,3,3,0,2026-05-26 16:44:41.000,0,0,0,2026-05-26 16:45:37.977,3,3,0,2026-05-26 16:45:37.977,53,53,0,2026-05-26 16:48:32.037,175,174,1,2026-05-26 16:50:16.350,2026-05-26 17:14:25.293,0,NULL,2026-05-26 17:14:25.390,1784,1784,0,UNDEFINED
26-012824,2026-05-26 16:45:27.000,22,TUE,26,16,A,DAY,LATE,EMS,HEART PROBLEMS ALS 1,1,E-911,"CRUZ, STEPHANIE",Automatic Dispatch,2026-05-26 16:45:27.000,2026-05-26 16:48:58.000,2026-05-26 16:46:29.000,62,62,0,2026-05-26 16:46:31.237,2,2,0,2026-05-26 16:49:21.000,234,234,0,2026-05-26 16:47:03.397,64,64,0,2026-05-26 16:47:03.397,32,32,0,2026-05-26 16:53:20.723,377,377,0,2026-05-26 17:44:42.567,2026-05-26 17:46:58.193,0,NULL,2026-05-26 17:46:58.323,3691,3691,0,UNDEFINED
26-012825,2026-05-26 16:47:24.773,22,TUE,26,16,A,DAY,LATE,EMS,FALL BLS,3,Phone,"LEWIS, LESLIE",Automatic Dispatch,2026-05-26 16:47:24.773,2026-05-26 16:49:29.000,2026-05-26 16:47:24.773,0,0,0,2026-05-26 16:47:27.240,3,2,1,2026-05-26 16:47:24.773,0,NULL,0,2026-05-26 16:48:32.740,3,2,1,2026-05-26 16:48:32.740,65,65,0,2026-05-26 17:05:16.617,1004,1003,1,2026-05-26 17:48:07.237,2026-05-26 17:48:07.237,0,NULL,2026-05-26 17:48:07.340,3643,3642,1,UNDEFINED
26-041479,2026-05-26 16:50:07.000,22,TUE,26,16,A,DAY,LATE,POLICE,PARKING COMPLAINT,4,Phone,"JONES, DAESHA",NULL,2026-05-26 16:50:04.000,2026-05-26 16:52:02.000,2026-05-26 16:50:51.000,47,44,3,2026-05-26 16:54:45.133,234,234,0,2026-05-26 16:51:54.000,110,107,3,2026-05-26 16:54:45.133,281,281,0,2026-05-26 16:54:45.133,0,0,0,2026-05-26 17:01:00.963,375,375,0,2026-05-26 17:11:53.183,2026-05-26 17:11:53.183,0,NULL,2026-05-26 17:11:53.530,1309,1309,0,NR-No Report
26-041481,2026-05-26 16:53:33.000,22,TUE,26,16,A,DAY,LATE,POLICE,MVC HIT/RUN PED STRUCK,2,E-911,"BONSU, VALERIE",NULL,2026-05-26 16:53:33.000,2026-05-26 16:57:26.000,2026-05-26 16:57:22.000,229,229,0,2026-05-26 16:58:31.417,69,69,0,2026-05-26 16:59:29.000,356,356,0,2026-05-26 16:58:33.997,298,298,0,2026-05-26 16:58:33.997,2,2,0,2026-05-26 17:01:27.540,174,173,1,2026-05-26 21:42:56.467,2026-05-27 00:51:12.703,0,NULL,2026-05-27 00:51:12.817,28659,28659,0,RE-Report
26-041480,2026-05-26 16:54:34.000,22,TUE,26,16,A,DAY,LATE,POLICE,TRAFFIC STOP,2,OFFICER,"TRAPERO, HUMBERTO A",NULL,2026-05-26 16:54:34.000,2026-05-26 16:55:01.000,2026-05-26 16:54:34.000,0,1,-1,2026-05-26 16:54:34.000,0,0,0,2026-05-26 16:54:34.000,0,NULL,0,2026-05-26 16:54:34.000,0,0,0,2026-05-26 16:54:34.000,0,0,0,2026-05-26 16:54:34.000,0,0,0,2026-05-26 17:05:16.033,2026-05-26 17:05:16.033,0,NULL,2026-05-26 17:05:16.087,642,642,0,CI-Citation
26-041482,2026-05-26 17:02:38.000,22,TUE,26,17,A,DAY,LATE,POLICE,ALARM RESIDENTIAL,2,Text,"CRUZ, STEPHANIE",NULL,2026-05-26 17:02:36.000,2026-05-26 17:09:39.000,2026-05-26 17:03:17.000,41,39,2,2026-05-26 17:04:02.883,45,45,0,2026-05-26 17:04:22.000,106,104,2,2026-05-26 17:04:02.883,86,86,0,2026-05-26 17:04:02.883,0,0,0,2026-05-26 17:11:27.857,445,444,1,2026-05-26 17:26:35.147,2026-05-26 17:26:35.147,0,NULL,2026-05-26 17:26:35.420,1439,1439,0,FALSE-False Alarm
26-041483,2026-05-26 17:04:09.000,22,TUE,26,17,A,DAY,LATE,POLICE,PARKING COMPLAINT,4,Phone,"JONES, DAESHA",NULL,2026-05-26 17:04:07.000,NULL,2026-05-26 17:04:54.000,47,45,2,2026-05-26 17:40:36.820,2142,2142,0,2026-05-26 17:05:01.000,54,52,2,2026-05-26 17:40:36.820,2189,2189,0,2026-05-26 17:40:36.820,0,0,0,2026-05-26 17:48:05.100,449,448,1,2026-05-26 17:56:19.747,2026-05-26 17:56:19.747,0,NULL,2026-05-26 17:56:20.463,3132,3132,0,CI-Citation
26-012826,2026-05-26 17:07:54.000,22,TUE,26,17,A,DAY,LATE,EMS,TROUBLE BREATHING ALS 1,1,E-911,"CRUZ, STEPHANIE",Automatic Dispatch,2026-05-26 17:07:53.000,2026-05-26 17:37:10.000,2026-05-26 17:08:54.000,61,60,1,2026-05-26 17:08:56.477,2,2,0,2026-05-26 17:14:54.000,421,420,1,2026-05-26 17:09:48.783,63,63,0,2026-05-26 17:09:48.783,52,52,0,2026-05-26 17:12:48.867,180,180,0,2026-05-26 17:28:59.193,2026-05-26 18:05:25.583,0,NULL,2026-05-26 18:05:25.733,3452,3452,0,UNDEFINED
26-041484,2026-05-26 17:08:15.000,22,TUE,26,17,A,DAY,LATE,POLICE,TRAFFIC STOP,2,OFFICER,"TRAPERO, HUMBERTO A",NULL,2026-05-26 17:08:15.000,NULL,2026-05-26 17:08:15.000,0,0,0,2026-05-26 17:08:15.000,0,0,0,2026-05-26 17:08:15.000,0,NULL,0,2026-05-26 17:08:15.000,0,0,0,2026-05-26 17:08:15.000,0,0,0,2026-05-26 17:08:15.000,0,0,0,2026-05-26 17:13:34.207,2026-05-26 17:13:34.207,0,NULL,2026-05-26 17:13:34.263,319,319,0,CI-Citation
26-041485,2026-05-26 17:11:59.000,22,TUE,26,17,A,DAY,LATE,POLICE,ASSIST CITIZEN PROMPT,3,OFFICER,"LEWIS, LESLIE","LEWIS, LESLIE",2026-05-26 17:11:59.000,NULL,2026-05-26 17:12:19.000,20,20,0,2026-05-26 17:12:26.610,7,7,0,2026-05-26 17:12:38.000,39,39,0,2026-05-26 17:12:26.720,27,27,0,2026-05-26 17:12:26.720,0,0,0,2026-05-26 17:13:05.000,39,38,1,2026-05-26 17:58:17.320,2026-05-26 18:05:31.453,0,NULL,2026-05-26 18:05:31.460,3212,3212,0,NR-No Report
26-012827,2026-05-26 17:14:08.190,22,TUE,26,17,A,DAY,LATE,FIRE,MUTUAL FIRE ALARM,1,C2C,CAD to CAD Service 1,CAD to CAD Service 1,2026-05-26 17:12:49.000,NULL,2026-05-26 17:14:08.580,79,0,79,2026-05-26 17:14:08.627,0,0,0,NULL,NULL,NULL,NULL,2026-05-26 17:14:45.110,79,93,-14,2026-05-26 17:14:45.110,37,36,1,2026-05-26 17:22:03.297,438,438,0,2026-05-26 17:23:59.153,2026-05-26 17:27:58.943,0,NULL,2026-05-26 17:27:58.973,909,909,0,CAD2CAD
26-041488,2026-05-26 17:19:19.000,22,TUE,26,17,A,DAY,LATE,POLICE,TRAFFIC STOP,2,OFFICER,"TRAPERO, HUMBERTO A",NULL,2026-05-26 17:19:19.000,NULL,2026-05-26 17:19:19.000,0,1,-1,2026-05-26 17:19:19.000,0,0,0,2026-05-26 17:19:19.000,0,NULL,0,2026-05-26 17:19:19.000,0,0,0,2026-05-26 17:19:19.000,0,0,0,2026-05-26 17:19:19.000,0,0,0,2026-05-26 17:26:28.597,2026-05-26 17:26:28.597,0,NULL,2026-05-26 17:26:28.637,429,429,0,CI-Citation
26-041489,2026-05-26 17:20:32.000,22,TUE,26,17,A,DAY,LATE,POLICE,SHOPLIFTING IN PROG,2,OFFICER,"LEWIS, LESLIE","LEWIS, LESLIE",2026-05-26 17:20:31.000,2026-05-26 18:31:16.000,2026-05-26 17:20:47.000,16,15,1,2026-05-26 17:20:55.147,8,8,0,2026-05-26 17:20:48.000,17,16,1,2026-05-26 17:20:55.387,24,24,0,2026-05-26 17:20:55.387,0,0,0,2026-05-26 17:21:08.707,13,13,0,2026-05-26 18:47:07.993,2026-05-26 18:47:07.993,0,NULL,2026-05-26 18:47:08.237,5196,5196,0,RE-Report
26-041490,2026-05-26 17:22:28.000,22,TUE,26,17,A,DAY,LATE,POLICE,TRAFFIC STOP,2,OFFICER,"CRUMP, CLAUDE H",NULL,2026-05-26 17:22:28.000,NULL,2026-05-26 17:22:28.000,0,1,-1,2026-05-26 17:22:28.000,0,0,0,2026-05-26 17:22:28.000,0,NULL,0,2026-05-26 17:22:28.000,0,0,0,2026-05-26 17:22:28.000,0,0,0,2026-05-26 17:22:28.000,0,0,0,2026-05-26 17:29:07.477,2026-05-26 17:29:07.470,0,NULL,2026-05-26 17:29:07.470,399,399,0,NR-No Report
26-041491,2026-05-26 17:22:46.000,22,TUE,26,17,A,DAY,LATE,POLICE,DISORDERLY CONDUCT,2,E-911,"BONSU, VALERIE","LEWIS, LESLIE",2026-05-26 17:22:46.000,2026-05-26 17:24:59.000,2026-05-26 17:24:55.000,129,129,0,2026-05-26 17:43:02.317,1087,1087,0,2026-05-26 17:51:37.000,1731,1731,0,2026-05-26 17:43:04.217,1216,1216,0,2026-05-26 17:43:04.217,2,1,1,NULL,NULL,-9999,NULL,2026-05-26 19:07:45.140,2026-05-26 19:07:45.140,0,NULL,2026-05-26 19:07:45.230,6299,6299,0,NR-No Report
26-012828,2026-05-26 17:24:29.000,22,TUE,26,17,A,DAY,LATE,EMS,PUBLIC SERVICE EMS,4,E-911,"PERALTA, ANNETTE",Automatic Dispatch,2026-05-26 17:24:27.000,2026-05-26 17:29:01.000,2026-05-26 17:25:46.000,79,77,2,2026-05-26 17:25:48.933,2,2,0,2026-05-26 17:26:31.000,124,122,2,2026-05-26 17:28:03.140,81,81,0,2026-05-26 17:28:03.140,135,134,1,2026-05-26 17:37:17.710,554,554,0,2026-05-26 17:46:36.707,2026-05-26 17:46:36.707,0,NULL,2026-05-26 17:46:37.133,1329,1329,0,UNDEFINED
26-041492,2026-05-26 17:27:23.000,22,TUE,26,17,A,DAY,LATE,POLICE,TRAFFIC STOP,2,OFFICER,"TRAPERO, HUMBERTO A",NULL,2026-05-26 17:27:23.000,NULL,2026-05-26 17:27:23.000,0,1,-1,2026-05-26 17:27:23.000,0,0,0,2026-05-26 17:27:23.000,0,NULL,0,2026-05-26 17:27:23.000,0,0,0,2026-05-26 17:27:23.000,0,0,0,2026-05-26 17:27:23.000,0,0,0,2026-05-26 17:32:20.057,2026-05-26 17:32:20.057,0,NULL,2026-05-26 17:32:20.080,297,297,0,CI-Citation
26-041493,2026-05-26 17:28:43.000,22,TUE,26,17,A,DAY,LATE,POLICE,TRAFFIC COMPLAINT,4,Phone,"BONSU, VALERIE","LEWIS, LESLIE",2026-05-26 17:28:43.000,2026-05-26 17:32:01.000,2026-05-26 17:30:48.000,125,125,0,2026-05-26 17:36:17.083,329,329,0,2026-05-26 17:30:53.000,130,130,0,2026-05-26 17:36:20.987,454,454,0,2026-05-26 17:36:20.987,3,3,0,2026-05-26 18:23:26.413,2826,2825,1,NULL,2026-05-26 18:47:53.000,0,NULL,NULL,4750,4750,0,CN-Cancellation
26-041494,2026-05-26 17:32:04.000,22,TUE,26,17,A,DAY,LATE,POLICE,DOMESTIC VIOL NO INJ,2,E-911,"PERALTA, ANNETTE",NULL,2026-05-26 17:32:02.000,2026-05-26 17:37:27.000,2026-05-26 17:36:46.000,284,282,2,2026-05-26 17:39:36.963,170,170,0,2026-05-26 17:39:05.000,423,421,2,2026-05-26 17:39:39.810,454,454,0,2026-05-26 17:39:39.810,3,2,1,2026-05-26 17:50:20.523,641,640,1,2026-05-26 21:31:32.423,2026-05-26 22:00:12.307,0,NULL,2026-05-26 22:00:12.347,16090,16090,0,RE-Report
26-041498,2026-05-26 17:43:28.000,22,TUE,26,17,A,DAY,LATE,POLICE,DEST OF PROP PUB IN PROG,2,E-911,"PERALTA, ANNETTE","MCLEOD, DOUGLAS",2026-05-26 17:43:26.000,2026-05-26 17:46:24.000,2026-05-26 17:46:15.000,169,167,2,2026-05-26 18:01:43.093,928,928,0,2026-05-26 17:47:32.000,246,244,2,2026-05-26 18:01:43.173,1097,1097,0,2026-05-26 18:01:43.173,0,0,0,2026-05-26 18:12:35.663,652,652,0,2026-05-26 18:16:37.887,2026-05-26 18:16:37.887,0,NULL,2026-05-26 18:16:37.980,1991,1991,0,NR-No Report
26-041497,2026-05-26 17:44:17.000,22,TUE,26,17,A,DAY,LATE,POLICE,TRAFFIC STOP,2,OFFICER,"TRAPERO, HUMBERTO A",NULL,2026-05-26 17:44:17.000,2026-05-26 17:44:21.000,2026-05-26 17:44:17.000,0,1,-1,2026-05-26 17:44:17.000,0,0,0,2026-05-26 17:44:17.000,0,NULL,0,2026-05-26 17:44:17.000,0,0,0,2026-05-26 17:44:17.000,0,0,0,2026-05-26 17:44:17.000,0,0,0,2026-05-26 17:47:58.307,2026-05-26 17:47:58.307,0,NULL,2026-05-26 17:47:58.347,221,221,0,CI-Citation
26-041501,2026-05-26 17:48:46.000,22,TUE,26,17,A,DAY,LATE,POLICE,TRAFFIC STOP,2,OFFICER,"TRAPERO, HUMBERTO A",NULL,2026-05-26 17:48:46.000,2026-05-26 17:49:02.000,2026-05-26 17:48:46.000,0,1,-1,2026-05-26 17:48:46.000,0,0,0,2026-05-26 17:48:46.000,0,NULL,0,2026-05-26 17:48:46.000,0,0,0,2026-05-26 17:48:46.000,0,0,0,2026-05-26 17:48:46.000,0,0,0,2026-05-26 17:53:47.080,2026-05-26 17:53:47.080,0,NULL,2026-05-26 17:53:47.103,301,301,0,CI-Citation
26-041502,2026-05-26 17:48:54.000,22,TUE,26,17,A,DAY,LATE,POLICE,ASSIST OUTSIDE AGENCY,3,VCIN,"CRUZ, STEPHANIE",NULL,2026-05-26 17:48:52.000,2026-05-26 17:56:56.000,2026-05-26 17:51:06.000,134,132,2,2026-05-26 18:55:28.487,3862,3862,0,2026-05-26 17:51:57.000,185,183,2,2026-05-26 18:55:32.507,3996,3996,0,2026-05-26 18:55:32.507,4,4,0,2026-05-26 19:52:43.703,3431,3431,0,2026-05-26 18:56:09.537,2026-05-26 20:57:42.883,0,NULL,2026-05-26 20:57:42.923,11330,11330,0,NR-No Report
26-041503,2026-05-26 17:52:53.000,22,TUE,26,17,A,DAY,LATE,POLICE,PUBLIC SERVICE MULTI OFFICER,4,Phone,"PICKERAL, LAUREN",NULL,2026-05-26 17:52:52.000,2026-05-26 18:32:37.000,2026-05-26 17:53:43.000,51,50,1,2026-05-26 20:31:52.073,9489,9489,0,2026-05-26 17:54:39.000,107,106,1,2026-05-26 20:31:52.157,9540,9540,0,2026-05-26 20:31:52.157,0,0,0,2026-05-26 20:34:07.933,135,135,0,2026-05-26 22:31:12.433,2026-05-27 00:36:48.547,0,NULL,2026-05-27 00:36:48.603,24236,24236,0,NR-No Report
26-041504,2026-05-26 17:58:13.000,22,TUE,26,17,A,DAY,LATE,POLICE,TRAFFIC STOP,2,OFFICER,"TRAPERO, HUMBERTO A",NULL,2026-05-26 17:58:13.000,2026-05-26 17:58:18.000,2026-05-26 17:58:13.000,0,1,-1,2026-05-26 17:58:13.000,0,0,0,2026-05-26 17:58:13.000,0,NULL,0,2026-05-26 17:58:13.000,0,0,0,2026-05-26 17:58:13.000,0,0,0,2026-05-26 17:58:13.000,0,0,0,2026-05-26 18:03:22.947,2026-05-26 18:03:22.947,0,NULL,2026-05-26 18:03:22.980,309,309,0,CI-Citation
26-012829,2026-05-26 18:06:56.000,22,TUE,26,18,A,DAY,EARLY,EMS,FALL BLS,3,E-911,"MARTINEZ, ESTHER",Automatic Dispatch,2026-05-26 18:06:56.000,2026-05-26 18:09:30.000,2026-05-26 18:07:51.000,55,55,0,2026-05-26 18:07:54.250,3,3,0,2026-05-26 18:12:12.000,316,316,0,2026-05-26 18:09:15.313,58,58,0,2026-05-26 18:09:15.313,81,81,0,2026-05-26 18:13:37.080,262,261,1,2026-05-26 18:32:47.357,2026-05-26 19:31:11.143,0,NULL,2026-05-26 19:31:11.230,5055,5055,0,UNDEFINED
26-012830,2026-05-26 18:10:16.000,22,TUE,26,18,A,DAY,EARLY,EMS,ALTERED LOC ALS 1,1,Phone,"MESARIS, MATTHEW",Automatic Dispatch,2026-05-26 18:10:15.000,2026-05-26 18:13:34.000,2026-05-26 18:13:21.000,186,185,1,2026-05-26 18:13:23.423,2,2,0,2026-05-26 18:13:56.000,221,220,1,2026-05-26 18:14:23.623,188,188,0,2026-05-26 18:14:23.623,60,60,0,2026-05-26 18:18:20.950,237,237,0,2026-05-26 18:24:45.950,2026-05-26 18:25:23.677,0,NULL,2026-05-26 18:25:23.817,908,908,0,UNDEFINED
26-041506,2026-05-26 18:11:55.000,22,TUE,26,18,A,DAY,EARLY,POLICE,ANIMAL SICK-INJURED,2,Phone,"MCLEOD, DOUGLAS","HARDING, AUTUMN",2026-05-26 18:11:53.000,2026-05-26 18:13:31.000,2026-05-26 18:13:00.000,67,65,2,2026-05-26 18:15:20.533,140,140,0,2026-05-26 18:13:01.000,68,66,2,NULL,207,207,0,NULL,NULL,-9999,NULL,NULL,NULL,-9999,NULL,NULL,2026-05-26 18:15:34.000,0,NULL,NULL,221,221,0,ACOR-Animal Control Report
26-041507,2026-05-26 18:22:08.000,22,TUE,26,18,A,DAY,EARLY,POLICE,MVC CONDITIONS UNKNOWN,1,E-911,"HARDING, AUTUMN","MCLEOD, DOUGLAS",2026-05-26 18:22:07.000,2026-05-26 18:22:35.000,2026-05-26 18:22:31.000,24,23,1,2026-05-26 18:22:55.727,24,24,0,2026-05-26 18:24:15.000,128,127,1,2026-05-26 18:23:00.420,48,48,0,2026-05-26 18:23:00.420,5,4,1,2026-05-26 18:23:36.257,36,35,1,2026-05-26 18:25:37.677,2026-05-26 19:41:51.827,0,NULL,2026-05-26 19:41:51.827,4784,4784,0,RE-Report
26-012832,2026-05-26 18:22:31.000,22,TUE,26,18,A,DAY,EARLY,FIRE,MVC AUTO,2,Phone,"HARDING, AUTUMN",Automatic Dispatch,2026-05-26 18:22:31.000,2026-05-26 18:22:39.000,2026-05-26 18:22:31.000,0,NULL,0,2026-05-26 18:22:33.720,2,2,0,2026-05-26 18:22:31.000,0,0,0,2026-05-26 18:23:48.640,2,2,0,2026-05-26 18:23:48.640,75,74,1,NULL,NULL,-9999,NULL,2026-05-26 18:24:39.953,2026-05-26 18:24:45.747,0,NULL,2026-05-26 18:24:45.957,134,134,0,UNDEFINED
26-012833,2026-05-26 18:23:41.000,22,TUE,26,18,A,DAY,EARLY,EMS,CHEST PAIN ALS 1,1,E-911,"MESARIS, MATTHEW","LEWIS, LESLIE",2026-05-26 18:23:40.000,2026-05-26 18:24:49.000,2026-05-26 18:24:23.000,43,42,1,2026-05-26 18:24:26.003,3,3,0,2026-05-26 18:24:48.000,68,67,1,2026-05-26 18:25:06.020,46,46,0,2026-05-26 18:25:06.020,40,40,0,2026-05-26 18:30:04.277,298,298,0,2026-05-26 18:26:23.403,2026-05-26 19:30:20.963,0,NULL,2026-05-26 19:30:21.073,4000,4000,0,UNDEFINED
26-012835,2026-05-26 18:25:05.000,22,TUE,26,18,A,DAY,EARLY,EMS,MEDICAL ALARM - BLS,3,Phone,"MARTINEZ, ESTHER","LEWIS, LESLIE",2026-05-26 18:25:04.000,2026-05-26 18:26:28.000,2026-05-26 18:25:56.000,52,51,1,2026-05-26 18:25:58.847,2,2,0,2026-05-26 18:27:56.000,172,171,1,2026-05-26 18:26:47.893,54,54,0,2026-05-26 18:26:47.893,49,49,0,2026-05-26 18:29:18.147,151,150,1,2026-05-26 18:27:26.747,2026-05-26 18:38:29.527,0,NULL,2026-05-26 18:38:29.607,805,805,0,UNDEFINED
26-041509,2026-05-26 18:25:40.000,22,TUE,26,18,A,DAY,EARLY,POLICE,TRAFFIC STOP,2,OFFICER,"TRAPERO, HUMBERTO A",NULL,2026-05-26 18:25:40.000,2026-05-26 18:26:06.000,2026-05-26 18:25:40.000,0,1,-1,2026-05-26 18:25:40.000,0,0,0,2026-05-26 18:25:40.000,0,NULL,0,2026-05-26 18:25:40.000,0,0,0,2026-05-26 18:25:40.000,0,0,0,2026-05-26 18:25:40.000,0,0,0,2026-05-26 18:36:04.403,2026-05-26 18:36:04.403,0,NULL,2026-05-26 18:36:04.403,624,624,0,CI-Citation
26-041513,2026-05-26 18:32:43.000,22,TUE,26,18,A,DAY,EARLY,POLICE,LARCENY FROM AUTO DELAY,4,Phone,"MESARIS, MATTHEW","MCLEOD, DOUGLAS",2026-05-26 18:32:41.000,2026-05-26 20:34:30.000,2026-05-26 18:34:04.000,83,81,2,2026-05-26 20:06:57.210,5573,5573,0,2026-05-26 18:34:13.000,92,90,2,2026-05-26 20:06:57.267,5656,5656,0,2026-05-26 20:06:57.267,0,0,0,2026-05-26 20:18:22.173,685,684,1,2026-05-26 21:31:08.217,2026-05-26 21:31:08.217,0,NULL,2026-05-26 21:31:08.250,10707,10707,0,RE-Report
26-041514,2026-05-26 18:33:46.000,22,TUE,26,18,A,DAY,EARLY,POLICE,LARCENY COMM IN PROG,2,Phone,"WATSON, JOANNE","MCLEOD, DOUGLAS",2026-05-26 18:33:45.000,2026-05-26 18:35:43.000,2026-05-26 18:34:52.000,67,66,1,2026-05-26 18:40:34.517,342,342,0,2026-05-26 18:35:38.000,113,112,1,2026-05-26 18:40:37.973,409,409,0,2026-05-26 18:40:37.973,3,3,0,2026-05-26 18:51:31.803,654,653,1,2026-05-26 18:41:16.937,2026-05-26 20:21:19.147,0,NULL,2026-05-26 20:21:19.190,6454,6454,0,RE-Report
26-041515,2026-05-26 18:35:56.000,22,TUE,26,18,A,DAY,EARLY,POLICE,SUSPICIOUS EVENT,3,Phone,"HARDING, AUTUMN","MCLEOD, DOUGLAS",2026-05-26 18:35:55.000,2026-05-26 18:45:13.000,2026-05-26 18:38:01.000,126,125,1,2026-05-26 19:56:13.490,4692,4692,0,2026-05-26 18:38:23.000,148,147,1,2026-05-26 19:56:13.590,4818,4818,0,2026-05-26 19:56:13.590,0,0,0,2026-05-26 20:02:23.687,370,370,0,2026-05-26 20:05:00.173,2026-05-26 20:05:00.173,0,NULL,2026-05-26 20:05:00.220,5345,5345,0,NR-No Report
26-041516,2026-05-26 18:41:24.000,22,TUE,26,18,A,DAY,EARLY,POLICE,DOMESTIC VIOL NO INJ,2,Phone,"HARDING, AUTUMN",NULL,2026-05-26 18:41:22.000,2026-05-26 18:44:12.000,2026-05-26 18:43:43.000,141,139,2,2026-05-26 18:47:30.047,227,227,0,2026-05-26 18:44:08.000,166,164,2,2026-05-26 18:47:30.090,368,368,0,2026-05-26 18:47:30.090,0,0,0,2026-05-26 18:47:38.863,8,8,0,2026-05-26 20:00:02.243,2026-05-27 03:13:50.137,0,NULL,2026-05-27 03:13:50.193,30748,30748,0,RE-Report
26-041517,2026-05-26 18:48:35.000,22,TUE,26,18,A,DAY,EARLY,POLICE,PARKING COMPLAINT,4,Phone,"HARDING, AUTUMN",NULL,2026-05-26 18:48:33.000,NULL,2026-05-26 18:48:50.000,17,15,2,2026-05-26 18:49:25.303,35,35,0,2026-05-26 18:50:13.000,100,98,2,2026-05-26 18:49:25.303,52,52,0,2026-05-26 18:49:25.303,0,0,0,2026-05-26 18:53:23.070,238,237,1,2026-05-26 19:10:58.167,2026-05-26 19:10:58.167,0,NULL,2026-05-26 19:10:58.430,1345,1345,0,CI-Citation
26-041518,2026-05-26 18:51:36.000,22,TUE,26,18,A,DAY,EARLY,POLICE,OFF DUTY DETAIL,8,OFFICER,"MAZEL, JOSEPH F",NULL,2026-05-26 18:51:36.000,2026-05-27 01:26:38.000,2026-05-26 18:51:36.000,0,1,-1,2026-05-26 18:51:36.000,0,0,0,2026-05-26 18:51:36.000,0,NULL,0,2026-05-26 18:51:36.000,0,0,0,2026-05-26 18:51:36.000,0,0,0,2026-05-26 18:51:36.000,0,0,0,2026-05-27 01:35:03.017,2026-05-27 01:35:03.017,0,NULL,2026-05-27 01:35:03.107,24207,24207,0,NR-No Report
26-012837,2026-05-26 18:52:26.000,22,TUE,26,18,A,DAY,EARLY,EMS,STROKE ALS 2,1,E-911,"MESARIS, MATTHEW",Automatic Dispatch,2026-05-26 18:52:25.000,2026-05-26 18:53:21.000,2026-05-26 18:53:13.000,48,47,1,2026-05-26 18:53:15.847,2,2,0,2026-05-26 18:54:09.000,104,103,1,2026-05-26 18:54:29.337,50,50,0,2026-05-26 18:54:29.337,74,73,1,2026-05-26 18:56:57.310,148,147,1,2026-05-26 19:31:38.507,2026-05-26 20:08:18.063,0,NULL,2026-05-26 20:08:18.190,4553,4553,0,UNDEFINED
26-012838,2026-05-26 18:53:00.000,22,TUE,26,18,A,DAY,EARLY,EMS,BLS EMERGENCY,3,E-911,"HARDING, AUTUMN",Automatic Dispatch,2026-05-26 18:52:59.000,2026-05-26 18:55:40.000,2026-05-26 18:55:32.000,153,152,1,2026-05-26 18:55:34.717,2,2,0,2026-05-26 18:58:56.000,357,356,1,2026-05-26 18:57:08.837,155,155,0,2026-05-26 18:57:08.837,94,94,0,2026-05-26 19:02:59.047,351,350,1,2026-05-26 20:28:21.687,2026-05-26 20:28:21.687,0,NULL,2026-05-26 20:28:21.817,5722,5722,0,UNDEFINED
26-041520,2026-05-26 18:58:40.000,22,TUE,26,18,A,DAY,EARLY,POLICE,DISORDERLY CONDUCT,2,Phone,"PICKERAL, LAUREN","MCLEOD, DOUGLAS",2026-05-26 18:58:37.000,2026-05-26 19:00:25.000,2026-05-26 18:59:34.000,57,54,3,2026-05-26 19:10:23.290,649,649,0,2026-05-26 19:01:23.000,166,163,3,2026-05-26 19:10:23.383,706,706,0,2026-05-26 19:10:23.383,0,0,0,2026-05-26 19:18:34.263,491,490,1,2026-05-26 19:39:07.540,2026-05-26 19:39:07.540,0,NULL,2026-05-26 19:39:07.597,2430,2430,0,NR-No Report
26-041521,2026-05-26 19:08:41.000,22,TUE,26,19,C,NIGHT,EARLY,POLICE,LARCENY FROM AUTO DELAY,4,Phone,"MESARIS, MATTHEW","MCLEOD, DOUGLAS",2026-05-26 19:08:39.000,2026-05-26 19:30:32.000,2026-05-26 19:09:44.000,65,63,2,2026-05-26 19:42:42.000,1978,1978,0,2026-05-26 19:12:24.000,225,223,2,2026-05-26 19:42:45.193,2043,2043,0,2026-05-26 19:42:45.193,3,3,0,NULL,NULL,-9999,NULL,NULL,2026-05-26 19:48:29.000,0,NULL,NULL,2390,2390,0,CN-Cancellation
26-041524,2026-05-26 19:20:43.000,22,TUE,26,19,C,NIGHT,EARLY,POLICE,POLICE INFORMATION,4,Radio,"MCLEOD, DOUGLAS",NULL,2026-05-26 19:20:41.000,2026-05-26 19:41:35.000,2026-05-26 19:21:04.000,23,21,2,2026-05-27 00:30:52.093,18588,18588,0,2026-05-26 19:21:04.000,23,NULL,23,2026-05-27 00:30:52.093,18611,18611,0,2026-05-27 00:30:52.093,0,-9999,9999,NULL,NULL,-9999,NULL,2026-05-27 02:54:22.260,2026-05-27 02:54:22.260,0,NULL,2026-05-27 02:54:22.313,27221,27221,0,RE-Report
26-041525,2026-05-26 19:24:23.000,22,TUE,26,19,C,NIGHT,EARLY,POLICE,ALARM RESIDENTIAL,2,Phone,"MARTINEZ, ESTHER","MCLEOD, DOUGLAS",2026-05-26 19:24:23.000,2026-05-26 19:27:54.253,2026-05-26 19:25:20.000,57,57,0,2026-05-26 19:27:54.183,154,154,0,2026-05-26 19:27:20.000,177,177,0,2026-05-26 19:28:43.413,211,211,0,2026-05-26 19:28:43.413,49,49,0,2026-05-26 19:43:46.173,903,902,1,2026-05-26 19:54:16.140,2026-05-26 19:54:16.140,0,NULL,2026-05-26 19:54:16.220,1793,1793,0,FALSE-False Alarm
26-012841,2026-05-26 19:42:05.000,22,TUE,26,19,C,NIGHT,EARLY,FIRE,FIRE ALARM,3,Phone,"MARTINEZ, ESTHER",Automatic Dispatch,2026-05-26 19:42:04.000,2026-05-26 19:43:03.000,2026-05-26 19:42:38.000,34,33,1,2026-05-26 19:42:41.060,3,3,0,2026-05-26 19:43:26.000,82,81,1,2026-05-26 19:44:18.573,37,37,0,2026-05-26 19:44:18.573,97,97,0,NULL,NULL,-9999,NULL,2026-05-26 19:45:51.513,2026-05-26 19:45:51.513,0,NULL,2026-05-26 19:45:51.650,227,227,0,UNDEFINED
26-041527,2026-05-26 19:44:39.000,22,TUE,26,19,C,NIGHT,EARLY,POLICE,SUSPICIOUS EVENT,2,Phone,"MARTINEZ, ESTHER","MCLEOD, DOUGLAS",2026-05-26 19:44:39.000,2026-05-26 20:19:30.000,2026-05-26 19:45:58.000,79,79,0,2026-05-26 19:49:47.307,229,229,0,2026-05-26 19:48:31.000,232,232,0,2026-05-26 19:49:51.660,308,308,0,2026-05-26 19:49:51.660,4,4,0,2026-05-26 19:58:09.527,498,497,1,2026-05-26 19:59:21.653,2026-05-26 20:00:18.760,1,2026-05-26 20:19:28.643,2026-05-26 20:00:18.840,939,2164,-1225,NR-No Report
26-041528,2026-05-26 19:51:50.000,22,TUE,26,19,C,NIGHT,EARLY,POLICE,ASSIST CITIZEN DELAY,3,Phone,"WATSON, JOANNE","MCLEOD, DOUGLAS",2026-05-26 19:51:48.000,2026-05-26 19:54:04.000,2026-05-26 19:53:29.000,101,99,2,2026-05-26 21:40:24.430,6415,6415,0,2026-05-26 19:53:51.000,123,121,2,2026-05-26 21:40:29.103,6516,6516,0,2026-05-26 21:40:29.103,5,4,1,2026-05-26 21:53:13.497,764,764,0,2026-05-26 23:26:17.577,2026-05-26 23:26:17.577,0,NULL,2026-05-26 23:26:17.650,12869,12869,0,NR-No Report
26-012842,2026-05-26 19:52:15.000,22,TUE,26,19,C,NIGHT,EARLY,FIRE,PUBLIC SERVICE FIRE,4,Phone,"MARTINEZ, ESTHER",Automatic Dispatch,2026-05-26 19:52:14.000,2026-05-26 19:53:05.000,2026-05-26 19:52:52.000,38,37,1,2026-05-26 19:52:54.863,2,2,0,2026-05-26 19:53:10.000,56,55,1,2026-05-26 19:54:14.440,40,40,0,2026-05-26 19:54:14.440,80,79,1,2026-05-26 19:58:57.347,283,282,1,2026-05-26 20:07:10.557,2026-05-26 20:07:10.557,0,NULL,2026-05-26 20:07:10.830,896,896,0,UNDEFINED
26-041529,2026-05-26 19:58:05.000,22,TUE,26,19,C,NIGHT,EARLY,POLICE,PARKING COMPLAINT,4,Phone,"MARTINEZ, ESTHER",NULL,2026-05-26 19:58:05.000,NULL,2026-05-26 19:58:34.000,29,29,0,2026-05-26 20:01:07.530,153,153,0,2026-05-26 19:58:56.000,51,51,0,2026-05-26 20:01:07.530,182,182,0,2026-05-26 20:01:07.530,0,-9999,9999,2026-05-26 20:05:58.667,291,291,0,2026-05-26 20:13:38.953,2026-05-26 20:13:38.953,0,NULL,2026-05-26 20:13:39.280,933,933,0,NR-No Report
26-041531,2026-05-26 20:11:52.000,22,TUE,26,20,C,NIGHT,EARLY,POLICE,PARKING COMPLAINT,4,Phone,"WATSON, JOANNE",NULL,2026-05-26 20:11:51.000,NULL,2026-05-26 20:12:26.000,35,34,1,2026-05-26 20:12:48.017,22,22,0,2026-05-26 20:12:29.000,38,37,1,2026-05-26 20:12:48.017,57,57,0,2026-05-26 20:12:48.017,0,0,0,2026-05-26 20:16:07.060,199,199,0,2026-05-26 20:21:10.293,2026-05-26 20:21:10.293,0,NULL,2026-05-26 20:21:10.783,559,559,0,NR-No Report
26-041532,2026-05-26 20:13:19.000,22,TUE,26,20,C,NIGHT,EARLY,POLICE,TRAFFIC STOP,2,OFFICER,"MCLEOD, DOUGLAS",NULL,2026-05-26 20:13:19.000,2026-05-26 20:13:47.000,2026-05-26 20:13:19.000,0,0,0,2026-05-26 20:13:19.000,0,0,0,2026-05-26 20:13:19.000,0,0,0,2026-05-26 20:13:27.967,0,0,0,2026-05-26 20:13:19.000,0,0,0,2026-05-26 20:13:19.000,0,0,0,2026-05-26 21:39:25.350,2026-05-26 21:39:25.350,0,NULL,2026-05-26 21:39:25.387,5166,5166,0,NR-No Report
26-041534,2026-05-26 20:17:33.000,22,TUE,26,20,C,NIGHT,EARLY,POLICE,PARKING COMPLAINT,4,Phone,"WATSON, JOANNE",NULL,2026-05-26 20:17:31.000,2026-05-26 20:26:58.000,2026-05-26 20:18:10.000,39,37,2,2026-05-26 20:29:57.403,707,707,0,2026-05-26 20:18:29.000,58,56,2,2026-05-26 20:29:57.403,746,746,0,2026-05-26 20:29:57.403,0,-9999,9999,2026-05-26 20:43:55.503,838,838,0,2026-05-26 20:30:36.357,2026-05-26 20:59:38.663,0,NULL,2026-05-26 20:59:39.037,2527,2527,0,CI-Citation
26-041535,2026-05-26 20:18:30.000,22,TUE,26,20,C,NIGHT,EARLY,POLICE,ASSIST CITIZEN DELAY,4,Phone,"MARTINEZ, ESTHER","MCLEOD, DOUGLAS",2026-05-26 20:18:30.000,2026-05-26 20:23:12.000,2026-05-26 20:19:45.000,75,75,0,2026-05-26 20:20:37.143,52,52,0,2026-05-26 20:20:03.000,93,93,0,2026-05-26 20:20:37.200,127,127,0,2026-05-26 20:20:37.200,0,0,0,2026-05-26 20:20:38.550,1,1,0,2026-05-26 21:50:52.773,2026-05-26 21:50:52.773,0,NULL,2026-05-26 21:50:52.853,5542,5542,0,NR-No Report
26-012843,2026-05-26 20:19:25.000,22,TUE,26,20,C,NIGHT,EARLY,FIRE,ELEVATOR,3,E-911,"MESARIS, MATTHEW",Automatic Dispatch,2026-05-26 20:19:25.000,2026-05-26 20:20:11.000,2026-05-26 20:20:04.000,39,39,0,2026-05-26 20:20:05.323,1,1,0,2026-05-26 20:20:27.000,62,62,0,2026-05-26 20:21:17.150,40,40,0,2026-05-26 20:21:17.150,72,71,1,NULL,NULL,-9999,NULL,2026-05-26 20:24:04.277,2026-05-26 20:24:04.277,0,NULL,2026-05-26 20:24:04.413,279,279,0,UNDEFINED
26-012844,2026-05-26 20:22:08.200,22,TUE,26,20,C,NIGHT,EARLY,EMS,MUTUAL ALS,1,C2C,CAD to CAD Service 1,CAD to CAD Service 1,2026-05-26 20:21:40.000,2026-05-26 20:22:34.000,2026-05-26 20:22:08.623,28,0,28,2026-05-26 20:22:08.670,0,0,0,NULL,NULL,NULL,NULL,2026-05-26 20:23:07.897,28,38,-10,2026-05-26 20:23:07.897,59,59,0,2026-05-26 20:24:44.783,97,96,1,2026-05-26 20:49:21.980,2026-05-26 20:54:04.257,0,NULL,2026-05-26 20:54:04.360,1944,1944,0,UNDEFINED
26-012845,2026-05-26 20:41:05.000,22,TUE,26,20,C,NIGHT,EARLY,EMS,SICK PERSON BLS,10,E-911,"WATSON, JOANNE",Automatic Dispatch,2026-05-26 20:41:05.000,2026-05-26 20:42:10.000,2026-05-26 20:41:58.000,53,53,0,2026-05-26 20:42:00.967,2,2,0,2026-05-26 20:43:53.000,168,168,0,2026-05-26 20:43:03.130,55,55,0,2026-05-26 20:43:03.130,63,62,1,2026-05-26 20:50:59.510,476,476,0,2026-05-26 22:01:37.460,2026-05-26 22:01:37.460,0,NULL,2026-05-26 22:01:37.543,4832,4832,0,UNDEFINED
26-041541,2026-05-26 20:45:29.000,22,TUE,26,20,C,NIGHT,EARLY,POLICE,PARKING COMPLAINT,4,Phone,"MESARIS, MATTHEW",NULL,2026-05-26 20:45:29.000,2026-05-26 20:47:12.000,2026-05-26 20:46:57.000,88,88,0,2026-05-26 20:54:35.897,458,458,0,2026-05-26 20:46:58.000,89,89,0,2026-05-26 20:54:35.897,546,546,0,2026-05-26 20:54:35.897,0,0,0,2026-05-26 20:57:19.173,164,163,1,2026-05-26 21:22:45.890,2026-05-26 21:22:45.890,0,NULL,2026-05-26 21:22:46.657,2236,2236,0,CI-Citation
26-041542,2026-05-26 20:52:08.000,22,TUE,26,20,C,NIGHT,EARLY,POLICE,ADMINISTRATIVE TASK,2,Phone,"HARDING, AUTUMN","MCLEOD, DOUGLAS",2026-05-26 20:52:06.000,2026-05-26 20:53:40.000,2026-05-26 20:53:11.000,65,63,2,2026-05-26 20:55:37.723,146,146,0,2026-05-26 20:53:32.000,86,84,2,2026-05-26 20:55:44.410,211,211,0,2026-05-26 20:55:44.410,7,6,1,2026-05-26 21:02:00.880,376,376,0,2026-05-26 21:47:21.633,2026-05-26 21:47:21.600,0,NULL,2026-05-26 21:47:21.600,3315,3315,0,NR-No Report
26-012846,2026-05-26 21:03:29.000,22,TUE,26,21,C,NIGHT,EARLY,FIRE,FIRE ALARM,3,Phone,"MARTINEZ, ESTHER",Automatic Dispatch,2026-05-26 21:03:28.000,2026-05-26 21:04:49.000,2026-05-26 21:04:05.000,37,36,1,2026-05-26 21:04:07.810,2,2,0,2026-05-26 21:04:35.000,67,66,1,2026-05-26 21:05:29.137,39,39,0,2026-05-26 21:05:29.137,82,81,1,2026-05-26 21:08:15.833,166,166,0,2026-05-26 21:34:52.487,2026-05-26 21:34:52.487,0,NULL,2026-05-26 21:34:52.707,1884,1884,0,UNDEFINED
26-041548,2026-05-26 21:35:07.000,22,TUE,26,21,C,NIGHT,EARLY,POLICE,MVC CITY PROPERTY DAMAGE,2,E-911,"MARTINEZ, ESTHER",NULL,2026-05-26 21:35:07.000,2026-05-26 21:37:16.000,2026-05-26 21:36:11.000,64,64,0,2026-05-26 21:37:34.647,83,83,0,2026-05-26 21:38:57.000,230,230,0,2026-05-26 21:37:39.910,147,147,0,2026-05-26 21:37:39.910,5,5,0,2026-05-26 21:48:44.277,665,664,1,2026-05-27 01:26:09.353,2026-05-27 03:36:38.847,0,NULL,2026-05-27 03:36:38.923,21691,21691,0,RE-Report
26-012847,2026-05-26 21:55:39.000,22,TUE,26,21,C,NIGHT,EARLY,EMS,ALLERGIC REACTION ALS 2,1,E-911,"WATSON, JOANNE",Automatic Dispatch,2026-05-26 21:55:39.000,2026-05-26 22:01:29.000,2026-05-26 22:01:20.000,341,341,0,2026-05-26 22:01:22.880,2,2,0,2026-05-26 22:10:01.000,862,862,0,2026-05-26 22:02:08.300,343,343,0,2026-05-26 22:02:08.300,46,45,1,2026-05-26 22:06:35.080,267,266,1,2026-05-26 22:17:10.417,2026-05-26 22:17:10.480,0,NULL,2026-05-26 22:17:10.517,1291,1291,0,UNDEFINED
26-041552,2026-05-26 22:08:10.000,22,TUE,26,22,C,NIGHT,MIDS,POLICE,ALARM COMMERCIAL,2,Phone,"MARTINEZ, ESTHER",NULL,2026-05-26 22:08:10.000,2026-05-26 22:09:32.000,2026-05-26 22:08:41.000,31,31,0,2026-05-26 22:09:42.837,61,61,0,2026-05-26 22:09:13.000,63,63,0,2026-05-26 22:10:02.833,92,92,0,2026-05-26 22:10:02.833,20,19,1,2026-05-26 22:23:59.607,837,836,1,2026-05-26 23:13:38.490,2026-05-26 23:13:38.490,0,NULL,2026-05-26 23:13:38.570,3928,3928,0,FALSE-False Alarm
26-012848,2026-05-26 22:09:14.000,22,TUE,26,22,C,NIGHT,MIDS,EMS,HEART PROBLEMS ALS 1,1,E-911,"MESARIS, MATTHEW","LEWIS, LESLIE",2026-05-26 22:09:14.000,2026-05-26 22:10:10.000,2026-05-26 22:10:00.000,46,46,0,2026-05-26 22:10:02.377,2,2,0,2026-05-26 22:11:42.000,148,148,0,2026-05-26 22:10:44.090,48,48,0,2026-05-26 22:10:44.090,42,41,1,2026-05-26 22:15:57.780,313,313,0,2026-05-26 22:17:36.987,2026-05-26 22:36:52.817,0,NULL,2026-05-26 22:36:52.897,1658,1658,0,UNDEFINED
26-041553,2026-05-26 22:17:38.000,22,TUE,26,22,C,NIGHT,MIDS,POLICE,ALARM COMMERCIAL,2,Phone,"MARTINEZ, ESTHER","MCLEOD, DOUGLAS",2026-05-26 22:17:38.000,2026-05-26 22:18:26.000,2026-05-26 22:18:10.000,32,32,0,2026-05-26 22:18:40.910,30,30,0,2026-05-26 22:19:36.000,118,118,0,2026-05-26 22:18:47.323,62,62,0,2026-05-26 22:18:47.323,7,6,1,2026-05-26 22:25:31.660,404,404,0,2026-05-26 22:20:33.383,2026-05-26 22:47:30.077,0,NULL,2026-05-26 22:47:30.200,1792,1792,0,FALSE-False Alarm
26-012849,2026-05-26 22:19:13.000,22,TUE,26,22,C,NIGHT,MIDS,EMS,DIABETIC EMERGENCY ALS 1,1,E-911,"WATSON, JOANNE",Automatic Dispatch,2026-05-26 22:19:12.000,2026-05-26 22:20:06.000,2026-05-26 22:19:59.000,47,46,1,2026-05-26 22:20:01.673,2,2,0,2026-05-26 22:22:09.000,177,176,1,2026-05-26 22:20:13.243,49,49,0,2026-05-26 22:20:13.243,12,11,1,2026-05-26 22:22:55.750,162,162,0,2026-05-26 22:36:18.990,2026-05-26 22:37:22.950,0,NULL,2026-05-26 22:37:23.023,1090,1090,0,UNDEFINED
26-041555,2026-05-26 22:20:17.000,22,TUE,26,22,C,NIGHT,MIDS,POLICE,TRAFFIC STOP,2,Radio,"MCLEOD, DOUGLAS",NULL,2026-05-26 22:20:17.000,2026-05-26 22:20:48.000,2026-05-26 22:20:17.000,0,0,0,2026-05-26 22:20:17.000,0,0,0,2026-05-26 22:20:17.000,0,0,0,2026-05-26 22:20:27.860,0,0,0,2026-05-26 22:20:17.000,0,0,0,2026-05-26 22:20:17.000,0,0,0,2026-05-26 23:03:56.640,2026-05-26 23:03:56.640,0,NULL,2026-05-26 23:03:56.720,2619,2619,0,CI-Citation
26-041558,2026-05-26 22:28:13.000,22,TUE,26,22,C,NIGHT,MIDS,POLICE,TRAFFIC STOP,2,OFFICER,"GAINES, SASHAWNA M.",NULL,2026-05-26 22:28:13.000,2026-05-26 22:28:25.000,2026-05-26 22:28:13.000,0,1,-1,2026-05-26 22:28:13.000,0,0,0,2026-05-26 22:28:13.000,0,NULL,0,2026-05-26 22:28:13.000,0,0,0,2026-05-26 22:28:13.000,0,0,0,2026-05-26 22:28:13.000,0,0,0,2026-05-26 22:28:58.173,2026-05-26 22:36:51.037,0,NULL,2026-05-26 22:36:51.173,518,518,0,NR-No Report
26-041560,2026-05-26 22:29:52.000,22,TUE,26,22,C,NIGHT,MIDS,POLICE,POLICE INFORMATION,4,E-911,"HARDING, AUTUMN",NULL,2026-05-26 22:29:52.000,2026-05-26 22:30:30.000,2026-05-26 22:30:25.000,33,33,0,2026-05-26 22:31:31.473,66,66,0,2026-05-26 22:31:53.000,121,121,0,2026-05-26 22:31:38.113,99,99,0,2026-05-26 22:31:38.113,7,6,1,2026-05-26 22:35:07.910,209,209,0,2026-05-26 22:45:35.053,2026-05-27 00:34:30.683,0,NULL,2026-05-27 00:34:30.730,7478,7478,0,RE-Report
26-041568,2026-05-26 22:38:47.000,22,TUE,26,22,C,NIGHT,MIDS,POLICE,DOMESTIC VIOL NO INJ,2,E-911,"WATSON, JOANNE","MCLEOD, DOUGLAS",2026-05-26 22:38:47.000,2026-05-26 22:41:53.000,2026-05-26 22:39:36.000,49,49,0,2026-05-26 22:47:24.763,468,468,0,2026-05-26 22:40:50.000,123,123,0,2026-05-26 22:47:28.903,517,517,0,2026-05-26 22:47:28.903,4,4,0,2026-05-26 22:48:48.170,80,79,1,2026-05-26 22:48:03.670,2026-05-26 23:19:13.783,0,NULL,2026-05-26 23:19:13.783,2426,2426,0,NR-No Report
26-012851,2026-05-26 22:53:40.170,22,TUE,26,22,C,NIGHT,MIDS,FIRE,MVC AUTO,2,NOT CAPTURED,"MCLEOD, DOUGLAS","LEWIS, LESLIE",2026-05-26 22:53:40.170,2026-05-26 22:54:07.000,2026-05-26 22:53:40.170,0,0,0,2026-05-26 22:53:42.480,2,2,0,2026-05-26 22:53:40.170,0,NULL,0,2026-05-26 22:55:05.497,2,2,0,2026-05-26 22:55:05.497,83,83,0,2026-05-26 22:56:39.807,94,94,0,2026-05-26 23:23:56.723,2026-05-26 23:57:40.957,0,NULL,2026-05-26 23:57:41.003,3840,3840,0,CAD2CAD
26-012853,2026-05-26 23:04:24.493,22,TUE,26,23,C,NIGHT,MIDS,EMS,MUTUAL ALS,1,C2C,CAD to CAD Service 1,CAD to CAD Service 1,2026-05-26 23:03:43.000,NULL,2026-05-26 23:04:24.870,41,0,41,2026-05-26 23:04:24.933,0,0,0,NULL,NULL,NULL,NULL,2026-05-26 23:05:53.690,41,-9999,10040,2026-05-26 23:05:53.690,89,88,1,2026-05-26 23:11:10.753,317,317,0,2026-05-26 23:29:25.717,2026-05-26 23:32:05.280,0,NULL,2026-05-26 23:32:05.410,1702,1702,0,UNDEFINED
26-041571,2026-05-26 23:07:18.000,22,TUE,26,23,C,NIGHT,MIDS,POLICE,OFF DUTY DETAIL,8,OFFICER,"ESCOBAR, STEVEN R",NULL,2026-05-26 23:07:18.000,2026-05-26 23:07:29.000,2026-05-26 23:07:18.000,0,0,0,2026-05-26 23:07:18.000,0,0,0,2026-05-26 23:07:18.000,0,NULL,0,2026-05-26 23:07:18.000,0,0,0,2026-05-26 23:07:18.000,0,0,0,2026-05-26 23:07:18.000,0,0,0,2026-05-27 02:40:16.673,2026-05-27 02:40:16.673,0,NULL,2026-05-27 02:40:16.737,12778,12778,0,NR-No Report
26-041572,2026-05-26 23:08:08.000,22,TUE,26,23,C,NIGHT,MIDS,POLICE,MENTAL HEALTH CASE,2,Phone,"WATSON, JOANNE",NULL,2026-05-26 23:08:06.000,2026-05-26 23:13:06.000,2026-05-26 23:09:10.000,64,62,2,2026-05-26 23:25:54.217,1004,1004,0,2026-05-26 23:09:19.000,73,71,2,2026-05-26 23:26:00.193,1068,1068,0,2026-05-26 23:26:00.193,6,5,1,2026-05-26 23:27:45.713,105,105,0,2026-05-27 00:15:48.297,2026-05-27 17:09:20.987,0,NULL,2026-05-27 17:09:21.023,64874,64874,0,RE-Report
26-041573,2026-05-26 23:10:16.000,22,TUE,26,23,C,NIGHT,MIDS,POLICE,DISORDERLY CONDUCT,2,Phone,"MESARIS, MATTHEW","MCLEOD, DOUGLAS",2026-05-26 23:10:15.000,2026-05-26 23:12:51.000,2026-05-26 23:11:35.000,80,79,1,2026-05-26 23:12:35.020,60,60,0,2026-05-26 23:11:43.000,88,87,1,2026-05-26 23:12:35.063,140,140,0,2026-05-26 23:12:35.063,0,0,0,2026-05-26 23:15:48.083,193,193,0,2026-05-26 23:34:46.763,2026-05-26 23:36:50.077,0,NULL,2026-05-26 23:36:50.163,1595,1595,0,NR-No Report
26-041574,2026-05-26 23:12:48.000,22,TUE,26,23,C,NIGHT,MIDS,POLICE,DOMESTIC VIOL NO INJ,2,Phone,"MARTINEZ, ESTHER","MCLEOD, DOUGLAS",2026-05-26 23:12:47.000,2026-05-26 23:22:23.000,2026-05-26 23:13:31.000,44,43,1,2026-05-26 23:22:57.590,566,566,0,2026-05-26 23:17:25.000,278,277,1,2026-05-26 23:23:04.283,610,610,0,2026-05-26 23:23:04.283,7,6,1,2026-05-26 23:27:29.620,265,265,0,2026-05-26 23:23:35.943,2026-05-27 00:45:32.903,0,NULL,2026-05-27 00:45:32.967,5565,5565,0,NR-No Report
26-041575,2026-05-26 23:23:54.000,22,TUE,26,23,C,NIGHT,MIDS,POLICE,ALARM COMMERCIAL,2,Phone,"MARTINEZ, ESTHER","MCLEOD, DOUGLAS",2026-05-26 23:23:53.000,2026-05-26 23:25:04.190,2026-05-26 23:24:30.000,37,36,1,2026-05-26 23:25:04.143,34,34,0,2026-05-26 23:25:08.000,75,74,1,2026-05-26 23:25:09.990,71,71,0,2026-05-26 23:25:09.990,5,5,0,2026-05-26 23:31:39.320,390,389,1,2026-05-26 23:31:47.090,2026-05-26 23:32:06.520,0,NULL,2026-05-26 23:32:06.680,493,493,0,FALSE-False Alarm
26-041577,2026-05-26 23:42:22.000,22,TUE,26,23,C,NIGHT,MIDS,POLICE,LOCKOUT NO EMS NEEDED,2,Phone,"MARTINEZ, ESTHER","MCLEOD, DOUGLAS",2026-05-26 23:42:22.000,2026-05-26 23:44:04.000,2026-05-26 23:43:31.000,69,69,0,2026-05-26 23:44:41.397,70,70,0,2026-05-26 23:45:12.000,170,170,0,2026-05-26 23:44:44.533,139,139,0,2026-05-26 23:44:44.533,3,3,0,2026-05-26 23:50:23.793,339,339,0,2026-05-27 00:27:25.727,2026-05-27 00:27:25.727,0,NULL,2026-05-27 00:27:25.800,2703,2703,0,NR-No Report
26-012854,2026-05-26 23:56:47.000,22,TUE,26,23,C,NIGHT,MIDS,FIRE,GAS LEAK - INSIDE,1,E-911,"WATSON, JOANNE",Automatic Dispatch,2026-05-26 23:56:47.000,2026-05-26 23:58:41.000,2026-05-26 23:58:27.000,100,100,0,2026-05-26 23:58:29.920,2,2,0,2026-05-26 23:59:32.000,165,165,0,2026-05-26 23:59:56.600,102,102,0,2026-05-26 23:59:56.600,87,86,1,2026-05-27 00:03:48.970,232,232,0,2026-05-27 00:12:51.657,2026-05-27 00:20:01.557,0,NULL,2026-05-27 00:20:01.657,1394,1394,0,UNDEFINED
26-012855,2026-05-26 23:58:43.163,22,TUE,26,23,C,NIGHT,MIDS,FIRE,PUBLIC SERVICE FIRE,4,Phone,"MCLEOD, DOUGLAS",Automatic Dispatch,2026-05-26 23:58:43.163,2026-05-26 23:59:03.000,2026-05-26 23:58:43.163,0,0,0,2026-05-26 23:58:45.217,2,2,0,2026-05-26 23:58:43.163,0,NULL,0,2026-05-27 00:00:26.317,2,2,0,2026-05-27 00:00:26.317,101,101,0,2026-05-27 00:07:28.503,422,422,0,2026-05-27 00:17:16.593,2026-05-27 00:17:16.593,0,NULL,2026-05-27 00:17:16.853,1113,1113,0,UNDEFINED
26-041582,2026-05-27 00:02:10.000,22,WED,27,0,D,NIGHT,MIDS,POLICE,SUICIDE IN PROG TRAUMA,1,E-911,"MARTINEZ, ESTHER","LEWIS, LESLIE",2026-05-27 00:02:10.000,2026-05-27 00:02:57.000,2026-05-27 00:02:49.000,39,39,0,2026-05-27 00:03:04.910,15,15,0,2026-05-27 00:05:51.000,221,221,0,2026-05-27 00:03:16.333,54,54,0,2026-05-27 00:03:16.333,12,11,1,2026-05-27 00:06:25.083,189,188,1,2026-05-27 00:03:52.067,2026-05-27 01:20:58.913,0,NULL,2026-05-27 01:20:58.987,4728,4728,0,NR-No Report
26-012856,2026-05-27 00:04:20.000,22,WED,27,0,D,NIGHT,MIDS,EMS,TRAUMATIC INJURIES ALS 1,1,Phone,"MCLEOD, DOUGLAS",Automatic Dispatch,2026-05-27 00:04:20.000,2026-05-27 00:04:37.000,2026-05-27 00:04:20.000,0,NULL,0,2026-05-27 00:04:23.097,3,3,0,2026-05-27 00:04:20.000,0,0,0,2026-05-27 00:05:46.610,3,2,1,2026-05-27 00:05:46.610,83,83,0,2026-05-27 00:08:59.690,193,193,0,2026-05-27 00:12:41.910,2026-05-27 01:20:04.170,0,NULL,2026-05-27 01:20:04.283,4544,4543,1,UNDEFINED
26-041583,2026-05-27 00:29:48.000,22,WED,27,0,D,NIGHT,MIDS,POLICE,DISORDERLY CONDUCT,2,E-911,"HARDING, AUTUMN","LEWIS, LESLIE",2026-05-27 00:29:48.000,2026-05-27 00:30:51.000,2026-05-27 00:30:37.000,49,49,0,2026-05-27 00:31:00.770,23,23,0,2026-05-27 00:32:00.000,132,132,0,2026-05-27 00:31:23.640,72,72,0,2026-05-27 00:31:23.640,23,22,1,2026-05-27 00:35:47.493,264,263,1,2026-05-27 00:57:52.933,2026-05-27 01:17:55.817,0,NULL,2026-05-27 01:17:55.867,2887,2887,0,NR-No Report
26-041586,2026-05-27 00:47:04.000,22,WED,27,0,D,NIGHT,MIDS,POLICE,RUNAWAY IN PROG,2,E-911,"WATSON, JOANNE",NULL,2026-05-27 00:47:03.000,2026-05-27 00:54:58.000,2026-05-27 00:54:08.000,425,424,1,2026-05-27 00:58:34.510,266,266,0,2026-05-27 00:58:24.000,681,680,1,2026-05-27 00:58:42.220,691,691,0,2026-05-27 00:58:42.220,8,7,1,NULL,NULL,-9999,NULL,2026-05-27 01:36:13.740,2026-05-27 06:29:21.933,0,NULL,2026-05-27 06:29:21.980,20538,20538,0,RE-Report
26-041585,2026-05-27 00:49:54.000,22,WED,27,0,D,NIGHT,MIDS,POLICE,POLICE INFORMATION,4,E-911,"MCLEOD, DOUGLAS",NULL,2026-05-27 00:49:54.000,2026-05-27 00:51:39.000,2026-05-27 00:51:24.000,90,90,0,2026-05-27 00:51:51.580,27,27,0,2026-05-27 00:54:43.000,289,289,0,2026-05-27 00:51:54.040,117,117,0,2026-05-27 00:51:54.040,3,2,1,2026-05-27 00:54:34.270,160,160,0,2026-05-27 01:18:57.913,2026-05-27 02:20:22.023,0,NULL,2026-05-27 02:20:22.080,5428,5428,0,RE-Report
26-012857,2026-05-27 00:53:06.260,22,WED,27,0,D,NIGHT,MIDS,EMS,MUTUAL ALS,1,C2C,CAD to CAD Service 1,CAD to CAD Service 1,2026-05-27 00:52:41.000,NULL,2026-05-27 00:53:06.637,25,0,25,2026-05-27 00:53:06.700,0,0,0,NULL,NULL,NULL,NULL,2026-05-27 00:54:39.227,25,-9999,10024,2026-05-27 00:54:39.227,93,92,1,2026-05-27 00:59:12.233,273,273,0,2026-05-27 01:11:05.103,2026-05-27 01:45:34.850,0,NULL,2026-05-27 01:45:34.950,3173,3173,0,UNDEFINED
26-041587,2026-05-27 01:00:03.000,22,WED,27,1,D,NIGHT,MIDS,POLICE,DWI - DRUNK/INTOX DRIVER,2,E-911,"WATSON, JOANNE","LEWIS, LESLIE",2026-05-27 01:00:03.000,2026-05-27 01:01:36.000,2026-05-27 01:01:25.000,82,82,0,2026-05-27 01:02:19.687,54,54,0,2026-05-27 01:02:25.000,142,142,0,2026-05-27 01:02:23.973,136,136,0,2026-05-27 01:02:23.973,4,4,0,2026-05-27 01:08:58.637,395,394,1,2026-05-27 01:21:29.367,2026-05-27 01:23:09.607,0,NULL,2026-05-27 01:23:09.660,1386,1386,0,NR-No Report
26-012858,2026-05-27 01:13:17.000,22,WED,27,1,D,NIGHT,MIDS,EMS,BACK PAIN BLS,3,E-911,"MCLEOD, DOUGLAS",Automatic Dispatch,2026-05-27 01:13:16.000,2026-05-27 01:15:04.000,2026-05-27 01:14:18.000,62,61,1,2026-05-27 01:14:20.693,2,2,0,2026-05-27 01:15:14.000,118,117,1,2026-05-27 01:16:04.787,64,64,0,2026-05-27 01:16:04.787,104,104,0,2026-05-27 01:26:44.083,640,639,1,2026-05-27 02:26:24.447,2026-05-27 02:26:24.447,0,NULL,2026-05-27 02:26:24.553,4388,4388,0,UNDEFINED
26-041588,2026-05-27 01:23:46.000,22,WED,27,1,D,NIGHT,MIDS,POLICE,TRAFFIC STOP,2,OFFICER,"SUN, JEFF Y",NULL,2026-05-27 01:23:46.000,2026-05-27 01:26:47.000,2026-05-27 01:23:46.000,0,1,-1,2026-05-27 01:23:46.000,0,0,0,2026-05-27 01:23:46.000,0,NULL,0,2026-05-27 01:23:46.000,0,0,0,2026-05-27 01:23:46.000,0,0,0,2026-05-27 01:23:46.000,0,0,0,2026-05-27 01:28:03.873,2026-05-27 01:28:03.873,0,NULL,2026-05-27 01:28:03.953,257,257,0,NR-No Report
26-041589,2026-05-27 01:23:59.000,22,WED,27,1,D,NIGHT,MIDS,POLICE,ASSAULT NO INJURY IN PROG,2,E-911,"HARDING, AUTUMN",NULL,2026-05-27 01:23:58.000,2026-05-27 01:25:20.000,2026-05-27 01:24:34.000,36,35,1,2026-05-27 01:25:34.387,60,60,0,2026-05-27 01:25:32.000,94,93,1,2026-05-27 01:25:38.043,96,96,0,2026-05-27 01:25:38.043,4,3,1,2026-05-27 01:35:01.590,563,563,0,2026-05-27 01:26:19.247,2026-05-27 06:17:43.193,0,NULL,2026-05-27 06:17:43.303,17625,17625,0,RE-Report
26-041591,2026-05-27 01:51:56.000,22,WED,27,1,D,NIGHT,MIDS,POLICE,TRAFFIC STOP,2,OFFICER,"SUN, JEFF Y",NULL,2026-05-27 01:51:56.000,2026-05-27 01:54:00.000,2026-05-27 01:51:56.000,0,1,-1,2026-05-27 01:51:56.000,0,0,0,2026-05-27 01:51:56.000,0,NULL,0,2026-05-27 01:51:56.000,0,0,0,2026-05-27 01:51:56.000,0,0,0,2026-05-27 01:51:56.000,0,0,0,2026-05-27 01:55:30.960,2026-05-27 01:55:30.960,0,NULL,2026-05-27 01:55:31.037,214,214,0,NR-No Report
26-012859,2026-05-27 02:03:34.000,22,WED,27,2,D,NIGHT,LATE,EMS,TROUBLE BREATHING ALS 1,1,E-911,"HARDING, AUTUMN","MESARIS, MATTHEW",2026-05-27 02:03:34.000,2026-05-27 02:06:02.000,2026-05-27 02:04:37.000,63,63,0,2026-05-27 02:04:39.860,2,2,0,2026-05-27 02:14:10.000,636,636,0,2026-05-27 02:07:59.417,65,65,0,2026-05-27 02:07:59.417,200,107,93,2026-05-27 02:13:36.377,337,336,1,2026-05-27 02:11:11.497,2026-05-27 02:57:56.217,0,NULL,2026-05-27 02:57:56.427,3262,3262,0,UNDEFINED
26-041592,2026-05-27 02:08:43.000,22,WED,27,2,D,NIGHT,LATE,POLICE,DISORDERLY CONDUCT,2,E-911,"MARTINEZ, ESTHER","LEWIS, LESLIE",2026-05-27 02:08:43.000,2026-05-27 02:12:16.000,2026-05-27 02:09:33.000,50,50,0,2026-05-27 02:12:55.497,202,202,0,2026-05-27 02:11:44.000,181,181,0,2026-05-27 02:13:17.420,252,252,0,2026-05-27 02:13:17.420,22,21,1,2026-05-27 02:18:33.940,316,316,0,2026-05-27 02:13:46.447,2026-05-27 02:25:29.000,0,NULL,NULL,1006,1006,0,CN-Cancellation
26-041593,2026-05-27 02:23:58.000,22,WED,27,2,D,NIGHT,LATE,POLICE,TRAFFIC STOP,2,OFFICER,"SUN, JEFF Y",NULL,2026-05-27 02:23:58.000,2026-05-27 02:24:14.000,2026-05-27 02:23:58.000,0,1,-1,2026-05-27 02:23:58.000,0,0,0,2026-05-27 02:23:58.000,0,NULL,0,2026-05-27 02:23:58.000,0,0,0,2026-05-27 02:23:58.000,0,0,0,2026-05-27 02:23:58.000,0,0,0,2026-05-27 02:30:55.783,2026-05-27 02:30:55.783,0,NULL,2026-05-27 02:30:55.860,417,417,0,NR-No Report
26-041595,2026-05-27 02:54:55.000,22,WED,27,2,D,NIGHT,LATE,POLICE,DOMESTIC VIOL MINOR INJ,2,E-911,"WATSON, JOANNE",NULL,2026-05-27 02:54:54.000,2026-05-27 02:58:21.000,2026-05-27 02:58:12.000,198,197,1,2026-05-27 02:58:30.590,18,18,0,2026-05-27 03:01:14.000,380,379,1,2026-05-27 02:58:42.650,216,216,0,2026-05-27 02:58:42.650,12,12,0,2026-05-27 03:00:48.523,126,125,1,2026-05-27 03:00:03.537,2026-05-27 06:50:59.323,0,NULL,2026-05-27 06:50:59.400,14165,14165,0,RE-Report
26-012860,2026-05-27 02:56:11.000,22,WED,27,2,D,NIGHT,LATE,EMS,ALTERED LOC ALS 1,1,E-911,"HARDING, AUTUMN","MESARIS, MATTHEW",2026-05-27 02:56:11.000,2026-05-27 03:00:32.000,2026-05-27 02:58:48.000,157,157,0,2026-05-27 02:58:51.023,3,3,0,2026-05-27 03:10:49.000,878,878,0,2026-05-27 03:00:39.950,160,160,0,2026-05-27 03:00:39.950,108,108,0,2026-05-27 03:10:44.520,605,604,1,2026-05-27 03:05:09.197,2026-05-27 03:58:06.037,0,NULL,2026-05-27 03:58:06.123,3715,3715,0,UNDEFINED
26-041596,2026-05-27 02:57:10.000,22,WED,27,2,D,NIGHT,LATE,POLICE,ASSIST CITIZEN PROMPT,2,Phone,"MARTINEZ, ESTHER","MCLEOD, DOUGLAS",2026-05-27 02:57:08.000,2026-05-27 03:01:24.000,2026-05-27 02:58:16.000,68,66,2,2026-05-27 03:01:57.537,221,221,0,2026-05-27 03:03:06.000,358,356,2,2026-05-27 03:02:05.103,289,289,0,2026-05-27 03:02:05.103,8,7,1,2026-05-27 03:08:06.023,361,360,1,2026-05-27 03:38:48.900,2026-05-27 03:38:51.880,0,NULL,2026-05-27 03:38:51.900,2503,2503,0,NR-No Report
26-041598,2026-05-27 03:10:22.000,22,WED,27,3,D,NIGHT,LATE,POLICE,ALARM COMMERCIAL,2,Phone,"WATSON, JOANNE","MCLEOD, DOUGLAS",2026-05-27 03:10:21.000,2026-05-27 03:12:52.000,2026-05-27 03:12:02.000,101,100,1,2026-05-27 03:17:28.043,326,326,0,2026-05-27 03:12:15.000,114,113,1,2026-05-27 03:17:31.357,427,427,0,2026-05-27 03:17:31.357,3,3,0,2026-05-27 03:18:26.613,55,55,0,2026-05-27 03:34:49.170,2026-05-27 03:34:53.360,0,NULL,2026-05-27 03:34:53.397,1472,1472,0,NR-No Report
26-012861,2026-05-27 03:17:06.000,22,WED,27,3,D,NIGHT,LATE,EMS,BLS EMERGENCY,3,E-911,"WATSON, JOANNE",Automatic Dispatch,2026-05-27 03:17:06.000,2026-05-27 03:18:17.000,2026-05-27 03:17:52.000,46,46,0,2026-05-27 03:17:54.757,2,2,0,2026-05-27 03:18:08.000,62,62,0,2026-05-27 03:20:31.983,48,48,0,2026-05-27 03:20:31.983,157,157,0,2026-05-27 03:24:24.997,233,233,0,2026-05-27 04:13:37.143,2026-05-27 04:13:37.143,0,NULL,2026-05-27 04:13:37.270,3391,3391,0,UNDEFINED
26-041599,2026-05-27 03:28:13.000,22,WED,27,3,D,NIGHT,LATE,POLICE,WARRANT SERVICE,2,Radio,"HARDING, AUTUMN","LEWIS, LESLIE",2026-05-27 03:28:11.000,2026-05-27 03:28:57.000,2026-05-27 03:28:23.000,12,10,2,2026-05-27 03:28:31.817,8,8,0,2026-05-27 03:28:44.000,33,31,2,2026-05-27 03:28:36.837,20,20,0,2026-05-27 03:28:36.837,5,5,0,2026-05-27 03:28:36.837,0,0,0,2026-05-27 06:15:29.057,2026-05-27 13:41:04.000,0,NULL,NULL,36773,36773,0,RE-Report
26-012862,2026-05-27 03:51:54.000,22,WED,27,3,D,NIGHT,LATE,EMS,CHEST PAIN ALS 1,1,E-911,"MARTINEZ, ESTHER",Automatic Dispatch,2026-05-27 03:51:54.000,2026-05-27 03:53:58.000,2026-05-27 03:53:34.000,100,100,0,2026-05-27 03:53:37.577,3,3,0,2026-05-27 03:56:43.000,289,289,0,2026-05-27 03:55:17.190,103,103,0,2026-05-27 03:55:17.190,100,99,1,2026-05-27 04:00:01.547,284,284,0,2026-05-27 04:10:51.850,2026-05-27 04:42:31.307,0,NULL,2026-05-27 04:42:31.393,3037,3037,0,UNDEFINED
26-041601,2026-05-27 03:53:48.253,22,WED,27,3,D,NIGHT,LATE,POLICE,ASSIST FIRE - PROMPT,3,NOT CAPTURED,"MARTINEZ, ESTHER","LEWIS, LESLIE",2026-05-27 03:53:48.253,2026-05-27 03:56:43.000,2026-05-27 03:53:48.253,0,0,0,2026-05-27 03:57:16.290,208,208,0,2026-05-27 03:53:48.253,0,NULL,0,2026-05-27 03:57:23.613,208,208,0,2026-05-27 03:57:23.613,7,7,0,2026-05-27 04:02:28.047,305,304,1,2026-05-27 03:58:13.797,2026-05-27 04:14:14.047,0,NULL,2026-05-27 04:14:14.263,1226,1225,1,NR-No Report
26-041602,2026-05-27 04:01:37.000,22,WED,27,4,D,NIGHT,LATE,POLICE,DISORDERLY CONDUCT,2,Phone,"MARTINEZ, ESTHER","LEWIS, LESLIE",2026-05-27 04:01:35.000,2026-05-27 04:02:44.000,2026-05-27 04:02:17.000,42,40,2,2026-05-27 04:04:51.857,154,154,0,2026-05-27 04:03:42.000,127,125,2,2026-05-27 04:05:00.563,196,196,0,2026-05-27 04:05:00.563,9,3,6,2026-05-27 04:06:37.763,97,97,0,2026-05-27 04:06:30.603,2026-05-27 04:10:28.127,0,NULL,2026-05-27 04:10:28.193,533,533,0,NR-No Report
26-041603,2026-05-27 04:26:52.000,22,WED,27,4,D,NIGHT,LATE,POLICE,ASSIST FIRE - IMMEDIATE,2,Phone,"LEWIS, LESLIE","LEWIS, LESLIE",2026-05-27 04:26:50.000,2026-05-27 04:27:11.000,2026-05-27 04:27:05.000,15,13,2,2026-05-27 04:42:05.607,900,900,0,2026-05-27 04:27:06.000,16,14,2,2026-05-27 04:42:23.530,915,915,0,2026-05-27 04:42:23.530,18,17,1,2026-05-27 04:58:11.063,948,947,1,2026-05-27 07:04:56.170,2026-05-27 07:04:56.170,0,NULL,2026-05-27 07:04:56.240,9486,9486,0,NR-No Report
26-041604,2026-05-27 05:37:14.000,22,WED,27,5,D,NIGHT,LATE,POLICE,PARKING COMPLAINT,4,Phone,"MARTINEZ, ESTHER",NULL,2026-05-27 05:37:13.000,2026-05-27 05:57:07.000,2026-05-27 05:37:47.000,34,33,1,2026-05-27 06:27:52.820,3005,3005,0,2026-05-27 05:44:00.000,407,406,1,2026-05-27 06:27:52.820,3039,3039,0,2026-05-27 06:27:52.820,0,-9999,9999,2026-05-27 06:37:34.540,582,581,1,2026-05-27 06:39:33.130,2026-05-27 06:39:33.130,0,NULL,2026-05-27 06:39:33.177,3740,3740,0,NR-No Report
26-041605,2026-05-27 05:45:38.000,22,WED,27,5,D,NIGHT,LATE,POLICE,SUSPICIOUS EVENT,2,E-911,"MESARIS, MATTHEW","LEWIS, LESLIE",2026-05-27 05:45:37.000,2026-05-27 05:48:44.000,2026-05-27 05:47:51.000,134,133,1,2026-05-27 05:50:05.367,134,134,0,2026-05-27 05:47:54.000,137,136,1,2026-05-27 05:50:12.633,268,268,0,2026-05-27 05:50:12.633,7,7,0,2026-05-27 05:55:17.407,305,304,1,2026-05-27 06:18:52.640,2026-05-27 07:11:28.737,0,NULL,2026-05-27 07:11:28.767,5151,5151,0,NR-No Report
26-012863,2026-05-27 06:08:59.000,22,WED,27,6,B,DAY,EARLY,EMS,CHEST PAIN ALS 1,1,E-911,"FOSTER, KANESHA",Automatic Dispatch,2026-05-27 06:08:59.000,2026-05-27 06:10:08.000,2026-05-27 06:09:48.000,49,49,0,2026-05-27 06:09:51.540,3,3,0,2026-05-27 06:24:30.000,931,931,0,2026-05-27 06:09:58.393,52,52,0,2026-05-27 06:09:58.393,7,6,1,2026-05-27 06:20:27.147,629,628,1,2026-05-27 06:41:44.573,2026-05-27 07:41:34.430,0,NULL,2026-05-27 07:41:34.703,5555,5555,0,UNDEFINED
26-012864,2026-05-27 06:10:25.000,22,WED,27,6,B,DAY,EARLY,FIRE,FIRE ALARM,3,Phone,"PATTERSON, JAHAIRA",Automatic Dispatch,2026-05-27 06:10:25.000,2026-05-27 06:12:38.000,2026-05-27 06:10:40.000,15,15,0,2026-05-27 06:10:42.440,2,2,0,2026-05-27 06:11:28.000,63,63,0,2026-05-27 06:11:53.507,17,17,0,2026-05-27 06:11:53.507,71,71,0,2026-05-27 06:15:34.117,221,220,1,2026-05-27 07:01:26.893,2026-05-27 07:01:26.893,0,NULL,2026-05-27 07:01:27.040,3061,3061,0,UNDEFINED
26-041607,2026-05-27 06:13:54.000,22,WED,27,6,B,DAY,EARLY,POLICE,NOISE COMPLAINT IN PROG,4,E-911,"GARCIA, VILMA","FLOURNOY, ERICKA",2026-05-27 06:13:54.000,2026-05-27 06:30:26.000,2026-05-27 06:15:00.000,66,66,0,2026-05-27 07:21:11.173,3971,3971,0,2026-05-27 06:17:04.000,190,190,0,2026-05-27 07:21:22.243,4037,4037,0,2026-05-27 07:21:22.243,11,11,0,2026-05-27 07:27:57.893,395,395,0,2026-05-27 08:32:03.370,2026-05-27 08:34:38.360,0,NULL,2026-05-27 08:34:38.467,8444,8444,0,NR-No Report
26-012865,2026-05-27 06:39:31.000,22,WED,27,6,B,DAY,EARLY,FIRE,FIRE ALARM,3,Phone,"PEREZ, CARLOS",Automatic Dispatch,2026-05-27 06:39:29.000,2026-05-27 06:40:55.000,2026-05-27 06:40:38.000,69,67,2,2026-05-27 06:40:40.400,2,2,0,2026-05-27 06:40:59.000,90,88,2,2026-05-27 06:41:25.093,71,71,0,2026-05-27 06:41:25.093,45,44,1,2026-05-27 06:46:23.463,298,298,0,2026-05-27 06:57:39.943,2026-05-27 06:57:39.943,0,NULL,2026-05-27 06:57:40.043,1090,1090,0,UNDEFINED
26-041611,2026-05-27 06:42:41.000,22,WED,27,6,B,DAY,EARLY,POLICE,LARCENY OTHER DELAY,4,Phone,"PEREZ, CARLOS","FLOURNOY, ERICKA",2026-05-27 06:42:39.000,2026-05-27 06:59:58.000,2026-05-27 06:46:13.000,214,212,2,2026-05-27 07:01:23.063,910,910,0,2026-05-27 06:46:16.000,217,215,2,2026-05-27 07:01:33.603,1124,1124,0,2026-05-27 07:01:33.603,10,10,0,2026-05-27 07:06:46.390,313,312,1,2026-05-27 07:09:35.427,2026-05-27 10:36:49.363,0,NULL,2026-05-27 10:36:49.463,14050,14050,0,RE-Report
26-041612,2026-05-27 06:50:25.000,22,WED,27,6,B,DAY,EARLY,POLICE,TRAFFIC STOP,2,OFFICER,"STERLING, DAVON",NULL,2026-05-27 06:50:25.000,2026-05-27 06:51:39.000,2026-05-27 06:50:25.000,0,1,-1,2026-05-27 06:50:25.000,0,0,0,2026-05-27 06:50:25.000,0,NULL,0,2026-05-27 06:50:25.000,0,0,0,2026-05-27 06:50:25.000,0,0,0,2026-05-27 06:50:25.000,0,0,0,2026-05-27 06:55:00.210,2026-05-27 06:55:00.210,0,NULL,2026-05-27 06:55:00.493,275,275,0,NR-No Report
26-041613,2026-05-27 06:52:47.000,22,WED,27,6,B,DAY,EARLY,POLICE,TROUBLE UNKNOWN NO EMS,2,E-911,"GARCIA, VILMA","FLOURNOY, ERICKA",2026-05-27 06:52:46.000,2026-05-27 06:56:15.000,2026-05-27 06:54:26.000,100,99,1,2026-05-27 06:57:12.563,166,166,0,2026-05-27 06:57:36.000,290,289,1,2026-05-27 06:57:18.087,266,266,0,2026-05-27 06:57:18.087,6,5,1,2026-05-27 07:05:14.070,476,475,1,2026-05-27 07:07:28.777,2026-05-27 07:07:28.777,0,NULL,2026-05-27 07:07:28.877,882,882,0,NR-No Report
26-012866,2026-05-27 06:54:05.000,22,WED,27,6,B,DAY,EARLY,EMS,ALTERED LOC ALS 1,1,E-911,"PEREZ, CARLOS",Automatic Dispatch,2026-05-27 06:54:05.000,2026-05-27 06:55:06.000,2026-05-27 06:54:57.000,52,52,0,2026-05-27 06:55:00.107,3,3,0,2026-05-27 06:56:56.000,171,171,0,2026-05-27 06:55:48.140,55,55,0,2026-05-27 06:55:48.140,48,48,0,NULL,NULL,-9999,NULL,2026-05-27 06:57:03.083,2026-05-27 06:57:05.703,0,NULL,2026-05-27 06:57:06.700,180,180,0,UNDEFINED
26-041614,2026-05-27 07:11:01.000,22,WED,27,7,B,DAY,EARLY,POLICE,PARKING COMPLAINT,4,Phone,"PATTERSON, JAHAIRA",NULL,2026-05-27 07:10:59.000,NULL,2026-05-27 07:11:40.000,41,39,2,2026-05-27 08:43:25.620,5505,5505,0,2026-05-27 07:12:14.000,75,73,2,2026-05-27 08:43:25.620,5546,5546,0,2026-05-27 08:43:25.620,0,-9999,9999,2026-05-27 08:48:31.383,306,305,1,2026-05-27 08:52:12.980,2026-05-27 08:52:12.980,0,NULL,2026-05-27 08:52:13.057,6073,6073,0,NR-No Report
26-012867,2026-05-27 07:12:43.000,22,WED,27,7,B,DAY,EARLY,EMS,TROUBLE BREATHING ALS 1,1,E-911,"FOSTER, KANESHA",Automatic Dispatch,2026-05-27 07:12:43.000,2026-05-27 07:13:58.000,2026-05-27 07:13:49.000,66,66,0,2026-05-27 07:13:52.343,3,3,0,2026-05-27 07:18:45.000,362,362,0,2026-05-27 07:15:24.313,69,69,0,2026-05-27 07:15:24.313,92,91,1,2026-05-27 07:19:00.967,216,216,0,2026-05-27 07:31:52.743,2026-05-27 08:12:24.303,0,NULL,2026-05-27 08:12:24.450,3581,3581,0,UNDEFINED
26-041617,2026-05-27 07:20:14.000,22,WED,27,7,B,DAY,EARLY,POLICE,LARCENY FROM AUTO DELAY,4,Phone,"GARCIA, VILMA","FOSTER, KANESHA",2026-05-27 07:20:12.000,2026-05-27 07:21:46.000,2026-05-27 07:21:31.000,79,77,2,2026-05-27 08:28:10.633,3999,3999,0,2026-05-27 07:24:23.000,251,249,2,2026-05-27 08:28:14.507,4078,4078,0,2026-05-27 08:28:14.507,4,3,1,NULL,NULL,-9999,NULL,2026-05-27 10:26:22.570,2026-05-27 10:26:22.570,0,NULL,2026-05-27 10:26:22.663,11170,11170,0,RE-Report
26-012868,2026-05-27 07:25:22.000,22,WED,27,7,B,DAY,EARLY,FIRE,RESIDENTIAL BUILDING FIRE,1,E-911,"FOSTER, KANESHA",Automatic Dispatch,2026-05-27 07:25:22.000,2026-05-27 07:26:24.000,2026-05-27 07:26:17.000,55,55,0,2026-05-27 07:26:19.983,2,2,0,2026-05-27 07:35:10.000,588,588,0,2026-05-27 07:26:39.337,57,57,0,2026-05-27 07:26:39.337,20,19,1,2026-05-27 07:29:01.647,142,142,0,2026-05-27 07:27:56.030,2026-05-27 07:55:18.577,0,NULL,2026-05-27 07:55:18.657,1796,1796,0,UNDEFINED
26-041619,2026-05-27 07:26:17.000,22,WED,27,7,B,DAY,EARLY,POLICE,TRAFFIC DIRECTION-FIRE,3,NOT CAPTURED,"FOSTER, KANESHA","FLOURNOY, ERICKA",2026-05-27 07:26:17.000,2026-05-27 07:27:17.000,2026-05-27 07:26:17.000,0,NULL,0,2026-05-27 07:31:17.220,300,300,0,2026-05-27 07:26:17.000,0,0,0,2026-05-27 07:31:19.823,300,300,0,2026-05-27 07:31:19.823,2,2,0,2026-05-27 07:42:53.297,694,693,1,2026-05-27 07:52:18.267,2026-05-27 07:52:18.267,0,NULL,2026-05-27 07:52:18.310,1561,1561,0,NR-No Report
26-012869,2026-05-27 07:38:21.060,22,WED,27,7,B,DAY,EARLY,EMS,MUTUAL BLS,1,C2C,CAD to CAD Service 1,CAD to CAD Service 1,2026-05-27 07:37:59.000,NULL,2026-05-27 07:38:21.450,22,0,22,2026-05-27 07:38:21.547,0,0,0,NULL,NULL,NULL,NULL,2026-05-27 07:39:00.227,22,-9999,10021,2026-05-27 07:39:00.227,39,38,1,NULL,NULL,-9999,NULL,2026-05-27 07:48:37.963,2026-05-27 07:48:42.180,0,NULL,2026-05-27 07:48:42.320,643,643,0,UNDEFINED
26-041621,2026-05-27 07:41:56.000,22,WED,27,7,B,DAY,EARLY,POLICE,PARKING COMPLAINT,3,Phone,"PATTERSON, JAHAIRA",NULL,2026-05-27 07:41:54.000,2026-05-27 08:08:40.000,2026-05-27 07:43:32.000,98,96,2,2026-05-27 07:44:17.453,45,45,0,2026-05-27 07:50:34.000,520,518,2,2026-05-27 07:44:17.453,143,143,0,2026-05-27 07:44:17.453,0,0,0,2026-05-27 08:05:16.803,1259,1259,0,2026-05-27 08:33:28.717,2026-05-27 08:33:28.717,0,NULL,2026-05-27 08:33:29.047,3094,3094,0,NR-No Report
26-041622,2026-05-27 07:48:18.000,22,WED,27,7,B,DAY,EARLY,POLICE,OFF DUTY DETAIL,8,OFFICER,"VILLANUEVA, RODNEY M",NULL,2026-05-27 07:48:18.000,NULL,2026-05-27 07:48:18.000,0,1,-1,2026-05-27 07:48:18.000,0,0,0,2026-05-27 07:48:18.000,0,NULL,0,2026-05-27 07:48:18.000,0,0,0,2026-05-27 07:48:18.000,0,0,0,2026-05-27 07:48:18.000,0,0,0,2026-05-27 09:15:23.107,2026-05-27 09:15:23.107,0,NULL,2026-05-27 09:15:23.213,5225,5225,0,NR-No Report
26-041623,2026-05-27 07:50:22.000,22,WED,27,7,B,DAY,EARLY,POLICE,TRAFFIC STOP,2,OFFICER,"LEACH, JOSHUA C",NULL,2026-05-27 07:50:22.000,NULL,2026-05-27 07:50:22.000,0,0,0,2026-05-27 07:50:22.000,0,0,0,2026-05-27 07:50:22.000,0,NULL,0,2026-05-27 07:50:22.000,0,0,0,2026-05-27 07:50:22.000,0,0,0,2026-05-27 07:50:22.000,0,0,0,2026-05-27 07:56:03.753,2026-05-27 07:56:03.753,0,NULL,2026-05-27 07:56:03.807,341,341,0,CI-Citation
26-041624,2026-05-27 07:51:06.000,22,WED,27,7,B,DAY,EARLY,POLICE,PARKING COMPLAINT,4,Phone,"PATTERSON, JAHAIRA",NULL,2026-05-27 07:51:05.000,2026-05-27 08:02:37.000,2026-05-27 07:51:23.000,18,17,1,2026-05-27 08:00:01.710,518,518,0,2026-05-27 07:52:00.000,55,54,1,2026-05-27 08:00:01.710,536,536,0,2026-05-27 08:00:01.710,0,-9999,9999,2026-05-27 08:09:02.373,541,540,1,2026-05-27 09:47:55.487,2026-05-27 09:55:13.800,0,NULL,2026-05-27 09:55:14.653,7448,7448,0,CI-Citation
26-041625,2026-05-27 08:04:04.000,22,WED,27,8,B,DAY,EARLY,POLICE,TRAFFIC STOP,2,OFFICER,"LEACH, JOSHUA C",NULL,2026-05-27 08:04:04.000,NULL,2026-05-27 08:04:04.000,0,0,0,2026-05-27 08:04:04.000,0,0,0,2026-05-27 08:04:04.000,0,NULL,0,2026-05-27 08:04:04.000,0,0,0,2026-05-27 08:04:04.000,0,0,0,2026-05-27 08:04:04.000,0,0,0,2026-05-27 08:11:39.117,2026-05-27 08:11:39.117,0,NULL,2026-05-27 08:11:39.243,455,455,0,CI-Citation
26-041626,2026-05-27 08:06:51.000,22,WED,27,8,B,DAY,EARLY,POLICE,TRAFFIC STOP,2,OFFICER,"KIM, DANIEL H",NULL,2026-05-27 08:06:51.000,NULL,2026-05-27 08:06:51.000,0,1,-1,2026-05-27 08:06:51.000,0,0,0,2026-05-27 08:06:51.000,0,NULL,0,2026-05-27 08:06:51.000,0,0,0,2026-05-27 08:06:51.000,0,0,0,2026-05-27 08:06:51.000,0,0,0,2026-05-27 08:12:05.957,2026-05-27 08:12:05.957,0,NULL,2026-05-27 08:12:06.027,314,314,0,CI-Citation
26-041627,2026-05-27 08:08:39.000,22,WED,27,8,B,DAY,EARLY,POLICE,PARKING COMPLAINT,4,Phone,"PATTERSON, JAHAIRA",NULL,2026-05-27 08:08:37.000,NULL,2026-05-27 08:09:04.000,27,25,2,2026-05-27 08:11:46.063,162,162,0,2026-05-27 08:09:23.000,46,44,2,2026-05-27 08:11:46.063,189,189,0,2026-05-27 08:11:46.063,0,0,0,2026-05-27 08:32:35.123,1249,1249,0,2026-05-27 08:34:03.460,2026-05-27 08:35:38.527,0,NULL,2026-05-27 08:35:38.553,1621,1621,0,CI-Citation
26-041628,2026-05-27 08:12:24.000,22,WED,27,8,B,DAY,EARLY,POLICE,TRAFFIC STOP,2,OFFICER,"KIM, DANIEL H",NULL,2026-05-27 08:12:24.000,NULL,2026-05-27 08:12:24.000,0,1,-1,2026-05-27 08:12:24.000,0,0,0,2026-05-27 08:12:24.000,0,NULL,0,2026-05-27 08:12:24.000,0,0,0,2026-05-27 08:12:24.000,0,0,0,2026-05-27 08:12:24.000,0,0,0,2026-05-27 08:26:58.067,2026-05-27 08:26:58.067,0,NULL,2026-05-27 08:26:58.117,874,874,0,CI-Citation
26-041633,2026-05-27 08:17:47.000,22,WED,27,8,B,DAY,EARLY,POLICE,MENTAL HEALTH CASE,2,Phone,"VALENTIN, EMERITA","FOSTER, KANESHA",2026-05-27 08:17:45.000,2026-05-27 08:23:36.000,2026-05-27 08:23:13.000,328,326,2,2026-05-27 08:25:50.873,157,157,0,2026-05-27 08:23:13.000,328,NULL,328,2026-05-27 08:26:25.287,485,485,0,2026-05-27 08:26:25.287,35,0,35,2026-05-27 08:34:06.953,461,461,0,2026-05-27 09:43:45.333,2026-05-27 09:45:39.090,0,NULL,2026-05-27 09:45:39.137,5274,5274,0,NR-No Report
26-041632,2026-05-27 08:21:09.000,22,WED,27,8,B,DAY,EARLY,POLICE,PARKING COMPLAINT,4,Phone,"PATTERSON, JAHAIRA",NULL,2026-05-27 08:21:07.000,NULL,2026-05-27 08:22:14.000,67,65,2,2026-05-27 08:33:34.767,680,680,0,2026-05-27 08:22:17.000,70,68,2,2026-05-27 08:33:34.767,747,747,0,2026-05-27 08:33:34.767,0,0,0,2026-05-27 08:49:27.290,953,952,1,2026-05-27 08:51:25.330,2026-05-27 08:51:25.330,0,NULL,2026-05-27 08:51:26.243,1818,1818,0,NR-No Report
26-041634,2026-05-27 08:24:40.000,22,WED,27,8,B,DAY,EARLY,POLICE,TRAFFIC STOP,2,OFFICER,"LEACH, JOSHUA C",NULL,2026-05-27 08:24:40.000,NULL,2026-05-27 08:24:40.000,0,1,-1,2026-05-27 08:24:40.000,0,0,0,2026-05-27 08:24:40.000,0,NULL,0,2026-05-27 08:24:40.000,0,0,0,2026-05-27 08:24:40.000,0,0,0,2026-05-27 08:24:40.000,0,0,0,2026-05-27 08:28:57.643,2026-05-27 08:28:57.643,0,NULL,2026-05-27 08:28:57.810,257,257,0,CI-Citation
26-012870,2026-05-27 08:32:06.000,22,WED,27,8,B,DAY,EARLY,EMS,TROUBLE BREATHING ALS 1,1,E-911,"GARCIA, VILMA","WALKER, JUANITA",2026-05-27 08:32:06.000,2026-05-27 08:33:15.000,2026-05-27 08:32:45.000,39,39,0,2026-05-27 08:32:47.623,2,2,0,2026-05-27 08:36:56.000,290,290,0,2026-05-27 08:33:46.480,41,41,0,2026-05-27 08:33:46.480,59,58,1,2026-05-27 08:37:28.133,222,221,1,2026-05-27 09:12:09.443,2026-05-27 09:44:24.547,0,NULL,2026-05-27 09:44:24.613,4338,4338,0,UNDEFINED
26-041637,2026-05-27 08:34:39.000,22,WED,27,8,B,DAY,EARLY,POLICE,FALSE PRETENSE/SWINDLE IN PROG,2,E-911,"FLOURNOY, ERICKA",NULL,2026-05-27 08:34:39.000,2026-05-27 08:38:17.000,2026-05-27 08:38:11.000,212,212,0,2026-05-27 08:38:24.723,13,13,0,2026-05-27 08:45:52.000,673,673,0,2026-05-27 08:38:34.607,225,225,0,2026-05-27 08:38:34.607,10,9,1,2026-05-27 08:46:32.563,478,477,1,2026-05-27 16:25:19.887,2026-05-27 16:25:19.887,0,NULL,2026-05-27 16:25:19.973,28240,28240,0,RE-Report
26-041638,2026-05-27 08:39:44.000,22,WED,27,8,B,DAY,EARLY,POLICE,TRAFFIC STOP,2,OFFICER,"KIM, DANIEL H",NULL,2026-05-27 08:39:44.000,NULL,2026-05-27 08:39:44.000,0,0,0,2026-05-27 08:39:44.000,0,0,0,2026-05-27 08:39:44.000,0,NULL,0,2026-05-27 08:39:44.000,0,0,0,2026-05-27 08:39:44.000,0,0,0,2026-05-27 08:39:44.000,0,0,0,2026-05-27 08:43:34.793,2026-05-27 08:43:34.793,0,NULL,2026-05-27 08:43:34.847,230,230,0,CI-Citation
26-041640,2026-05-27 08:45:43.000,22,WED,27,8,B,DAY,EARLY,POLICE,SHOPLIFTING IN PROG,2,Radio,"FOSTER, KANESHA",NULL,2026-05-27 08:45:43.000,2026-05-27 08:45:55.000,2026-05-27 08:45:43.000,0,0,0,2026-05-27 08:45:43.000,0,0,0,2026-05-27 08:45:43.000,0,0,0,2026-05-27 08:46:11.450,0,0,0,2026-05-27 08:45:43.000,0,0,0,2026-05-27 08:45:43.000,0,0,0,2026-05-27 08:46:57.753,2026-05-27 18:26:42.160,0,NULL,2026-05-27 18:26:42.223,34859,34859,0,RE-Report
26-041641,2026-05-27 08:48:20.000,22,WED,27,8,B,DAY,EARLY,POLICE,FLAG DOWN,2,OFFICER,"FOSTER, KANESHA","FOSTER, KANESHA",2026-05-27 08:48:20.000,NULL,2026-05-27 08:48:20.000,0,0,0,2026-05-27 08:48:20.000,0,0,0,2026-05-27 08:48:20.000,0,0,0,2026-05-27 08:48:49.607,0,0,0,2026-05-27 08:48:20.000,0,0,0,2026-05-27 08:48:20.000,0,0,0,2026-05-27 08:59:02.677,2026-05-27 08:59:46.310,0,NULL,2026-05-27 08:59:46.410,686,686,0,NR-No Report
26-041642,2026-05-27 08:54:52.000,22,WED,27,8,B,DAY,EARLY,POLICE,PARKING COMPLAINT,4,Phone,"MAIORIELLO, BERMARI",NULL,2026-05-27 08:54:50.000,2026-05-27 10:11:41.000,2026-05-27 08:55:21.000,31,29,2,2026-05-27 09:03:54.967,513,513,0,2026-05-27 08:55:43.000,53,51,2,2026-05-27 09:03:54.967,544,544,0,2026-05-27 09:03:54.967,0,0,0,2026-05-27 10:03:55.237,3601,3600,1,2026-05-27 10:50:13.193,2026-05-27 10:50:13.193,0,NULL,2026-05-27 10:50:13.750,6923,6923,0,NR-No Report
26-041644,2026-05-27 08:55:52.000,22,WED,27,8,B,DAY,EARLY,POLICE,PARKING COMPLAINT,4,Phone,"VALENTIN, EMERITA",NULL,2026-05-27 08:55:50.000,2026-05-27 10:08:30.000,2026-05-27 08:56:54.000,64,62,2,2026-05-27 10:27:11.913,5417,5417,0,2026-05-27 08:58:08.000,138,136,2,2026-05-27 10:27:11.913,5481,5481,0,2026-05-27 10:27:11.913,0,0,0,NULL,NULL,-9999,NULL,2026-05-27 10:29:16.993,2026-05-27 10:29:16.993,0,NULL,2026-05-27 10:29:17.053,5606,5606,0,CI-Citation
26-041643,2026-05-27 08:56:27.000,22,WED,27,8,B,DAY,EARLY,POLICE,PARKING COMPLAINT,4,Phone,"VALENTIN, EMERITA",NULL,2026-05-27 08:56:25.000,NULL,2026-05-27 08:56:45.000,20,18,2,2026-05-27 10:29:35.853,5570,5570,0,2026-05-27 08:58:12.000,107,105,2,2026-05-27 10:29:35.853,5590,5590,0,2026-05-27 10:29:35.853,0,0,0,NULL,NULL,-9999,NULL,2026-05-27 10:32:16.937,2026-05-27 10:32:16.937,0,NULL,2026-05-27 10:32:16.983,5751,5751,0,NR-No Report
26-041645,2026-05-27 08:56:59.000,22,WED,27,8,B,DAY,EARLY,POLICE,OFF DUTY DETAIL,8,OFFICER,"SUAREZ, ANGGELO J",NULL,2026-05-27 08:56:59.000,NULL,2026-05-27 08:56:59.000,0,0,0,2026-05-27 08:56:59.000,0,0,0,2026-05-27 08:56:59.000,0,NULL,0,2026-05-27 08:56:59.000,0,0,0,2026-05-27 08:56:59.000,0,0,0,2026-05-27 08:56:59.000,0,0,0,2026-05-27 17:19:41.523,2026-05-27 17:19:41.523,0,NULL,2026-05-27 17:19:41.637,30162,30162,0,NR-No Report
26-041646,2026-05-27 08:58:07.000,22,WED,27,8,B,DAY,EARLY,POLICE,OFF DUTY DETAIL,8,OFFICER,"SIMS, LADARICK H",NULL,2026-05-27 08:58:07.000,NULL,2026-05-27 08:58:07.000,0,1,-1,2026-05-27 08:58:07.000,0,0,0,2026-05-27 08:58:07.000,0,NULL,0,2026-05-27 08:58:07.000,0,0,0,2026-05-27 08:58:07.000,0,0,0,2026-05-27 08:58:07.000,0,0,0,2026-05-27 09:48:14.107,2026-05-27 09:48:14.107,0,NULL,2026-05-27 09:48:14.137,3007,3007,0,NR-No Report
26-041647,2026-05-27 08:59:42.000,22,WED,27,8,B,DAY,EARLY,POLICE,OFF DUTY DETAIL,8,Phone,"PATTERSON, JAHAIRA","PATTERSON, JAHAIRA",2026-05-27 08:59:40.000,NULL,2026-05-27 08:59:55.000,15,13,2,2026-05-27 09:01:08.777,73,73,0,2026-05-27 09:05:08.000,328,326,2,2026-05-27 09:01:08.880,88,88,0,2026-05-27 09:01:08.880,0,0,0,2026-05-27 09:01:08.937,0,0,0,2026-05-27 18:36:11.723,2026-05-27 18:36:11.723,0,NULL,2026-05-27 18:36:11.783,34591,34591,0,NR-No Report
26-012871,2026-05-27 09:00:53.297,22,WED,27,9,B,DAY,EARLY,EMS,INJURED PERSON BLS,3,Phone,"FOSTER, KANESHA",Automatic Dispatch,2026-05-27 09:00:53.297,2026-05-27 09:01:01.000,2026-05-27 09:00:53.297,0,1,-1,2026-05-27 09:00:55.810,2,2,0,2026-05-27 09:00:53.297,0,NULL,0,2026-05-27 09:02:17.720,2,2,0,2026-05-27 09:02:17.720,82,81,1,2026-05-27 09:08:09.587,352,351,1,2026-05-27 09:15:57.480,2026-05-27 09:15:57.480,0,NULL,2026-05-27 09:15:57.657,904,904,0,UNDEFINED
26-041648,2026-05-27 09:03:43.000,22,WED,27,9,B,DAY,EARLY,POLICE,TRAFFIC STOP,2,OFFICER,"LEACH, JOSHUA C",NULL,2026-05-27 09:03:43.000,2026-05-27 09:03:50.000,2026-05-27 09:03:43.000,0,1,-1,2026-05-27 09:03:43.000,0,0,0,2026-05-27 09:03:43.000,0,NULL,0,2026-05-27 09:03:43.000,0,0,0,2026-05-27 09:03:43.000,0,0,0,2026-05-27 09:03:43.000,0,0,0,2026-05-27 09:09:15.493,2026-05-27 09:09:15.493,0,NULL,2026-05-27 09:09:15.527,332,332,0,CI-Citation
26-041649,2026-05-27 09:04:21.000,22,WED,27,9,B,DAY,EARLY,POLICE,TRESPASSING IN PROG,2,Phone,"MAIORIELLO, BERMARI","FOSTER, KANESHA",2026-05-27 09:04:21.000,2026-05-27 09:05:18.000,2026-05-27 09:05:05.000,44,44,0,2026-05-27 09:05:34.677,29,29,0,2026-05-27 09:07:22.000,181,181,0,2026-05-27 09:06:12.283,73,73,0,2026-05-27 09:06:12.283,38,32,6,2026-05-27 09:20:46.647,874,874,0,2026-05-27 10:00:33.790,2026-05-27 10:02:23.400,0,NULL,2026-05-27 10:02:23.487,3482,3482,0,NR-No Report
26-041652,2026-05-27 09:12:30.000,22,WED,27,9,B,DAY,EARLY,POLICE,PARKING COMPLAINT,4,Phone,"MAIORIELLO, BERMARI",NULL,2026-05-27 09:12:29.000,NULL,2026-05-27 09:13:03.000,34,33,1,2026-05-27 09:25:48.233,765,765,0,2026-05-27 09:13:17.000,48,47,1,2026-05-27 09:25:48.233,799,799,0,2026-05-27 09:25:48.233,0,-9999,9999,2026-05-27 09:25:50.750,2,2,0,2026-05-27 10:02:03.117,2026-05-27 10:02:03.117,0,NULL,2026-05-27 10:02:04.113,2974,2974,0,CI-Citation
26-041653,2026-05-27 09:17:41.000,22,WED,27,9,B,DAY,EARLY,POLICE,PARKING COMPLAINT,4,Phone,"MAIORIELLO, BERMARI","FOSTER, KANESHA",2026-05-27 09:17:40.000,NULL,2026-05-27 09:18:14.000,34,33,1,2026-05-27 09:58:10.140,2396,2396,0,2026-05-27 09:19:03.000,83,82,1,2026-05-27 09:58:10.187,2430,2430,0,2026-05-27 09:58:10.187,0,0,0,2026-05-27 10:19:38.357,1288,1288,0,2026-05-27 10:37:27.987,2026-05-27 10:37:27.987,0,NULL,2026-05-27 10:37:28.540,4787,4787,0,NR-No Report
26-041654,2026-05-27 09:18:22.000,22,WED,27,9,B,DAY,EARLY,POLICE,TRAFFIC STOP,2,OFFICER,"KIM, DANIEL H",NULL,2026-05-27 09:18:22.000,NULL,2026-05-27 09:18:22.000,0,1,-1,2026-05-27 09:18:22.000,0,0,0,2026-05-27 09:18:22.000,0,NULL,0,2026-05-27 09:18:22.000,0,0,0,2026-05-27 09:18:22.000,0,0,0,2026-05-27 09:18:22.000,0,0,0,2026-05-27 09:23:59.663,2026-05-27 09:23:59.663,0,NULL,2026-05-27 09:23:59.803,337,337,0,CI-Citation
26-041655,2026-05-27 09:26:19.000,22,WED,27,9,B,DAY,EARLY,POLICE,TRAFFIC STOP,2,OFFICER,"HAMED, HOSSAM R",NULL,2026-05-27 09:26:19.000,NULL,2026-05-27 09:26:19.000,0,1,-1,2026-05-27 09:26:19.000,0,0,0,2026-05-27 09:26:19.000,0,NULL,0,2026-05-27 09:26:19.000,0,0,0,2026-05-27 09:26:19.000,0,0,0,2026-05-27 09:26:19.000,0,0,0,2026-05-27 09:31:26.707,2026-05-27 09:31:26.707,0,NULL,2026-05-27 09:31:26.783,307,307,0,NR-No Report
26-041657,2026-05-27 09:27:30.000,22,WED,27,9,B,DAY,EARLY,POLICE,CREDIT CARD FRAUD DELAY,4,Phone,"FOSTER, KANESHA",NULL,2026-05-27 09:27:29.000,NULL,2026-05-27 09:27:45.000,16,15,1,2026-05-27 10:26:26.370,3521,3521,0,2026-05-27 09:28:10.000,41,40,1,2026-05-27 10:26:26.370,3537,3537,0,2026-05-27 10:26:26.370,0,0,0,2026-05-27 10:26:28.687,2,2,0,2026-05-27 11:20:16.490,2026-05-27 11:20:16.490,0,NULL,2026-05-27 11:20:16.560,6767,6767,0,RE-Report
26-041658,2026-05-27 09:30:06.000,22,WED,27,9,B,DAY,EARLY,POLICE,TRAFFIC STOP,2,OFFICER,"KIM, DANIEL H",NULL,2026-05-27 09:30:06.000,NULL,2026-05-27 09:30:06.000,0,1,-1,2026-05-27 09:30:06.000,0,0,0,2026-05-27 09:30:06.000,0,NULL,0,2026-05-27 09:30:06.000,0,0,0,2026-05-27 09:30:06.000,0,0,0,2026-05-27 09:30:06.000,0,0,0,2026-05-27 09:37:19.560,2026-05-27 09:37:19.560,0,NULL,2026-05-27 09:37:19.653,433,433,0,CI-Citation
26-012872,2026-05-27 09:50:26.000,22,WED,27,9,B,DAY,EARLY,FIRE,FIRE ALARM,3,E-911,"PEREZ, CARLOS",Automatic Dispatch,2026-05-27 09:50:26.000,2026-05-27 09:52:03.000,2026-05-27 09:51:54.000,88,88,0,2026-05-27 09:51:56.417,2,2,0,2026-05-27 09:53:02.000,156,156,0,2026-05-27 09:52:58.377,90,90,0,2026-05-27 09:52:58.377,62,61,1,2026-05-27 09:53:19.447,21,21,0,2026-05-27 10:17:12.677,2026-05-27 10:17:12.677,0,NULL,2026-05-27 10:17:12.917,1606,1606,0,UNDEFINED
26-041660,2026-05-27 09:50:45.000,22,WED,27,9,B,DAY,EARLY,POLICE,PARKING COMPLAINT,4,Phone,"PICKERAL, LAUREN",NULL,2026-05-27 09:50:43.000,NULL,2026-05-27 09:51:40.000,57,55,2,2026-05-27 09:58:57.627,437,437,0,2026-05-27 09:52:11.000,88,86,2,2026-05-27 09:58:57.627,494,494,0,2026-05-27 09:58:57.627,0,-9999,9999,2026-05-27 10:17:05.503,1088,1087,1,2026-05-27 10:44:05.560,2026-05-27 10:44:05.560,1,2026-05-28 08:11:37.210,2026-05-28 08:50:27.457,3202,82783,-79581,NR-No Report
26-041659,2026-05-27 09:51:17.000,22,WED,27,9,B,DAY,EARLY,POLICE,CIVIL PROCESS EVICTION,2,Radio,"FOSTER, KANESHA","FOSTER, KANESHA",2026-05-27 09:51:17.000,2026-05-27 09:51:21.000,2026-05-27 09:51:17.000,0,0,0,2026-05-27 09:51:17.000,0,0,0,2026-05-27 09:51:17.000,0,0,0,2026-05-27 09:51:34.007,0,0,0,2026-05-27 09:51:17.000,0,0,0,2026-05-27 09:51:17.000,0,0,0,2026-05-27 10:11:26.437,2026-05-27 10:13:13.660,0,NULL,2026-05-27 10:13:13.723,1316,1316,0,NR-No Report
26-041661,2026-05-27 09:52:59.000,22,WED,27,9,B,DAY,EARLY,POLICE,PARKING COMPLAINT,4,Phone,"VALENTIN, EMERITA",NULL,2026-05-27 09:52:56.000,NULL,2026-05-27 09:53:14.000,18,15,3,2026-05-27 10:03:25.730,611,611,0,2026-05-27 10:06:54.000,838,835,3,2026-05-27 10:03:25.730,629,629,0,2026-05-27 10:03:25.730,0,0,0,2026-05-27 10:32:45.233,1760,1759,1,2026-05-27 10:35:42.127,2026-05-27 10:35:42.127,0,NULL,2026-05-27 10:35:42.837,2566,2566,0,NR-No Report
26-041662,2026-05-27 09:56:51.000,22,WED,27,9,B,DAY,EARLY,POLICE,TRAFFIC STOP,2,OFFICER,"TRAPERO, HUMBERTO A",NULL,2026-05-27 09:56:51.000,2026-05-27 09:59:24.000,2026-05-27 09:56:51.000,0,2,-2,2026-05-27 09:56:51.000,0,0,0,2026-05-27 09:56:51.000,0,NULL,0,2026-05-27 09:56:51.000,0,0,0,2026-05-27 09:56:51.000,0,0,0,2026-05-27 09:56:51.000,0,0,0,2026-05-27 10:01:42.340,2026-05-27 10:01:42.340,0,NULL,2026-05-27 10:01:42.630,291,291,0,CI-Citation
26-041663,2026-05-27 09:58:40.000,22,WED,27,9,B,DAY,EARLY,POLICE,TRAFFIC STOP,2,OFFICER,"KIM, DANIEL H",NULL,2026-05-27 09:58:40.000,2026-05-27 09:59:46.000,2026-05-27 09:58:40.000,0,1,-1,2026-05-27 09:58:40.000,0,0,0,2026-05-27 09:58:40.000,0,NULL,0,2026-05-27 09:58:40.000,0,0,0,2026-05-27 09:58:40.000,0,0,0,2026-05-27 09:58:40.000,0,0,0,2026-05-27 10:09:13.607,2026-05-27 10:09:13.607,0,NULL,2026-05-27 10:09:13.650,633,633,0,CI-Citation
26-041664,2026-05-27 10:05:10.000,22,WED,27,10,B,DAY,MIDS,POLICE,TRAFFIC STOP,2,OFFICER,"TRAPERO, HUMBERTO A",NULL,2026-05-27 10:05:10.000,2026-05-27 10:05:24.000,2026-05-27 10:05:10.000,0,1,-1,2026-05-27 10:05:10.000,0,0,0,2026-05-27 10:05:10.000,0,NULL,0,2026-05-27 10:05:10.000,0,0,0,2026-05-27 10:05:10.000,0,0,0,2026-05-27 10:05:10.000,0,0,0,2026-05-27 10:11:42.767,2026-05-27 10:11:42.767,0,NULL,2026-05-27 10:11:42.803,392,392,0,CI-Citation
26-041665,2026-05-27 10:07:27.000,22,WED,27,10,B,DAY,MIDS,POLICE,LARCENY FROM AUTO DELAY,4,Phone,"VALENTIN, EMERITA",NULL,2026-05-27 10:07:25.000,2026-05-27 10:10:36.000,2026-05-27 10:08:14.000,49,47,2,2026-05-27 10:12:00.960,226,226,0,2026-05-27 10:28:02.000,1237,1235,2,2026-05-27 10:12:05.167,275,275,0,2026-05-27 10:12:05.167,5,4,1,2026-05-27 10:19:22.670,437,437,0,2026-05-27 16:54:13.357,2026-05-27 16:54:13.357,0,NULL,2026-05-27 16:54:13.403,24408,24408,0,RE-Report
26-012873,2026-05-27 10:10:57.000,22,WED,27,10,B,DAY,MIDS,FIRE,ELEVATOR,3,E-911,"GARCIA, VILMA",Automatic Dispatch,2026-05-27 10:10:57.000,2026-05-27 10:11:43.000,2026-05-27 10:11:33.000,36,36,0,2026-05-27 10:11:34.643,1,1,0,2026-05-27 10:12:23.000,86,86,0,2026-05-27 10:12:41.730,37,37,0,2026-05-27 10:12:41.730,67,67,0,2026-05-27 10:22:34.387,593,592,1,2026-05-27 10:28:35.657,2026-05-27 10:28:35.657,0,NULL,2026-05-27 10:28:35.763,1058,1058,0,UNDEFINED
26-041667,2026-05-27 10:12:18.000,22,WED,27,10,B,DAY,MIDS,POLICE,TRAFFIC STOP,2,OFFICER,"KIM, DANIEL H",NULL,2026-05-27 10:12:18.000,2026-05-27 10:12:44.000,2026-05-27 10:12:18.000,0,1,-1,2026-05-27 10:12:18.000,0,0,0,2026-05-27 10:12:18.000,0,NULL,0,2026-05-27 10:12:18.000,0,0,0,2026-05-27 10:12:18.000,0,0,0,2026-05-27 10:12:18.000,0,0,0,2026-05-27 10:22:55.750,2026-05-27 10:22:55.750,0,NULL,2026-05-27 10:22:55.997,637,637,0,CI-Citation
26-041668,2026-05-27 10:14:38.000,22,WED,27,10,B,DAY,MIDS,POLICE,TRAFFIC STOP,2,OFFICER,"TRAPERO, HUMBERTO A",NULL,2026-05-27 10:14:38.000,2026-05-27 10:15:08.000,2026-05-27 10:14:38.000,0,1,-1,2026-05-27 10:14:38.000,0,0,0,2026-05-27 10:14:38.000,0,NULL,0,2026-05-27 10:14:38.000,0,0,0,2026-05-27 10:14:38.000,0,0,0,2026-05-27 10:14:38.000,0,0,0,2026-05-27 10:18:45.887,2026-05-27 10:18:45.887,0,NULL,2026-05-27 10:18:45.903,247,247,0,CI-Citation
26-012874,2026-05-27 10:17:57.810,22,WED,27,10,B,DAY,MIDS,EMS,MUTUAL BLS,1,C2C,CAD to CAD Service 1,CAD to CAD Service 1,2026-05-27 10:17:29.000,2026-05-27 10:18:10.000,2026-05-27 10:17:58.187,29,0,29,2026-05-27 10:17:58.233,0,0,0,NULL,NULL,NULL,NULL,2026-05-27 10:19:20.397,29,-9999,10028,2026-05-27 10:19:20.397,82,82,0,2026-05-27 10:29:28.277,608,607,1,2026-05-27 11:14:05.730,2026-05-27 11:14:05.730,0,NULL,2026-05-27 11:14:05.903,3396,3396,0,UNDEFINED
26-041670,2026-05-27 10:20:20.000,22,WED,27,10,B,DAY,MIDS,POLICE,ASSIST CITIZEN DELAY,4,Phone,"MAIORIELLO, BERMARI",NULL,2026-05-27 10:20:17.000,2026-05-27 10:32:02.000,2026-05-27 10:23:45.000,208,205,3,2026-05-27 11:29:58.047,3973,3973,0,2026-05-27 10:24:19.000,242,239,3,2026-05-27 11:29:58.047,4181,4181,0,2026-05-27 11:29:58.047,0,-9999,9999,2026-05-27 11:30:26.017,28,27,1,2026-05-27 11:30:55.947,2026-05-27 11:30:55.947,0,NULL,2026-05-27 11:30:56.003,4238,4238,0,NR-No Report
26-041671,2026-05-27 10:27:50.000,22,WED,27,10,B,DAY,MIDS,POLICE,TRAFFIC STOP,2,OFFICER,"KIM, DANIEL H",NULL,2026-05-27 10:27:50.000,2026-05-27 10:36:32.000,2026-05-27 10:27:50.000,0,1,-1,2026-05-27 10:27:50.000,0,0,0,2026-05-27 10:27:50.000,0,NULL,0,2026-05-27 10:27:50.000,0,0,0,2026-05-27 10:27:50.000,0,0,0,2026-05-27 10:27:50.000,0,0,0,2026-05-27 10:36:45.990,2026-05-27 10:36:45.990,0,NULL,2026-05-27 10:36:46.057,535,535,0,CI-Citation
26-041672,2026-05-27 10:28:13.000,22,WED,27,10,B,DAY,MIDS,POLICE,HAZARD,2,Phone,"VALENTIN, EMERITA","FLOURNOY, ERICKA",2026-05-27 10:28:13.000,2026-05-27 10:36:35.000,2026-05-27 10:29:07.000,54,54,0,2026-05-27 10:37:11.810,484,484,0,2026-05-27 10:29:53.000,100,100,0,2026-05-27 10:37:28.647,538,538,0,2026-05-27 10:37:28.647,17,16,1,2026-05-27 10:44:30.423,422,421,1,2026-05-27 10:37:43.557,2026-05-27 10:49:27.953,0,NULL,2026-05-27 10:49:28.017,1274,1274,0,NR-No Report
26-041673,2026-05-27 10:28:35.000,22,WED,27,10,B,DAY,MIDS,POLICE,SUSPICIOUS EVENT,2,Phone,"MAIORIELLO, BERMARI","FLOURNOY, ERICKA",2026-05-27 10:28:33.000,2026-05-27 10:31:49.000,2026-05-27 10:29:33.000,60,58,2,2026-05-27 10:33:15.703,222,222,0,2026-05-27 10:32:55.000,262,260,2,2026-05-27 10:33:18.090,282,282,0,2026-05-27 10:33:18.090,3,2,1,2026-05-27 10:44:41.783,683,683,0,2026-05-27 10:51:36.723,2026-05-27 11:29:55.697,0,NULL,2026-05-27 11:29:55.797,3682,3682,0,NR-No Report
26-041674,2026-05-27 10:30:28.000,22,WED,27,10,B,DAY,MIDS,POLICE,TRAFFIC STOP,2,OFFICER,"TRAPERO, HUMBERTO A",NULL,2026-05-27 10:30:28.000,NULL,2026-05-27 10:30:28.000,0,2,-2,2026-05-27 10:30:28.000,0,0,0,2026-05-27 10:30:28.000,0,NULL,0,2026-05-27 10:30:28.000,0,0,0,2026-05-27 10:30:28.000,0,0,0,2026-05-27 10:30:28.000,0,0,0,2026-05-27 10:35:51.837,2026-05-27 10:35:51.837,0,NULL,2026-05-27 10:35:51.947,323,323,0,CI-Citation
26-041678,2026-05-27 10:30:37.000,22,WED,27,10,B,DAY,MIDS,POLICE,ASSIST CITIZEN DELAY,4,Phone,"VALENTIN, EMERITA","FLOURNOY, ERICKA",2026-05-27 10:30:35.000,2026-05-27 10:48:02.000,2026-05-27 10:39:24.000,529,527,2,2026-05-27 11:01:54.487,1350,1350,0,2026-05-27 10:54:24.000,1429,1427,2,2026-05-27 11:01:57.417,1879,1879,0,2026-05-27 11:01:57.417,3,2,1,NULL,NULL,-9999,NULL,2026-05-27 11:18:41.770,2026-05-27 11:18:41.770,0,NULL,2026-05-27 11:18:41.873,2886,2886,0,NR-No Report
26-012875,2026-05-27 10:33:21.000,22,WED,27,10,B,DAY,MIDS,EMS,TROUBLE BREATHING ALS 1,1,E-911,"GARCIA, VILMA","WALKER, JUANITA",2026-05-27 10:33:21.000,2026-05-27 10:34:44.000,2026-05-27 10:34:36.000,75,75,0,2026-05-27 10:34:39.053,3,3,0,2026-05-27 10:37:25.000,244,244,0,2026-05-27 10:35:58.913,78,78,0,2026-05-27 10:35:58.913,79,79,0,2026-05-27 10:40:30.830,272,271,1,2026-05-27 11:17:20.550,2026-05-27 12:05:54.583,0,NULL,2026-05-27 12:05:54.713,5553,5553,0,UNDEFINED
26-041675,2026-05-27 10:34:06.000,22,WED,27,10,B,DAY,MIDS,POLICE,TRAFFIC STOP,2,OFFICER,"LEACH, JOSHUA C",NULL,2026-05-27 10:34:06.000,2026-05-27 10:36:04.000,2026-05-27 10:34:06.000,0,1,-1,2026-05-27 10:34:06.000,0,0,0,2026-05-27 10:34:06.000,0,NULL,0,2026-05-27 10:34:06.000,0,0,0,2026-05-27 10:34:06.000,0,0,0,2026-05-27 10:34:06.000,0,0,0,2026-05-27 10:38:50.383,2026-05-27 10:38:50.383,0,NULL,2026-05-27 10:38:50.677,284,284,0,CI-Citation
26-012876,2026-05-27 10:37:30.000,22,WED,27,10,B,DAY,MIDS,EMS,TROUBLE BREATHING ALS 1,1,E-911,"PEREZ, CARLOS",Automatic Dispatch,2026-05-27 10:37:29.000,2026-05-27 10:39:30.000,2026-05-27 10:38:13.000,44,43,1,2026-05-27 10:38:15.447,2,2,0,2026-05-27 10:41:46.000,257,256,1,2026-05-27 10:39:52.800,46,46,0,2026-05-27 10:39:52.800,97,97,0,2026-05-27 10:57:30.490,1058,1057,1,2026-05-27 10:42:36.617,2026-05-27 11:26:56.660,0,NULL,2026-05-27 11:26:56.887,2967,2967,0,UNDEFINED
26-041680,2026-05-27 10:42:35.000,22,WED,27,10,B,DAY,MIDS,POLICE,TRAFFIC STOP,2,OFFICER,"TRAPERO, HUMBERTO A",NULL,2026-05-27 10:42:35.000,2026-05-27 10:44:05.000,2026-05-27 10:42:35.000,0,1,-1,2026-05-27 10:42:35.000,0,0,0,2026-05-27 10:42:35.000,0,NULL,0,2026-05-27 10:42:35.000,0,0,0,2026-05-27 10:42:35.000,0,0,0,2026-05-27 10:42:35.000,0,0,0,2026-05-27 10:47:30.343,2026-05-27 10:47:30.343,0,NULL,2026-05-27 10:47:30.390,295,295,0,CI-Citation
26-012878,2026-05-27 10:43:09.000,22,WED,27,10,B,DAY,MIDS,FIRE,FIRE ALARM,3,Phone,"MAIORIELLO, BERMARI",Automatic Dispatch,2026-05-27 10:43:07.000,2026-05-27 10:44:59.000,2026-05-27 10:44:00.000,53,51,2,2026-05-27 10:44:02.320,2,2,0,2026-05-27 10:44:52.000,105,103,2,2026-05-27 10:45:21.737,55,55,0,2026-05-27 10:45:21.737,79,79,0,2026-05-27 10:50:32.983,311,311,0,2026-05-27 10:56:56.063,2026-05-27 10:56:56.063,0,NULL,2026-05-27 10:56:56.283,829,829,0,UNDEFINED
26-012877,2026-05-27 10:43:23.243,22,WED,27,10,B,DAY,MIDS,EMS,BLS EMERGENCY,3,NOT CAPTURED,"FLOURNOY, ERICKA",Automatic Dispatch,2026-05-27 10:43:23.243,2026-05-27 10:43:41.000,2026-05-27 10:43:23.243,0,1,-1,2026-05-27 10:43:26.080,3,2,1,2026-05-27 10:43:23.243,0,NULL,0,2026-05-27 10:44:31.473,3,2,1,2026-05-27 10:44:31.473,65,65,0,2026-05-27 10:55:21.000,650,649,1,2026-05-27 12:22:34.043,2026-05-27 12:22:34.043,0,NULL,2026-05-27 12:22:34.193,5951,5950,1,UNDEFINED
26-041681,2026-05-27 10:44:19.000,22,WED,27,10,B,DAY,MIDS,POLICE,TRAFFIC STOP,2,OFFICER,"LEACH, JOSHUA C",NULL,2026-05-27 10:44:19.000,2026-05-27 10:44:38.000,2026-05-27 10:44:19.000,0,1,-1,2026-05-27 10:44:19.000,0,0,0,2026-05-27 10:44:19.000,0,NULL,0,2026-05-27 10:44:19.000,0,0,0,2026-05-27 10:44:19.000,0,0,0,2026-05-27 10:44:19.000,0,0,0,2026-05-27 10:50:33.170,2026-05-27 10:50:33.170,0,NULL,2026-05-27 10:50:33.607,374,374,0,CI-Citation
26-041683,2026-05-27 10:45:07.000,22,WED,27,10,B,DAY,MIDS,POLICE,NOISE COMPLAINT DELAY,4,Phone,"PATTERSON, JAHAIRA","FLOURNOY, ERICKA",2026-05-27 10:45:07.000,2026-05-27 10:50:36.000,2026-05-27 10:48:19.000,192,192,0,2026-05-27 10:52:36.777,257,257,0,2026-05-27 10:48:19.000,192,NULL,192,2026-05-27 10:52:40.633,449,449,0,2026-05-27 10:52:40.633,4,3,1,2026-05-27 10:55:51.677,191,191,0,2026-05-27 10:55:39.273,2026-05-27 11:25:55.480,0,NULL,2026-05-27 11:25:55.563,2448,2448,0,NR-No Report
26-041682,2026-05-27 10:46:04.000,22,WED,27,10,B,DAY,MIDS,POLICE,LARCENY FROM AUTO DELAY,4,OFFICER,"FLOURNOY, ERICKA",NULL,2026-05-27 10:46:02.000,2026-05-27 14:05:10.000,2026-05-27 10:46:23.000,21,19,2,2026-05-27 13:50:52.103,11069,11069,0,2026-05-27 10:47:43.000,101,99,2,2026-05-27 13:50:52.103,11090,11090,0,2026-05-27 13:50:52.103,0,-9999,9999,NULL,NULL,-9999,NULL,2026-05-27 17:34:21.833,2026-05-27 17:34:21.833,0,NULL,2026-05-27 17:34:21.913,24499,24499,0,RE-Report
26-041686,2026-05-27 10:49:00.000,22,WED,27,10,B,DAY,MIDS,POLICE,ANIMAL COMPLAINT,4,Phone,"MAIORIELLO, BERMARI","VALENTIN, EMERITA",2026-05-27 10:48:59.000,2026-05-27 10:51:57.000,2026-05-27 10:50:44.000,105,104,1,2026-05-27 10:52:41.930,117,117,0,2026-05-27 10:50:44.000,105,104,1,NULL,222,222,0,NULL,NULL,-9999,NULL,NULL,NULL,-9999,NULL,NULL,2026-05-27 10:53:22.000,0,NULL,NULL,263,263,0,ACOR-Animal Control Report
26-041685,2026-05-27 10:50:31.000,22,WED,27,10,B,DAY,MIDS,POLICE,ANIMAL BARKING DOG,3,Phone,"PATTERSON, JAHAIRA","VALENTIN, EMERITA",2026-05-27 10:50:31.000,2026-05-27 10:53:25.000,2026-05-27 10:50:33.000,2,2,0,2026-05-27 10:54:16.017,223,223,0,2026-05-27 10:50:33.000,2,0,2,NULL,225,225,0,NULL,NULL,-9999,NULL,NULL,NULL,-9999,NULL,NULL,2026-05-27 10:54:22.000,0,NULL,NULL,231,231,0,ACOR-Animal Control Report
26-041688,2026-05-27 10:54:06.000,22,WED,27,10,B,DAY,MIDS,POLICE,TRAFFIC STOP,2,OFFICER,"TRAPERO, HUMBERTO A",NULL,2026-05-27 10:54:06.000,2026-05-27 10:56:04.000,2026-05-27 10:54:06.000,0,0,0,2026-05-27 10:54:06.000,0,0,0,2026-05-27 10:54:06.000,0,NULL,0,2026-05-27 10:54:06.000,0,0,0,2026-05-27 10:54:06.000,0,0,0,2026-05-27 10:54:06.000,0,0,0,2026-05-27 10:58:11.227,2026-05-27 10:58:11.227,0,NULL,2026-05-27 10:58:11.237,245,245,0,CI-Citation
26-041689,2026-05-27 10:58:40.000,22,WED,27,10,B,DAY,MIDS,POLICE,TRAFFIC STOP,2,OFFICER,"LEACH, JOSHUA C",NULL,2026-05-27 10:58:40.000,2026-05-27 10:58:58.000,2026-05-27 10:58:40.000,0,3,-3,2026-05-27 10:58:40.000,0,0,0,2026-05-27 10:58:40.000,0,NULL,0,2026-05-27 10:58:40.000,0,0,0,2026-05-27 10:58:40.000,0,0,0,2026-05-27 10:58:40.000,0,0,0,2026-05-27 11:03:25.997,2026-05-27 11:03:25.987,0,NULL,2026-05-27 11:03:25.987,285,285,0,CI-Citation
26-041691,2026-05-27 11:09:16.000,22,WED,27,11,B,DAY,MIDS,POLICE,TRAFFIC STOP,2,OFFICER,"MOSES, WILLIE M",NULL,2026-05-27 11:09:16.000,2026-05-27 11:09:37.000,2026-05-27 11:09:16.000,0,1,-1,2026-05-27 11:09:16.000,0,0,0,2026-05-27 11:09:16.000,0,NULL,0,2026-05-27 11:09:16.000,0,0,0,2026-05-27 11:09:16.000,0,0,0,2026-05-27 11:09:16.000,0,0,0,2026-05-27 11:27:59.557,2026-05-27 11:27:59.557,0,NULL,2026-05-27 11:27:59.907,1123,1123,0,NR-No Report
26-041692,2026-05-27 11:09:42.000,22,WED,27,11,B,DAY,MIDS,POLICE,TRAFFIC STOP,2,OFFICER,"TRAPERO, HUMBERTO A",NULL,2026-05-27 11:09:42.000,2026-05-27 11:10:02.000,2026-05-27 11:09:42.000,0,2,-2,2026-05-27 11:09:42.000,0,0,0,2026-05-27 11:09:42.000,0,NULL,0,2026-05-27 11:09:42.000,0,0,0,2026-05-27 11:09:42.000,0,0,0,2026-05-27 11:09:42.000,0,0,0,2026-05-27 11:13:48.013,2026-05-27 11:13:48.013,0,NULL,2026-05-27 11:13:48.030,246,246,0,NR-No Report
26-041694,2026-05-27 11:09:49.000,22,WED,27,11,B,DAY,MIDS,POLICE,MVC HIT/RUN NO INJURY,2,Phone,"VALENTIN, EMERITA","FLOURNOY, ERICKA",2026-05-27 11:09:47.000,2026-05-27 11:12:47.000,2026-05-27 11:11:17.000,90,88,2,2026-05-27 11:21:42.507,625,625,0,2026-05-27 11:28:16.000,1109,1107,2,2026-05-27 11:21:50.817,715,715,0,2026-05-27 11:21:50.817,8,8,0,2026-05-27 11:23:05.220,75,74,1,2026-05-27 12:42:24.573,2026-05-27 12:42:24.573,0,NULL,2026-05-27 12:42:24.663,5557,5557,0,RE-Report
26-041693,2026-05-27 11:09:56.000,22,WED,27,11,B,DAY,MIDS,POLICE,SUSPICIOUS EVENT,2,Phone,"MAIORIELLO, BERMARI","FLOURNOY, ERICKA",2026-05-27 11:09:54.000,2026-05-27 11:13:13.000,2026-05-27 11:11:08.000,74,72,2,2026-05-27 11:14:49.820,221,221,0,2026-05-27 11:12:49.000,175,173,2,2026-05-27 11:15:16.023,295,295,0,2026-05-27 11:15:16.023,27,26,1,2026-05-27 11:19:10.437,234,234,0,2026-05-27 11:21:18.447,2026-05-27 11:21:18.447,0,NULL,2026-05-27 11:21:18.610,684,684,0,NR-No Report
26-012879,2026-05-27 11:16:42.000,22,WED,27,11,B,DAY,MIDS,EMS,MEDICAL ALARM - BLS,3,Phone,"MAIORIELLO, BERMARI",Automatic Dispatch,2026-05-27 11:16:40.000,2026-05-27 11:18:15.000,2026-05-27 11:18:05.000,85,83,2,2026-05-27 11:18:07.523,2,2,0,2026-05-27 11:19:22.000,162,160,2,2026-05-27 11:18:56.453,87,87,0,2026-05-27 11:18:56.453,49,48,1,2026-05-27 11:21:17.113,141,140,1,2026-05-27 11:21:52.053,2026-05-27 11:22:44.793,0,NULL,2026-05-27 11:22:45.190,364,364,0,UNDEFINED
26-012880,2026-05-27 11:23:12.000,22,WED,27,11,B,DAY,MIDS,EMS,STROKE ALS 2,1,E-911,"PEREZ, CARLOS",Automatic Dispatch,2026-05-27 11:23:12.000,2026-05-27 11:24:23.000,2026-05-27 11:24:13.000,61,61,0,2026-05-27 11:24:16.347,3,3,0,2026-05-27 11:51:36.000,1704,1704,0,2026-05-27 11:25:40.827,64,64,0,2026-05-27 11:25:40.827,84,84,0,2026-05-27 11:27:28.987,108,108,0,2026-05-27 11:42:34.987,2026-05-27 12:25:58.243,0,NULL,2026-05-27 12:25:58.333,3766,3766,0,UNDEFINED
26-041697,2026-05-27 11:27:24.000,22,WED,27,11,B,DAY,MIDS,POLICE,TRAFFIC STOP,2,OFFICER,"TRAPERO, HUMBERTO A",NULL,2026-05-27 11:27:24.000,2026-05-27 11:27:45.000,2026-05-27 11:27:24.000,0,0,0,2026-05-27 11:27:24.000,0,0,0,2026-05-27 11:27:24.000,0,NULL,0,2026-05-27 11:27:24.000,0,0,0,2026-05-27 11:27:24.000,0,0,0,2026-05-27 11:27:24.000,0,0,0,2026-05-27 11:36:18.637,2026-05-27 11:49:44.853,0,NULL,2026-05-27 11:49:44.953,1340,1340,0,CI-Citation
26-041698,2026-05-27 11:29:08.000,22,WED,27,11,B,DAY,MIDS,POLICE,TRAFFIC STOP,2,OFFICER,"BROWN, BRIDGET C",NULL,2026-05-27 11:29:08.000,2026-05-27 11:29:30.000,2026-05-27 11:29:08.000,0,1,-1,2026-05-27 11:29:08.000,0,0,0,2026-05-27 11:29:08.000,0,NULL,0,2026-05-27 11:29:08.000,0,0,0,2026-05-27 11:29:08.000,0,0,0,2026-05-27 11:29:08.000,0,0,0,2026-05-27 11:35:53.393,2026-05-27 11:35:53.393,0,NULL,2026-05-27 11:35:53.497,405,405,0,NR-No Report
26-041700,2026-05-27 11:29:37.000,22,WED,27,11,B,DAY,MIDS,POLICE,WALK IN HQ LOBBY,3,Phone,"MAIORIELLO, BERMARI",NULL,2026-05-27 11:29:34.000,2026-05-27 11:43:17.000,2026-05-27 11:29:59.000,25,22,3,2026-05-27 11:48:17.723,1098,1098,0,2026-05-27 11:31:08.000,94,91,3,2026-05-27 11:48:20.917,1123,1123,0,2026-05-27 11:48:20.917,3,3,0,2026-05-27 12:06:52.427,1112,1111,1,2026-05-27 16:17:12.230,2026-05-27 16:17:12.230,0,NULL,2026-05-27 16:17:12.303,17258,17258,0,RE-Report
26-041705,2026-05-27 11:32:56.000,22,WED,27,11,B,DAY,MIDS,POLICE,MVC HIT/RUN NO INJ DELAY,4,Phone,"PATTERSON, JAHAIRA",NULL,2026-05-27 11:32:54.000,2026-05-28 08:31:03.000,2026-05-27 11:36:58.000,244,242,2,2026-05-27 12:03:25.577,1587,1587,0,2026-05-27 11:37:01.000,247,245,2,2026-05-27 12:07:16.333,1831,1831,0,2026-05-27 12:07:16.333,231,230,1,2026-05-28 08:31:23.703,73447,73447,0,2026-05-27 17:43:21.783,2026-05-27 17:43:21.783,1,2026-05-28 08:30:57.477,2026-05-28 17:56:03.417,22227,22989,-762,RE-Report
26-041703,2026-05-27 11:33:58.000,22,WED,27,11,B,DAY,MIDS,POLICE,ALARM RESIDENTIAL,2,Phone,"VALENTIN, EMERITA","FLOURNOY, ERICKA",2026-05-27 11:33:56.000,2026-05-27 11:35:29.000,2026-05-27 11:34:33.000,37,35,2,2026-05-27 11:41:04.290,391,391,0,2026-05-27 11:35:21.000,85,83,2,2026-05-27 11:41:08.297,428,428,0,2026-05-27 11:41:08.297,4,4,0,2026-05-27 11:48:39.060,451,450,1,2026-05-27 11:41:45.867,2026-05-27 12:13:08.073,0,NULL,2026-05-27 12:13:08.103,2352,2352,0,NR-No Report
26-041702,2026-05-27 11:34:28.000,22,WED,27,11,B,DAY,MIDS,POLICE,TRAFFIC STOP,2,OFFICER,"LION, NICHOLAS A",NULL,2026-05-27 11:34:28.000,NULL,2026-05-27 11:34:28.000,0,1,-1,2026-05-27 11:34:28.000,0,0,0,2026-05-27 11:34:28.000,0,NULL,0,2026-05-27 11:34:28.000,0,0,0,2026-05-27 11:34:28.000,0,0,0,2026-05-27 11:34:28.000,0,0,0,2026-05-27 11:43:52.863,2026-05-27 11:43:52.863,0,NULL,2026-05-27 11:43:52.957,564,564,0,NR-No Report
26-041707,2026-05-27 11:39:12.000,22,WED,27,11,B,DAY,MIDS,POLICE,CIVIL PROCESS EVICTION,4,Phone,"FLOURNOY, ERICKA","FLOURNOY, ERICKA",2026-05-27 11:39:12.000,2026-05-27 11:39:31.000,2026-05-27 11:39:12.000,0,0,0,2026-05-27 11:39:12.000,0,0,0,2026-05-27 11:39:12.000,0,0,0,2026-05-27 11:42:15.530,0,0,0,2026-05-27 11:39:12.000,0,0,0,2026-05-27 11:39:12.000,0,0,0,2026-05-27 11:45:08.983,2026-05-27 11:46:58.957,0,NULL,2026-05-27 11:46:58.990,466,466,0,NR-No Report
26-041708,2026-05-27 11:43:13.000,22,WED,27,11,B,DAY,MIDS,POLICE,TRNSPORT PRISONER MED LOCAL,4,Phone,"PATTERSON, JAHAIRA","PATTERSON, JAHAIRA",2026-05-27 11:43:12.000,2026-05-27 12:18:56.000,2026-05-27 11:43:45.000,33,32,1,2026-05-27 11:43:50.433,5,5,0,2026-05-27 11:43:59.000,47,46,1,2026-05-27 11:43:50.493,38,38,0,2026-05-27 11:43:50.493,0,0,0,2026-05-27 13:01:08.133,4638,4637,1,NULL,2026-05-27 13:01:24.000,0,NULL,NULL,4692,4692,0,NR-No Report
26-041711,2026-05-27 11:53:19.000,22,WED,27,11,B,DAY,MIDS,POLICE,ANIMAL DECEASED,3,Phone,"MAIORIELLO, BERMARI","VALENTIN, EMERITA",2026-05-27 11:53:17.000,2026-05-27 11:59:06.000,2026-05-27 11:54:47.000,90,88,2,2026-05-27 11:59:59.727,312,312,0,2026-05-27 11:55:12.000,115,113,2,NULL,402,402,0,NULL,NULL,-9999,NULL,NULL,NULL,-9999,NULL,NULL,2026-05-27 12:00:26.000,0,NULL,NULL,429,429,0,ACOR-Animal Control Report
26-041714,2026-05-27 11:57:39.000,22,WED,27,11,B,DAY,MIDS,POLICE,MVC HIT/RUN NO INJURY,2,Phone,"MAIORIELLO, BERMARI","FOSTER, KANESHA",2026-05-27 11:57:37.000,2026-05-27 12:00:25.000,2026-05-27 11:59:29.000,112,110,2,2026-05-27 12:13:41.583,852,852,0,2026-05-27 12:02:23.000,286,284,2,2026-05-27 12:13:47.170,964,964,0,2026-05-27 12:13:47.170,6,5,1,2026-05-27 12:19:21.207,334,334,0,2026-05-27 12:48:14.847,2026-05-27 15:01:02.247,0,NULL,2026-05-27 15:01:02.317,11005,11005,0,RE-Report
26-041713,2026-05-27 11:59:27.000,22,WED,27,11,B,DAY,MIDS,POLICE,TRAFFIC STOP,2,OFFICER,"LEACH, JOSHUA C",NULL,2026-05-27 11:59:27.000,2026-05-27 11:59:46.000,2026-05-27 11:59:27.000,0,1,-1,2026-05-27 11:59:27.000,0,0,0,2026-05-27 11:59:27.000,0,NULL,0,2026-05-27 11:59:27.000,0,0,0,2026-05-27 11:59:27.000,0,0,0,2026-05-27 11:59:27.000,0,0,0,2026-05-27 12:05:21.723,2026-05-27 12:05:21.723,0,NULL,2026-05-27 12:05:21.993,354,354,0,CI-Citation
26-041718,2026-05-27 11:59:45.000,22,WED,27,11,B,DAY,MIDS,POLICE,WALK IN HQ LOBBY,3,Phone,"PATTERSON, JAHAIRA",NULL,2026-05-27 11:59:43.000,NULL,2026-05-27 12:04:22.000,279,277,2,2026-05-27 12:42:47.440,2305,2305,0,2026-05-27 12:05:54.000,371,369,2,2026-05-27 12:42:53.583,2584,2584,0,2026-05-27 12:42:53.583,6,6,0,2026-05-27 13:21:07.533,2294,2293,1,2026-05-27 13:21:47.503,2026-05-27 13:21:47.503,1,2026-05-28 10:05:00.533,2026-05-28 11:39:20.633,4924,85177,-80253,RE-Report
26-041715,2026-05-27 12:00:33.000,22,WED,27,12,B,DAY,MIDS,POLICE,PARKING COMPLAINT,4,Phone,"PEREZ, CARLOS",NULL,2026-05-27 12:00:31.000,NULL,2026-05-27 12:01:19.000,48,46,2,2026-05-27 12:39:30.007,2291,2291,0,2026-05-27 12:02:02.000,91,89,2,2026-05-27 12:39:30.007,2339,2339,0,2026-05-27 12:39:30.007,0,0,0,2026-05-27 13:12:03.320,1953,1953,0,2026-05-27 13:17:53.540,2026-05-27 13:17:53.540,0,NULL,2026-05-27 13:17:53.750,4642,4642,0,NR-No Report
26-041721,2026-05-27 12:01:25.000,22,WED,27,12,B,DAY,MIDS,POLICE,ASSIST OUTSIDE AGENCY,2,VCIN,"GARCIA, VILMA","FOSTER, KANESHA",2026-05-27 12:01:23.000,2026-05-27 12:07:18.000,2026-05-27 12:06:31.000,308,306,2,2026-05-27 12:07:39.567,68,68,0,2026-05-27 12:25:39.000,1456,1454,2,2026-05-27 12:07:45.107,376,376,0,2026-05-27 12:07:45.107,6,5,1,NULL,NULL,-9999,NULL,2026-05-27 12:41:16.710,2026-05-27 12:41:16.710,0,NULL,2026-05-27 12:41:16.960,2393,2393,0,NR-No Report
26-041717,2026-05-27 12:02:06.000,22,WED,27,12,B,DAY,MIDS,POLICE,TRAFFIC STOP,2,OFFICER,"TRAPERO, HUMBERTO A",NULL,2026-05-27 12:02:06.000,NULL,2026-05-27 12:02:06.000,0,1,-1,2026-05-27 12:02:06.000,0,0,0,2026-05-27 12:02:06.000,0,NULL,0,2026-05-27 12:02:06.000,0,0,0,2026-05-27 12:02:06.000,0,0,0,2026-05-27 12:02:06.000,0,0,0,2026-05-27 12:09:27.830,2026-05-27 12:09:27.830,0,NULL,2026-05-27 12:09:27.920,441,441,0,CI-Citation
26-041722,2026-05-27 12:07:49.000,22,WED,27,12,B,DAY,MIDS,POLICE,PARKING COMPLAINT,4,Phone,"PATTERSON, JAHAIRA",NULL,2026-05-27 12:07:48.000,NULL,2026-05-27 12:09:27.000,99,98,1,2026-05-27 12:31:20.050,1313,1313,0,2026-05-27 12:09:38.000,110,109,1,2026-05-27 12:31:20.050,1412,1412,0,2026-05-27 12:31:20.050,0,-9999,9999,2026-05-27 13:09:39.903,2299,2299,0,2026-05-27 13:10:57.993,2026-05-27 13:10:57.993,0,NULL,2026-05-27 13:10:58.583,3789,3789,0,NR-No Report
26-041726,2026-05-27 12:14:08.000,22,WED,27,12,B,DAY,MIDS,POLICE,WALK IN HQ LOBBY,3,Phone,"MAIORIELLO, BERMARI",NULL,2026-05-27 12:14:06.000,2026-05-27 12:19:50.000,2026-05-27 12:16:01.000,115,113,2,2026-05-27 12:45:29.487,1768,1768,0,2026-05-27 12:22:19.000,493,491,2,2026-05-27 12:45:29.487,1883,1883,0,2026-05-27 12:45:29.487,0,0,0,NULL,NULL,-9999,NULL,2026-05-27 13:25:27.563,2026-05-27 13:25:27.563,0,NULL,2026-05-27 13:25:27.650,4281,4281,0,NR-No Report
26-041723,2026-05-27 12:14:40.000,22,WED,27,12,B,DAY,MIDS,POLICE,TRAFFIC STOP,2,OFFICER,"TRAPERO, HUMBERTO A",NULL,2026-05-27 12:14:40.000,NULL,2026-05-27 12:14:40.000,0,1,-1,2026-05-27 12:14:40.000,0,0,0,2026-05-27 12:14:40.000,0,NULL,0,2026-05-27 12:14:40.000,0,0,0,2026-05-27 12:14:40.000,0,0,0,2026-05-27 12:14:40.000,0,0,0,2026-05-27 12:18:49.340,2026-05-27 12:18:49.340,0,NULL,2026-05-27 12:18:49.723,249,249,0,CI-Citation
26-041724,2026-05-27 12:15:19.000,22,WED,27,12,B,DAY,MIDS,POLICE,TRAFFIC STOP,2,OFFICER,"YOUNG, JAMES K",NULL,2026-05-27 12:15:19.000,NULL,2026-05-27 12:15:19.000,0,1,-1,2026-05-27 12:15:19.000,0,0,0,2026-05-27 12:15:19.000,0,NULL,0,2026-05-27 12:15:19.000,0,0,0,2026-05-27 12:15:19.000,0,0,0,2026-05-27 12:15:19.000,0,0,0,2026-05-27 12:23:23.720,2026-05-27 12:23:23.720,0,NULL,2026-05-27 12:23:23.767,484,484,0,CI-Citation
26-041727,2026-05-27 12:16:31.000,22,WED,27,12,B,DAY,MIDS,POLICE,MVC PROPERTY DAMAGE,2,Phone,"MAIORIELLO, BERMARI",NULL,2026-05-27 12:16:30.000,2026-05-27 12:20:25.000,2026-05-27 12:17:27.000,57,56,1,2026-05-27 12:17:41.307,14,14,0,2026-05-27 12:18:31.000,121,120,1,2026-05-27 12:17:41.307,71,71,0,2026-05-27 12:17:41.307,0,-9999,9999,2026-05-27 12:24:54.783,433,433,0,2026-05-27 12:43:46.030,2026-05-27 12:43:44.397,0,NULL,2026-05-27 12:43:44.397,1634,1636,-2,NR-No Report
26-041728,2026-05-27 12:18:48.000,22,WED,27,12,B,DAY,MIDS,POLICE,CIVIL PROCESS EVICTION,2,Radio,"FOSTER, KANESHA","FOSTER, KANESHA",2026-05-27 12:18:48.000,2026-05-27 12:19:02.000,2026-05-27 12:18:48.000,0,0,0,2026-05-27 12:18:48.000,0,0,0,2026-05-27 12:18:48.000,0,0,0,2026-05-27 12:19:18.227,0,0,0,2026-05-27 12:18:48.000,0,0,0,2026-05-27 12:18:48.000,0,0,0,2026-05-27 12:49:42.560,2026-05-27 12:50:12.927,0,NULL,2026-05-27 12:50:12.973,1884,1884,0,NR-No Report
26-041729,2026-05-27 12:21:01.000,22,WED,27,12,B,DAY,MIDS,POLICE,MVC INJURY,1,E-911,"PEREZ, CARLOS","FOSTER, KANESHA",2026-05-27 12:21:01.000,2026-05-27 12:22:35.000,2026-05-27 12:22:27.000,86,86,0,2026-05-27 12:22:40.090,13,13,0,2026-05-27 12:25:29.000,268,268,0,2026-05-27 12:22:43.620,99,99,0,2026-05-27 12:22:43.620,3,3,0,2026-05-27 12:24:45.140,122,121,1,2026-05-27 12:23:57.150,2026-05-27 15:48:50.643,0,NULL,2026-05-27 15:48:50.657,12469,12469,0,NR-No Report
26-041731,2026-05-27 12:22:07.000,22,WED,27,12,B,DAY,MIDS,POLICE,DOMESTIC VIOL NO INJ,2,Phone,"MAIORIELLO, BERMARI","FOSTER, KANESHA",2026-05-27 12:22:07.000,2026-05-27 12:25:08.000,2026-05-27 12:23:46.000,99,99,0,2026-05-27 12:27:16.907,210,210,0,2026-05-27 12:25:36.000,209,209,0,2026-05-27 12:27:20.687,309,309,0,2026-05-27 12:27:20.687,4,3,1,2026-05-27 12:31:48.000,268,267,1,2026-05-27 12:51:41.580,2026-05-27 12:52:47.573,0,NULL,2026-05-27 12:52:47.677,1840,1840,0,NR-No Report
26-012881,2026-05-27 12:22:28.000,22,WED,27,12,B,DAY,MIDS,FIRE,MVC AUTO,2,NOT CAPTURED,"PEREZ, CARLOS","WALKER, KAREN",2026-05-27 12:22:28.000,2026-05-27 12:22:41.000,2026-05-27 12:22:28.000,0,NULL,0,2026-05-27 12:22:30.423,2,2,0,2026-05-27 12:22:28.000,0,0,0,2026-05-27 12:23:17.517,2,2,0,2026-05-27 12:23:17.517,47,47,0,2026-05-27 12:25:54.200,157,156,1,2026-05-27 12:24:27.890,2026-05-27 13:42:21.450,0,NULL,2026-05-27 13:42:21.823,4793,4793,0,UNDEFINED
26-041732,2026-05-27 12:24:34.000,22,WED,27,12,B,DAY,MIDS,POLICE,TRAFFIC STOP,2,OFFICER,"TRAPERO, HUMBERTO A",NULL,2026-05-27 12:24:34.000,NULL,2026-05-27 12:24:34.000,0,1,-1,2026-05-27 12:24:34.000,0,0,0,2026-05-27 12:24:34.000,0,NULL,0,2026-05-27 12:24:34.000,0,0,0,2026-05-27 12:24:34.000,0,0,0,2026-05-27 12:24:34.000,0,0,0,2026-05-27 12:36:43.363,2026-05-27 12:36:43.363,0,NULL,2026-05-27 12:36:43.560,729,729,0,CI-Citation
26-012883,2026-05-27 12:32:09.000,22,WED,27,12,B,DAY,MIDS,FIRE,GAS LEAK - INSIDE,1,E-911,"WALKER, JUANITA",Automatic Dispatch,2026-05-27 12:32:09.000,2026-05-27 12:40:22.000,2026-05-27 12:39:30.000,441,441,0,2026-05-27 12:39:32.697,2,2,0,2026-05-27 12:44:29.000,740,740,0,2026-05-27 12:40:06.530,443,443,0,2026-05-27 12:40:06.530,34,33,1,2026-05-27 12:43:04.547,178,178,0,2026-05-27 12:48:42.793,2026-05-27 13:01:05.470,0,NULL,2026-05-27 13:01:05.543,1736,1736,0,UNDEFINED
26-041738,2026-05-27 12:36:18.000,22,WED,27,12,B,DAY,MIDS,POLICE,WARRANT SERVICE,2,Phone,"PATTERSON, JAHAIRA","FOSTER, KANESHA",2026-05-27 12:36:17.000,NULL,2026-05-27 12:36:56.000,39,38,1,2026-05-27 12:43:05.387,369,369,0,2026-05-27 12:43:34.000,437,436,1,2026-05-27 12:43:05.480,408,408,0,2026-05-27 12:43:05.480,0,0,0,2026-05-27 12:52:52.503,587,587,0,2026-05-27 16:16:43.177,2026-05-27 16:16:43.177,0,NULL,2026-05-27 16:16:43.270,13226,13226,0,RE-Report
26-012882,2026-05-27 12:37:59.000,22,WED,27,12,B,DAY,MIDS,EMS,ALTERED LOC ALS 1,1,E-911,"PEREZ, CARLOS",Automatic Dispatch,2026-05-27 12:37:58.000,2026-05-27 12:38:45.000,2026-05-27 12:38:37.000,39,38,1,2026-05-27 12:38:40.470,3,3,0,2026-05-27 12:40:44.000,166,165,1,2026-05-27 12:39:27.900,42,42,0,2026-05-27 12:39:27.900,47,47,0,2026-05-27 12:41:21.970,114,114,0,2026-05-27 12:56:19.663,2026-05-27 13:48:49.303,0,NULL,2026-05-27 13:48:49.450,4251,4251,0,UNDEFINED
26-041743,2026-05-27 12:40:34.000,22,WED,27,12,B,DAY,MIDS,POLICE,ANIMAL WILDLIFE,3,Phone,"VALENTIN, EMERITA","FOSTER, KANESHA",2026-05-27 12:40:34.000,2026-05-27 12:42:12.913,2026-05-27 12:40:51.000,17,17,0,2026-05-27 12:42:12.857,81,81,0,2026-05-27 12:40:51.000,17,NULL,17,2026-05-27 12:58:01.320,98,98,0,2026-05-27 12:58:01.320,949,0,949,2026-05-27 12:58:01.420,0,0,0,2026-05-27 12:58:08.103,2026-05-27 12:58:08.103,0,NULL,2026-05-27 12:58:08.147,1054,1054,0,ACOR-Animal Control Report
26-012884,2026-05-27 12:42:21.000,22,WED,27,12,B,DAY,MIDS,EMS,HEART PROBLEMS ALS 1,1,E-911,"PEREZ, CARLOS",Automatic Dispatch,2026-05-27 12:42:21.000,2026-05-27 12:43:54.000,2026-05-27 12:43:45.000,84,84,0,2026-05-27 12:43:47.370,2,2,0,2026-05-27 12:49:33.000,432,432,0,2026-05-27 12:44:41.820,86,86,0,2026-05-27 12:44:41.820,54,54,0,2026-05-27 12:47:14.663,153,152,1,2026-05-27 13:13:06.713,2026-05-27 14:20:08.093,0,NULL,2026-05-27 14:20:08.217,5867,5867,0,UNDEFINED
26-041744,2026-05-27 12:43:55.000,22,WED,27,12,B,DAY,MIDS,POLICE,TRAFFIC STOP,2,OFFICER,"TRAPERO, HUMBERTO A",NULL,2026-05-27 12:43:55.000,2026-05-27 12:52:51.000,2026-05-27 12:43:55.000,0,1,-1,2026-05-27 12:43:55.000,0,0,0,2026-05-27 12:43:55.000,0,NULL,0,2026-05-27 12:43:55.000,0,0,0,2026-05-27 12:43:55.000,0,0,0,2026-05-27 12:43:55.000,0,0,0,NULL,2026-05-27 12:53:07.000,0,NULL,NULL,552,552,0,CI-Citation
26-041745,2026-05-27 12:47:27.000,22,WED,27,12,B,DAY,MIDS,POLICE,TRAFFIC STOP,2,OFFICER,"KIM, DANIEL H",NULL,2026-05-27 12:47:27.000,NULL,2026-05-27 12:47:27.000,0,1,-1,2026-05-27 12:47:27.000,0,0,0,2026-05-27 12:47:27.000,0,NULL,0,2026-05-27 12:47:27.000,0,0,0,2026-05-27 12:47:27.000,0,0,0,2026-05-27 12:47:27.000,0,0,0,2026-05-27 12:58:32.733,2026-05-27 12:58:32.733,0,NULL,2026-05-27 12:58:32.737,665,665,0,CI-Citation
26-041747,2026-05-27 12:48:44.000,22,WED,27,12,B,DAY,MIDS,POLICE,MENTAL HEALTH CASE,2,Phone,"PATTERSON, JAHAIRA","FOSTER, KANESHA",2026-05-27 12:48:42.000,2026-05-27 12:51:04.000,2026-05-27 12:49:38.000,56,54,2,2026-05-27 12:51:45.697,127,127,0,2026-05-27 12:56:43.000,481,479,2,2026-05-27 12:51:53.293,183,183,0,2026-05-27 12:51:53.293,8,7,1,2026-05-27 12:53:37.050,104,103,1,2026-05-27 12:58:36.683,2026-05-27 14:26:36.730,0,NULL,2026-05-27 14:26:36.833,5874,5874,0,NR-No Report
26-012885,2026-05-27 12:48:58.000,22,WED,27,12,B,DAY,MIDS,FIRE,FIRE ALARM,3,Phone,"WALKER, JUANITA",Automatic Dispatch,2026-05-27 12:48:57.000,2026-05-27 12:49:59.000,2026-05-27 12:49:16.000,19,18,1,2026-05-27 12:49:18.197,2,2,0,2026-05-27 12:50:43.000,106,105,1,2026-05-27 12:49:59.703,21,21,0,2026-05-27 12:49:59.703,41,41,0,2026-05-27 12:55:15.277,316,315,1,2026-05-27 13:14:36.543,2026-05-27 13:14:36.543,0,NULL,2026-05-27 13:14:36.777,1539,1539,0,UNDEFINED
26-041748,2026-05-27 12:50:43.000,22,WED,27,12,B,DAY,MIDS,POLICE,PARKING COMPLAINT,4,Phone,"VALENTIN, EMERITA",NULL,2026-05-27 12:50:41.000,NULL,2026-05-27 12:50:59.000,18,16,2,2026-05-27 13:11:04.513,1205,1205,0,2026-05-27 12:50:59.000,18,NULL,18,2026-05-27 13:11:04.513,1223,1223,0,2026-05-27 13:11:04.513,0,-9999,9999,2026-05-27 13:13:32.553,148,148,0,2026-05-27 13:14:17.770,2026-05-27 13:14:17.770,0,NULL,2026-05-27 13:14:18.430,1416,1416,0,NR-No Report
26-041752,2026-05-27 12:59:26.000,22,WED,27,12,B,DAY,MIDS,POLICE,WARRANT SERVICE,2,Phone,"MAIORIELLO, BERMARI",NULL,2026-05-27 12:59:24.000,2026-05-27 13:00:15.270,2026-05-27 13:00:06.000,42,40,2,2026-05-27 13:00:15.083,9,9,0,2026-05-27 13:00:33.000,69,67,2,2026-05-27 13:00:21.403,51,51,0,2026-05-27 13:00:21.403,6,6,0,2026-05-27 13:00:21.403,0,0,0,2026-05-27 14:41:38.620,2026-05-27 15:00:46.260,0,NULL,2026-05-27 15:00:46.317,7282,7282,0,NR-No Report
26-041753,2026-05-27 12:59:35.000,22,WED,27,12,B,DAY,MIDS,POLICE,POLICE INFORMATION,4,Phone,"VALENTIN, EMERITA",NULL,2026-05-27 12:59:33.000,2026-05-29 21:21:30.713,2026-05-27 13:01:19.000,106,104,2,2026-05-28 00:33:52.673,41553,41553,0,2026-05-27 13:02:18.000,165,163,2,2026-05-28 00:33:52.720,41659,41659,0,2026-05-28 00:33:52.720,0,0,0,2026-05-29 17:34:46.480,147654,-9999,157653,2026-05-28 00:34:17.897,2026-05-28 00:34:17.897,1,2026-05-28 11:24:11.223,2026-05-29 21:21:53.687,41684,30140,11544,RE-Report
26-041754,2026-05-27 13:00:34.000,22,WED,27,13,B,DAY,MIDS,POLICE,ASSIST CITIZEN DELAY,4,Phone,"GARCIA, VILMA","FOSTER, KANESHA",2026-05-27 13:00:33.000,2026-05-27 13:04:42.000,2026-05-27 13:04:33.000,240,239,1,2026-05-27 13:05:03.193,30,30,0,2026-05-27 13:05:34.000,301,300,1,2026-05-27 13:05:09.163,270,270,0,2026-05-27 13:05:09.163,6,5,1,2026-05-27 13:13:49.833,520,520,0,NULL,2026-05-27 13:28:30.000,0,NULL,NULL,1677,1677,0,NR-No Report
26-041755,2026-05-27 13:02:09.000,22,WED,27,13,B,DAY,MIDS,POLICE,DISORDERLY CONDUCT,4,Phone,"PATTERSON, JAHAIRA","FOSTER, KANESHA",2026-05-27 13:02:08.000,2026-05-27 13:07:22.000,2026-05-27 13:05:18.000,190,189,1,2026-05-27 13:28:00.153,1362,1362,0,2026-05-27 13:09:16.000,428,427,1,2026-05-27 13:28:00.237,1552,1552,0,2026-05-27 13:28:00.237,0,0,0,2026-05-27 13:28:02.697,2,2,0,2026-05-27 14:57:31.953,2026-05-27 14:57:31.953,0,NULL,2026-05-27 14:57:32.003,6923,6923,0,RE-Report
26-041756,2026-05-27 13:05:31.000,22,WED,27,13,B,DAY,MIDS,POLICE,SHOPLIFTING IN PROG,2,Phone,"PICKERAL, LAUREN","FOSTER, KANESHA",2026-05-27 13:05:29.000,2026-05-27 13:06:02.000,2026-05-27 13:05:54.000,25,23,2,2026-05-27 13:06:09.150,15,15,0,2026-05-27 13:06:42.000,73,71,2,2026-05-27 13:06:13.153,40,40,0,2026-05-27 13:06:13.153,4,4,0,2026-05-27 13:06:35.437,22,22,0,2026-05-27 13:07:08.803,2026-05-27 13:33:11.580,0,NULL,2026-05-27 13:33:11.870,1662,1662,0,NR-No Report
26-012886,2026-05-27 13:09:40.000,22,WED,27,13,B,DAY,MIDS,EMS,UNCONSCIOUS ALS 2,1,E-911,"WALKER, JUANITA",Automatic Dispatch,2026-05-27 13:09:39.000,2026-05-27 13:13:30.000,2026-05-27 13:11:56.000,137,136,1,2026-05-27 13:11:58.400,2,2,0,2026-05-27 13:17:24.000,465,464,1,2026-05-27 13:13:15.500,139,139,0,2026-05-27 13:13:15.500,77,77,0,2026-05-27 13:15:56.223,161,160,1,2026-05-27 13:30:22.987,2026-05-27 14:46:34.997,0,NULL,2026-05-27 14:46:35.043,5815,5815,0,CAD2CAD
26-012887,2026-05-27 13:13:34.510,22,WED,27,13,B,DAY,MIDS,EMS,BLS EMERGENCY,3,NOT CAPTURED,"FOSTER, KANESHA",Automatic Dispatch,2026-05-27 13:13:34.510,2026-05-27 13:15:01.000,2026-05-27 13:13:34.510,0,3,-3,2026-05-27 13:13:39.510,5,5,0,2026-05-27 13:13:34.510,0,NULL,0,2026-05-27 13:14:33.000,5,5,0,2026-05-27 13:14:33.000,54,53,1,2026-05-27 13:18:35.050,242,242,0,2026-05-27 13:54:26.593,2026-05-27 13:54:26.593,0,NULL,2026-05-27 13:54:26.680,2452,2452,0,UNDEFINED
26-041759,2026-05-27 13:19:25.000,22,WED,27,13,B,DAY,MIDS,POLICE,TRAFFIC STOP,2,OFFICER,"GARCIA, MICHAEL S",NULL,2026-05-27 13:19:25.000,2026-05-27 13:19:44.000,2026-05-27 13:19:25.000,0,1,-1,2026-05-27 13:19:25.000,0,0,0,2026-05-27 13:19:25.000,0,NULL,0,2026-05-27 13:19:25.000,0,0,0,2026-05-27 13:19:25.000,0,0,0,2026-05-27 13:19:25.000,0,0,0,2026-05-27 13:25:29.917,2026-05-27 13:25:29.917,0,NULL,2026-05-27 13:25:29.993,364,364,0,CI-Citation
26-041760,2026-05-27 13:20:13.000,22,WED,27,13,B,DAY,MIDS,POLICE,PARKING COMPLAINT,4,Phone,"PATTERSON, JAHAIRA",NULL,2026-05-27 13:20:13.000,NULL,2026-05-27 13:20:57.000,44,44,0,2026-05-27 13:28:57.470,480,480,0,2026-05-27 13:24:08.000,235,235,0,2026-05-27 13:28:57.470,524,524,0,2026-05-27 13:28:57.470,0,-9999,9999,2026-05-27 13:44:43.950,946,946,0,2026-05-27 13:47:13.947,2026-05-27 13:47:13.947,0,NULL,2026-05-27 13:47:14.950,1620,1620,0,NR-No Report
26-012888,2026-05-27 13:25:32.000,22,WED,27,13,B,DAY,MIDS,EMS,MEDICAL ALARM - BLS,3,Phone,"PICKERAL, LAUREN",Automatic Dispatch,2026-05-27 13:25:31.000,2026-05-27 13:28:19.000,2026-05-27 13:26:01.000,30,29,1,2026-05-27 13:26:03.223,2,2,0,2026-05-27 13:27:24.000,113,112,1,2026-05-27 13:27:05.923,32,32,0,2026-05-27 13:27:05.923,62,62,0,2026-05-27 13:30:56.933,231,231,0,2026-05-27 14:21:26.400,2026-05-27 14:21:26.400,0,NULL,2026-05-27 14:21:26.513,3355,3355,0,UNDEFINED
26-041764,2026-05-27 13:29:53.000,22,WED,27,13,B,DAY,MIDS,POLICE,OFF DUTY DETAIL,8,OFFICER,"VILLANUEVA, RODNEY M",NULL,2026-05-27 13:29:53.000,NULL,2026-05-27 13:29:53.000,0,1,-1,2026-05-27 13:29:53.000,0,0,0,2026-05-27 13:29:53.000,0,NULL,0,2026-05-27 13:29:53.000,0,0,0,2026-05-27 13:29:53.000,0,0,0,2026-05-27 13:29:53.000,0,0,0,2026-05-27 14:30:56.213,2026-05-27 14:30:56.213,0,NULL,2026-05-27 14:30:56.287,3663,3663,0,NR-No Report
26-041765,2026-05-27 13:31:50.000,22,WED,27,13,B,DAY,MIDS,POLICE,PUBLIC SERVICE MULTI OFFICER,2,Phone,"PICKERAL, LAUREN","FOSTER, KANESHA",2026-05-27 13:31:48.000,2026-05-27 13:32:52.000,2026-05-27 13:32:20.000,32,30,2,2026-05-27 13:33:34.733,74,74,0,2026-05-27 13:36:51.000,303,301,2,2026-05-27 13:33:38.443,106,106,0,2026-05-27 13:33:38.443,4,3,1,2026-05-27 13:44:53.717,675,675,0,2026-05-27 14:03:18.503,2026-05-27 15:06:05.470,0,NULL,2026-05-27 15:06:05.547,5657,5657,0,NR-No Report
26-012889,2026-05-27 13:32:06.000,22,WED,27,13,B,DAY,MIDS,EMS,TROUBLE BREATHING ALS 1,1,E-911,"WALKER, JUANITA",Automatic Dispatch,2026-05-27 13:32:05.000,2026-05-27 13:33:22.000,2026-05-27 13:32:47.000,42,41,1,2026-05-27 13:32:50.563,3,3,0,2026-05-27 13:46:39.000,874,873,1,2026-05-27 13:33:58.660,45,45,0,2026-05-27 13:33:58.660,68,68,0,2026-05-27 13:38:35.970,277,277,0,2026-05-27 13:47:52.963,2026-05-27 15:38:56.370,0,NULL,2026-05-27 15:38:56.453,7611,7611,0,UNDEFINED
26-041767,2026-05-27 13:37:31.000,22,WED,27,13,B,DAY,MIDS,POLICE,PROPERTY LOST,4,Phone,"PATTERSON, JAHAIRA","FOSTER, KANESHA",2026-05-27 13:37:30.000,2026-05-27 13:54:11.000,2026-05-27 13:39:47.000,137,136,1,2026-05-27 13:54:39.197,892,892,0,2026-05-27 13:41:53.000,263,262,1,2026-05-27 13:55:03.170,1029,1029,0,2026-05-27 13:55:03.170,24,23,1,2026-05-27 14:01:30.500,387,387,0,2026-05-27 15:39:40.077,2026-05-27 15:39:40.077,0,NULL,2026-05-27 15:39:40.390,7330,7330,0,RE-Report
26-041768,2026-05-27 13:39:20.000,22,WED,27,13,B,DAY,MIDS,POLICE,BOOT REMOVAL,3,Phone,"VALENTIN, EMERITA",NULL,2026-05-27 13:39:19.000,2026-05-27 14:26:57.000,2026-05-27 13:40:08.000,49,48,1,2026-05-27 14:49:56.987,4188,4188,0,2026-05-27 13:41:31.000,132,131,1,2026-05-27 14:49:56.987,4237,4237,0,2026-05-27 14:49:56.987,0,-9999,9999,2026-05-27 15:07:00.687,1024,1023,1,2026-05-27 15:42:03.333,2026-05-27 15:42:03.333,0,NULL,2026-05-27 15:42:04.420,7364,7364,0,NR-No Report
26-041769,2026-05-27 13:41:01.000,22,WED,27,13,B,DAY,MIDS,POLICE,TRNSPORT PRISONER MED LOCAL,4,Phone,"PEREZ, CARLOS","PEREZ, CARLOS",2026-05-27 13:40:59.000,2026-05-27 14:54:57.000,2026-05-27 13:41:46.000,47,45,2,2026-05-27 13:42:02.810,16,16,0,2026-05-27 13:43:49.000,170,168,2,2026-05-27 13:42:02.917,63,63,0,2026-05-27 13:42:02.917,0,0,0,2026-05-27 13:42:02.973,0,0,0,NULL,2026-05-27 16:07:22.000,0,NULL,NULL,8783,8783,0,NR-No Report
26-041770,2026-05-27 13:44:50.000,22,WED,27,13,B,DAY,MIDS,POLICE,WALK IN HQ LOBBY,3,Phone,"PATTERSON, JAHAIRA",NULL,2026-05-27 13:44:49.000,2026-06-01 13:55:30.000,2026-05-27 13:45:59.000,70,69,1,2026-06-01 14:14:28.560,433709,6747,426962,2026-05-27 13:46:56.000,127,126,1,2026-06-01 14:14:28.560,433779,-9999,443778,2026-06-01 14:14:28.560,0,-9999,9999,2026-06-01 14:14:32.783,4,4,0,2026-06-01 15:39:08.653,2026-05-27 18:12:28.000,1,2026-06-01 12:22:01.027,2026-06-01 15:39:08.693,16059,6859,9200,RE-Report
26-041771,2026-05-27 13:46:06.000,22,WED,27,13,B,DAY,MIDS,POLICE,PARKING COMPLAINT,4,Phone,"WALKER, KAREN",NULL,2026-05-27 13:46:04.000,NULL,2026-05-27 13:47:02.000,58,56,2,2026-05-27 14:02:25.840,923,923,0,2026-05-27 13:48:04.000,120,118,2,2026-05-27 14:02:25.840,981,981,0,2026-05-27 14:02:25.840,0,-9999,9999,2026-05-27 14:31:07.833,1722,1721,1,2026-05-27 14:38:00.957,2026-05-27 14:38:00.957,0,NULL,2026-05-27 14:38:02.313,3116,3116,0,NR-No Report
26-041774,2026-05-27 13:48:51.000,22,WED,27,13,B,DAY,MIDS,POLICE,MVC PROPERTY DAMAGE,2,Phone,"PATTERSON, JAHAIRA",NULL,2026-05-27 13:48:50.000,2026-05-27 13:50:15.000,2026-05-27 13:49:41.000,51,50,1,2026-05-27 13:56:27.047,406,406,0,2026-05-27 14:00:12.000,682,681,1,2026-05-27 13:56:27.047,457,457,0,2026-05-27 13:56:27.047,0,-9999,9999,2026-05-27 14:05:32.213,545,545,0,2026-05-27 14:12:54.280,2026-05-27 14:12:54.280,0,NULL,2026-05-27 14:12:54.367,1444,1444,0,NR-No Report
26-012890,2026-05-27 13:49:57.000,22,WED,27,13,B,DAY,MIDS,EMS,BLS EMERGENCY,3,E-911,"PEREZ, CARLOS",Automatic Dispatch,2026-05-27 13:49:56.000,2026-05-27 13:53:14.000,2026-05-27 13:51:25.000,89,88,1,2026-05-27 13:51:27.790,2,2,0,2026-05-27 13:52:49.000,173,172,1,2026-05-27 13:52:05.800,91,91,0,2026-05-27 13:52:05.800,38,38,0,2026-05-27 13:57:48.433,343,342,1,2026-05-27 14:14:47.640,2026-05-27 15:00:35.227,0,NULL,2026-05-27 15:00:35.410,4239,4239,0,UNDEFINED
26-012891,2026-05-27 13:56:37.010,22,WED,27,13,B,DAY,MIDS,EMS,MUTUAL ALS,1,C2C,CAD to CAD Service 1,CAD to CAD Service 1,2026-05-27 13:54:43.000,NULL,2026-05-27 13:56:37.667,114,0,114,2026-05-27 13:56:37.743,0,0,0,NULL,NULL,NULL,NULL,2026-05-27 13:56:50.867,114,129,-15,2026-05-27 13:56:50.867,13,13,0,2026-05-27 14:00:40.980,230,230,0,2026-05-27 14:13:36.640,2026-05-27 15:04:13.913,0,NULL,2026-05-27 15:04:14.013,4170,4170,0,UNDEFINED
26-012892,2026-05-27 13:56:47.000,22,WED,27,13,B,DAY,MIDS,FIRE,FIRE ALARM,3,Phone,"VALENTIN, EMERITA",Automatic Dispatch,2026-05-27 13:56:45.000,2026-05-27 13:58:50.000,2026-05-27 13:57:46.000,61,59,2,2026-05-27 13:57:48.677,2,2,0,2026-05-27 14:07:48.000,663,661,2,2026-05-27 13:58:34.377,63,63,0,2026-05-27 13:58:34.377,46,45,1,2026-05-27 14:03:27.413,293,293,0,2026-05-27 14:19:49.883,2026-05-27 14:19:49.883,0,NULL,2026-05-27 14:19:50.000,1384,1384,0,UNDEFINED
26-012893,2026-05-27 14:00:15.743,22,WED,27,14,B,DAY,LATE,EMS,MUTUAL BLS,1,C2C,CAD to CAD Service 1,CAD to CAD Service 1,2026-05-27 13:58:53.000,NULL,2026-05-27 14:00:16.213,83,0,83,2026-05-27 14:00:16.277,0,0,0,NULL,NULL,NULL,NULL,2026-05-27 14:01:33.050,83,-9999,10082,2026-05-27 14:01:33.050,77,76,1,2026-05-27 14:09:33.243,480,480,0,2026-05-27 14:56:34.473,2026-05-27 14:56:34.473,0,NULL,2026-05-27 14:56:34.673,3461,3461,0,UNDEFINED
26-041777,2026-05-27 14:08:59.000,22,WED,27,14,B,DAY,LATE,POLICE,SUICIDE IN PROG NO INJ,1,E-911,"PRIESTLY, SHAVAUGHN",NULL,2026-05-27 14:08:59.000,2026-05-27 14:09:46.000,2026-05-27 14:09:29.000,30,30,0,2026-05-27 14:10:20.860,51,51,0,2026-05-27 14:13:41.000,282,282,0,2026-05-27 14:10:23.137,81,81,0,2026-05-27 14:10:23.137,3,2,1,2026-05-27 14:15:06.990,283,283,0,2026-05-27 15:37:14.133,2026-05-28 03:13:05.347,0,NULL,2026-05-28 03:13:05.447,47046,47046,0,RE-Report
26-041780,2026-05-27 14:15:08.000,22,WED,27,14,B,DAY,LATE,POLICE,DOMESTIC VIOL NO INJ,2,E-911,"PRIESTLY, SHAVAUGHN","WALKER, JUANITA",2026-05-27 14:15:08.000,2026-05-27 14:18:24.000,2026-05-27 14:16:26.000,78,78,0,2026-05-27 14:20:20.270,234,234,0,2026-05-27 14:19:21.000,253,253,0,2026-05-27 14:21:01.667,312,312,0,2026-05-27 14:21:01.667,41,41,0,2026-05-27 14:29:00.037,479,478,1,2026-05-27 15:57:51.490,2026-05-27 17:42:41.067,0,NULL,2026-05-27 17:42:41.137,12453,12453,0,RE-Report
26-012894,2026-05-27 14:15:48.000,22,WED,27,14,B,DAY,LATE,EMS,TROUBLE BREATHING ALS 1,1,E-911,"GARCIA, VILMA","FLOURNOY, ERICKA",2026-05-27 14:15:48.000,2026-05-27 14:17:06.000,2026-05-27 14:16:30.000,42,42,0,2026-05-27 14:16:32.963,2,2,0,2026-05-27 14:21:38.000,350,350,0,2026-05-27 14:19:40.547,44,44,0,2026-05-27 14:19:40.547,188,187,1,2026-05-27 14:23:50.890,250,250,0,2026-05-27 14:35:44.517,2026-05-27 15:43:10.143,0,NULL,2026-05-27 15:43:10.233,5242,5242,0,UNDEFINED
26-012895,2026-05-27 14:23:20.683,22,WED,27,14,B,DAY,LATE,EMS,BLS EMERGENCY,3,NOT CAPTURED,"WALKER, JUANITA",Automatic Dispatch,2026-05-27 14:23:20.683,2026-05-27 14:24:13.000,2026-05-27 14:23:20.683,0,1,-1,2026-05-27 14:23:24.167,4,3,1,2026-05-27 14:23:20.683,0,NULL,0,2026-05-27 14:24:43.790,4,3,1,2026-05-27 14:24:43.790,79,79,0,2026-05-27 14:31:17.050,394,393,1,2026-05-27 16:01:13.967,2026-05-27 16:01:13.967,0,NULL,2026-05-27 16:01:14.053,5873,5873,0,UNDEFINED
26-041786,2026-05-27 14:25:53.000,22,WED,27,14,B,DAY,LATE,POLICE,OFF DUTY DETAIL,8,OFFICER,"JONES, MARCELL L",NULL,2026-05-27 14:25:53.000,2026-05-27 17:58:44.000,2026-05-27 14:25:53.000,0,1,-1,2026-05-27 14:25:53.000,0,0,0,2026-05-27 14:25:53.000,0,NULL,0,2026-05-27 14:25:53.000,0,0,0,2026-05-27 14:25:53.000,0,0,0,2026-05-27 14:25:53.000,0,0,0,2026-05-27 17:30:02.493,2026-05-27 19:06:42.883,0,NULL,2026-05-27 19:06:42.917,16849,16849,0,NR-No Report
26-041787,2026-05-27 14:25:58.000,22,WED,27,14,B,DAY,LATE,POLICE,WARRANT SERVICE,4,Phone,"PRIESTLY, SHAVAUGHN",NULL,2026-05-27 14:25:56.000,2026-05-27 14:26:38.000,2026-05-27 14:26:18.000,22,20,2,2026-05-27 14:34:51.050,513,513,0,2026-05-27 14:27:42.000,106,104,2,2026-05-27 14:34:53.047,535,535,0,2026-05-27 14:34:53.047,2,1,1,2026-05-27 14:51:06.320,973,973,0,2026-05-28 00:05:07.787,2026-05-28 00:05:07.787,0,NULL,2026-05-28 00:05:07.837,34751,34751,0,RE-Report
26-041791,2026-05-27 14:30:38.000,22,WED,27,14,B,DAY,LATE,POLICE,LARCENY RESIDENTIAL IN PROG,2,Phone,"PICKERAL, LAUREN","WALKER, JUANITA",2026-05-27 14:30:36.000,2026-05-27 14:34:28.000,2026-05-27 14:31:02.000,26,24,2,2026-05-27 14:58:59.880,1677,1677,0,2026-05-27 14:33:28.000,172,170,2,2026-05-27 14:59:05.093,1703,1703,0,2026-05-27 14:59:05.093,6,5,1,2026-05-27 15:10:29.577,684,684,0,2026-05-27 15:17:08.920,2026-05-27 15:22:49.203,0,NULL,2026-05-27 15:22:49.387,3133,3133,0,NR-No Report
26-012896,2026-05-27 14:31:41.000,22,WED,27,14,B,DAY,LATE,FIRE,FIRE ALARM,3,Phone,"VALENTIN, EMERITA",Automatic Dispatch,2026-05-27 14:31:39.000,2026-05-27 14:33:48.000,2026-05-27 14:32:09.000,30,28,2,2026-05-27 14:32:11.287,2,2,0,2026-05-27 14:32:50.000,71,69,2,2026-05-27 14:33:16.230,32,32,0,2026-05-27 14:33:16.230,65,64,1,2026-05-27 14:37:57.547,281,281,0,2026-05-27 14:45:32.907,2026-05-27 14:45:32.907,0,NULL,2026-05-27 14:45:33.107,833,833,0,UNDEFINED
26-012897,2026-05-27 14:33:07.000,22,WED,27,14,B,DAY,LATE,EMS,BLS EMERGENCY,3,E-911,"GARCIA, VILMA",Automatic Dispatch,2026-05-27 14:33:07.000,2026-05-27 14:35:11.000,2026-05-27 14:33:48.000,41,41,0,2026-05-27 14:33:50.797,2,2,0,2026-05-27 14:35:22.000,135,135,0,2026-05-27 14:34:21.467,43,43,0,2026-05-27 14:34:21.467,31,30,1,2026-05-27 14:38:07.610,226,226,0,2026-05-27 14:48:54.040,2026-05-27 15:23:18.297,0,NULL,2026-05-27 15:23:18.327,3011,3011,0,CAD2CAD
26-012898,2026-05-27 14:45:39.000,22,WED,27,14,B,DAY,LATE,EMS,TROUBLE BREATHING ALS 1,1,Phone,"GARCIA, VILMA",Automatic Dispatch,2026-05-27 14:45:39.000,2026-05-27 14:48:27.000,2026-05-27 14:45:55.000,16,16,0,2026-05-27 14:45:58.343,3,3,0,2026-05-27 14:50:57.000,318,318,0,2026-05-27 14:47:21.887,19,19,0,2026-05-27 14:47:21.887,83,83,0,2026-05-27 14:50:58.357,217,216,1,2026-05-27 15:14:12.747,2026-05-27 16:37:05.123,0,NULL,2026-05-27 16:37:05.360,6686,6686,0,CAD2CAD
26-012899,2026-05-27 14:49:40.407,22,WED,27,14,B,DAY,LATE,FIRE,MUTUAL AID,1,C2C,CAD to CAD Service 1,CAD to CAD Service 1,2026-05-27 14:31:10.047,2026-05-27 14:51:33.000,2026-05-27 14:49:41.000,1111,0,1111,2026-05-27 14:49:41.047,0,0,0,NULL,NULL,NULL,NULL,2026-05-27 14:49:42.423,1111,1270,-159,2026-05-27 14:49:42.423,1,0,1,2026-05-27 14:49:42.423,0,0,0,2026-05-27 14:55:22.100,2026-05-27 16:59:10.317,0,NULL,2026-05-27 16:59:10.350,8880,8880,0,CAD2CAD
26-012900,2026-05-27 14:56:20.517,22,WED,27,14,B,DAY,LATE,FIRE,MUTUAL STRUCTURE FIRE,1,C2C,CAD to CAD Service 1,CAD to CAD Service 1,2026-05-27 14:52:52.000,2026-05-27 15:07:54.000,2026-05-27 14:56:21.017,209,0,209,2026-05-27 14:56:21.203,0,0,0,NULL,NULL,NULL,NULL,2026-05-27 14:56:48.003,209,556,-347,2026-05-27 14:56:48.003,27,26,1,2026-05-27 15:00:08.103,200,200,0,2026-05-27 14:59:50.803,2026-05-27 15:19:42.357,0,NULL,2026-05-27 15:19:42.467,1610,1610,0,CAD2CAD
26-012901,2026-05-27 14:59:37.000,22,WED,27,14,B,DAY,LATE,EMS,ALTERED LOC ALS 1,1,E-911,"PRIESTLY, SHAVAUGHN",Automatic Dispatch,2026-05-27 14:59:37.000,2026-05-27 15:01:19.000,2026-05-27 15:00:21.000,44,44,0,2026-05-27 15:00:24.033,3,3,0,2026-05-27 15:03:09.000,212,212,0,2026-05-27 15:01:39.907,47,47,0,2026-05-27 15:01:39.907,75,75,0,2026-05-27 15:07:38.193,359,358,1,2026-05-27 15:14:43.110,2026-05-27 15:52:13.887,0,NULL,2026-05-27 15:52:13.963,3156,3156,0,UNDEFINED
26-041798,2026-05-27 15:00:12.000,22,WED,27,15,B,DAY,LATE,POLICE,TRESPASSING DELAY,4,Phone,"PICKERAL, LAUREN",NULL,2026-05-27 15:00:10.000,2026-05-27 15:04:10.000,2026-05-27 15:00:28.000,18,16,2,2026-05-27 15:14:34.550,846,846,0,2026-05-27 15:02:26.000,136,134,2,2026-05-27 15:14:47.280,864,864,0,2026-05-27 15:14:47.280,13,12,1,2026-05-27 15:38:54.920,1447,1447,0,2026-05-27 15:23:59.103,2026-05-28 00:59:58.173,0,NULL,2026-05-28 00:59:58.297,35988,35988,0,RE-Report
26-041799,2026-05-27 15:00:56.000,22,WED,27,15,B,DAY,LATE,POLICE,ASSAULT NO INJURY IN PROG,2,E-911,"PEREZ, CARLOS","WALKER, JUANITA",2026-05-27 15:00:55.000,2026-05-27 15:06:58.000,2026-05-27 15:06:47.000,352,351,1,2026-05-27 15:13:36.290,409,409,0,2026-05-27 15:10:01.000,546,545,1,2026-05-27 15:13:52.687,761,761,0,2026-05-27 15:13:52.687,16,16,0,2026-05-27 15:42:08.857,1696,1696,0,2026-05-27 18:35:38.220,2026-05-27 19:02:23.427,0,NULL,2026-05-27 19:02:23.467,14488,14488,0,RE-Report
26-012902,2026-05-27 15:02:17.830,22,WED,27,15,B,DAY,LATE,EMS,MUTUAL ALS,1,C2C,CAD to CAD Service 1,CAD to CAD Service 1,2026-05-27 15:01:34.000,NULL,2026-05-27 15:02:18.440,44,0,44,2026-05-27 15:02:18.503,0,0,0,NULL,NULL,NULL,NULL,2026-05-27 15:03:13.650,44,53,-9,2026-05-27 15:03:13.650,55,55,0,2026-05-27 15:08:32.493,319,318,1,2026-05-27 15:28:27.423,2026-05-27 16:16:35.623,0,NULL,2026-05-27 16:16:35.707,4501,4501,0,UNDEFINED
26-041802,2026-05-27 15:04:53.000,22,WED,27,15,B,DAY,LATE,POLICE,POLICE INFORMATION,4,Phone,"VALENTIN, EMERITA",NULL,2026-05-27 15:04:51.000,2026-05-27 15:08:13.000,2026-05-27 15:08:03.000,192,190,2,2026-05-27 19:06:43.000,14320,14319,1,2026-05-27 15:12:14.000,443,441,2,2026-05-27 19:06:43.077,14512,14511,1,2026-05-27 19:06:43.077,0,0,0,2026-05-27 19:14:18.893,455,455,0,2026-05-28 04:25:14.857,2026-05-28 04:25:14.857,0,NULL,2026-05-28 04:25:14.930,48023,48023,0,RE-Report
26-012903,2026-05-27 15:07:33.000,22,WED,27,15,B,DAY,LATE,FIRE,FIRE ALARM,3,Phone,"PATTERSON, JAHAIRA",Automatic Dispatch,2026-05-27 15:07:31.000,2026-05-27 15:09:40.000,2026-05-27 15:08:06.000,35,33,2,2026-05-27 15:08:08.080,2,2,0,2026-05-27 15:13:54.000,383,381,2,2026-05-27 15:09:40.597,37,37,0,2026-05-27 15:09:40.597,92,92,0,2026-05-27 15:13:25.420,225,224,1,2026-05-27 15:23:47.497,2026-05-27 15:23:47.497,0,NULL,2026-05-27 15:23:47.727,976,976,0,UNDEFINED
26-041804,2026-05-27 15:07:46.000,22,WED,27,15,B,DAY,LATE,POLICE,DOMESTIC VIOL NO INJ,2,E-911,"GARCIA, VILMA",NULL,2026-05-27 15:07:46.000,2026-05-27 15:10:26.000,2026-05-27 15:08:52.000,66,66,0,2026-05-27 16:13:52.863,3900,3900,0,2026-05-27 15:10:22.000,156,156,0,2026-05-27 16:13:52.947,3966,3966,0,2026-05-27 16:13:52.947,0,0,0,2026-05-27 16:25:25.697,693,692,1,2026-05-27 18:13:09.953,2026-05-27 20:51:06.303,0,NULL,2026-05-27 20:51:06.313,20600,20600,0,RE-Report
26-041805,2026-05-27 15:08:43.000,22,WED,27,15,B,DAY,LATE,POLICE,SUSPICIOUS EVENT,2,Phone,"PRIESTLY, SHAVAUGHN","WALKER, JUANITA",2026-05-27 15:08:41.000,2026-05-27 15:11:03.000,2026-05-27 15:09:23.000,42,40,2,2026-05-27 15:13:07.710,224,224,0,2026-05-27 15:14:07.000,326,324,2,2026-05-27 15:13:11.853,266,266,0,2026-05-27 15:13:11.853,4,4,0,2026-05-27 15:24:59.560,708,707,1,2026-05-27 15:57:09.863,2026-05-27 15:57:09.863,0,NULL,2026-05-27 15:57:09.930,2908,2908,0,NR-No Report
26-012904,2026-05-27 15:12:28.307,22,WED,27,15,B,DAY,LATE,EMS,MUTUAL ALS,1,C2C,CAD to CAD Service 1,CAD to CAD Service 1,2026-05-27 15:12:04.893,NULL,2026-05-27 15:12:28.853,24,0,24,2026-05-27 15:12:28.917,0,0,0,NULL,NULL,NULL,NULL,2026-05-27 15:13:23.317,24,40,-16,2026-05-27 15:13:23.317,55,38,17,2026-05-27 15:14:57.490,94,94,0,2026-05-27 15:15:07.180,2026-05-27 18:03:36.473,0,NULL,2026-05-27 18:03:36.820,10292,10291,1,UNDEFINED
26-012905,2026-05-27 15:13:30.273,22,WED,27,15,B,DAY,LATE,FIRE,MUTUAL AID,1,C2C,CAD to CAD Service 1,CAD to CAD Service 1,2026-05-27 15:13:01.000,NULL,2026-05-27 15:13:30.727,29,0,29,2026-05-27 15:13:30.773,0,0,0,NULL,NULL,NULL,NULL,2026-05-27 15:13:32.883,29,40,-11,2026-05-27 15:13:32.883,2,0,2,2026-05-27 15:17:18.220,226,225,1,2026-05-27 15:20:03.253,2026-05-27 15:40:12.773,0,NULL,2026-05-27 15:40:12.820,1631,1631,0,CAD2CAD
26-041806,2026-05-27 15:16:03.000,22,WED,27,15,B,DAY,LATE,POLICE,GLA DELAY,4,Phone,"VALENTIN, EMERITA","DOGAN, KYLAH",2026-05-27 15:16:01.000,2026-05-27 15:23:09.000,2026-05-27 15:16:53.000,52,50,2,2026-05-27 22:16:57.800,25204,25204,0,2026-05-27 16:13:54.000,3473,3471,2,2026-05-27 22:17:02.203,25256,25256,0,2026-05-27 22:17:02.203,5,4,1,2026-05-27 22:30:03.847,781,781,0,NULL,2026-05-27 22:41:43.000,0,NULL,NULL,26742,26742,0,NR-No Report
26-012906,2026-05-27 15:16:45.117,22,WED,27,15,B,DAY,LATE,EMS,MUTUAL ALS,1,C2C,CAD to CAD Service 1,CAD to CAD Service 1,2026-05-27 15:16:01.000,NULL,2026-05-27 15:16:45.677,44,0,44,2026-05-27 15:16:45.787,0,0,0,NULL,NULL,NULL,NULL,2026-05-27 15:16:51.247,44,58,-14,2026-05-27 15:16:51.247,6,5,1,2026-05-27 15:23:18.217,387,386,1,2026-05-27 15:17:41.570,2026-05-27 16:18:51.500,0,NULL,2026-05-27 16:18:51.530,3770,3770,0,CAD2CAD
26-012908,2026-05-27 15:17:19.000,22,WED,27,15,B,DAY,LATE,FIRE,FIRE ALARM,3,Phone,"GARCIA, VILMA",Automatic Dispatch,2026-05-27 15:17:18.000,2026-05-27 15:21:07.000,2026-05-27 15:19:45.000,147,146,1,2026-05-27 15:19:47.327,2,2,0,2026-05-27 15:19:59.000,161,160,1,2026-05-27 15:20:49.313,149,149,0,2026-05-27 15:20:49.313,62,61,1,2026-05-27 15:23:24.893,155,155,0,2026-05-27 15:35:33.217,2026-05-27 15:35:33.217,0,NULL,2026-05-27 15:35:33.460,1095,1095,0,UNDEFINED
26-012907,2026-05-27 15:17:43.000,22,WED,27,15,B,DAY,LATE,EMS,TROUBLE BREATHING ALS 1,1,E-911,"WELCH, KIMBERLY",Automatic Dispatch,2026-05-27 15:17:43.000,2026-05-27 15:19:12.000,2026-05-27 15:18:49.000,66,66,0,2026-05-27 15:18:52.917,3,3,0,2026-05-27 15:25:51.000,488,488,0,2026-05-27 15:19:28.423,69,69,0,2026-05-27 15:19:28.423,36,35,1,2026-05-27 15:22:39.113,191,190,1,2026-05-27 15:55:34.197,2026-05-27 16:54:48.007,0,NULL,2026-05-27 16:54:48.053,5825,5825,0,CAD2CAD
26-041809,2026-05-27 15:18:50.000,22,WED,27,15,B,DAY,LATE,POLICE,DISORDERLY CONDUCT,2,Phone,"PATTERSON, JAHAIRA","WALKER, JUANITA",2026-05-27 15:18:48.000,2026-05-27 15:33:31.000,2026-05-27 15:22:12.000,204,202,2,2026-05-27 15:33:42.350,690,690,0,2026-05-27 15:24:58.000,370,368,2,2026-05-27 15:33:48.653,894,894,0,2026-05-27 15:33:48.653,6,6,0,2026-05-27 16:00:24.260,1596,1595,1,2026-05-27 18:54:10.633,2026-05-27 18:54:10.633,0,NULL,2026-05-27 18:54:10.760,12922,12922,0,NR-No Report
26-041808,2026-05-27 15:20:02.000,22,WED,27,15,B,DAY,LATE,POLICE,SUSPICIOUS EVENT,4,Phone,"MAIORIELLO, BERMARI","WALKER, JUANITA",2026-05-27 15:20:00.000,2026-05-27 15:22:53.000,2026-05-27 15:21:49.000,109,107,2,2026-05-27 15:29:50.563,481,481,0,2026-05-27 15:23:17.000,197,195,2,2026-05-27 15:29:53.940,590,590,0,2026-05-27 15:29:53.940,3,3,0,2026-05-27 15:29:53.940,0,0,0,2026-05-27 16:01:44.933,2026-05-27 16:01:44.933,0,NULL,2026-05-27 16:01:45.010,2504,2504,0,NR-No Report
26-041810,2026-05-27 15:26:47.000,22,WED,27,15,B,DAY,LATE,POLICE,TRAFFIC STOP,2,OFFICER,"MAYNARD, BRUCE S",NULL,2026-05-27 15:26:47.000,2026-05-27 15:28:32.000,2026-05-27 15:26:47.000,0,2,-2,2026-05-27 15:26:47.000,0,0,0,2026-05-27 15:26:47.000,0,NULL,0,2026-05-27 15:26:47.000,0,0,0,2026-05-27 15:26:47.000,0,0,0,2026-05-27 15:26:47.000,0,0,0,2026-05-27 15:35:35.893,2026-05-27 15:35:35.893,0,NULL,2026-05-27 15:35:36.007,528,528,0,NR-No Report
26-012909,2026-05-27 15:44:35.067,22,WED,27,15,B,DAY,LATE,EMS,MUTUAL BLS,1,C2C,CAD to CAD Service 1,CAD to CAD Service 1,2026-05-27 15:40:26.000,NULL,2026-05-27 15:44:35.707,249,0,249,2026-05-27 15:44:35.817,0,0,0,NULL,NULL,NULL,NULL,2026-05-27 15:45:37.093,249,-9999,10248,2026-05-27 15:45:37.093,62,55,7,2026-05-27 15:51:31.367,354,354,0,2026-05-27 16:04:25.893,2026-05-27 17:13:56.503,0,NULL,2026-05-27 17:13:56.550,5610,5610,0,CAD2CAD
26-041814,2026-05-27 15:48:03.000,22,WED,27,15,B,DAY,LATE,POLICE,WALK IN HQ LOBBY,3,Phone,"MAIORIELLO, BERMARI","SMITH, SHAVAUGHN",2026-05-27 15:48:01.000,2026-05-27 15:53:07.000,2026-05-27 15:48:37.000,36,34,2,2026-05-27 16:41:30.027,3173,3173,0,2026-05-27 15:54:30.000,389,387,2,2026-05-27 16:41:30.110,3209,3209,0,2026-05-27 16:41:30.110,0,0,0,NULL,NULL,-9999,NULL,2026-05-27 17:05:14.817,2026-05-27 17:05:14.817,0,NULL,2026-05-27 17:05:14.853,4633,4633,0,NR-No Report
26-041815,2026-05-27 15:51:59.000,22,WED,27,15,B,DAY,LATE,POLICE,TRAFFIC STOP,2,OFFICER,"REEVE, DANIEL",NULL,2026-05-27 15:51:59.000,2026-05-27 15:52:13.000,2026-05-27 15:51:59.000,0,2,-2,2026-05-27 15:51:59.000,0,0,0,2026-05-27 15:51:59.000,0,NULL,0,2026-05-27 15:51:59.000,0,0,0,2026-05-27 15:51:59.000,0,0,0,2026-05-27 15:51:59.000,0,0,0,2026-05-27 16:06:01.110,2026-05-27 16:06:01.110,0,NULL,2026-05-27 16:06:01.193,842,842,0,CI-Citation
26-041816,2026-05-27 15:52:28.000,22,WED,27,15,B,DAY,LATE,POLICE,PARKING COMPLAINT,4,Phone,"PRIESTLY, SHAVAUGHN",NULL,2026-05-27 15:52:25.000,NULL,2026-05-27 15:53:10.000,45,42,3,2026-05-27 15:54:07.500,57,57,0,2026-05-27 15:53:59.000,94,91,3,2026-05-27 15:54:07.500,102,102,0,2026-05-27 15:54:07.500,0,-9999,9999,2026-05-27 16:04:39.947,632,632,0,2026-05-27 16:13:21.910,2026-05-27 16:13:21.910,0,NULL,2026-05-27 16:13:22.243,1256,1256,0,CI-Citation
26-041819,2026-05-27 15:58:48.000,22,WED,27,15,B,DAY,LATE,POLICE,TRAFFIC STOP,2,OFFICER,"GARCIA, MICHAEL S",NULL,2026-05-27 15:58:48.000,2026-05-27 15:58:54.000,2026-05-27 15:58:48.000,0,1,-1,2026-05-27 15:58:48.000,0,0,0,2026-05-27 15:58:48.000,0,NULL,0,2026-05-27 15:58:48.000,0,0,0,2026-05-27 15:58:48.000,0,0,0,2026-05-27 15:58:48.000,0,0,0,2026-05-27 16:03:09.860,2026-05-27 16:03:09.860,0,NULL,2026-05-27 16:03:10.103,261,261,0,NR-No Report
26-041820,2026-05-27 16:00:50.000,22,WED,27,16,B,DAY,LATE,POLICE,OFF DUTY DETAIL,8,OFFICER,"WARREN, SHAKITA L",NULL,2026-05-27 16:00:50.000,2026-05-27 17:58:30.000,2026-05-27 16:00:50.000,0,0,0,2026-05-27 16:00:50.000,0,0,0,2026-05-27 16:00:50.000,0,NULL,0,2026-05-27 16:00:50.000,0,0,0,2026-05-27 16:00:50.000,0,0,0,2026-05-27 16:00:50.000,0,0,0,2026-05-27 19:29:24.873,2026-05-27 21:10:35.273,0,NULL,2026-05-27 21:10:35.437,18585,18585,0,DUPPD-Duplicate Police
26-041821,2026-05-27 16:08:48.000,22,WED,27,16,B,DAY,LATE,POLICE,TRAFFIC STOP,2,OFFICER,"MAYNARD, BRUCE S",NULL,2026-05-27 16:08:48.000,2026-05-27 16:09:04.000,2026-05-27 16:08:48.000,0,5,-5,2026-05-27 16:08:48.000,0,0,0,2026-05-27 16:08:48.000,0,NULL,0,2026-05-27 16:08:48.000,0,0,0,2026-05-27 16:08:48.000,0,0,0,2026-05-27 16:08:48.000,0,0,0,2026-05-27 16:15:25.570,2026-05-27 16:15:25.570,0,NULL,2026-05-27 16:15:25.647,397,397,0,NR-No Report
26-041826,2026-05-27 16:14:01.000,22,WED,27,16,B,DAY,LATE,POLICE,MENTAL HEALTH CASE,2,Phone,"VALENTIN, EMERITA",NULL,2026-05-27 16:13:59.000,2026-05-27 16:20:29.000,2026-05-27 16:15:00.000,61,59,2,2026-05-27 16:53:29.740,2309,2309,0,2026-05-27 16:30:10.000,971,969,2,2026-05-27 16:53:33.360,2370,2370,0,2026-05-27 16:53:33.360,4,3,1,2026-05-27 17:01:51.933,498,498,0,2026-05-27 18:42:54.877,2026-05-28 00:59:34.167,0,NULL,2026-05-28 00:59:34.250,31535,31535,0,RE-Report
26-041828,2026-05-27 16:19:50.000,22,WED,27,16,B,DAY,LATE,POLICE,LARCENY COMM IN PROG,2,Phone,"MAIORIELLO, BERMARI",NULL,2026-05-27 16:19:48.000,2026-05-27 16:21:22.000,2026-05-27 16:21:00.000,72,70,2,2026-05-27 16:24:30.220,210,210,0,2026-05-27 16:21:44.000,116,114,2,2026-05-27 16:24:30.263,282,282,0,2026-05-27 16:24:30.263,0,0,0,2026-05-27 16:31:31.763,421,421,0,2026-05-27 22:45:28.163,2026-05-27 22:45:28.163,0,NULL,2026-05-27 22:45:28.223,23140,23140,0,RE-Report
26-041829,2026-05-27 16:20:40.000,22,WED,27,16,B,DAY,LATE,POLICE,DISORDERLY CONDUCT,2,Phone,"PICKERAL, LAUREN","SMITH, SHAVAUGHN",2026-05-27 16:20:39.000,2026-05-27 16:21:33.000,2026-05-27 16:21:24.000,45,44,1,2026-05-27 16:24:20.123,176,176,0,2026-05-27 16:22:26.000,107,106,1,2026-05-27 16:24:20.177,221,221,0,2026-05-27 16:24:20.177,0,0,0,2026-05-27 16:32:25.670,485,485,0,2026-05-27 16:38:59.420,2026-05-27 16:38:59.420,0,NULL,2026-05-27 16:38:59.500,1100,1100,0,NR-No Report
26-041830,2026-05-27 16:23:08.000,22,WED,27,16,B,DAY,LATE,POLICE,TRAFFIC STOP,2,OFFICER,"MAYNARD, BRUCE S",NULL,2026-05-27 16:23:08.000,2026-05-27 16:23:12.000,2026-05-27 16:23:08.000,0,1,-1,2026-05-27 16:23:08.000,0,0,0,2026-05-27 16:23:08.000,0,NULL,0,2026-05-27 16:23:08.000,0,0,0,2026-05-27 16:23:08.000,0,0,0,2026-05-27 16:23:08.000,0,0,0,2026-05-27 16:29:25.707,2026-05-27 16:29:25.707,0,NULL,2026-05-27 16:29:25.967,377,377,0,NR-No Report
26-041832,2026-05-27 16:25:20.000,22,WED,27,16,B,DAY,LATE,POLICE,ANIMAL SICK-INJURED,2,Phone,"VALENTIN, EMERITA","PICKERAL, LAUREN",2026-05-27 16:25:19.000,2026-05-27 16:31:08.000,2026-05-27 16:25:33.000,14,13,1,2026-05-27 16:41:27.833,954,954,0,2026-05-27 16:30:08.000,289,288,1,2026-05-27 16:41:27.987,968,968,0,2026-05-27 16:41:27.987,0,0,0,2026-05-27 16:41:28.043,1,0,1,2026-05-27 16:41:35.333,2026-05-27 16:41:35.333,0,NULL,2026-05-27 16:41:35.540,976,976,0,ACOR-Animal Control Report
26-041833,2026-05-27 16:31:56.000,22,WED,27,16,B,DAY,LATE,POLICE,MVC PROPERTY DAMAGE,2,Phone,"GARCIA, VILMA","SMITH, SHAVAUGHN",2026-05-27 16:31:56.000,2026-05-27 16:35:24.000,2026-05-27 16:33:27.000,91,91,0,2026-05-27 16:36:34.540,187,187,0,2026-05-27 16:35:49.000,233,233,0,2026-05-27 16:36:34.587,278,278,0,2026-05-27 16:36:34.587,0,0,0,2026-05-27 16:53:10.640,996,996,0,2026-05-27 17:33:35.550,2026-05-27 17:33:35.550,0,NULL,2026-05-27 17:33:35.663,3699,3699,0,NR-No Report
26-041835,2026-05-27 16:37:40.000,22,WED,27,16,B,DAY,LATE,POLICE,MVC HIT/RUN NO INJ DELAY,4,Phone,"VALENTIN, EMERITA","WALKER, LATITIA",2026-05-27 16:37:38.000,2026-05-27 17:52:45.000,2026-05-27 16:39:17.000,99,97,2,2026-05-27 19:00:11.727,8454,8454,0,2026-05-27 17:49:41.000,4323,4321,2,2026-05-27 19:00:15.077,8553,8553,0,2026-05-27 19:00:15.077,4,3,1,2026-05-27 19:19:45.467,1170,1170,0,2026-05-27 22:44:04.607,2026-05-27 22:44:04.607,0,NULL,2026-05-27 22:44:04.700,21986,21986,0,RE-Report
26-012910,2026-05-27 16:38:22.000,22,WED,27,16,B,DAY,LATE,EMS,SEIZURE ALS 1,1,E-911,"PEREZ, CARLOS",Automatic Dispatch,2026-05-27 16:38:22.000,2026-05-27 16:39:20.000,2026-05-27 16:39:01.000,39,39,0,2026-05-27 16:39:04.137,3,3,0,2026-05-27 16:40:40.000,138,138,0,2026-05-27 16:40:11.140,42,42,0,2026-05-27 16:40:11.140,67,67,0,2026-05-27 16:45:39.973,328,328,0,2026-05-27 16:56:13.907,2026-05-27 18:20:24.313,0,NULL,2026-05-27 18:20:24.583,6122,6122,0,UNDEFINED
26-041834,2026-05-27 16:38:56.000,22,WED,27,16,B,DAY,LATE,POLICE,TRAFFIC STOP,2,OFFICER,"YOUNG, JAMES K",NULL,2026-05-27 16:38:56.000,2026-05-27 16:39:04.000,2026-05-27 16:38:56.000,0,1,-1,2026-05-27 16:38:56.000,0,0,0,2026-05-27 16:38:56.000,0,NULL,0,2026-05-27 16:38:56.000,0,0,0,2026-05-27 16:38:56.000,0,0,0,2026-05-27 16:38:56.000,0,0,0,2026-05-27 16:44:37.783,2026-05-27 16:44:37.783,0,NULL,2026-05-27 16:44:38.613,341,341,0,CI-Citation
26-041836,2026-05-27 16:45:07.000,22,WED,27,16,B,DAY,LATE,POLICE,FLAG DOWN,2,OFFICER,"MCGINNIS, WILLIAM",NULL,2026-05-27 16:45:07.000,2026-05-27 16:45:20.000,2026-05-27 16:45:07.000,0,1,-1,2026-05-27 16:45:07.000,0,0,0,2026-05-27 16:45:07.000,0,NULL,0,2026-05-27 16:45:07.000,0,0,0,2026-05-27 16:45:07.000,0,0,0,2026-05-27 16:45:07.000,0,0,0,2026-05-27 17:24:50.277,2026-05-27 17:24:50.277,0,NULL,2026-05-27 17:24:50.380,2383,2383,0,NR-No Report
26-041839,2026-05-27 16:48:55.000,22,WED,27,16,B,DAY,LATE,POLICE,911 HANG UP,2,E-911,"GARCIA, VILMA","SMITH, SHAVAUGHN",2026-05-27 16:48:55.000,2026-05-27 16:50:47.000,2026-05-27 16:49:17.000,22,22,0,2026-05-27 16:51:14.937,117,117,0,2026-05-27 16:49:25.000,30,30,0,2026-05-27 16:51:17.100,139,139,0,2026-05-27 16:51:17.100,3,2,1,2026-05-27 16:56:29.993,312,312,0,2026-05-27 16:52:49.257,2026-05-27 18:51:17.000,0,NULL,NULL,7342,7342,0,NR-No Report
26-041840,2026-05-27 16:49:13.000,22,WED,27,16,B,DAY,LATE,POLICE,MENTAL HEALTH CASE,2,E-911,"PEREZ, CARLOS","SMITH, SHAVAUGHN",2026-05-27 16:49:13.000,2026-05-27 16:53:46.000,2026-05-27 16:53:07.000,234,234,0,2026-05-27 17:00:10.560,423,423,0,2026-05-27 16:53:53.000,280,280,0,2026-05-27 17:00:12.843,657,657,0,2026-05-27 17:00:12.843,2,2,0,2026-05-27 17:05:16.247,304,303,1,2026-05-27 17:17:30.557,2026-05-27 17:58:13.750,0,NULL,2026-05-27 17:58:13.757,4140,4140,0,NR-No Report
26-012912,2026-05-27 16:57:10.000,22,WED,27,16,B,DAY,LATE,FIRE,VEHICLE FIRE,1,E-911,"SWINTON, LATOYA",Automatic Dispatch,2026-05-27 16:57:09.000,2026-05-27 16:58:40.000,2026-05-27 16:58:12.000,63,62,1,2026-05-27 16:58:13.933,1,1,0,2026-05-27 17:00:40.000,211,210,1,2026-05-27 16:59:28.303,64,64,0,2026-05-27 16:59:28.303,75,74,1,2026-05-27 17:06:01.883,393,393,0,2026-05-27 17:14:44.333,2026-05-27 17:14:44.333,0,NULL,2026-05-27 17:14:44.463,1055,1055,0,UNDEFINED
26-041841,2026-05-27 16:58:12.000,22,WED,27,16,B,DAY,LATE,POLICE,MVC PROPERTY DAMAGE,2,E-911,"SWINTON, LATOYA","SMITH, SHAVAUGHN",2026-05-27 16:58:12.000,2026-05-27 16:58:18.000,2026-05-27 16:58:12.000,0,NULL,0,2026-05-27 17:01:36.337,204,204,0,2026-05-27 16:58:12.000,0,0,0,2026-05-27 17:01:36.417,204,204,0,2026-05-27 17:01:36.417,0,0,0,2026-05-27 17:20:55.070,1159,1158,1,2026-05-27 17:41:06.300,2026-05-27 17:41:06.300,0,NULL,2026-05-27 17:41:06.387,2574,2574,0,NR-No Report
26-041843,2026-05-27 17:01:12.000,22,WED,27,17,B,DAY,LATE,POLICE,MVC PROPERTY DAMAGE,2,E-911,"GARCIA, VILMA","SMITH, SHAVAUGHN",2026-05-27 17:01:11.000,2026-05-27 17:02:31.000,2026-05-27 17:02:16.000,65,64,1,2026-05-27 17:06:55.630,279,279,0,2026-05-27 17:03:42.000,151,150,1,2026-05-27 17:06:55.690,344,344,0,2026-05-27 17:06:55.690,0,0,0,2026-05-27 17:09:36.850,161,161,0,2026-05-27 19:45:00.707,2026-05-27 19:45:00.707,0,NULL,2026-05-27 19:45:00.827,9829,9829,0,NR-No Report
26-041844,2026-05-27 17:15:40.000,22,WED,27,17,B,DAY,LATE,POLICE,DISORDERLY CONDUCT,2,Phone,"PICKERAL, LAUREN","SMITH, SHAVAUGHN",2026-05-27 17:15:39.000,2026-05-27 17:21:09.000,2026-05-27 17:16:00.000,21,20,1,2026-05-27 17:21:30.117,330,330,0,2026-05-27 17:16:53.000,74,73,1,2026-05-27 17:21:33.857,351,351,0,2026-05-27 17:21:33.857,3,3,0,2026-05-27 17:26:44.313,311,310,1,2026-05-27 17:24:18.487,2026-05-27 18:15:54.393,0,NULL,2026-05-27 18:15:54.480,3615,3615,0,NR-No Report
26-041845,2026-05-27 17:30:58.000,22,WED,27,17,B,DAY,LATE,POLICE,POLICE INFORMATION,4,E-911,"PEREZ, CARLOS",NULL,2026-05-27 17:30:58.000,2026-05-27 17:32:06.000,2026-05-27 17:31:57.000,59,59,0,2026-05-27 17:32:21.913,24,24,0,2026-05-27 17:47:05.000,967,967,0,2026-05-27 17:32:53.080,83,83,0,2026-05-27 17:32:53.080,32,31,1,2026-05-27 17:36:20.360,207,207,0,2026-05-27 17:33:12.283,2026-05-27 21:53:40.740,0,NULL,2026-05-27 21:53:40.800,15762,15762,0,RE-Report
26-012914,2026-05-27 17:37:01.000,22,WED,27,17,B,DAY,LATE,EMS,ALTERED LOC ALS 1,1,E-911,"GARCIA, VILMA",Automatic Dispatch,2026-05-27 17:37:01.000,2026-05-27 17:38:09.000,2026-05-27 17:37:59.000,58,58,0,2026-05-27 17:38:01.253,2,2,0,2026-05-27 17:39:57.000,176,176,0,2026-05-27 17:39:15.693,60,60,0,2026-05-27 17:39:15.693,74,74,0,2026-05-27 17:42:29.850,194,194,0,2026-05-27 18:06:15.267,2026-05-27 19:56:04.287,0,NULL,2026-05-27 19:56:04.380,8343,8343,0,UNDEFINED
26-041846,2026-05-27 17:43:57.000,22,WED,27,17,B,DAY,LATE,POLICE,LARCENY COMM IN PROG,2,E-911,"PEREZ, CARLOS","WALKER, JUANITA",2026-05-27 17:43:57.000,2026-05-27 17:47:04.000,2026-05-27 17:46:41.000,164,164,0,2026-05-27 17:47:10.487,29,29,0,2026-05-27 17:46:52.000,175,175,0,2026-05-27 17:47:14.180,193,193,0,2026-05-27 17:47:14.180,4,3,1,2026-05-27 17:48:19.600,65,65,0,2026-05-27 18:24:05.037,2026-05-27 18:24:05.037,0,NULL,2026-05-27 18:24:05.070,2408,2408,0,RE-Report
26-041847,2026-05-27 17:45:40.000,22,WED,27,17,B,DAY,LATE,POLICE,WALK IN HQ LOBBY,3,Phone,"GARCIA, VILMA",NULL,2026-05-27 17:45:38.000,2026-05-27 17:48:26.000,2026-05-27 17:46:41.000,63,61,2,2026-05-27 18:14:58.770,1697,1697,0,2026-05-27 17:48:45.000,187,185,2,2026-05-27 18:15:24.340,1760,1760,0,2026-05-27 18:15:24.340,26,25,1,2026-05-27 18:15:24.340,0,0,0,2026-05-27 22:43:02.860,2026-05-27 22:43:02.860,0,NULL,2026-05-27 22:43:03.107,17844,17844,0,RE-Report
26-041848,2026-05-27 17:49:51.000,22,WED,27,17,B,DAY,LATE,POLICE,TRAFFIC STOP,2,OFFICER,"MAYNARD, BRUCE S",NULL,2026-05-27 17:49:51.000,2026-05-27 17:50:10.000,2026-05-27 17:49:51.000,0,1,-1,2026-05-27 17:49:51.000,0,0,0,2026-05-27 17:49:51.000,0,NULL,0,2026-05-27 17:49:51.000,0,0,0,2026-05-27 17:49:51.000,0,0,0,2026-05-27 17:49:51.000,0,0,0,2026-05-27 17:58:22.237,2026-05-27 17:58:22.237,0,NULL,2026-05-27 17:58:22.307,511,511,0,NR-No Report
26-041851,2026-05-27 18:04:51.000,22,WED,27,18,B,DAY,EARLY,POLICE,TRAFFIC STOP,2,OFFICER,"MAYNARD, BRUCE S",NULL,2026-05-27 18:04:51.000,2026-05-27 18:05:02.000,2026-05-27 18:04:51.000,0,1,-1,2026-05-27 18:04:51.000,0,0,0,2026-05-27 18:04:51.000,0,NULL,0,2026-05-27 18:04:51.000,0,0,0,2026-05-27 18:04:51.000,0,0,0,2026-05-27 18:04:51.000,0,0,0,2026-05-27 18:13:21.747,2026-05-27 18:13:21.747,0,NULL,2026-05-27 18:13:21.813,510,510,0,CI-Citation
26-041852,2026-05-27 18:04:56.000,22,WED,27,18,B,DAY,EARLY,POLICE,DOMESTIC VIOL NO INJ,2,E-911,"WILLIAMS, DARNELL","WALKER, LATITIA",2026-05-27 18:04:55.000,2026-05-27 18:08:20.000,2026-05-27 18:05:57.000,62,61,1,2026-05-27 18:08:40.763,163,163,0,2026-05-27 18:15:46.000,651,650,1,2026-05-27 18:08:43.737,225,225,0,2026-05-27 18:08:43.737,3,2,1,2026-05-27 18:32:26.313,1423,1422,1,2026-05-27 18:24:47.143,2026-05-27 19:28:53.653,0,NULL,2026-05-27 19:28:53.823,5038,5038,0,NR-No Report
26-012915,2026-05-27 18:05:11.520,22,WED,27,18,B,DAY,EARLY,EMS,UNKNOWN MEDICAL ALS 1,1,Phone,"DOGAN, KYLAH","GRAVES, CHRISTINA",2026-05-27 18:05:11.520,2026-05-27 18:05:32.000,2026-05-27 18:05:11.520,0,0,0,2026-05-27 18:05:13.980,2,2,0,2026-05-27 18:05:11.520,0,NULL,0,2026-05-27 18:06:04.337,2,2,0,2026-05-27 18:06:04.337,51,50,1,2026-05-27 18:09:33.550,209,209,0,2026-05-27 18:14:02.857,2026-05-27 19:44:45.917,0,NULL,2026-05-27 19:44:46.070,5974,5974,0,UNDEFINED
26-012916,2026-05-27 18:05:33.577,22,WED,27,18,B,DAY,EARLY,EMS,OVERDOSE ALS,2,E-911,"WALKER, LATITIA","GRAVES, CHRISTINA",2026-05-27 18:05:33.577,2026-05-27 18:06:08.000,2026-05-27 18:05:33.577,0,0,0,2026-05-27 18:05:35.950,2,2,0,2026-05-27 18:05:33.577,0,NULL,0,2026-05-27 18:06:09.230,2,2,0,2026-05-27 18:06:09.230,34,33,1,2026-05-27 18:12:23.190,374,373,1,2026-05-27 18:20:39.917,2026-05-27 19:56:29.753,0,NULL,2026-05-27 19:56:29.847,6656,6656,0,UNDEFINED
26-041853,2026-05-27 18:06:25.000,22,WED,27,18,B,DAY,EARLY,POLICE,DISORDERLY CONDUCT,2,E-911,"MACK, BRIANA","WALKER, LATITIA",2026-05-27 18:06:24.000,2026-05-27 18:10:01.000,2026-05-27 18:07:09.000,45,44,1,2026-05-27 18:17:21.950,612,612,0,2026-05-27 18:09:09.000,165,164,1,2026-05-27 18:17:25.837,657,657,0,2026-05-27 18:17:25.837,4,3,1,2026-05-27 18:34:03.657,998,997,1,2026-05-27 18:18:23.530,2026-05-27 18:54:38.223,0,NULL,2026-05-27 18:54:38.430,2894,2894,0,NR-No Report
26-012917,2026-05-27 18:13:55.000,22,WED,27,18,B,DAY,EARLY,FIRE,FIRE ALARM,3,Phone,"DOGAN, KYLAH",Automatic Dispatch,2026-05-27 18:13:54.000,2026-05-27 18:16:57.000,2026-05-27 18:14:18.000,24,23,1,2026-05-27 18:14:20.857,2,2,0,2026-05-27 18:15:40.000,106,105,1,2026-05-27 18:15:49.790,26,26,0,2026-05-27 18:15:49.790,89,88,1,2026-05-27 18:18:26.347,157,156,1,2026-05-27 18:28:49.157,2026-05-27 18:28:49.157,0,NULL,2026-05-27 18:28:49.407,895,895,0,UNDEFINED
26-041854,2026-05-27 18:17:16.000,22,WED,27,18,B,DAY,EARLY,POLICE,DISORDERLY CONDUCT,2,Phone,"MACK, BRIANA",NULL,2026-05-27 18:17:15.000,2026-05-27 19:11:55.000,2026-05-27 18:18:54.000,99,98,1,2026-05-27 18:29:39.400,645,645,0,2026-05-27 18:20:52.000,217,216,1,2026-05-27 18:29:39.453,744,744,0,2026-05-27 18:29:39.453,0,0,0,2026-05-27 18:48:01.620,1102,1102,0,2026-05-27 19:23:22.677,2026-05-27 19:23:46.803,0,NULL,2026-05-27 19:23:46.850,3991,3991,0,NR-No Report
26-041856,2026-05-27 18:26:02.000,22,WED,27,18,B,DAY,EARLY,POLICE,SUBJECT STOP,2,Phone,"JACKSON, MALIKA","JACKSON, MALIKA",2026-05-27 18:26:01.000,2026-05-27 18:28:08.000,2026-05-27 18:27:46.000,105,104,1,2026-05-27 18:27:51.550,5,5,0,2026-05-27 18:28:06.000,125,124,1,2026-05-27 18:27:51.650,110,110,0,2026-05-27 18:27:51.650,0,0,0,2026-05-27 18:27:51.690,0,0,0,2026-05-27 18:32:13.603,2026-05-27 18:32:13.603,0,NULL,2026-05-27 18:32:13.673,372,372,0,NR-No Report
26-012918,2026-05-27 18:26:31.503,22,WED,27,18,B,DAY,EARLY,FIRE,MUTUAL ELEVATOR INCIDENT,1,C2C,CAD to CAD Service 1,CAD to CAD Service 1,2026-05-27 18:26:08.000,NULL,2026-05-27 18:26:32.050,24,0,24,2026-05-27 18:26:32.130,0,0,0,NULL,NULL,NULL,NULL,2026-05-27 18:27:23.240,24,-9999,10023,2026-05-27 18:27:23.240,51,45,6,2026-05-27 18:35:22.797,479,479,0,2026-05-27 18:48:26.117,2026-05-27 18:52:15.490,0,NULL,2026-05-27 18:52:15.933,1567,1567,0,UNDEFINED
26-041857,2026-05-27 18:34:48.000,22,WED,27,18,B,DAY,EARLY,POLICE,MENTAL HEALTH CASE,2,Phone,"JACKSON, MALIKA",NULL,2026-05-27 18:34:47.000,2026-05-27 18:36:13.000,2026-05-27 18:36:07.000,80,79,1,2026-05-27 18:56:10.417,1203,1203,0,2026-05-27 18:36:30.000,103,102,1,2026-05-27 18:56:12.237,1283,1283,0,2026-05-27 18:56:12.237,2,1,1,2026-05-27 19:10:58.983,886,886,0,2026-05-27 18:57:40.517,2026-05-29 00:54:13.313,0,NULL,2026-05-29 00:54:13.353,109166,22766,86400,RE-Report
26-012919,2026-05-27 18:41:07.000,22,WED,27,18,B,DAY,EARLY,FIRE,CO ALARM,2,Phone,"MACK, BRIANA",Automatic Dispatch,2026-05-27 18:41:05.000,2026-05-27 18:44:22.000,2026-05-27 18:41:24.000,19,17,2,2026-05-27 18:41:26.573,2,2,0,2026-05-27 18:43:23.000,138,136,2,2026-05-27 18:42:38.167,21,21,0,2026-05-27 18:42:38.167,72,71,1,2026-05-27 18:44:48.673,130,130,0,2026-05-27 18:46:17.763,2026-05-27 18:46:17.763,0,NULL,2026-05-27 18:46:17.973,312,312,0,UNDEFINED
26-012922,2026-05-27 18:52:20.000,22,WED,27,18,B,DAY,EARLY,EMS,UNKNOWN MEDICAL ALS 1,1,E-911,"DOGAN, KYLAH",Automatic Dispatch,2026-05-27 18:52:20.000,2026-05-27 18:56:31.000,2026-05-27 18:53:18.000,58,58,0,2026-05-27 18:53:20.343,2,2,0,2026-05-27 18:53:58.000,98,98,0,2026-05-27 18:54:38.883,60,60,0,2026-05-27 18:54:38.883,78,78,0,2026-05-27 18:57:04.770,146,145,1,2026-05-27 18:58:21.297,2026-05-27 19:51:45.253,0,NULL,2026-05-27 19:51:45.440,3565,3565,0,UNDEFINED
26-041859,2026-05-27 18:53:02.000,22,WED,27,18,B,DAY,EARLY,POLICE,DRUG COMPLAINT IN PROG,2,Phone,"JACKSON, MALIKA",NULL,2026-05-27 18:53:00.000,2026-05-27 18:54:41.000,2026-05-27 18:54:35.000,95,93,2,2026-05-27 18:57:20.690,165,165,0,2026-05-27 18:55:03.000,123,121,2,2026-05-27 18:57:20.770,260,260,0,2026-05-27 18:57:20.770,0,0,0,2026-05-27 19:13:51.127,991,990,1,2026-05-27 22:31:05.800,2026-05-27 22:31:05.800,0,NULL,2026-05-27 22:31:05.940,13085,13085,0,NR-No Report
26-012923,2026-05-27 18:59:56.000,22,WED,27,18,B,DAY,EARLY,EMS,FACILITY BLS,3,Phone,"JACKSON, MALIKA",Automatic Dispatch,2026-05-27 18:59:54.000,2026-05-27 19:01:21.000,2026-05-27 19:01:00.000,66,64,2,2026-05-27 19:01:02.107,2,2,0,2026-05-27 19:01:44.000,110,108,2,2026-05-27 19:02:19.030,68,68,0,2026-05-27 19:02:19.030,77,76,1,2026-05-27 19:06:08.233,229,229,0,2026-05-27 19:37:04.320,2026-05-27 20:29:49.700,0,NULL,2026-05-27 20:29:49.760,5395,5395,0,CAD2CAD
26-041861,2026-05-27 19:03:59.000,22,WED,27,19,D,NIGHT,EARLY,POLICE,HAZARD,2,Phone,"JACKSON, MALIKA","WALKER, LATITIA",2026-05-27 19:03:58.000,2026-05-27 19:05:19.000,2026-05-27 19:05:13.000,75,74,1,2026-05-27 19:12:37.207,444,444,0,2026-05-27 19:06:10.000,132,131,1,2026-05-27 19:12:44.933,519,519,0,2026-05-27 19:12:44.933,7,7,0,2026-05-27 19:22:51.130,607,606,1,2026-05-27 20:08:07.263,2026-05-27 20:08:07.263,0,NULL,2026-05-27 20:08:07.310,3849,3849,0,NR-No Report
26-041865,2026-05-27 19:10:21.000,22,WED,27,19,D,NIGHT,EARLY,POLICE,DISORDERLY CONDUCT,2,Phone,"MACK, BRIANA","WALKER, LATITIA",2026-05-27 19:10:19.000,2026-05-27 19:12:28.000,2026-05-27 19:11:17.000,58,56,2,2026-05-27 19:23:38.290,741,741,0,2026-05-27 19:17:12.000,413,411,2,2026-05-27 19:23:39.580,799,799,0,2026-05-27 19:23:39.580,1,1,0,2026-05-27 19:25:28.830,109,109,0,2026-05-27 22:33:37.890,2026-05-27 22:33:37.890,0,NULL,2026-05-27 22:33:38.083,12198,12198,0,NR-No Report
26-041866,2026-05-27 19:16:13.000,22,WED,27,19,D,NIGHT,EARLY,POLICE,DIP - DRUNK/INTOX PERSON,2,Phone,"JACKSON, MALIKA",NULL,2026-05-27 19:16:11.000,2026-05-27 19:30:34.000,2026-05-27 19:17:16.000,65,63,2,2026-05-27 19:31:33.523,857,857,0,2026-05-27 19:19:15.000,184,182,2,2026-05-27 19:31:33.590,922,922,0,2026-05-27 19:31:33.590,0,0,0,2026-05-27 19:36:05.507,272,271,1,2026-05-27 20:06:22.390,2026-05-27 22:44:34.660,0,NULL,2026-05-27 22:44:34.730,12503,12503,0,RE-Report
26-012924,2026-05-27 19:26:22.877,22,WED,27,19,D,NIGHT,EARLY,EMS,TASER BLS,3,NOT CAPTURED,"WALKER, LATITIA",Automatic Dispatch,2026-05-27 19:26:22.877,2026-05-27 19:26:29.000,2026-05-27 19:26:22.877,0,0,0,2026-05-27 19:26:25.200,3,2,1,2026-05-27 19:26:22.877,0,NULL,0,2026-05-27 19:27:19.870,3,2,1,2026-05-27 19:27:19.870,54,54,0,2026-05-27 19:32:12.173,293,292,1,2026-05-27 20:52:20.750,2026-05-27 20:52:20.750,0,NULL,2026-05-27 20:52:20.833,5158,5157,1,UNDEFINED
26-041867,2026-05-27 19:26:43.000,22,WED,27,19,D,NIGHT,EARLY,POLICE,LARCENY COMM IN PROG,2,Radio,"WALKER, LATITIA",NULL,2026-05-27 19:26:43.000,2026-05-27 19:27:06.000,2026-05-27 19:26:43.000,0,0,0,2026-05-27 19:26:43.000,0,0,0,2026-05-27 19:26:43.000,0,0,0,2026-05-27 19:27:10.177,0,0,0,2026-05-27 19:26:43.000,0,0,0,2026-05-27 19:26:43.000,0,0,0,2026-05-27 19:31:30.737,2026-05-28 04:48:30.910,0,NULL,2026-05-28 04:48:30.957,33707,33707,0,RE-Report
26-041869,2026-05-27 19:28:15.000,22,WED,27,19,D,NIGHT,EARLY,POLICE,SEXUAL OFFENSE DELAY,4,Phone,"MACK, BRIANA","FLOURNOY, ERICKA",2026-05-27 19:28:14.000,NULL,2026-05-27 19:31:40.000,206,205,1,2026-05-28 00:36:21.343,18281,18281,0,2026-05-27 19:33:52.000,338,337,1,2026-05-28 00:36:21.387,18487,18487,0,2026-05-28 00:36:21.387,0,0,0,NULL,NULL,-9999,NULL,2026-05-28 00:36:46.027,2026-05-28 00:36:46.027,1,2026-05-28 06:57:24.847,2026-05-28 10:42:10.107,18512,54836,-36324,NR-No Report
26-041871,2026-05-27 19:36:02.000,22,WED,27,19,D,NIGHT,EARLY,POLICE,LARCENY COMM IN PROG,2,Phone,"DOGAN, KYLAH",NULL,2026-05-27 19:36:01.000,2026-05-27 19:40:38.000,2026-05-27 19:37:38.000,97,96,1,2026-05-27 19:41:35.880,237,237,0,2026-05-27 19:38:14.000,133,132,1,2026-05-27 19:41:40.373,334,334,0,2026-05-27 19:41:40.373,5,4,1,2026-05-27 19:49:44.470,484,484,0,2026-05-28 00:31:25.193,2026-05-28 00:31:25.193,0,NULL,2026-05-28 00:31:25.310,17724,17724,0,RE-Report
26-041872,2026-05-27 19:50:35.000,22,WED,27,19,D,NIGHT,EARLY,POLICE,SUICIDE IN PROG NO INJ,1,E-911,"JACKSON, MALIKA","WALKER, LATITIA",2026-05-27 19:50:34.000,2026-05-27 19:54:52.000,2026-05-27 19:52:14.000,100,99,1,2026-05-27 19:55:02.643,168,168,0,2026-05-27 20:04:35.000,841,840,1,2026-05-27 19:55:05.413,268,268,0,2026-05-27 19:55:05.413,3,2,1,2026-05-27 19:57:41.880,156,156,0,2026-05-27 20:02:18.073,2026-05-27 21:13:33.140,0,NULL,2026-05-27 21:13:33.190,4979,4979,0,NR-No Report
26-041874,2026-05-27 19:54:09.000,22,WED,27,19,D,NIGHT,EARLY,POLICE,DISORDERLY CONDUCT,2,Phone,"DOGAN, KYLAH","WALKER, LATITIA",2026-05-27 19:54:09.000,2026-05-27 20:03:24.000,2026-05-27 19:55:30.000,81,81,0,2026-05-27 20:06:24.730,654,654,0,2026-05-27 20:03:47.000,578,578,0,2026-05-27 20:06:24.827,735,735,0,2026-05-27 20:06:24.827,0,0,0,2026-05-27 20:34:01.653,1657,1656,1,2026-05-27 21:56:15.020,2026-05-27 21:56:15.020,0,NULL,2026-05-27 21:56:15.093,7326,7326,0,NR-No Report
26-012926,2026-05-27 20:00:02.000,22,WED,27,20,D,NIGHT,EARLY,EMS,ALTERED LOC ALS 1,1,E-911,"DOGAN, KYLAH",Automatic Dispatch,2026-05-27 20:00:02.000,2026-05-27 20:01:09.000,2026-05-27 20:01:04.000,62,62,0,2026-05-27 20:01:06.490,2,2,0,2026-05-27 20:04:09.000,247,247,0,2026-05-27 20:01:30.403,64,64,0,2026-05-27 20:01:30.403,24,23,1,2026-05-27 20:04:23.650,173,173,0,2026-05-27 20:25:05.563,2026-05-27 21:02:24.503,0,NULL,2026-05-27 21:02:24.670,3742,3742,0,UNDEFINED
26-041875,2026-05-27 20:06:45.000,22,WED,27,20,D,NIGHT,EARLY,POLICE,ASSIST OUTSIDE AGENCY,4,VCIN,"WILLIAMS, DARNELL","WALKER, LATITIA",2026-05-27 20:06:43.000,2026-05-27 20:11:01.000,2026-05-27 20:09:05.000,142,140,2,2026-05-27 20:36:53.710,1668,1668,0,2026-05-27 20:11:48.000,305,303,2,2026-05-27 20:36:53.857,1810,1810,0,2026-05-27 20:36:53.857,0,0,0,2026-05-27 20:37:21.413,28,27,1,2026-05-27 21:20:48.620,2026-05-27 21:20:48.620,0,NULL,2026-05-27 21:20:48.653,4445,4445,0,NR-No Report
26-012928,2026-05-27 20:11:14.207,22,WED,27,20,D,NIGHT,EARLY,FIRE,MUTUAL STRUCTURE FIRE,1,C2C,CAD to CAD Service 1,CAD to CAD Service 1,2026-05-27 20:11:14.000,2026-05-27 20:11:24.000,2026-05-27 20:11:14.940,0,0,0,2026-05-27 20:11:14.987,0,0,0,NULL,NULL,NULL,NULL,2026-05-27 20:11:59.870,0,9,-9,2026-05-27 20:11:59.870,45,36,9,2026-05-27 20:14:19.623,140,139,1,2026-05-27 20:13:26.067,2026-05-27 20:33:37.670,0,NULL,2026-05-27 20:33:37.720,1343,1343,0,UNDEFINED
26-041877,2026-05-27 20:12:34.000,22,WED,27,20,D,NIGHT,EARLY,POLICE,PARKING COMPLAINT,4,Phone,"WILLIAMS, DARNELL",NULL,2026-05-27 20:12:32.000,NULL,2026-05-27 20:13:06.000,34,32,2,2026-05-27 20:34:31.593,1285,1285,0,2026-05-27 20:17:16.000,284,282,2,2026-05-27 20:34:31.593,1319,1319,0,2026-05-27 20:34:31.593,0,0,0,2026-05-27 20:42:21.053,470,469,1,2026-05-27 21:44:26.287,2026-05-27 21:44:26.287,0,NULL,2026-05-27 21:44:27.090,5514,5514,0,NR-No Report
26-041880,2026-05-27 20:18:00.000,22,WED,27,20,D,NIGHT,EARLY,POLICE,MVC HIT/RUN NO INJURY,2,Phone,"WILLIAMS, DARNELL",NULL,2026-05-27 20:17:59.000,2026-05-27 20:20:31.000,2026-05-27 20:18:49.000,50,49,1,2026-05-27 20:28:16.273,567,567,0,2026-05-27 20:20:49.000,170,169,1,2026-05-27 20:28:47.047,617,617,0,2026-05-27 20:28:47.047,31,30,1,2026-05-27 20:49:03.097,1216,1216,0,2026-05-28 00:59:29.877,2026-05-28 00:59:29.877,0,NULL,2026-05-28 00:59:29.953,16890,16890,0,RE-Report
26-041882,2026-05-27 20:32:48.573,22,WED,27,20,D,NIGHT,EARLY,POLICE,SUSPICIOUS EVENT,2,Radio,"GRAVES, CHRISTINA","WALKER, LATITIA",2026-05-27 20:32:48.573,2026-05-27 20:33:18.000,2026-05-27 20:32:48.573,0,0,0,2026-05-27 21:21:48.223,2940,2939,1,2026-05-27 20:32:48.573,0,NULL,0,2026-05-27 21:21:56.287,2940,2939,1,2026-05-27 21:21:56.287,8,8,0,2026-05-27 22:17:02.383,3306,3306,0,2026-05-27 23:15:44.303,2026-05-27 23:15:44.303,0,NULL,2026-05-27 23:15:44.510,9776,9775,1,NR-No Report
26-041884,2026-05-27 20:33:36.000,22,WED,27,20,D,NIGHT,EARLY,POLICE,DISORDERLY CONDUCT,2,E-911,"MACK, BRIANA","WALKER, LATITIA",2026-05-27 20:33:36.000,2026-05-27 20:38:32.000,2026-05-27 20:34:32.000,56,56,0,2026-05-27 20:41:51.793,439,439,0,2026-05-27 20:41:51.000,495,495,0,2026-05-27 20:41:51.863,495,495,0,2026-05-27 20:41:51.863,0,0,0,2026-05-27 20:45:09.803,198,197,1,2026-05-27 21:19:19.917,2026-05-27 21:19:19.917,0,NULL,2026-05-27 21:19:19.957,2743,2743,0,NR-No Report
26-041885,2026-05-27 20:36:10.000,22,WED,27,20,D,NIGHT,EARLY,POLICE,PARKING COMPLAINT,3,Phone,"WILLIAMS, DARNELL","WALKER, LATITIA",2026-05-27 20:36:08.000,2026-05-27 20:38:13.000,2026-05-27 20:36:33.000,25,23,2,2026-05-27 20:59:21.303,1368,1368,0,2026-05-27 20:38:05.000,117,115,2,2026-05-27 20:59:21.303,1393,1393,0,2026-05-27 20:59:21.303,0,0,0,2026-05-27 22:16:03.833,4602,4602,0,2026-05-28 05:01:02.983,2026-05-28 05:01:02.983,0,NULL,2026-05-28 05:01:03.513,30294,30294,0,NR-No Report
26-041886,2026-05-27 20:41:03.000,22,WED,27,20,D,NIGHT,EARLY,POLICE,MVC PROPERTY DAMAGE,2,Phone,"DOGAN, KYLAH","WALKER, LATITIA",2026-05-27 20:41:03.000,2026-05-27 20:45:17.000,2026-05-27 20:41:41.000,38,38,0,2026-05-27 20:45:37.463,236,236,0,2026-05-27 20:43:33.000,150,150,0,2026-05-27 20:45:40.483,274,274,0,2026-05-27 20:45:40.483,3,3,0,2026-05-27 20:51:27.767,347,347,0,2026-05-27 21:23:44.403,2026-05-27 21:23:44.403,0,NULL,2026-05-27 21:23:44.420,2561,2561,0,NR-No Report
26-041887,2026-05-27 20:51:12.000,22,WED,27,20,D,NIGHT,EARLY,POLICE,OFF DUTY DETAIL,8,OFFICER,"ELAM, ERIK J",NULL,2026-05-27 20:51:12.000,2026-05-27 20:51:19.000,2026-05-27 20:51:12.000,0,1,-1,2026-05-27 20:51:12.000,0,0,0,2026-05-27 20:51:12.000,0,NULL,0,2026-05-27 20:51:12.000,0,0,0,2026-05-27 20:51:12.000,0,0,0,2026-05-27 20:51:12.000,0,0,0,2026-05-28 00:13:43.177,2026-05-28 00:13:43.177,0,NULL,2026-05-28 00:13:43.237,12151,12151,0,NR-No Report
26-012930,2026-05-27 20:58:52.000,22,WED,27,20,D,NIGHT,EARLY,EMS,TROUBLE BREATHING ALS 1,1,E-911,"JACKSON, MALIKA",Automatic Dispatch,2026-05-27 20:58:52.000,2026-05-27 21:08:58.000,2026-05-27 20:59:28.000,36,36,0,2026-05-27 20:59:30.820,2,2,0,2026-05-27 21:00:14.000,82,82,0,2026-05-27 21:00:50.393,38,38,0,2026-05-27 21:00:50.393,80,79,1,2026-05-27 21:02:43.247,113,112,1,2026-05-27 21:27:02.707,2026-05-27 22:22:12.297,0,NULL,2026-05-27 22:22:12.390,5000,5000,0,UNDEFINED
26-041890,2026-05-27 21:10:56.000,22,WED,27,21,D,NIGHT,EARLY,POLICE,OFF DUTY DETAIL,8,NOT CAPTURED,"WALKER, LATITIA","DOGAN, KYLAH",2026-05-27 21:10:56.000,2026-05-27 21:37:59.000,2026-05-27 21:10:56.000,0,0,0,2026-05-27 21:10:56.000,0,0,0,2026-05-27 21:10:56.000,0,0,0,NULL,0,0,0,2026-05-27 21:10:56.000,0,0,0,2026-05-27 21:10:56.000,0,0,0,NULL,2026-05-27 23:52:46.000,0,NULL,NULL,9710,9710,0,NR-No Report
26-041892,2026-05-27 21:17:56.000,22,WED,27,21,D,NIGHT,EARLY,POLICE,DISORDERLY CONDUCT,2,E-911,"MACK, BRIANA","WALKER, LATITIA",2026-05-27 21:17:55.000,2026-05-27 21:19:07.000,2026-05-27 21:18:27.000,32,31,1,2026-05-27 21:20:55.487,148,148,0,2026-05-27 21:23:24.000,329,328,1,2026-05-27 21:20:55.537,180,180,0,2026-05-27 21:20:55.537,0,0,0,2026-05-27 21:24:53.583,238,238,0,2026-05-27 22:06:36.193,2026-05-27 22:06:36.193,0,NULL,2026-05-27 22:06:36.233,2921,2921,0,NR-No Report
26-012933,2026-05-27 21:23:10.000,22,WED,27,21,D,NIGHT,EARLY,FIRE,CO ALARM,2,E-911,"WILLIAMS, DARNELL",Automatic Dispatch,2026-05-27 21:23:10.000,2026-05-27 21:26:07.000,2026-05-27 21:24:15.000,65,65,0,2026-05-27 21:24:17.587,2,2,0,2026-05-27 21:25:15.000,125,125,0,2026-05-27 21:25:42.247,67,67,0,2026-05-27 21:25:42.247,85,84,1,2026-05-27 21:33:13.893,451,451,0,2026-05-27 21:39:37.727,2026-05-27 21:39:37.727,0,NULL,2026-05-27 21:39:37.943,987,987,0,UNDEFINED
26-041893,2026-05-27 21:25:21.000,22,WED,27,21,D,NIGHT,EARLY,POLICE,WARRANT SERVICE,2,Radio,"WALKER, LATITIA",NULL,2026-05-27 21:25:20.000,2026-05-27 22:23:51.000,2026-05-27 21:25:35.000,15,14,1,2026-05-28 04:48:33.833,26578,26578,0,2026-05-27 21:25:36.000,16,15,1,2026-05-28 04:48:33.833,26593,26593,0,2026-05-28 04:48:33.833,0,0,0,NULL,NULL,-9999,NULL,2026-05-28 04:49:41.107,2026-05-28 04:49:41.107,0,NULL,2026-05-28 04:49:41.160,26661,26661,0,RE-Report
26-012934,2026-05-27 21:32:02.000,22,WED,27,21,D,NIGHT,EARLY,EMS,BLS EMERGENCY,3,Phone,"DOGAN, KYLAH",Automatic Dispatch,2026-05-27 21:32:01.000,2026-05-27 21:33:22.000,2026-05-27 21:32:25.000,24,23,1,2026-05-27 21:32:27.873,2,2,0,2026-05-27 21:32:53.000,52,51,1,2026-05-27 21:34:53.540,26,26,0,2026-05-27 21:34:53.540,146,145,1,2026-05-27 21:37:53.167,180,179,1,2026-05-27 22:38:21.097,2026-05-27 22:38:21.097,0,NULL,2026-05-27 22:38:21.240,3980,3980,0,UNDEFINED
26-041895,2026-05-27 21:32:18.000,22,WED,27,21,D,NIGHT,EARLY,POLICE,MENTAL HEALTH CASE,2,Phone,"JACKSON, MALIKA","WALKER, LATITIA",2026-05-27 21:32:16.000,2026-05-27 21:35:34.000,2026-05-27 21:34:35.000,139,137,2,2026-05-27 21:56:10.590,1295,1295,0,2026-05-27 21:36:35.000,259,257,2,2026-05-27 21:56:10.650,1434,1434,0,2026-05-27 21:56:10.650,0,0,0,2026-05-27 22:08:15.337,725,724,1,2026-05-27 22:44:01.947,2026-05-27 22:44:01.947,0,NULL,2026-05-27 22:44:02.123,4305,4305,0,NR-No Report
26-041896,2026-05-27 21:37:54.000,22,WED,27,21,D,NIGHT,EARLY,POLICE,MVC HIT/RUN NO INJ DELAY,4,Phone,"JACKSON, MALIKA","DOGAN, KYLAH",2026-05-27 21:37:52.000,2026-05-27 22:02:00.000,2026-05-27 21:40:22.000,150,148,2,2026-05-27 22:02:19.433,1317,1317,0,2026-05-27 21:41:18.000,206,204,2,2026-05-27 22:02:23.097,1467,1467,0,2026-05-27 22:02:23.097,4,3,1,2026-05-27 22:11:44.350,561,561,0,2026-05-27 22:37:49.240,2026-05-27 23:46:37.557,0,NULL,2026-05-27 23:46:37.617,7725,7725,0,RE-Report
26-041897,2026-05-27 21:41:57.000,22,WED,27,21,D,NIGHT,EARLY,POLICE,SUICIDE IN PROG NO INJ,1,Phone,"MACK, BRIANA",NULL,2026-05-27 21:41:57.000,2026-05-27 21:42:41.000,2026-05-27 21:42:35.000,38,38,0,2026-05-27 21:43:27.327,52,52,0,2026-05-27 21:55:47.000,830,830,0,2026-05-27 21:43:32.907,90,90,0,2026-05-27 21:43:32.907,5,5,0,2026-05-27 21:47:19.337,227,226,1,2026-05-27 21:52:24.360,2026-05-28 03:22:53.930,0,NULL,2026-05-28 03:22:54.007,20456,20456,0,NR-No Report
26-041898,2026-05-27 21:44:32.000,22,WED,27,21,D,NIGHT,EARLY,POLICE,MENTAL HEALTH CASE,2,E-911,"DOGAN, KYLAH","DOGAN, KYLAH",2026-05-27 21:44:31.000,2026-05-27 21:59:45.000,2026-05-27 21:45:00.000,29,28,1,2026-05-27 22:10:04.350,1504,1504,0,2026-05-27 21:55:45.000,674,673,1,2026-05-27 22:10:15.157,1533,1533,0,2026-05-27 22:10:15.157,11,10,1,2026-05-27 22:14:19.973,244,244,0,2026-05-27 22:47:45.320,2026-05-28 00:05:54.503,0,NULL,2026-05-28 00:05:54.580,8483,8483,0,NR-No Report
26-041899,2026-05-27 21:53:21.000,22,WED,27,21,D,NIGHT,EARLY,POLICE,HAZARD,2,E-911,"MACK, BRIANA",NULL,2026-05-27 21:53:20.000,2026-05-27 22:00:09.000,2026-05-27 21:54:59.000,99,98,1,2026-05-27 22:01:39.500,400,400,0,2026-05-27 21:55:41.000,141,140,1,2026-05-27 22:01:42.170,499,499,0,2026-05-27 22:01:42.170,3,2,1,2026-05-27 22:10:08.430,506,506,0,2026-05-27 23:00:34.957,2026-05-27 23:00:34.957,0,NULL,2026-05-27 23:00:35.020,4034,4034,0,NR-No Report
26-041904,2026-05-27 22:19:45.000,22,WED,27,22,D,NIGHT,MIDS,POLICE,ADMINISTRATIVE TASK,2,Phone,"WALKER, LATITIA",NULL,2026-05-27 22:19:43.000,2026-05-27 22:21:38.000,2026-05-27 22:20:39.000,56,54,2,2026-05-27 22:44:18.857,1419,1419,0,2026-05-27 22:21:06.000,83,81,2,2026-05-27 22:44:18.857,1475,1475,0,2026-05-27 22:44:18.857,0,-9999,9999,NULL,NULL,-9999,NULL,NULL,2026-05-27 23:21:03.710,0,NULL,NULL,3680,3680,0,NR-No Report
26-041905,2026-05-27 22:20:00.000,22,WED,27,22,D,NIGHT,MIDS,POLICE,WEAPON VIOL GUN IN PROG,2,Phone,"JACKSON, MALIKA","DOGAN, KYLAH",2026-05-27 22:19:57.000,2026-05-27 22:21:57.000,2026-05-27 22:21:52.000,115,112,3,2026-05-27 22:30:45.863,533,533,0,2026-05-27 22:25:37.000,340,337,3,2026-05-27 22:30:48.593,648,648,0,2026-05-27 22:30:48.593,3,2,1,2026-05-27 22:42:06.310,678,677,1,2026-05-27 22:51:03.783,2026-05-27 22:51:41.420,0,NULL,2026-05-27 22:51:41.453,1904,1904,0,NR-No Report
26-041906,2026-05-27 22:22:07.000,22,WED,27,22,D,NIGHT,MIDS,POLICE,SUSPICIOUS EVENT,3,E-911,"PRIESTLY, SHAVAUGHN","DOGAN, KYLAH",2026-05-27 22:22:05.000,2026-05-27 22:35:52.000,2026-05-27 22:22:26.000,21,19,2,2026-05-28 00:38:17.253,8151,8151,0,2026-05-27 22:24:09.000,124,122,2,2026-05-28 00:38:17.323,8172,8172,0,2026-05-28 00:38:17.323,0,0,0,2026-05-28 00:44:29.633,372,372,0,2026-05-28 00:47:20.977,2026-05-28 00:47:20.977,0,NULL,2026-05-28 00:47:21.047,8715,8715,0,NR-No Report
26-041909,2026-05-27 22:30:46.000,22,WED,27,22,D,NIGHT,MIDS,POLICE,ALARM RESIDENTIAL NIGHTIME,1,Phone,"WALKER, LATITIA","DOGAN, KYLAH",2026-05-27 22:30:46.000,2026-05-27 22:31:24.000,2026-05-27 22:31:18.000,32,32,0,2026-05-27 22:31:36.423,18,18,0,2026-05-27 22:33:09.000,143,143,0,2026-05-27 22:31:39.357,50,50,0,2026-05-27 22:31:39.357,3,2,1,2026-05-27 23:00:48.330,1749,1748,1,2026-05-27 23:39:08.127,2026-05-27 23:39:16.923,0,NULL,2026-05-27 23:39:16.967,4110,4110,0,NR-No Report
26-041910,2026-05-27 22:31:19.000,22,WED,27,22,D,NIGHT,MIDS,POLICE,ROBBERY COMMERCIAL IN PROG,1,E-911,"JACKSON, MALIKA",NULL,2026-05-27 22:31:19.000,2026-05-27 22:33:48.000,2026-05-27 22:33:24.000,125,125,0,2026-05-27 22:34:01.830,37,37,0,2026-05-27 22:35:45.000,266,266,0,2026-05-27 22:34:12.633,162,162,0,2026-05-27 22:34:12.633,11,10,1,2026-05-27 22:34:39.067,27,26,1,2026-05-27 22:38:36.750,2026-05-28 04:24:52.660,0,NULL,2026-05-28 04:24:52.713,21213,21213,0,RE-Report
26-041913,2026-05-27 22:39:02.000,22,WED,27,22,D,NIGHT,MIDS,POLICE,MVC CONDITIONS UNKNOWN,1,E-911,"WALKER, LATITIA","DOGAN, KYLAH",2026-05-27 22:39:02.000,2026-05-27 22:40:20.000,2026-05-27 22:39:27.000,25,25,0,2026-05-27 22:40:54.207,87,87,0,2026-05-27 22:40:54.000,112,112,0,2026-05-27 22:40:54.247,112,112,0,2026-05-27 22:40:54.247,0,0,0,2026-05-27 22:43:07.717,133,133,0,2026-05-27 22:51:22.683,2026-05-27 22:56:00.090,0,NULL,2026-05-27 22:56:00.167,1018,1018,0,NR-No Report
26-012936,2026-05-27 22:39:27.000,22,WED,27,22,D,NIGHT,MIDS,FIRE,MVC AUTO,2,NOT CAPTURED,"WALKER, LATITIA","GRAVES, CHRISTINA",2026-05-27 22:39:27.000,2026-05-27 22:39:59.000,2026-05-27 22:39:27.000,0,NULL,0,2026-05-27 22:39:29.967,2,2,0,2026-05-27 22:39:27.000,0,0,0,2026-05-27 22:40:51.930,2,2,0,2026-05-27 22:40:51.930,82,81,1,2026-05-27 22:47:09.597,378,377,1,2026-05-27 22:41:41.283,2026-05-27 22:47:11.283,0,NULL,2026-05-27 22:47:11.547,464,464,0,UNDEFINED
26-041915,2026-05-27 22:50:58.000,22,WED,27,22,D,NIGHT,MIDS,POLICE,ALARM COMMERCIAL,2,Phone,"PRIESTLY, SHAVAUGHN","DOGAN, KYLAH",2026-05-27 22:50:56.000,2026-05-27 22:51:48.000,2026-05-27 22:51:14.000,18,16,2,2026-05-27 22:52:07.870,53,53,0,2026-05-27 22:53:00.000,124,122,2,2026-05-27 22:52:13.600,71,71,0,2026-05-27 22:52:13.600,6,5,1,NULL,NULL,-9999,NULL,2026-05-27 22:55:45.067,2026-05-27 22:55:49.697,0,NULL,2026-05-27 22:55:49.697,293,293,0,NR-No Report
26-012937,2026-05-27 22:54:22.000,22,WED,27,22,D,NIGHT,MIDS,EMS,HEART PROBLEMS ALS 1,1,E-911,"WALKER, LATITIA",Automatic Dispatch,2026-05-27 22:54:22.000,2026-05-27 22:55:35.000,2026-05-27 22:55:02.000,40,40,0,2026-05-27 22:55:05.077,3,3,0,2026-05-27 22:56:58.000,156,156,0,2026-05-27 22:56:21.323,43,43,0,2026-05-27 22:56:21.323,76,76,0,2026-05-27 22:58:57.650,156,156,0,2026-05-27 23:17:30.510,2026-05-27 23:18:14.177,0,NULL,2026-05-27 23:18:14.263,1432,1432,0,UNDEFINED
26-041917,2026-05-27 22:54:54.000,22,WED,27,22,D,NIGHT,MIDS,POLICE,TROUBLE UNKNOWN NO EMS,2,E-911,"WILLIAMS, DARNELL","DOGAN, KYLAH",2026-05-27 22:54:54.000,2026-05-27 22:57:56.000,2026-05-27 22:56:47.000,113,113,0,2026-05-27 22:59:00.270,133,133,0,2026-05-27 23:05:24.000,630,630,0,2026-05-27 22:59:02.667,246,246,0,2026-05-27 22:59:02.667,2,2,0,2026-05-27 23:07:16.013,494,493,1,2026-05-27 23:27:18.883,2026-05-27 23:28:05.647,0,NULL,2026-05-27 23:28:05.710,1991,1991,0,NR-No Report
26-012938,2026-05-27 22:55:39.677,22,WED,27,22,D,NIGHT,MIDS,FIRE,MUTUAL GAS LEAK,1,C2C,CAD to CAD Service 1,CAD to CAD Service 1,2026-05-27 22:54:12.000,NULL,2026-05-27 22:55:40.240,88,0,88,2026-05-27 22:55:40.300,0,0,0,NULL,NULL,NULL,NULL,2026-05-27 22:56:17.717,88,98,-10,2026-05-27 22:56:17.717,37,27,10,2026-05-27 23:01:46.020,329,328,1,2026-05-27 23:09:41.557,2026-05-27 23:17:13.537,0,NULL,2026-05-27 23:17:13.567,1381,1381,0,CAD2CAD
26-041916,2026-05-27 22:56:08.000,22,WED,27,22,D,NIGHT,MIDS,POLICE,OFF DUTY DETAIL,8,OFFICER,"VILLANUEVA, RODNEY M",NULL,2026-05-27 22:56:08.000,2026-05-27 22:56:13.000,2026-05-27 22:56:08.000,0,1,-1,2026-05-27 22:56:08.000,0,0,0,2026-05-27 22:56:08.000,0,NULL,0,2026-05-27 22:56:08.000,0,0,0,2026-05-27 22:56:08.000,0,0,0,2026-05-27 22:56:08.000,0,0,0,2026-05-28 03:00:04.650,2026-05-28 03:00:04.650,0,NULL,2026-05-28 03:00:04.750,14636,14636,0,NR-No Report
26-012939,2026-05-27 22:57:12.000,22,WED,27,22,D,NIGHT,MIDS,FIRE,GAS LEAK - INSIDE,1,E-911,"PRIESTLY, SHAVAUGHN",Automatic Dispatch,2026-05-27 22:57:12.000,2026-05-27 22:59:37.000,2026-05-27 22:58:12.000,60,60,0,2026-05-27 22:58:16.290,4,4,0,2026-05-27 23:01:05.000,233,233,0,2026-05-27 22:59:50.953,64,64,0,2026-05-27 22:59:50.953,94,94,0,2026-05-27 23:04:35.253,285,284,1,2026-05-27 23:18:29.377,2026-05-27 23:30:11.880,0,NULL,2026-05-27 23:30:12.113,1979,1979,0,UNDEFINED
26-041918,2026-05-27 22:57:39.000,22,WED,27,22,D,NIGHT,MIDS,POLICE,TRAFFIC STOP,2,Radio,"DOGAN, KYLAH","SMITH, SHAVAUGHN",2026-05-27 22:57:39.000,2026-05-27 23:00:09.000,2026-05-27 22:57:39.000,0,0,0,2026-05-27 22:57:39.000,0,0,0,2026-05-27 22:57:39.000,0,0,0,2026-05-27 23:00:19.627,0,0,0,2026-05-27 22:57:39.000,0,0,0,2026-05-27 22:57:39.000,0,0,0,2026-05-27 23:45:47.310,2026-05-27 23:58:39.517,0,NULL,2026-05-27 23:58:39.710,3660,3660,0,CI-Citation
26-012940,2026-05-27 23:05:22.000,22,WED,27,23,D,NIGHT,MIDS,EMS,SICK PERSON BLS,10,E-911,"WALKER, LATITIA","GRAVES, CHRISTINA",2026-05-27 23:05:22.000,2026-05-27 23:06:48.000,2026-05-27 23:05:52.000,30,30,0,2026-05-27 23:05:54.950,2,2,0,2026-05-27 23:07:37.000,135,135,0,2026-05-27 23:07:23.053,32,32,0,2026-05-27 23:07:23.053,89,88,1,2026-05-27 23:16:12.497,529,529,0,2026-05-27 23:58:48.673,2026-05-28 00:59:02.550,0,NULL,2026-05-28 00:59:02.643,6820,6820,0,UNDEFINED
26-041920,2026-05-27 23:11:43.000,22,WED,27,23,D,NIGHT,MIDS,POLICE,TROUBLE UNKNOWN NO EMS,2,E-911,"JACKSON, MALIKA","DOGAN, KYLAH",2026-05-27 23:11:42.000,2026-05-27 23:14:49.000,2026-05-27 23:13:08.000,86,85,1,2026-05-27 23:28:14.527,906,906,0,2026-05-27 23:14:31.000,169,168,1,2026-05-27 23:28:22.493,992,992,0,2026-05-27 23:28:22.493,8,7,1,2026-05-27 23:35:30.093,428,427,1,2026-05-27 23:30:30.473,2026-05-27 23:52:32.203,0,NULL,2026-05-27 23:52:32.260,2450,2450,0,NR-No Report
26-012941,2026-05-27 23:22:39.000,22,WED,27,23,D,NIGHT,MIDS,EMS,BLS EMERGENCY,3,E-911,"WILLIAMS, DARNELL","GRAVES, CHRISTINA",2026-05-27 23:22:39.000,2026-05-27 23:26:08.287,2026-05-27 23:23:40.000,61,61,0,2026-05-27 23:23:42.380,2,2,0,2026-05-27 23:27:03.000,264,264,0,2026-05-27 23:27:21.360,63,63,0,2026-05-27 23:27:21.360,219,73,146,2026-05-27 23:32:39.343,318,317,1,2026-05-27 23:26:12.630,2026-05-27 23:59:38.973,0,NULL,2026-05-27 23:59:39.187,2219,2219,0,UNDEFINED
26-041924,2026-05-27 23:34:31.000,22,WED,27,23,D,NIGHT,MIDS,POLICE,TROUBLE UNKNOWN NO EMS,2,Phone,"JACKSON, MALIKA","DOGAN, KYLAH",2026-05-27 23:34:30.000,2026-05-27 23:35:27.000,2026-05-27 23:35:13.000,43,42,1,2026-05-27 23:36:47.637,94,94,0,2026-05-27 23:37:40.000,190,189,1,2026-05-27 23:36:47.697,137,137,0,2026-05-27 23:36:47.697,0,0,0,2026-05-27 23:38:48.610,121,120,1,2026-05-27 23:52:53.617,2026-05-27 23:52:59.567,0,NULL,2026-05-27 23:52:59.743,1109,1109,0,NR-No Report
26-041922,2026-05-27 23:34:36.000,22,WED,27,23,D,NIGHT,MIDS,POLICE,DISORDERLY CONDUCT,2,Phone,"PRIESTLY, SHAVAUGHN","DOGAN, KYLAH",2026-05-27 23:34:34.000,2026-05-27 23:35:34.000,2026-05-27 23:34:55.000,21,19,2,2026-05-27 23:40:36.137,341,341,0,2026-05-27 23:36:01.000,87,85,2,2026-05-27 23:40:36.197,362,362,0,2026-05-27 23:40:36.197,0,0,0,2026-05-27 23:44:44.327,248,248,0,2026-05-28 00:02:24.273,2026-05-28 00:02:31.147,0,NULL,2026-05-28 00:02:31.370,1677,1677,0,NR-No Report
26-041927,2026-05-28 00:01:52.000,22,THU,28,0,D,NIGHT,MIDS,POLICE,TRAFFIC STOP,2,OFFICER,"DOGAN, KYLAH",NULL,2026-05-28 00:01:52.000,2026-05-28 00:17:58.000,2026-05-28 00:01:52.000,0,0,0,2026-05-28 00:01:52.000,0,0,0,2026-05-28 00:01:52.000,0,0,0,2026-05-28 00:01:59.577,0,0,0,2026-05-28 00:01:52.000,0,0,0,2026-05-28 00:01:52.000,0,0,0,2026-05-28 00:12:49.457,2026-05-28 00:55:11.077,0,NULL,2026-05-28 00:55:11.113,3199,3199,0,NR-No Report
26-012943,2026-05-28 00:06:12.000,22,THU,28,0,D,NIGHT,MIDS,FIRE,FIRE ALARM,3,Radio,"MACK, BRIANA",Automatic Dispatch,2026-05-28 00:06:11.000,2026-05-28 00:10:01.000,2026-05-28 00:09:29.000,198,197,1,2026-05-28 00:09:31.880,2,2,0,2026-05-28 00:13:41.000,450,449,1,2026-05-28 00:11:02.430,200,200,0,2026-05-28 00:11:02.430,91,90,1,2026-05-28 00:15:10.433,248,248,0,2026-05-28 00:28:50.960,2026-05-28 00:28:50.960,0,NULL,2026-05-28 00:28:51.143,1359,1359,0,UNDEFINED
26-012942,2026-05-28 00:06:18.267,22,THU,28,0,D,NIGHT,MIDS,EMS,MUTUAL BLS,1,C2C,CAD to CAD Service 1,CAD to CAD Service 1,2026-05-28 00:03:19.000,NULL,2026-05-28 00:06:18.767,179,0,179,2026-05-28 00:06:18.813,0,0,0,NULL,NULL,NULL,NULL,2026-05-28 00:06:59.007,179,198,-19,2026-05-28 00:06:59.007,41,40,1,2026-05-28 00:10:19.087,200,200,0,2026-05-28 00:22:19.577,2026-05-28 01:22:41.393,0,NULL,2026-05-28 01:22:41.470,4762,4762,0,UNDEFINED
26-041930,2026-05-28 00:12:21.000,22,THU,28,0,D,NIGHT,MIDS,POLICE,NOISE COMPLAINT DELAY,4,Phone,"WILLIAMS, DARNELL","DOGAN, KYLAH",2026-05-28 00:12:21.000,2026-05-28 00:13:28.000,2026-05-28 00:12:41.000,20,20,0,2026-05-28 00:47:55.987,2114,2114,0,2026-05-28 00:13:25.000,64,64,0,2026-05-28 00:47:56.210,2134,2134,0,2026-05-28 00:47:56.210,1,0,1,2026-05-28 00:50:31.527,155,155,0,2026-05-28 00:54:09.080,2026-05-28 00:54:09.080,0,NULL,2026-05-28 00:54:09.177,2508,2508,0,NR-No Report
26-041932,2026-05-28 00:17:44.000,22,THU,28,0,D,NIGHT,MIDS,POLICE,TRAFFIC STOP,2,OFFICER,"SUN, JEFF Y",NULL,2026-05-28 00:17:44.000,NULL,2026-05-28 00:17:44.000,0,1,-1,2026-05-28 00:17:44.000,0,0,0,2026-05-28 00:17:44.000,0,NULL,0,2026-05-28 00:17:44.000,0,0,0,2026-05-28 00:17:44.000,0,0,0,2026-05-28 00:17:44.000,0,0,0,2026-05-28 00:21:41.703,2026-05-28 00:21:41.703,0,NULL,2026-05-28 00:21:41.750,237,237,0,NR-No Report
26-041933,2026-05-28 00:19:53.000,22,THU,28,0,D,NIGHT,MIDS,POLICE,TRAFFIC STOP,2,Radio,"DOGAN, KYLAH","DOGAN, KYLAH",2026-05-28 00:19:53.000,2026-05-28 00:40:39.000,2026-05-28 00:19:53.000,0,0,0,2026-05-28 00:19:53.000,0,0,0,2026-05-28 00:19:53.000,0,0,0,2026-05-28 00:21:59.703,0,0,0,2026-05-28 00:19:53.000,0,0,0,2026-05-28 00:19:53.000,0,0,0,2026-05-28 00:50:29.023,2026-05-28 01:02:23.217,0,NULL,2026-05-28 01:02:23.250,2550,2550,0,CI-Citation
26-041934,2026-05-28 00:21:04.000,22,THU,28,0,D,NIGHT,MIDS,POLICE,ALARM COMMERCIAL,2,Phone,"PRIESTLY, SHAVAUGHN","DOGAN, KYLAH",2026-05-28 00:21:03.000,2026-05-28 00:22:02.000,2026-05-28 00:21:14.000,11,10,1,2026-05-28 00:23:05.500,111,111,0,2026-05-28 00:23:01.000,118,117,1,2026-05-28 00:23:08.073,122,122,0,2026-05-28 00:23:08.073,3,2,1,2026-05-28 00:24:27.483,79,79,0,2026-05-28 00:27:08.953,2026-05-28 00:27:20.073,0,NULL,2026-05-28 00:27:20.150,377,377,0,NR-No Report
26-012944,2026-05-28 00:48:53.827,22,THU,28,0,D,NIGHT,MIDS,FIRE,MUTUAL CO INCIDENT,1,C2C,CAD to CAD Service 1,CAD to CAD Service 1,2026-05-28 00:46:35.000,NULL,2026-05-28 00:48:54.280,139,0,139,2026-05-28 00:48:54.373,0,0,0,NULL,NULL,NULL,NULL,2026-05-28 00:50:14.193,139,-9999,10138,2026-05-28 00:50:14.193,80,79,1,2026-05-28 00:56:54.930,400,400,0,2026-05-28 01:02:32.837,2026-05-28 01:02:32.837,0,NULL,2026-05-28 01:02:32.900,957,957,0,UNDEFINED
26-041936,2026-05-28 01:01:17.000,22,THU,28,1,D,NIGHT,MIDS,POLICE,DIP - DRUNK/INTOX PERSON,2,E-911,"GRAVES, CHRISTINA",NULL,2026-05-28 01:01:17.000,2026-05-28 01:02:14.000,2026-05-28 01:02:03.000,46,46,0,2026-05-28 01:04:08.613,125,125,0,2026-05-28 01:24:59.000,1422,1422,0,2026-05-28 01:04:08.710,171,171,0,2026-05-28 01:04:08.710,0,0,0,2026-05-28 01:09:30.293,322,321,1,2026-05-28 01:52:27.700,2026-05-28 04:14:23.580,0,NULL,2026-05-28 04:14:23.633,11586,11586,0,RE-Report
26-041938,2026-05-28 01:03:26.000,22,THU,28,1,D,NIGHT,MIDS,POLICE,TRAFFIC STOP,2,OFFICER,"SUN, JEFF Y",NULL,2026-05-28 01:03:26.000,2026-05-28 01:05:40.000,2026-05-28 01:03:26.000,0,0,0,2026-05-28 01:03:26.000,0,0,0,2026-05-28 01:03:26.000,0,NULL,0,2026-05-28 01:03:26.000,0,0,0,2026-05-28 01:03:26.000,0,0,0,2026-05-28 01:03:26.000,0,0,0,2026-05-28 01:07:21.887,2026-05-28 01:07:21.887,0,NULL,2026-05-28 01:07:21.977,235,235,0,NR-No Report
26-012945,2026-05-28 01:12:56.123,22,THU,28,1,D,NIGHT,MIDS,EMS,BLS EMERGENCY,3,NOT CAPTURED,"DOGAN, KYLAH",Automatic Dispatch,2026-05-28 01:12:56.123,2026-05-28 01:14:50.000,2026-05-28 01:12:56.123,0,0,0,2026-05-28 01:12:58.753,2,2,0,2026-05-28 01:12:56.123,0,NULL,0,2026-05-28 01:14:39.587,2,2,0,2026-05-28 01:14:39.587,101,100,1,NULL,NULL,-9999,NULL,2026-05-28 01:24:42.907,2026-05-28 01:24:42.907,0,NULL,2026-05-28 01:24:43.050,706,706,0,UNDEFINED
26-041940,2026-05-28 01:13:37.000,22,THU,28,1,D,NIGHT,MIDS,POLICE,DWI - DRUNK/INTOX DRIVER,2,E-911,"GRAVES, CHRISTINA",NULL,2026-05-28 01:13:37.000,2026-05-28 01:14:39.000,2026-05-28 01:14:36.000,59,59,0,2026-05-28 01:15:05.227,29,29,0,2026-05-28 01:24:56.000,679,679,0,2026-05-28 01:15:11.053,88,88,0,2026-05-28 01:15:11.053,6,5,1,2026-05-28 01:16:03.417,52,52,0,2026-05-28 03:28:27.553,2026-05-28 08:46:18.857,0,NULL,2026-05-28 08:46:18.960,27161,27161,0,RE-Report
26-012946,2026-05-28 01:14:36.000,22,THU,28,1,D,NIGHT,MIDS,FIRE,MVC ENTRAPMENT,1,NOT CAPTURED,"GRAVES, CHRISTINA",Automatic Dispatch,2026-05-28 01:14:36.000,2026-05-28 01:15:06.000,2026-05-28 01:14:36.000,0,NULL,0,2026-05-28 01:14:39.060,3,3,0,2026-05-28 01:14:36.000,0,0,0,2026-05-28 01:16:25.927,3,3,0,2026-05-28 01:16:25.927,106,106,0,2026-05-28 01:18:38.503,133,132,1,2026-05-28 01:15:16.943,2026-05-28 01:47:42.710,0,NULL,2026-05-28 01:47:42.823,1986,1986,0,UNDEFINED
26-041941,2026-05-28 01:23:17.000,22,THU,28,1,D,NIGHT,MIDS,POLICE,DISORDERLY CONDUCT,2,E-911,"GRAVES, CHRISTINA","DOGAN, KYLAH",2026-05-28 01:23:17.000,2026-05-28 01:25:10.000,2026-05-28 01:23:50.000,33,33,0,2026-05-28 01:30:21.537,391,391,0,2026-05-28 01:29:23.000,366,366,0,2026-05-28 01:30:21.583,424,424,0,2026-05-28 01:30:21.583,0,0,0,2026-05-28 01:30:21.613,0,0,0,2026-05-28 01:35:10.287,2026-05-28 01:54:40.247,0,NULL,2026-05-28 01:54:40.357,1883,1883,0,NR-No Report
26-041944,2026-05-28 01:51:16.000,22,THU,28,1,D,NIGHT,MIDS,POLICE,ALARM COMMERCIAL,2,Phone,"JACKSON, MALIKA","GRAVES, CHRISTINA",2026-05-28 01:51:14.000,2026-05-28 01:57:27.000,2026-05-28 01:52:12.000,58,56,2,2026-05-28 01:57:35.593,323,323,0,2026-05-28 01:52:52.000,98,96,2,2026-05-28 01:57:52.907,381,381,0,2026-05-28 01:57:52.907,17,17,0,2026-05-28 02:04:32.473,400,399,1,2026-05-28 02:25:15.233,2026-05-28 02:25:21.077,0,NULL,2026-05-28 02:25:21.233,2047,2047,0,NR-No Report
26-012947,2026-05-28 02:03:55.000,22,THU,28,2,D,NIGHT,LATE,EMS,TROUBLE BREATHING ALS 1,1,E-911,"WILLIAMS, DARNELL",Automatic Dispatch,2026-05-28 02:03:55.000,2026-05-28 02:05:27.000,2026-05-28 02:04:32.000,37,37,0,2026-05-28 02:04:35.200,3,3,0,2026-05-28 02:18:44.000,889,889,0,2026-05-28 02:06:38.153,40,40,0,2026-05-28 02:06:38.153,123,122,1,2026-05-28 02:09:59.087,201,200,1,2026-05-28 02:24:29.580,2026-05-28 03:03:15.837,0,NULL,2026-05-28 03:03:15.900,3560,3560,0,UNDEFINED
26-012948,2026-05-28 02:07:13.773,22,THU,28,2,D,NIGHT,LATE,FIRE,LOCAL ENGINE,3,NOT CAPTURED,"GRAVES, CHRISTINA",Automatic Dispatch,2026-05-28 02:07:13.773,2026-05-28 02:07:24.000,2026-05-28 02:07:13.773,0,0,0,2026-05-28 02:07:15.897,2,2,0,2026-05-28 02:07:13.773,0,NULL,0,2026-05-28 02:08:59.207,2,2,0,2026-05-28 02:08:59.207,104,103,1,2026-05-28 02:12:21.930,202,202,0,2026-05-28 02:30:56.210,2026-05-28 02:30:56.210,0,NULL,2026-05-28 02:30:56.370,1423,1422,1,UNDEFINED
26-041946,2026-05-28 02:10:02.000,22,THU,28,2,D,NIGHT,LATE,POLICE,DRUG COMPLAINT IN PROG,4,Phone,"WALKER, LATITIA","GRAVES, CHRISTINA",2026-05-28 02:10:00.000,2026-05-28 02:12:06.000,2026-05-28 02:11:52.000,112,110,2,2026-05-28 02:34:06.213,1334,1334,0,2026-05-28 02:30:25.000,1225,1223,2,2026-05-28 02:34:15.983,1446,1446,0,2026-05-28 02:34:15.983,9,9,0,2026-05-28 02:39:00.877,285,284,1,2026-05-28 02:34:57.760,2026-05-28 02:42:36.037,0,NULL,2026-05-28 02:42:36.080,1956,1956,0,NR-No Report
26-041948,2026-05-28 02:20:50.000,22,THU,28,2,D,NIGHT,LATE,POLICE,ASSIST OUTSIDE AGENCY,4,VCIN,"WILLIAMS, DARNELL","LEWIS, LESLIE",2026-05-28 02:20:47.000,2026-05-28 02:29:13.000,2026-05-28 02:28:54.000,487,484,3,2026-05-28 06:57:36.197,16122,16122,0,2026-05-28 02:29:06.000,499,496,3,2026-05-28 06:58:15.890,16609,16609,0,2026-05-28 06:58:15.890,39,39,0,NULL,NULL,-9999,NULL,NULL,2026-05-28 23:11:37.000,0,NULL,NULL,75050,75050,0,CN-Cancellation
26-041949,2026-05-28 02:30:16.000,22,THU,28,2,D,NIGHT,LATE,POLICE,WARRANT SERVICE,2,E-911,"GRAVES, CHRISTINA",NULL,2026-05-28 02:30:16.000,2026-05-28 02:30:31.000,2026-05-28 02:30:18.000,2,2,0,2026-05-28 04:24:58.330,6880,6880,0,2026-05-28 02:30:18.000,2,0,2,2026-05-28 04:24:58.330,6882,6882,0,2026-05-28 04:24:58.330,0,0,0,NULL,NULL,-9999,NULL,2026-05-28 04:25:04.240,2026-05-28 04:25:04.240,0,NULL,2026-05-28 04:25:04.370,6888,6888,0,RE-Report
26-041952,2026-05-28 02:41:09.000,22,THU,28,2,D,NIGHT,LATE,POLICE,NOISE COMPLAINT DELAY,4,Phone,"WALKER, LATITIA","GRAVES, CHRISTINA",2026-05-28 02:41:08.000,2026-05-28 02:48:24.000,2026-05-28 02:41:55.000,47,46,1,2026-05-28 02:51:35.343,580,580,0,2026-05-28 02:42:28.000,80,79,1,2026-05-28 02:51:52.283,627,627,0,2026-05-28 02:51:52.283,17,16,1,2026-05-28 03:00:02.017,490,489,1,2026-05-28 03:03:08.883,2026-05-28 03:03:18.287,0,NULL,2026-05-28 03:03:18.327,1330,1330,0,NR-No Report
26-041951,2026-05-28 02:41:36.000,22,THU,28,2,D,NIGHT,LATE,POLICE,FLAG DOWN,2,OFFICER,"GRAVES, CHRISTINA","GRAVES, CHRISTINA",2026-05-28 02:41:36.000,2026-05-28 02:41:41.000,2026-05-28 02:41:36.000,0,0,0,2026-05-28 02:41:36.000,0,0,0,2026-05-28 02:41:36.000,0,0,0,2026-05-28 02:42:39.873,0,0,0,2026-05-28 02:41:36.000,0,0,0,2026-05-28 02:41:36.000,0,0,0,2026-05-28 02:42:20.693,2026-05-28 02:49:08.590,0,NULL,2026-05-28 02:49:08.710,452,452,0,NR-No Report
26-041954,2026-05-28 02:57:51.000,22,THU,28,2,D,NIGHT,LATE,POLICE,WALK IN HQ LOBBY,3,Phone,"WALKER, LATITIA","WELCH, KIMBERLY",2026-05-28 02:57:51.000,2026-05-28 12:54:40.000,2026-05-28 03:02:29.000,278,278,0,2026-05-28 13:14:13.583,36704,1192,35512,2026-05-28 03:06:54.000,543,543,0,2026-05-28 13:14:33.427,36982,36982,0,2026-05-28 13:14:33.427,20,19,1,NULL,NULL,-9999,NULL,NULL,2026-05-28 03:14:23.000,1,2026-05-28 12:54:20.620,NULL,992,45500,-44508,CN-Cancellation
26-012949,2026-05-28 03:05:22.000,22,THU,28,3,D,NIGHT,LATE,EMS,BLS EMERGENCY,3,E-911,"JACKSON, MALIKA",Automatic Dispatch,2026-05-28 03:05:21.000,2026-05-28 03:11:37.000,2026-05-28 03:09:07.000,226,225,1,2026-05-28 03:09:09.643,2,2,0,2026-05-28 03:14:07.000,526,525,1,2026-05-28 03:10:51.963,228,228,0,2026-05-28 03:10:51.963,102,102,0,2026-05-28 03:16:23.103,332,331,1,2026-05-28 05:14:39.317,2026-05-28 05:14:39.317,0,NULL,2026-05-28 05:14:39.423,7758,7758,0,UNDEFINED
26-041956,2026-05-28 03:21:28.000,22,THU,28,3,D,NIGHT,LATE,POLICE,MENTAL HEALTH CASE,2,Phone,"PRIESTLY, SHAVAUGHN","GRAVES, CHRISTINA",2026-05-28 03:21:27.000,2026-05-28 03:21:55.000,2026-05-28 03:21:41.000,14,13,1,2026-05-28 03:23:58.027,137,137,0,2026-05-28 03:24:07.000,160,159,1,2026-05-28 03:24:07.137,151,151,0,2026-05-28 03:24:07.137,9,9,0,2026-05-28 03:28:56.940,289,289,0,2026-05-28 03:58:35.680,2026-05-28 03:58:38.630,0,NULL,2026-05-28 03:58:38.670,2231,2231,0,NR-No Report
26-012950,2026-05-28 03:31:52.000,22,THU,28,3,D,NIGHT,LATE,FIRE,CO ALARM,2,Phone,"JACKSON, MALIKA",Automatic Dispatch,2026-05-28 03:31:50.000,2026-05-28 03:33:08.000,2026-05-28 03:32:42.000,52,50,2,2026-05-28 03:32:44.860,2,2,0,2026-05-28 03:33:37.000,107,105,2,2026-05-28 03:36:05.737,54,54,0,2026-05-28 03:36:05.737,201,200,1,2026-05-28 03:42:15.720,370,369,1,2026-05-28 03:51:04.487,2026-05-28 03:51:04.487,0,NULL,2026-05-28 03:51:04.693,1154,1154,0,UNDEFINED
26-041958,2026-05-28 03:36:17.000,22,THU,28,3,D,NIGHT,LATE,POLICE,ALARM COMMERCIAL,2,Radio,"GRAVES, CHRISTINA","GRAVES, CHRISTINA",2026-05-28 03:36:17.000,2026-05-28 03:36:22.000,2026-05-28 03:36:17.000,0,0,0,2026-05-28 03:36:17.000,0,0,0,2026-05-28 03:36:17.000,0,0,0,2026-05-28 03:36:48.077,0,0,0,2026-05-28 03:36:17.000,0,0,0,2026-05-28 03:36:17.000,0,0,0,2026-05-28 03:44:50.527,2026-05-28 03:44:58.583,0,NULL,2026-05-28 03:44:58.647,521,521,0,FALSE-False Alarm
26-012951,2026-05-28 03:54:09.277,22,THU,28,3,D,NIGHT,LATE,EMS,MUTUAL ALS,1,C2C,CAD to CAD Service 1,CAD to CAD Service 1,2026-05-28 03:52:59.000,NULL,2026-05-28 03:54:09.840,70,0,70,2026-05-28 03:54:10.013,1,0,1,NULL,NULL,NULL,NULL,2026-05-28 03:55:51.353,71,-9999,10070,2026-05-28 03:55:51.353,101,101,0,2026-05-28 04:01:35.763,344,344,0,2026-05-28 04:06:55.370,2026-05-28 04:45:52.207,0,NULL,2026-05-28 04:45:52.290,3173,3173,0,UNDEFINED
26-041960,2026-05-28 04:20:18.000,22,THU,28,4,D,NIGHT,LATE,POLICE,WEAPON VIOL GUN IN PROG,2,E-911,"JACKSON, MALIKA","WALKER, LATITIA",2026-05-28 04:20:17.000,2026-05-28 04:21:33.000,2026-05-28 04:20:44.000,27,26,1,2026-05-28 04:23:10.947,146,146,0,2026-05-28 04:22:47.000,150,149,1,2026-05-28 04:23:10.990,173,173,0,2026-05-28 04:23:10.990,0,0,0,2026-05-28 04:26:25.783,195,194,1,2026-05-28 04:24:20.317,2026-05-28 04:37:56.813,0,NULL,2026-05-28 04:37:56.870,1059,1059,0,NR-No Report
26-041962,2026-05-28 05:15:44.000,22,THU,28,5,D,NIGHT,LATE,POLICE,ALARM COMMERCIAL,2,Phone,"DOGAN, KYLAH","WALKER, LATITIA",2026-05-28 05:15:43.000,2026-05-28 05:17:26.000,2026-05-28 05:16:10.000,27,26,1,2026-05-28 05:17:53.507,103,103,0,2026-05-28 05:18:54.000,191,190,1,2026-05-28 05:17:58.337,130,130,0,2026-05-28 05:17:58.337,5,4,1,2026-05-28 05:24:27.913,389,389,0,2026-05-28 05:18:15.263,2026-05-28 05:26:49.593,0,NULL,2026-05-28 05:26:49.643,666,666,0,NR-No Report
26-012952,2026-05-28 05:21:56.000,22,THU,28,5,D,NIGHT,LATE,FIRE,FIRE ALARM,3,Phone,"JACKSON, MALIKA",Automatic Dispatch,2026-05-28 05:21:54.000,2026-05-28 05:23:02.000,2026-05-28 05:22:39.000,45,43,2,2026-05-28 05:22:43.120,4,4,0,2026-05-28 05:23:45.000,111,109,2,2026-05-28 05:24:58.993,49,49,0,2026-05-28 05:24:58.993,135,135,0,2026-05-28 05:29:10.907,252,251,1,2026-05-28 05:38:47.720,2026-05-28 05:38:47.720,0,NULL,2026-05-28 05:38:48.013,1013,1013,0,UNDEFINED
26-012953,2026-05-28 05:26:20.000,22,THU,28,5,D,NIGHT,LATE,FIRE,FIRE ALARM,3,Text,"DOGAN, KYLAH",Automatic Dispatch,2026-05-28 05:26:19.000,2026-05-28 05:27:53.000,2026-05-28 05:26:40.000,21,20,1,2026-05-28 05:26:42.980,2,2,0,2026-05-28 05:27:50.000,91,90,1,2026-05-28 05:28:57.680,23,23,0,2026-05-28 05:28:57.680,135,134,1,2026-05-28 05:30:53.820,116,116,0,2026-05-28 05:44:55.280,2026-05-28 05:44:55.280,0,NULL,2026-05-28 05:44:55.440,1116,1116,0,UNDEFINED
26-041963,2026-05-28 05:30:03.000,22,THU,28,5,D,NIGHT,LATE,POLICE,PARKING COMPLAINT,4,Phone,"GRAVES, CHRISTINA",NULL,2026-05-28 05:30:01.000,2026-05-28 05:45:02.000,2026-05-28 05:31:09.000,68,66,2,2026-05-28 05:56:41.880,1532,1532,0,2026-05-28 05:32:19.000,138,136,2,2026-05-28 05:56:41.880,1600,1600,0,2026-05-28 05:56:41.880,0,-9999,9999,2026-05-28 06:05:32.260,531,530,1,2026-05-28 06:17:52.383,2026-05-28 06:17:52.383,0,NULL,2026-05-28 06:17:53.097,2871,2871,0,NR-No Report
26-041964,2026-05-28 05:56:14.000,22,THU,28,5,D,NIGHT,LATE,POLICE,DISORDERLY CONDUCT,2,Phone,"WALKER, LATITIA","FLOURNOY, ERICKA",2026-05-28 05:56:12.000,2026-05-28 05:59:44.000,2026-05-28 05:56:44.000,32,30,2,2026-05-28 06:00:18.243,214,214,0,2026-05-28 05:57:19.000,67,65,2,2026-05-28 06:00:21.847,246,246,0,2026-05-28 06:00:21.847,3,3,0,2026-05-28 06:00:21.877,0,0,0,2026-05-28 06:02:12.833,2026-05-28 06:03:08.140,0,NULL,2026-05-28 06:03:08.517,416,416,0,NR-No Report
26-012954,2026-05-28 05:56:48.000,22,THU,28,5,D,NIGHT,LATE,EMS,TROUBLE BREATHING ALS 1,1,E-911,"WALKER, JUANITA",Automatic Dispatch,2026-05-28 05:56:48.000,2026-05-28 06:00:35.000,2026-05-28 05:58:43.000,115,115,0,2026-05-28 05:58:47.083,4,4,0,2026-05-28 06:00:39.000,231,231,0,2026-05-28 06:00:22.340,119,119,0,2026-05-28 06:00:22.340,95,95,0,2026-05-28 06:04:08.073,226,225,1,2026-05-28 06:17:32.907,2026-05-28 06:39:43.353,0,NULL,2026-05-28 06:39:43.550,2575,2575,0,UNDEFINED
26-012955,2026-05-28 06:00:31.267,22,THU,28,6,B,DAY,EARLY,EMS,MUTUAL ALS,1,C2C,CAD to CAD Service 1,CAD to CAD Service 1,2026-05-28 06:00:00.000,NULL,2026-05-28 06:00:31.910,31,0,31,2026-05-28 06:00:31.987,0,0,0,NULL,NULL,NULL,NULL,2026-05-28 06:01:48.600,31,-9999,10030,2026-05-28 06:01:48.600,77,76,1,2026-05-28 06:08:08.623,380,380,0,2026-05-28 06:55:16.117,2026-05-28 07:40:46.330,0,NULL,2026-05-28 07:40:46.383,6046,6046,0,UNDEFINED
26-041966,2026-05-28 06:19:03.000,22,THU,28,6,B,DAY,EARLY,POLICE,PARKING COMPLAINT,3,Phone,"PATTERSON, JAHAIRA",NULL,2026-05-28 06:19:03.000,2026-05-28 06:32:43.000,2026-05-28 06:19:46.000,43,43,0,2026-05-28 06:22:24.893,158,158,0,2026-05-28 06:32:30.000,807,807,0,2026-05-28 06:22:24.893,201,201,0,2026-05-28 06:22:24.893,0,-9999,9999,2026-05-28 06:28:38.273,374,373,1,2026-05-28 07:25:12.123,2026-05-28 07:25:12.123,0,NULL,2026-05-28 07:25:13.337,3969,3969,0,CI-Citation
26-012956,2026-05-28 06:24:04.097,22,THU,28,6,B,DAY,EARLY,EMS,MUTUAL ALS,1,C2C,CAD to CAD Service 1,CAD to CAD Service 1,2026-05-28 06:22:37.000,NULL,2026-05-28 06:24:04.677,87,0,87,2026-05-28 06:24:04.723,0,0,0,NULL,NULL,NULL,NULL,2026-05-28 06:24:35.253,87,-9999,10086,2026-05-28 06:24:35.253,31,30,1,2026-05-28 06:31:06.643,391,391,0,2026-05-28 06:39:04.317,2026-05-28 07:56:09.930,0,NULL,2026-05-28 07:56:10.013,5612,5612,0,UNDEFINED
26-012957,2026-05-28 06:25:03.000,22,THU,28,6,B,DAY,EARLY,FIRE,FIRE ALARM,3,Phone,"PATTERSON, JAHAIRA",Automatic Dispatch,2026-05-28 06:25:01.000,2026-05-28 06:25:26.000,2026-05-28 06:25:17.000,16,14,2,2026-05-28 06:25:19.270,2,2,0,2026-05-28 06:32:29.000,448,446,2,2026-05-28 06:26:31.840,18,18,0,2026-05-28 06:26:31.840,72,72,0,2026-05-28 06:29:12.817,161,160,1,2026-05-28 06:49:20.827,2026-05-28 06:49:20.827,0,NULL,2026-05-28 06:49:21.313,1459,1459,0,UNDEFINED
26-041968,2026-05-28 06:30:42.000,22,THU,28,6,B,DAY,EARLY,POLICE,TRAFFIC STOP,2,OFFICER,"LEWIS, LESLIE","LEWIS, LESLIE",2026-05-28 06:30:42.000,2026-05-28 06:30:45.000,2026-05-28 06:30:42.000,0,0,0,2026-05-28 06:30:42.000,0,0,0,2026-05-28 06:30:42.000,0,0,0,2026-05-28 06:34:17.783,0,0,0,2026-05-28 06:30:42.000,0,0,0,2026-05-28 06:30:42.000,0,0,0,2026-05-28 06:39:33.730,2026-05-28 06:42:53.793,0,NULL,2026-05-28 06:42:53.873,731,731,0,CI-Citation
26-041969,2026-05-28 06:32:33.000,22,THU,28,6,B,DAY,EARLY,POLICE,PARKING COMPLAINT,4,Phone,"PATTERSON, JAHAIRA",NULL,2026-05-28 06:32:31.000,NULL,2026-05-28 06:34:02.000,91,89,2,2026-05-28 06:47:22.040,800,800,0,2026-05-28 06:34:02.000,91,NULL,91,2026-05-28 06:47:22.040,891,891,0,2026-05-28 06:47:22.040,0,-9999,9999,2026-05-28 07:04:09.127,1007,1007,0,2026-05-28 07:12:18.443,2026-05-28 07:12:18.443,0,NULL,2026-05-28 07:12:18.687,2387,2387,0,CI-Citation
26-012958,2026-05-28 06:57:10.000,22,THU,28,6,B,DAY,EARLY,EMS,MEDICAL ALARM - BLS,3,Phone,"FLOURNOY, ERICKA",Automatic Dispatch,2026-05-28 06:57:09.000,2026-05-28 06:57:41.000,2026-05-28 06:57:33.000,24,23,1,2026-05-28 06:57:36.240,3,3,0,2026-05-28 07:00:13.000,184,183,1,2026-05-28 06:59:16.833,27,27,0,2026-05-28 06:59:16.833,100,100,0,2026-05-28 07:03:24.477,248,247,1,2026-05-28 08:18:41.157,2026-05-28 08:18:41.157,0,NULL,2026-05-28 08:18:41.277,4892,4892,0,UNDEFINED
26-012959,2026-05-28 07:01:21.000,22,THU,28,7,B,DAY,EARLY,FIRE,FIRE ALARM,3,Phone,"PATTERSON, JAHAIRA",Automatic Dispatch,2026-05-28 07:01:20.000,2026-05-28 07:01:42.000,2026-05-28 07:01:35.000,15,14,1,2026-05-28 07:01:38.057,3,3,0,2026-05-28 07:04:42.000,202,201,1,2026-05-28 07:03:21.107,18,18,0,2026-05-28 07:03:21.107,103,103,0,2026-05-28 07:06:51.740,210,210,0,2026-05-28 07:20:21.980,2026-05-28 07:20:21.980,0,NULL,2026-05-28 07:20:22.077,1141,1141,0,UNDEFINED
26-012960,2026-05-28 07:03:36.000,22,THU,28,7,B,DAY,EARLY,FIRE,FIRE ALARM,3,E-911,"PATTERSON, JAHAIRA",Automatic Dispatch,2026-05-28 07:03:36.000,2026-05-28 07:05:25.000,2026-05-28 07:03:53.000,17,17,0,2026-05-28 07:03:55.373,2,2,0,2026-05-28 07:04:43.000,67,67,0,2026-05-28 07:04:52.907,19,19,0,2026-05-28 07:04:52.907,57,57,0,2026-05-28 07:07:17.223,145,144,1,2026-05-28 07:20:16.120,2026-05-28 07:20:16.120,0,NULL,2026-05-28 07:20:16.233,1000,1000,0,UNDEFINED
26-041975,2026-05-28 07:22:59.000,22,THU,28,7,B,DAY,EARLY,POLICE,PARKING COMPLAINT,4,OFFICER,"LEWIS, LESLIE","LEWIS, LESLIE",2026-05-28 07:22:59.000,2026-05-28 07:55:04.000,2026-05-28 07:23:10.000,11,11,0,2026-05-28 07:23:17.007,7,7,0,2026-05-28 07:23:11.000,12,12,0,2026-05-28 07:23:17.053,18,18,0,2026-05-28 07:23:17.053,0,0,0,2026-05-28 07:23:17.090,0,0,0,2026-05-28 08:03:05.413,2026-05-28 08:03:05.413,0,NULL,2026-05-28 08:03:06.113,2406,2406,0,CI-Citation
26-041976,2026-05-28 07:23:58.000,22,THU,28,7,B,DAY,EARLY,POLICE,MVC PROPERTY DAMAGE,2,Phone,"PATTERSON, JAHAIRA","LEWIS, LESLIE",2026-05-28 07:23:56.000,2026-05-28 07:26:55.000,2026-05-28 07:26:39.000,163,161,2,2026-05-28 07:27:02.710,23,23,0,2026-05-28 07:26:39.000,163,NULL,163,2026-05-28 07:27:16.120,186,186,0,2026-05-28 07:27:16.120,14,13,1,2026-05-28 07:29:03.430,107,107,0,2026-05-28 07:36:00.973,2026-05-28 07:36:00.973,0,NULL,2026-05-28 07:36:01.070,724,724,0,NR-No Report
26-041977,2026-05-28 07:26:35.000,22,THU,28,7,B,DAY,EARLY,POLICE,LARCENY FROM AUTO DELAY,4,Phone,"PERALTA, ANNETTE","LEWIS, LESLIE",2026-05-28 07:26:33.000,2026-05-28 07:31:01.000,2026-05-28 07:30:31.000,238,236,2,2026-05-28 07:37:11.967,400,400,0,2026-05-28 07:30:40.000,247,245,2,2026-05-28 07:37:12.243,638,638,0,2026-05-28 07:37:12.243,1,0,1,2026-05-28 07:44:23.020,431,430,1,2026-05-28 08:04:31.137,2026-05-28 08:04:31.137,0,NULL,2026-05-28 08:04:31.237,2278,2278,0,NR-No Report
26-041978,2026-05-28 07:38:46.000,22,THU,28,7,B,DAY,EARLY,POLICE,ALARM COMMERCIAL,2,Phone,"GARCIA, VILMA","LEWIS, LESLIE",2026-05-28 07:38:46.000,2026-05-28 07:40:00.000,2026-05-28 07:39:34.000,48,48,0,2026-05-28 07:40:06.307,32,32,0,2026-05-28 07:40:38.000,112,112,0,2026-05-28 07:40:16.493,80,80,0,2026-05-28 07:40:16.493,10,6,4,2026-05-28 08:07:51.670,1655,1655,0,NULL,2026-05-28 08:15:05.000,0,NULL,NULL,2179,2179,0,FALSE-False Alarm
26-041979,2026-05-28 07:40:19.000,22,THU,28,7,B,DAY,EARLY,POLICE,TRAFFIC STOP,2,OFFICER,"HAMED, HOSSAM R",NULL,2026-05-28 07:40:19.000,2026-05-28 07:40:34.000,2026-05-28 07:40:19.000,0,1,-1,2026-05-28 07:40:19.000,0,0,0,2026-05-28 07:40:19.000,0,NULL,0,2026-05-28 07:40:19.000,0,0,0,2026-05-28 07:40:19.000,0,0,0,2026-05-28 07:40:19.000,0,0,0,2026-05-28 07:48:14.480,2026-05-28 07:48:14.480,0,NULL,2026-05-28 07:48:14.577,475,475,0,CI-Citation
26-041981,2026-05-28 07:41:52.000,22,THU,28,7,B,DAY,EARLY,POLICE,ALARM HOLDUP,1,Phone,"PERALTA, ANNETTE","LEWIS, LESLIE",2026-05-28 07:41:51.000,2026-05-28 07:43:51.000,2026-05-28 07:43:43.000,112,111,1,2026-05-28 07:45:01.597,78,78,0,2026-05-28 07:48:44.000,413,412,1,2026-05-28 07:45:13.883,190,190,0,2026-05-28 07:45:13.883,12,12,0,2026-05-28 07:49:13.247,240,239,1,2026-05-28 08:00:25.197,2026-05-28 08:00:51.937,0,NULL,2026-05-28 08:00:51.977,1140,1140,0,NR-No Report
26-041985,2026-05-28 07:48:46.000,22,THU,28,7,B,DAY,EARLY,POLICE,DISORDERLY CONDUCT,4,Phone,"PATTERSON, JAHAIRA","FLOURNOY, ERICKA",2026-05-28 07:48:45.000,2026-05-28 07:53:15.000,2026-05-28 07:52:10.000,205,204,1,2026-05-28 08:56:33.073,3863,3863,0,2026-05-28 07:56:54.000,489,488,1,2026-05-28 08:56:35.027,4068,4068,0,2026-05-28 08:56:35.027,2,1,1,2026-05-28 10:18:47.847,4932,4932,0,2026-05-28 11:16:41.533,2026-05-28 11:16:41.533,0,NULL,2026-05-28 11:16:41.540,12476,12476,0,NR-No Report
26-041984,2026-05-28 07:50:06.000,22,THU,28,7,B,DAY,EARLY,POLICE,OFF DUTY DETAIL,8,OFFICER,"LARNERD, GRANT",NULL,2026-05-28 07:50:06.000,2026-05-28 11:53:37.000,2026-05-28 07:50:06.000,0,1,-1,2026-05-28 07:50:06.000,0,0,0,2026-05-28 07:50:06.000,0,NULL,0,2026-05-28 07:50:06.000,0,0,0,2026-05-28 07:50:06.000,0,0,0,2026-05-28 07:50:06.000,0,0,0,2026-05-28 15:44:53.627,2026-05-28 15:44:53.627,0,NULL,2026-05-28 15:44:53.860,28487,28487,0,NR-No Report
26-041986,2026-05-28 07:53:42.000,22,THU,28,7,B,DAY,EARLY,POLICE,LARCENY FROM AUTO DELAY,4,Phone,"PATTERSON, JAHAIRA",NULL,2026-05-28 07:53:42.000,2026-05-28 08:55:45.000,2026-05-28 07:55:27.000,105,105,0,2026-05-28 09:02:40.063,4033,4033,0,2026-05-28 07:55:27.000,105,NULL,105,2026-05-28 09:02:43.780,4138,4138,0,2026-05-28 09:02:43.780,3,3,0,2026-05-28 09:11:42.430,539,538,1,2026-05-28 18:47:45.180,2026-05-28 18:47:45.180,0,NULL,2026-05-28 18:47:45.257,39243,39243,0,RE-Report
26-041988,2026-05-28 07:56:56.000,22,THU,28,7,B,DAY,EARLY,POLICE,PARKING COMPLAINT,4,Phone,"GARCIA, VILMA",NULL,2026-05-28 07:56:54.000,2026-05-28 08:22:27.000,2026-05-28 07:57:31.000,37,35,2,2026-05-28 08:25:09.813,1658,1658,0,2026-05-28 07:57:56.000,62,60,2,2026-05-28 08:25:09.813,1695,1695,0,2026-05-28 08:25:09.813,0,0,0,2026-05-28 08:49:11.350,1442,1441,1,2026-05-28 09:01:06.560,2026-05-28 09:01:06.560,0,NULL,2026-05-28 09:01:06.603,3852,3852,0,CI-Citation
26-041989,2026-05-28 07:57:16.000,22,THU,28,7,B,DAY,EARLY,POLICE,DISORDERLY CONDUCT,4,Phone,"PATTERSON, JAHAIRA","FLOURNOY, ERICKA",2026-05-28 07:57:14.000,2026-05-28 08:16:35.000,2026-05-28 08:00:31.000,197,195,2,2026-05-28 08:17:47.123,1036,1036,0,2026-05-28 08:01:00.000,226,224,2,2026-05-28 08:17:50.173,1233,1233,0,2026-05-28 08:17:50.173,3,2,1,2026-05-28 08:28:50.377,660,660,0,2026-05-28 08:18:43.117,2026-05-28 10:22:58.800,0,NULL,2026-05-28 10:22:58.903,8744,8744,0,RE-Report
26-041987,2026-05-28 07:57:20.000,22,THU,28,7,B,DAY,EARLY,POLICE,TRAFFIC STOP,2,OFFICER,"HAMED, HOSSAM R",NULL,2026-05-28 07:57:20.000,2026-05-28 07:57:28.000,2026-05-28 07:57:20.000,0,1,-1,2026-05-28 07:57:20.000,0,0,0,2026-05-28 07:57:20.000,0,NULL,0,2026-05-28 07:57:20.000,0,0,0,2026-05-28 07:57:20.000,0,0,0,2026-05-28 07:57:20.000,0,0,0,2026-05-28 08:04:31.097,2026-05-28 08:04:31.097,0,NULL,2026-05-28 08:04:31.160,431,431,0,CI-Citation
26-012961,2026-05-28 08:01:43.000,22,THU,28,8,B,DAY,EARLY,EMS,ALTERED LOC ALS 1,1,E-911,"GARCIA, VILMA",Automatic Dispatch,2026-05-28 08:01:43.000,2026-05-28 08:03:00.000,2026-05-28 08:02:36.000,53,53,0,2026-05-28 08:02:38.447,2,2,0,2026-05-28 08:05:18.000,215,215,0,2026-05-28 08:03:34.197,55,55,0,2026-05-28 08:03:34.197,56,55,1,2026-05-28 08:08:48.657,314,314,0,2026-05-28 08:50:06.773,2026-05-28 09:32:27.543,0,NULL,2026-05-28 09:32:27.613,5444,5444,0,UNDEFINED
26-041990,2026-05-28 08:05:12.000,22,THU,28,8,B,DAY,EARLY,POLICE,TRNSPORT PRISONER ALX COURT,4,OFFICER,"FLOURNOY, ERICKA","FLOURNOY, ERICKA",2026-05-28 08:05:12.000,2026-05-28 08:05:17.000,2026-05-28 08:05:12.000,0,0,0,2026-05-28 08:05:12.000,0,0,0,2026-05-28 08:05:12.000,0,0,0,2026-05-28 08:06:53.897,0,0,0,2026-05-28 08:05:12.000,0,0,0,2026-05-28 08:05:12.000,0,0,0,NULL,2026-05-28 08:16:49.000,0,NULL,NULL,697,697,0,NR-No Report
26-012962,2026-05-28 08:07:57.000,22,THU,28,8,B,DAY,EARLY,EMS,TROUBLE BREATHING ALS 1,1,E-911,"LEWIS, LESLIE",Automatic Dispatch,2026-05-28 08:07:56.000,2026-05-28 08:08:45.000,2026-05-28 08:08:38.000,42,41,1,2026-05-28 08:08:40.987,2,2,0,2026-05-28 08:09:35.000,99,98,1,2026-05-28 08:09:28.900,44,44,0,2026-05-28 08:09:28.900,48,47,1,2026-05-28 08:13:03.127,215,214,1,2026-05-28 08:45:44.783,2026-05-28 09:16:55.647,0,NULL,2026-05-28 09:16:55.740,4139,4139,0,UNDEFINED
26-041991,2026-05-28 08:10:26.000,22,THU,28,8,B,DAY,EARLY,POLICE,OFF DUTY DETAIL,8,OFFICER,"BROWN, BRIDGET C",NULL,2026-05-28 08:10:26.000,2026-05-28 14:11:56.000,2026-05-28 08:10:26.000,0,1,-1,2026-05-28 08:10:26.000,0,0,0,2026-05-28 08:10:26.000,0,NULL,0,2026-05-28 08:10:26.000,0,0,0,2026-05-28 08:10:26.000,0,0,0,2026-05-28 08:10:26.000,0,0,0,2026-05-28 16:42:46.627,2026-05-28 16:49:05.017,0,NULL,2026-05-28 16:49:05.107,31119,31119,0,NR-No Report
26-041992,2026-05-28 08:10:41.000,22,THU,28,8,B,DAY,EARLY,POLICE,TRAFFIC STOP,2,OFFICER,"HAMED, HOSSAM R",NULL,2026-05-28 08:10:41.000,2026-05-28 08:10:51.000,2026-05-28 08:10:41.000,0,0,0,2026-05-28 08:10:41.000,0,0,0,2026-05-28 08:10:41.000,0,NULL,0,2026-05-28 08:10:41.000,0,0,0,2026-05-28 08:10:41.000,0,0,0,2026-05-28 08:10:41.000,0,0,0,2026-05-28 08:17:40.390,2026-05-28 08:17:40.390,0,NULL,2026-05-28 08:17:40.453,419,419,0,CI-Citation
26-012963,2026-05-28 08:11:46.000,22,THU,28,8,B,DAY,EARLY,FIRE,FIRE ALARM,3,Phone,"GARCIA, VILMA","WALKER, JUANITA",2026-05-28 08:11:44.000,2026-05-28 08:13:02.000,2026-05-28 08:12:41.000,57,55,2,2026-05-28 08:12:43.537,2,2,0,2026-05-28 08:13:55.000,131,129,2,2026-05-28 08:15:10.390,59,59,0,2026-05-28 08:15:10.390,147,2,145,NULL,NULL,-9999,NULL,2026-05-28 08:15:20.207,2026-05-28 08:19:17.027,0,NULL,2026-05-28 08:19:17.253,453,453,0,UNDEFINED
26-041993,2026-05-28 08:13:03.000,22,THU,28,8,B,DAY,EARLY,POLICE,MVC CONDITIONS UNKNOWN,1,E-911,"LEWIS, LESLIE","FLOURNOY, ERICKA",2026-05-28 08:13:03.000,2026-05-28 08:13:58.000,2026-05-28 08:13:30.000,27,27,0,2026-05-28 08:14:24.820,54,54,0,2026-05-28 08:14:49.000,106,106,0,2026-05-28 08:14:34.083,81,81,0,2026-05-28 08:14:34.083,10,7,3,2026-05-28 08:21:55.833,441,441,0,2026-05-28 09:15:09.007,2026-05-28 11:56:32.193,0,NULL,2026-05-28 11:56:32.283,13409,13409,0,NR-No Report
26-012964,2026-05-28 08:13:30.000,22,THU,28,8,B,DAY,EARLY,FIRE,MVC AUTO,2,Radio,"LEWIS, LESLIE",Automatic Dispatch,2026-05-28 08:13:30.000,2026-05-28 08:16:38.000,2026-05-28 08:13:30.000,0,NULL,0,2026-05-28 08:13:32.587,2,2,0,2026-05-28 08:13:30.000,0,0,0,2026-05-28 08:13:44.597,2,2,0,2026-05-28 08:13:44.597,12,12,0,2026-05-28 08:21:36.747,472,472,0,2026-05-28 08:36:00.593,2026-05-28 09:15:26.047,0,NULL,2026-05-28 09:15:26.103,3716,3716,0,UNDEFINED
26-041994,2026-05-28 08:18:47.000,22,THU,28,8,B,DAY,EARLY,POLICE,TRAFFIC STOP,2,OFFICER,"KIM, DANIEL H",NULL,2026-05-28 08:18:47.000,2026-05-28 08:19:11.000,2026-05-28 08:18:47.000,0,1,-1,2026-05-28 08:18:47.000,0,0,0,2026-05-28 08:18:47.000,0,NULL,0,2026-05-28 08:18:47.000,0,0,0,2026-05-28 08:18:47.000,0,0,0,2026-05-28 08:18:47.000,0,0,0,2026-05-28 08:22:17.803,2026-05-28 08:22:17.803,0,NULL,2026-05-28 08:22:17.817,210,210,0,CI-Citation
26-041995,2026-05-28 08:19:36.000,22,THU,28,8,B,DAY,EARLY,POLICE,DISABLED MOTORIST,2,Phone,"GARCIA, VILMA","FLOURNOY, ERICKA",2026-05-28 08:19:34.000,2026-05-28 08:27:38.000,2026-05-28 08:20:18.000,44,42,2,2026-05-28 08:28:33.280,495,495,0,2026-05-28 08:20:30.000,56,54,2,2026-05-28 08:28:36.367,539,539,0,2026-05-28 08:28:36.367,3,3,0,2026-05-28 08:37:02.357,506,505,1,2026-05-28 08:40:37.280,2026-05-28 08:40:37.280,0,NULL,2026-05-28 08:40:37.540,1263,1263,0,NR-No Report
26-041996,2026-05-28 08:20:59.000,22,THU,28,8,B,DAY,EARLY,POLICE,PARKING COMPLAINT,3,Phone,"PICKERAL, LAUREN",NULL,2026-05-28 08:20:58.000,2026-05-28 08:57:17.000,2026-05-28 08:21:21.000,23,22,1,2026-05-28 08:39:59.707,1118,1118,0,2026-05-28 08:22:05.000,67,66,1,2026-05-28 08:39:59.707,1141,1141,0,2026-05-28 08:39:59.707,0,-9999,9999,2026-05-28 08:55:22.293,923,922,1,2026-05-28 09:04:43.557,2026-05-28 09:04:43.557,0,NULL,2026-05-28 09:04:44.010,2625,2625,0,NR-No Report
26-041997,2026-05-28 08:26:27.000,22,THU,28,8,B,DAY,EARLY,POLICE,LARCENY FROM AUTO DELAY,4,Phone,"PATTERSON, JAHAIRA","FLOURNOY, ERICKA",2026-05-28 08:26:25.000,2026-05-28 08:43:46.000,2026-05-28 08:27:49.000,84,82,2,2026-05-28 08:44:18.293,989,989,0,2026-05-28 08:27:51.000,86,84,2,2026-05-28 08:44:26.130,1073,1073,0,2026-05-28 08:44:26.130,8,7,1,2026-05-28 08:55:15.103,649,648,1,2026-05-28 11:48:20.610,2026-05-28 11:48:20.610,0,NULL,2026-05-28 11:48:20.740,12115,12115,0,RE-Report
26-041998,2026-05-28 08:33:28.000,22,THU,28,8,B,DAY,EARLY,POLICE,PARKING COMPLAINT,4,Phone,"PATTERSON, JAHAIRA",NULL,2026-05-28 08:33:25.000,2026-05-28 08:58:45.000,2026-05-28 08:33:54.000,29,26,3,2026-05-28 08:50:30.273,996,996,0,2026-05-28 08:36:10.000,165,162,3,2026-05-28 08:50:30.273,1025,1025,0,2026-05-28 08:50:30.273,0,-9999,9999,2026-05-28 08:51:01.597,31,31,0,2026-05-28 09:22:13.693,2026-05-28 09:22:13.693,0,NULL,2026-05-28 09:22:14.030,2928,2928,0,CI-Citation
26-012965,2026-05-28 08:34:15.000,22,THU,28,8,B,DAY,EARLY,FIRE,OUTSIDE FIRE,3,E-911,"WALKER, JUANITA",Automatic Dispatch,2026-05-28 08:34:14.000,2026-05-28 08:36:00.000,2026-05-28 08:35:48.000,94,93,1,2026-05-28 08:35:50.110,2,2,0,2026-05-28 08:35:48.000,94,NULL,94,2026-05-28 08:36:57.960,96,96,0,2026-05-28 08:36:57.960,67,67,0,NULL,NULL,-9999,NULL,2026-05-28 08:41:16.050,2026-05-28 08:41:16.050,0,NULL,2026-05-28 08:41:16.173,422,422,0,UNDEFINED
26-041999,2026-05-28 08:34:19.000,22,THU,28,8,B,DAY,EARLY,POLICE,PARKING COMPLAINT,4,Phone,"PERALTA, ANNETTE",NULL,2026-05-28 08:34:17.000,NULL,2026-05-28 08:36:44.000,147,145,2,2026-05-28 08:46:30.280,586,586,0,2026-05-28 08:36:48.000,151,149,2,2026-05-28 08:46:30.280,733,733,0,2026-05-28 08:46:30.280,0,-9999,9999,2026-05-28 08:50:19.673,229,229,0,2026-05-28 08:57:14.630,2026-05-28 08:57:14.630,0,NULL,2026-05-28 08:57:15.090,1377,1377,0,NR-No Report
26-042003,2026-05-28 08:39:40.000,22,THU,28,8,B,DAY,EARLY,POLICE,MVC HIT/RUN NO INJ DELAY,4,Phone,"PICKERAL, LAUREN",NULL,2026-05-28 08:39:39.000,2026-05-28 09:03:31.000,2026-05-28 08:41:11.000,92,91,1,2026-05-28 09:18:50.797,2259,2259,0,2026-05-28 08:49:16.000,577,576,1,2026-05-28 09:18:53.173,2351,2351,0,2026-05-28 09:18:53.173,3,2,1,2026-05-28 09:34:12.117,919,918,1,2026-05-28 12:55:21.610,2026-05-28 12:55:21.610,0,NULL,2026-05-28 12:55:21.763,15342,15342,0,RE-Report
26-012966,2026-05-28 08:40:43.157,22,THU,28,8,B,DAY,EARLY,FIRE,MUTUAL GAS LEAK,1,C2C,CAD to CAD Service 1,CAD to CAD Service 1,2026-05-28 08:38:10.000,2026-05-28 08:43:36.000,2026-05-28 08:40:44.343,154,0,154,2026-05-28 08:40:44.390,0,0,0,NULL,NULL,NULL,NULL,2026-05-28 08:41:18.937,154,168,-14,2026-05-28 08:41:18.937,34,34,0,2026-05-28 08:44:12.727,174,173,1,2026-05-28 08:51:42.937,2026-05-28 09:04:24.880,0,NULL,2026-05-28 09:04:24.913,1574,1574,0,CAD2CAD
26-042004,2026-05-28 08:45:40.000,22,THU,28,8,B,DAY,EARLY,POLICE,ANIMAL STRAY,2,Phone,"PATTERSON, JAHAIRA","PATTERSON, JAHAIRA",2026-05-28 08:45:38.000,2026-05-28 08:47:37.000,2026-05-28 08:46:14.000,36,34,2,2026-05-28 08:48:58.293,164,164,0,2026-05-28 08:46:14.000,36,NULL,36,2026-05-28 08:48:58.370,200,200,0,2026-05-28 08:48:58.370,0,0,0,2026-05-28 08:48:58.417,0,0,0,2026-05-28 08:49:02.157,2026-05-28 08:49:02.157,0,NULL,2026-05-28 08:49:02.470,204,204,0,ACOR-Animal Control Report
26-042005,2026-05-28 08:51:45.000,22,THU,28,8,B,DAY,EARLY,POLICE,911 HANG UP,2,Phone,"PATTERSON, JAHAIRA",NULL,2026-05-28 08:51:44.000,2026-05-28 08:53:17.000,2026-05-28 08:52:38.000,54,53,1,2026-05-28 09:02:01.433,563,563,0,2026-05-28 09:06:46.000,902,901,1,2026-05-28 09:02:04.980,617,617,0,2026-05-28 09:02:04.980,3,3,0,2026-05-28 09:08:00.443,356,355,1,2026-05-28 09:07:27.380,2026-05-28 09:17:00.800,0,NULL,2026-05-28 09:17:00.927,1516,1516,0,FALSE-False Alarm
26-042006,2026-05-28 08:53:53.000,22,THU,28,8,B,DAY,EARLY,POLICE,TRAFFIC STOP,2,OFFICER,"HAMED, HOSSAM R",NULL,2026-05-28 08:53:53.000,2026-05-28 08:54:10.000,2026-05-28 08:53:53.000,0,1,-1,2026-05-28 08:53:53.000,0,0,0,2026-05-28 08:53:53.000,0,NULL,0,2026-05-28 08:53:53.000,0,0,0,2026-05-28 08:53:53.000,0,0,0,2026-05-28 08:53:53.000,0,0,0,2026-05-28 08:59:45.463,2026-05-28 08:59:45.463,0,NULL,2026-05-28 08:59:45.557,352,352,0,CI-Citation
26-042007,2026-05-28 08:55:21.000,22,THU,28,8,B,DAY,EARLY,POLICE,OFF DUTY DETAIL,8,OFFICER,"ESCOBAR, STEVEN R",NULL,2026-05-28 08:55:21.000,2026-05-28 14:12:04.000,2026-05-28 08:55:21.000,0,2,-2,2026-05-28 08:55:21.000,0,0,0,2026-05-28 08:55:21.000,0,NULL,0,2026-05-28 08:55:21.000,0,0,0,2026-05-28 08:55:21.000,0,0,0,2026-05-28 08:55:21.000,0,0,0,2026-05-28 16:13:18.703,2026-05-28 16:13:18.703,0,NULL,2026-05-28 16:13:18.783,26277,26277,0,NR-No Report
26-012967,2026-05-28 08:56:57.000,22,THU,28,8,B,DAY,EARLY,EMS,HEART PROBLEMS ALS 1,1,E-911,"PERALTA, ANNETTE","WALKER, JUANITA",2026-05-28 08:56:56.000,2026-05-28 08:58:53.000,2026-05-28 08:58:47.000,111,110,1,2026-05-28 08:58:49.520,2,2,0,2026-05-28 09:01:59.000,303,302,1,2026-05-28 08:59:48.757,113,113,0,2026-05-28 08:59:48.757,59,59,0,2026-05-28 09:06:22.547,394,393,1,2026-05-28 09:02:51.547,2026-05-28 10:36:03.573,0,NULL,2026-05-28 10:36:04.560,5947,5947,0,UNDEFINED
26-042009,2026-05-28 09:00:34.000,22,THU,28,9,B,DAY,EARLY,POLICE,PARKING COMPLAINT,4,Phone,"PICKERAL, LAUREN",NULL,2026-05-28 09:00:34.000,2026-05-28 09:05:07.000,2026-05-28 09:02:19.000,105,105,0,2026-05-28 09:07:07.813,288,288,0,2026-05-28 09:05:05.000,271,271,0,2026-05-28 09:07:07.813,393,393,0,2026-05-28 09:07:07.813,0,0,0,2026-05-28 09:11:43.930,276,276,0,2026-05-28 09:13:54.457,2026-05-28 09:13:54.457,0,NULL,2026-05-28 09:13:55.413,800,800,0,NR-No Report
26-042010,2026-05-28 09:03:17.000,22,THU,28,9,B,DAY,EARLY,POLICE,WARRANT SERVICE,2,Phone,"PERALTA, ANNETTE",NULL,2026-05-28 09:03:15.000,2026-05-28 09:05:20.000,2026-05-28 09:04:35.000,80,78,2,2026-05-28 09:05:42.560,67,67,0,2026-05-28 09:04:40.000,85,83,2,2026-05-28 09:05:45.810,147,147,0,2026-05-28 09:05:45.810,3,3,0,2026-05-28 09:07:27.507,102,101,1,2026-05-28 09:47:12.010,2026-05-28 12:56:43.270,0,NULL,2026-05-28 12:56:43.327,14008,14008,0,NR-No Report
26-042012,2026-05-28 09:04:57.000,22,THU,28,9,B,DAY,EARLY,POLICE,PARKING COMPLAINT,4,Phone,"LEWIS, LESLIE",NULL,2026-05-28 09:04:55.000,NULL,2026-05-28 09:06:44.000,109,107,2,2026-05-28 09:07:32.967,48,48,0,2026-05-28 09:06:45.000,110,108,2,2026-05-28 09:07:32.967,157,157,0,2026-05-28 09:07:32.967,0,-9999,9999,2026-05-28 09:23:05.873,933,932,1,2026-05-28 09:39:53.297,2026-05-28 09:39:53.297,0,NULL,2026-05-28 09:39:54.043,2098,2098,0,CI-Citation
26-012968,2026-05-28 09:10:55.927,22,THU,28,9,B,DAY,EARLY,EMS,MUTUAL ALS,1,C2C,CAD to CAD Service 1,CAD to CAD Service 1,2026-05-28 09:08:47.000,2026-05-28 09:11:10.000,2026-05-28 09:10:56.380,129,0,129,2026-05-28 09:10:56.427,0,0,0,NULL,NULL,NULL,NULL,2026-05-28 09:11:46.527,129,142,-13,2026-05-28 09:11:46.527,50,37,13,2026-05-28 09:17:01.037,315,314,1,2026-05-28 09:13:07.700,2026-05-28 10:49:24.463,0,NULL,2026-05-28 10:49:24.497,6037,6037,0,CAD2CAD
26-042015,2026-05-28 09:11:32.000,22,THU,28,9,B,DAY,EARLY,POLICE,TRAFFIC STOP,2,OFFICER,"HAMED, HOSSAM R",NULL,2026-05-28 09:11:32.000,2026-05-28 09:11:53.000,2026-05-28 09:11:32.000,0,1,-1,2026-05-28 09:11:32.000,0,0,0,2026-05-28 09:11:32.000,0,NULL,0,2026-05-28 09:11:32.000,0,0,0,2026-05-28 09:11:32.000,0,0,0,2026-05-28 09:11:32.000,0,0,0,2026-05-28 09:18:25.873,2026-05-28 09:18:25.873,0,NULL,2026-05-28 09:18:25.893,413,413,0,CI-Citation
26-012969,2026-05-28 09:12:16.000,22,THU,28,9,B,DAY,EARLY,FIRE,FIRE ALARM,3,Phone,"PICKERAL, LAUREN",Automatic Dispatch,2026-05-28 09:12:15.000,2026-05-28 09:13:09.000,2026-05-28 09:12:43.000,28,27,1,2026-05-28 09:12:46.177,3,3,0,2026-05-28 09:13:18.000,63,62,1,NULL,31,31,0,NULL,NULL,-9999,NULL,NULL,NULL,-9999,NULL,2026-05-28 09:17:48.747,2026-05-28 09:17:48.747,0,NULL,2026-05-28 09:17:48.780,333,333,0,UNDEFINED
26-042016,2026-05-28 09:14:20.000,22,THU,28,9,B,DAY,EARLY,POLICE,TRAFFIC STOP,2,OFFICER,"KIM, DANIEL H",NULL,2026-05-28 09:14:20.000,2026-05-28 09:14:40.000,2026-05-28 09:14:20.000,0,1,-1,2026-05-28 09:14:20.000,0,0,0,2026-05-28 09:14:20.000,0,NULL,0,2026-05-28 09:14:20.000,0,0,0,2026-05-28 09:14:20.000,0,0,0,2026-05-28 09:14:20.000,0,0,0,2026-05-28 09:18:37.810,2026-05-28 09:18:37.810,0,NULL,2026-05-28 09:18:37.813,257,257,0,NR-No Report
26-042020,2026-05-28 09:18:58.000,22,THU,28,9,B,DAY,EARLY,POLICE,PARKING COMPLAINT,4,Phone,"PATTERSON, JAHAIRA",NULL,2026-05-28 09:18:57.000,NULL,2026-05-28 09:19:31.000,34,33,1,2026-05-28 09:22:47.197,196,196,0,2026-05-28 09:19:42.000,45,44,1,2026-05-28 09:22:47.197,230,230,0,2026-05-28 09:22:47.197,0,0,0,2026-05-28 09:45:05.900,1338,1338,0,2026-05-28 10:23:14.223,2026-05-28 10:23:14.223,0,NULL,2026-05-28 10:23:14.590,3857,3857,0,NR-No Report
26-042021,2026-05-28 09:20:43.000,22,THU,28,9,B,DAY,EARLY,POLICE,TRAFFIC STOP,2,OFFICER,"GERNATT, JAMIE M",NULL,2026-05-28 09:20:43.000,2026-05-28 09:21:04.000,2026-05-28 09:20:43.000,0,1,-1,2026-05-28 09:20:43.000,0,0,0,2026-05-28 09:20:43.000,0,NULL,0,2026-05-28 09:20:43.000,0,0,0,2026-05-28 09:20:43.000,0,0,0,2026-05-28 09:20:43.000,0,0,0,2026-05-28 09:30:11.023,2026-05-28 09:30:11.023,0,NULL,2026-05-28 09:30:11.167,568,568,0,NR-No Report
26-042023,2026-05-28 09:21:25.000,22,THU,28,9,B,DAY,EARLY,POLICE,LARCENY FROM AUTO DELAY,4,Phone,"GARCIA, VILMA",NULL,2026-05-28 09:21:22.000,2026-05-28 09:58:38.000,2026-05-28 09:22:32.000,70,67,3,2026-05-28 11:16:56.090,6864,6864,0,2026-05-28 09:23:45.000,143,140,3,2026-05-28 11:16:56.090,6934,6934,0,2026-05-28 11:16:56.090,0,-9999,9999,2026-05-28 11:16:59.130,3,3,0,2026-05-28 12:50:21.613,2026-05-28 12:50:21.613,0,NULL,2026-05-28 12:50:21.690,12539,12539,0,RE-Report
26-012970,2026-05-28 09:24:45.103,22,THU,28,9,B,DAY,EARLY,EMS,MUTUAL ALS,1,C2C,CAD to CAD Service 1,CAD to CAD Service 1,2026-05-28 09:24:06.000,2026-05-28 09:24:54.000,2026-05-28 09:24:45.697,39,0,39,2026-05-28 09:24:45.777,0,0,0,NULL,NULL,NULL,NULL,2026-05-28 09:25:56.210,39,51,-12,2026-05-28 09:25:56.210,71,70,1,2026-05-28 09:30:46.503,290,290,0,2026-05-28 09:58:33.987,2026-05-28 10:44:38.350,0,NULL,2026-05-28 10:44:38.490,4832,4832,0,UNDEFINED
26-042024,2026-05-28 09:27:14.000,22,THU,28,9,B,DAY,EARLY,POLICE,ADMINISTRATIVE TASK,2,Phone,"PATTERSON, JAHAIRA",NULL,2026-05-28 09:27:12.000,2026-05-28 09:28:06.000,2026-05-28 09:27:48.000,36,34,2,2026-05-28 09:39:22.827,694,694,0,2026-05-28 09:53:11.000,1559,1557,2,2026-05-28 09:39:25.303,730,730,0,2026-05-28 09:39:25.303,3,2,1,NULL,NULL,-9999,NULL,2026-05-28 12:57:43.040,2026-05-28 12:57:43.040,0,NULL,2026-05-28 12:57:43.657,12631,12631,0,NR-No Report
26-042026,2026-05-28 09:33:06.000,22,THU,28,9,B,DAY,EARLY,POLICE,DISORDERLY CONDUCT,2,E-911,"PERALTA, ANNETTE","FLOURNOY, ERICKA",2026-05-28 09:33:04.000,2026-05-28 09:39:33.000,2026-05-28 09:36:19.000,195,193,2,2026-05-28 09:39:57.720,218,218,0,2026-05-28 09:38:15.000,311,309,2,2026-05-28 09:40:05.887,413,413,0,2026-05-28 09:40:05.887,8,8,0,2026-05-28 09:52:24.573,739,738,1,2026-05-28 09:55:51.253,2026-05-28 09:57:13.293,0,NULL,2026-05-28 09:57:13.507,1449,1449,0,NR-No Report
26-042028,2026-05-28 09:43:17.000,22,THU,28,9,B,DAY,EARLY,POLICE,PARKING COMPLAINT,4,Phone,"GARCIA, VILMA",NULL,2026-05-28 09:43:17.000,NULL,2026-05-28 09:44:11.000,54,54,0,2026-05-28 09:44:40.057,29,29,0,2026-05-28 09:45:42.000,145,145,0,2026-05-28 09:44:40.057,83,83,0,2026-05-28 09:44:40.057,0,-9999,9999,2026-05-28 09:56:18.977,698,698,0,2026-05-28 09:58:40.263,2026-05-28 09:58:40.263,0,NULL,2026-05-28 09:58:41.373,923,923,0,NR-No Report
26-042027,2026-05-28 09:43:31.000,22,THU,28,9,B,DAY,EARLY,POLICE,ALARM COMMERCIAL,2,Phone,"PICKERAL, LAUREN",NULL,2026-05-28 09:43:30.000,2026-05-28 09:44:08.000,2026-05-28 09:43:49.000,19,18,1,2026-05-28 09:56:10.740,741,741,0,2026-05-28 09:45:37.000,127,126,1,2026-05-28 09:56:10.740,760,760,0,2026-05-28 09:56:10.740,0,0,0,2026-05-28 09:56:49.490,39,38,1,2026-05-28 10:00:33.987,2026-05-28 10:02:03.613,0,NULL,2026-05-28 10:02:03.700,1113,1113,0,FALSE-False Alarm
26-042029,2026-05-28 09:45:02.000,22,THU,28,9,B,DAY,EARLY,POLICE,TRAFFIC STOP,2,OFFICER,"HAMED, HOSSAM R",NULL,2026-05-28 09:45:02.000,2026-05-28 09:45:28.000,2026-05-28 09:45:02.000,0,2,-2,2026-05-28 09:45:02.000,0,0,0,2026-05-28 09:45:02.000,0,NULL,0,2026-05-28 09:45:02.000,0,0,0,2026-05-28 09:45:02.000,0,0,0,2026-05-28 09:45:02.000,0,0,0,2026-05-28 09:53:05.437,2026-05-28 09:53:05.437,0,NULL,2026-05-28 09:53:05.543,483,483,0,CI-Citation
26-012972,2026-05-28 09:50:10.000,22,THU,28,9,B,DAY,EARLY,FIRE,FLAM LIQ SPILL 5<55,1,Phone,"GARCIA, VILMA","WALKER, JUANITA",2026-05-28 09:50:08.000,2026-05-28 09:55:33.000,2026-05-28 09:55:11.000,303,301,2,2026-05-28 09:55:14.430,3,3,0,2026-05-28 09:55:52.000,344,342,2,2026-05-28 09:56:02.680,306,306,0,2026-05-28 09:56:02.680,48,48,0,2026-05-28 09:57:24.880,82,82,0,2026-05-28 09:56:44.427,2026-05-28 10:12:06.250,0,NULL,2026-05-28 10:12:06.507,1318,1318,0,UNDEFINED
26-042031,2026-05-28 09:50:23.000,22,THU,28,9,B,DAY,EARLY,POLICE,TRAFFIC STOP,2,OFFICER,"LION, NICHOLAS A",NULL,2026-05-28 09:50:23.000,2026-05-28 09:50:57.000,2026-05-28 09:50:23.000,0,1,-1,2026-05-28 09:50:23.000,0,0,0,2026-05-28 09:50:23.000,0,NULL,0,2026-05-28 09:50:23.000,0,0,0,2026-05-28 09:50:23.000,0,0,0,2026-05-28 09:50:23.000,0,0,0,2026-05-28 09:58:39.363,2026-05-28 09:58:39.363,0,NULL,2026-05-28 09:58:39.390,496,496,0,NR-No Report
26-042032,2026-05-28 09:52:30.000,22,THU,28,9,B,DAY,EARLY,POLICE,WALK IN HQ LOBBY,3,Phone,"PICKERAL, LAUREN","LEWIS, LESLIE",2026-05-28 09:52:30.000,2026-05-28 09:58:16.000,2026-05-28 09:52:59.000,29,29,0,2026-05-28 10:10:41.453,1062,1062,0,2026-05-28 09:56:01.000,211,211,0,2026-05-28 10:10:53.483,1091,1091,0,2026-05-28 10:10:53.483,12,12,0,2026-05-28 10:18:48.097,475,474,1,2026-05-28 12:44:35.660,2026-05-28 12:44:35.660,0,NULL,2026-05-28 12:44:35.717,10325,10325,0,RE-Report
26-012971,2026-05-28 09:53:36.000,22,THU,28,9,B,DAY,EARLY,FIRE,FIRE ALARM,3,Phone,"PICKERAL, LAUREN",Automatic Dispatch,2026-05-28 09:53:35.000,2026-05-28 09:54:22.000,2026-05-28 09:54:09.000,34,33,1,2026-05-28 09:54:12.207,3,3,0,2026-05-28 09:55:43.000,128,127,1,2026-05-28 09:54:43.913,37,37,0,2026-05-28 09:54:43.913,31,31,0,NULL,NULL,-9999,NULL,2026-05-28 09:58:20.400,2026-05-28 09:58:20.400,0,NULL,2026-05-28 09:58:20.710,285,285,0,UNDEFINED
26-042033,2026-05-28 09:53:41.000,22,THU,28,9,B,DAY,EARLY,POLICE,DISORDERLY CONDUCT,2,E-911,"PATTERSON, JAHAIRA","LEWIS, LESLIE",2026-05-28 09:53:39.000,2026-05-28 09:55:32.000,2026-05-28 09:54:12.000,33,31,2,2026-05-28 10:05:23.427,671,671,0,2026-05-28 09:54:59.000,80,78,2,2026-05-28 10:05:29.613,704,704,0,2026-05-28 10:05:29.613,6,6,0,2026-05-28 10:15:42.013,613,612,1,2026-05-28 10:09:48.030,2026-05-28 10:42:33.940,0,NULL,2026-05-28 10:42:33.983,2934,2934,0,NR-No Report
26-042034,2026-05-28 09:57:23.000,22,THU,28,9,B,DAY,EARLY,POLICE,LARCENY COMM IN PROG,2,OFFICER,"FLOURNOY, ERICKA","WALKER, JUANITA",2026-05-28 09:57:21.000,2026-05-28 10:25:30.000,2026-05-28 09:57:49.000,28,26,2,2026-05-28 13:59:24.967,14495,14495,0,2026-05-28 10:02:34.000,313,311,2,2026-05-28 13:59:29.587,14523,14523,0,2026-05-28 13:59:29.587,5,4,1,2026-05-28 13:59:30.867,1,1,0,2026-05-28 14:48:21.323,2026-05-28 14:48:21.323,0,NULL,2026-05-28 14:48:21.393,17460,17460,0,RE-Report
26-042038,2026-05-28 10:00:29.000,22,THU,28,10,B,DAY,MIDS,POLICE,DISORDERLY CONDUCT,2,Phone,"PERALTA, ANNETTE",NULL,2026-05-28 10:00:27.000,2026-05-28 10:03:46.000,2026-05-28 10:03:42.000,195,193,2,2026-05-28 10:20:21.990,999,999,0,2026-05-28 10:03:45.000,198,196,2,2026-05-28 10:20:23.700,1194,1194,0,2026-05-28 10:20:23.700,2,1,1,2026-05-28 10:52:42.627,1939,1938,1,2026-05-28 11:06:55.890,2026-05-28 11:06:55.890,0,NULL,2026-05-28 11:06:55.940,3988,3988,0,NR-No Report
26-042037,2026-05-28 10:01:43.000,22,THU,28,10,B,DAY,MIDS,POLICE,DISORDERLY CONDUCT,2,Phone,"PATTERSON, JAHAIRA","LEWIS, LESLIE",2026-05-28 10:01:43.000,2026-05-28 10:03:21.000,2026-05-28 10:03:17.000,94,94,0,2026-05-28 10:42:40.073,2363,2363,0,2026-05-28 10:08:03.000,380,380,0,2026-05-28 10:42:46.530,2457,2457,0,2026-05-28 10:42:46.530,6,6,0,2026-05-28 10:45:18.087,152,151,1,2026-05-28 11:05:55.550,2026-05-28 11:06:08.613,0,NULL,2026-05-28 11:06:08.707,3865,3865,0,NR-No Report
26-042035,2026-05-28 10:02:19.000,22,THU,28,10,B,DAY,MIDS,POLICE,CIVIL PROCESS EVICTION,4,Radio,"LEWIS, LESLIE",NULL,2026-05-28 10:02:19.000,2026-05-28 10:02:21.000,2026-05-28 10:02:19.000,0,0,0,2026-05-28 10:02:19.000,0,0,0,2026-05-28 10:02:19.000,0,0,0,2026-05-28 10:26:37.120,0,0,0,2026-05-28 10:02:19.000,0,0,0,2026-05-28 10:02:19.000,0,0,0,2026-05-28 10:52:56.153,2026-05-28 10:53:44.933,0,NULL,2026-05-28 10:53:44.987,3085,3085,0,NR-No Report
26-042036,2026-05-28 10:02:23.000,22,THU,28,10,B,DAY,MIDS,POLICE,TRAFFIC STOP,2,OFFICER,"GERNATT, JAMIE M",NULL,2026-05-28 10:02:23.000,NULL,2026-05-28 10:02:23.000,0,1,-1,2026-05-28 10:02:23.000,0,0,0,2026-05-28 10:02:23.000,0,NULL,0,2026-05-28 10:02:23.000,0,0,0,2026-05-28 10:02:23.000,0,0,0,2026-05-28 10:02:23.000,0,0,0,2026-05-28 10:18:03.603,2026-05-28 10:18:03.603,0,NULL,2026-05-28 10:18:03.707,940,940,0,CI-Citation
26-042040,2026-05-28 10:04:03.000,22,THU,28,10,B,DAY,MIDS,POLICE,MENTAL HEALTH CASE,2,Phone,"FLOURNOY, ERICKA","LEWIS, LESLIE",2026-05-28 10:04:01.000,2026-05-28 10:06:07.000,2026-05-28 10:05:56.000,115,113,2,2026-05-28 10:06:39.990,43,43,0,2026-05-28 10:10:22.000,381,379,2,2026-05-28 10:06:46.060,158,158,0,2026-05-28 10:06:46.060,7,6,1,2026-05-28 10:17:44.610,658,658,0,2026-05-28 10:07:35.607,2026-05-28 12:02:32.470,0,NULL,2026-05-28 12:02:32.553,7111,7111,0,NR-No Report
26-042039,2026-05-28 10:05:54.000,22,THU,28,10,B,DAY,MIDS,POLICE,TRAFFIC STOP,2,OFFICER,"KIM, DANIEL H",NULL,2026-05-28 10:05:54.000,NULL,2026-05-28 10:05:54.000,0,1,-1,2026-05-28 10:05:54.000,0,0,0,2026-05-28 10:05:54.000,0,NULL,0,2026-05-28 10:05:54.000,0,0,0,2026-05-28 10:05:54.000,0,0,0,2026-05-28 10:05:54.000,0,0,0,2026-05-28 10:13:04.260,2026-05-28 10:13:04.260,0,NULL,2026-05-28 10:13:04.330,430,430,0,CI-Citation
26-012973,2026-05-28 10:05:59.000,22,THU,28,10,B,DAY,MIDS,FIRE,FIRE ALARM,3,Phone,"PERALTA, ANNETTE","WALKER, JUANITA",2026-05-28 10:05:57.000,2026-05-28 10:12:21.967,2026-05-28 10:07:56.000,119,117,2,2026-05-28 10:07:58.617,2,2,0,2026-05-28 10:08:16.000,139,137,2,2026-05-28 10:09:09.503,121,121,0,2026-05-28 10:09:09.503,71,70,1,2026-05-28 10:12:27.320,198,197,1,2026-05-28 10:10:13.557,2026-05-28 10:10:13.557,1,2026-05-28 10:12:13.153,2026-05-28 10:18:15.617,256,738,-482,CAD2CAD
26-042042,2026-05-28 10:12:09.000,22,THU,28,10,B,DAY,MIDS,POLICE,DRUG COMPLAINT DELAY,4,Phone,"PATTERSON, JAHAIRA",NULL,2026-05-28 10:12:07.000,2026-05-28 10:15:21.000,2026-05-28 10:14:44.000,157,155,2,2026-05-28 14:08:05.020,14001,14001,0,2026-05-28 10:14:44.000,157,NULL,157,2026-05-28 14:08:05.020,14158,14158,0,2026-05-28 14:08:05.020,0,0,0,2026-05-28 14:38:38.427,1833,1833,0,2026-05-28 14:46:47.323,2026-05-28 15:04:55.647,0,NULL,2026-05-28 15:04:55.723,17568,17568,0,NR-No Report
26-042043,2026-05-28 10:14:19.000,22,THU,28,10,B,DAY,MIDS,POLICE,DISORDERLY CONDUCT,2,E-911,"GARCIA, VILMA","LEWIS, LESLIE",2026-05-28 10:14:19.000,2026-05-28 10:15:46.000,2026-05-28 10:15:18.000,59,59,0,2026-05-28 11:08:18.127,3180,3180,0,2026-05-28 10:16:16.000,117,117,0,2026-05-28 11:08:24.870,3239,3239,0,2026-05-28 11:08:24.870,6,6,0,2026-05-28 11:11:29.153,185,184,1,2026-05-28 11:09:07.753,2026-05-28 12:10:17.347,0,NULL,2026-05-28 12:10:17.420,6958,6958,0,NR-No Report
26-042047,2026-05-28 10:16:04.000,22,THU,28,10,B,DAY,MIDS,POLICE,MENTAL HEALTH CASE,2,E-911,"PERALTA, ANNETTE","LEWIS, LESLIE",2026-05-28 10:16:02.000,2026-05-28 10:22:42.000,2026-05-28 10:22:00.000,358,356,2,2026-05-28 10:32:53.637,653,653,0,2026-05-28 10:23:16.000,434,432,2,2026-05-28 10:32:53.687,1011,1011,0,2026-05-28 10:32:53.687,0,0,0,2026-05-28 10:44:29.560,696,695,1,2026-05-28 11:56:46.203,2026-05-28 11:56:46.203,0,NULL,2026-05-28 11:56:46.237,6044,6044,0,NR-No Report
26-012974,2026-05-28 10:18:12.000,22,THU,28,10,B,DAY,MIDS,FIRE,FIRE ALARM,3,Phone,"PATTERSON, JAHAIRA",Automatic Dispatch,2026-05-28 10:18:10.000,2026-05-28 10:18:45.000,2026-05-28 10:18:33.000,23,21,2,2026-05-28 10:18:35.713,2,2,0,2026-05-28 10:19:03.000,53,51,2,2026-05-28 10:19:19.363,25,25,0,2026-05-28 10:19:19.363,44,43,1,2026-05-28 10:24:42.257,323,322,1,2026-05-28 10:35:23.413,2026-05-28 10:35:23.413,0,NULL,2026-05-28 10:35:23.750,1033,1033,0,UNDEFINED
26-042046,2026-05-28 10:21:26.000,22,THU,28,10,B,DAY,MIDS,POLICE,LARCENY COMMERCIAL DELAY,4,Phone,"PICKERAL, LAUREN","LEWIS, LESLIE",2026-05-28 10:21:25.000,2026-05-28 10:25:14.000,2026-05-28 10:21:51.000,26,25,1,2026-05-28 11:50:41.053,5330,5330,0,2026-05-28 10:22:19.000,54,53,1,2026-05-28 11:50:44.180,5356,5356,0,2026-05-28 11:50:44.180,3,3,0,2026-05-28 12:01:33.083,649,648,1,2026-05-28 14:03:09.450,2026-05-28 14:03:09.450,0,NULL,2026-05-28 14:03:09.530,13304,13304,0,RE-Report
26-012975,2026-05-28 10:23:16.000,22,THU,28,10,B,DAY,MIDS,FIRE,FIRE ALARM,3,Phone,"GARCIA, VILMA","WALKER, JUANITA",2026-05-28 10:23:14.000,2026-05-28 10:30:51.000,2026-05-28 10:23:52.000,38,36,2,2026-05-28 10:23:54.843,2,2,0,2026-05-28 10:24:57.000,103,101,2,2026-05-28 10:25:49.477,40,40,0,2026-05-28 10:25:49.477,115,114,1,2026-05-28 10:29:20.577,211,211,0,2026-05-28 10:26:14.573,2026-05-28 10:26:14.573,1,2026-05-28 10:29:09.540,2026-05-28 10:42:01.490,180,1127,-947,UNDEFINED
26-042049,2026-05-28 10:27:28.000,22,THU,28,10,B,DAY,MIDS,POLICE,ANIMAL DECEASED,3,Phone,"PATTERSON, JAHAIRA","LEWIS, LESLIE",2026-05-28 10:27:26.000,2026-05-28 10:31:23.000,2026-05-28 10:28:13.000,47,45,2,2026-05-28 10:31:43.507,210,210,0,2026-05-28 10:28:33.000,67,65,2,2026-05-28 10:31:47.273,257,257,0,2026-05-28 10:31:47.273,4,3,1,2026-05-28 10:31:51.310,4,4,0,2026-05-28 10:31:57.323,2026-05-28 10:31:57.323,0,NULL,2026-05-28 10:31:57.380,271,271,0,ACOR-Animal Control Report
26-042050,2026-05-28 10:28:26.000,22,THU,28,10,B,DAY,MIDS,POLICE,ANIMAL SICK-INJURED,2,Phone,"GARCIA, VILMA","LEWIS, LESLIE",2026-05-28 10:28:24.000,2026-05-28 10:29:31.000,2026-05-28 10:29:00.000,36,34,2,2026-05-28 10:29:29.327,29,29,0,2026-05-28 10:29:07.000,43,41,2,2026-05-28 10:29:29.383,65,65,0,2026-05-28 10:29:29.383,0,0,0,NULL,NULL,-9999,NULL,2026-05-28 10:35:46.280,2026-05-28 10:35:46.280,0,NULL,2026-05-28 10:35:46.323,442,442,0,ACOR-Animal Control Report
26-012976,2026-05-28 10:33:37.000,22,THU,28,10,B,DAY,MIDS,EMS,ALTERED LOC ALS 1,1,E-911,"WELCH, KIMBERLY",Automatic Dispatch,2026-05-28 10:33:37.000,2026-05-28 10:35:11.000,2026-05-28 10:35:06.000,89,89,0,2026-05-28 10:35:08.590,2,2,0,2026-05-28 10:36:37.000,180,180,0,2026-05-28 10:35:30.123,91,91,0,2026-05-28 10:35:30.123,22,21,1,2026-05-28 10:39:33.333,243,243,0,2026-05-28 10:45:25.057,2026-05-28 10:56:42.000,0,NULL,2026-05-28 10:56:42.100,1385,1384,1,UNDEFINED
26-042052,2026-05-28 10:33:48.000,22,THU,28,10,B,DAY,MIDS,POLICE,ANIMAL COMPLAINT,4,Phone,"GARCIA, VILMA","LEWIS, LESLIE",2026-05-28 10:33:46.000,2026-05-28 10:44:15.533,2026-05-28 10:36:20.000,154,152,2,2026-05-28 10:44:15.453,475,475,0,2026-05-28 10:36:30.000,164,162,2,2026-05-28 10:44:46.590,629,629,0,2026-05-28 10:44:46.590,31,31,0,NULL,NULL,-9999,NULL,2026-05-28 10:46:07.347,2026-05-28 10:46:07.347,0,NULL,2026-05-28 10:46:07.613,741,741,0,ACOR-Animal Control Report
26-042053,2026-05-28 10:41:44.000,22,THU,28,10,B,DAY,MIDS,POLICE,PARKING COMPLAINT,4,Phone,"PICKERAL, LAUREN",NULL,2026-05-28 10:41:41.000,2026-05-28 10:43:17.000,2026-05-28 10:42:42.000,61,58,3,2026-05-28 10:43:36.947,54,54,0,2026-05-28 10:43:09.000,88,85,3,2026-05-28 10:43:36.947,115,115,0,2026-05-28 10:43:36.947,0,0,0,2026-05-28 10:46:41.073,185,184,1,2026-05-28 10:56:05.647,2026-05-28 10:56:05.647,0,NULL,2026-05-28 10:56:06.777,864,864,0,NR-No Report
26-042054,2026-05-28 10:45:57.000,22,THU,28,10,B,DAY,MIDS,POLICE,PARKING COMPLAINT,4,Phone,"GARCIA, VILMA",NULL,2026-05-28 10:45:57.000,NULL,2026-05-28 10:46:17.000,20,20,0,2026-05-28 10:56:20.227,603,603,0,2026-05-28 10:47:06.000,69,69,0,2026-05-28 10:56:20.227,623,623,0,2026-05-28 10:56:20.227,0,-9999,9999,2026-05-28 10:59:59.930,219,219,0,2026-05-28 11:05:46.433,2026-05-28 11:05:46.433,0,NULL,2026-05-28 11:05:47.143,1189,1189,0,CI-Citation
26-042056,2026-05-28 10:46:58.000,22,THU,28,10,B,DAY,MIDS,POLICE,ANIMAL COMPLAINT,4,Phone,"FLOURNOY, ERICKA","LEWIS, LESLIE",2026-05-28 10:46:56.000,2026-05-28 10:52:28.000,2026-05-28 10:48:12.000,76,74,2,2026-05-28 10:52:52.157,280,280,0,2026-05-28 10:48:12.000,76,NULL,76,2026-05-28 10:52:52.497,356,356,0,2026-05-28 10:52:52.497,0,0,0,2026-05-28 10:53:22.907,30,30,0,2026-05-28 10:53:30.987,2026-05-28 10:53:30.987,0,NULL,2026-05-28 10:53:31.037,394,394,0,ACOR-Animal Control Report
26-042055,2026-05-28 10:46:59.000,22,THU,28,10,B,DAY,MIDS,POLICE,CIVIL PROCESS EVICTION,4,OFFICER,"LEWIS, LESLIE","LEWIS, LESLIE",2026-05-28 10:46:59.000,NULL,2026-05-28 10:47:17.000,18,18,0,2026-05-28 10:47:25.757,8,8,0,2026-05-28 10:57:51.000,652,652,0,2026-05-28 10:47:25.810,26,26,0,2026-05-28 10:47:25.810,0,0,0,2026-05-28 10:47:25.853,0,0,0,2026-05-28 11:10:51.163,2026-05-28 11:10:51.163,0,NULL,2026-05-28 11:10:51.217,1432,1432,0,NR-No Report
26-042057,2026-05-28 10:55:22.000,22,THU,28,10,B,DAY,MIDS,POLICE,MVC PROPERTY DAMAGE,2,E-911,"PERALTA, ANNETTE","LEWIS, LESLIE",2026-05-28 10:55:20.000,2026-05-28 10:58:10.650,2026-05-28 10:57:38.000,138,136,2,2026-05-28 10:58:10.583,32,32,0,2026-05-28 10:58:28.000,188,186,2,2026-05-28 10:58:36.257,170,170,0,2026-05-28 10:58:36.257,26,25,1,2026-05-28 11:15:44.570,1028,1028,0,2026-05-28 11:09:16.560,2026-05-28 11:48:20.173,0,NULL,2026-05-28 11:48:20.240,3180,3180,0,NR-No Report
26-042059,2026-05-28 11:09:37.000,22,THU,28,11,B,DAY,MIDS,POLICE,PARKING COMPLAINT,4,Phone,"PERALTA, ANNETTE",NULL,2026-05-28 11:09:35.000,2026-05-28 12:04:14.000,2026-05-28 11:11:07.000,92,90,2,2026-05-28 11:46:40.547,2133,2133,0,2026-05-28 11:11:10.000,95,93,2,2026-05-28 11:46:40.547,2225,2225,0,2026-05-28 11:46:40.547,0,0,0,2026-05-28 12:21:15.210,2075,2074,1,2026-05-28 12:30:02.447,2026-05-28 12:30:02.447,0,NULL,2026-05-28 12:30:02.847,4827,4827,0,NR-No Report
26-042063,2026-05-28 11:22:33.000,22,THU,28,11,B,DAY,MIDS,POLICE,PARKING COMPLAINT,4,Phone,"PICKERAL, LAUREN",NULL,2026-05-28 11:22:32.000,NULL,2026-05-28 11:22:47.000,15,14,1,2026-05-28 11:53:08.677,1821,1821,0,2026-05-28 11:23:12.000,40,39,1,2026-05-28 11:53:08.677,1836,1836,0,2026-05-28 11:53:08.677,0,-9999,9999,2026-05-28 11:59:26.347,378,377,1,2026-05-28 12:01:25.313,2026-05-28 12:01:25.313,0,NULL,2026-05-28 12:01:25.473,2333,2333,0,NR-No Report
26-012978,2026-05-28 11:28:10.747,22,THU,28,11,B,DAY,MIDS,FIRE,MUTUAL MVC,1,C2C,CAD to CAD Service 1,CAD to CAD Service 1,2026-05-28 11:27:35.000,NULL,2026-05-28 11:28:11.277,36,0,36,2026-05-28 11:28:11.340,0,0,0,NULL,NULL,NULL,NULL,2026-05-28 11:29:23.223,36,50,-14,2026-05-28 11:29:23.223,72,10,62,2026-05-28 11:31:54.310,151,151,0,2026-05-28 11:50:33.027,2026-05-28 12:30:29.877,0,NULL,2026-05-28 12:30:30.803,3774,3774,0,UNDEFINED
26-042064,2026-05-28 11:28:18.000,22,THU,28,11,B,DAY,MIDS,POLICE,MVC HIT/RUN NO INJURY,2,E-911,"GARCIA, VILMA","LEWIS, LESLIE",2026-05-28 11:28:18.000,2026-05-28 11:31:15.000,2026-05-28 11:29:52.000,94,94,0,2026-05-28 11:32:44.190,172,172,0,2026-05-28 11:32:19.000,241,241,0,2026-05-28 11:32:54.137,266,266,0,2026-05-28 11:32:54.137,10,9,1,2026-05-28 11:45:45.410,771,771,0,2026-05-28 12:43:42.287,2026-05-28 12:43:42.287,0,NULL,2026-05-28 12:43:42.420,4524,4524,0,RE-Report
26-012979,2026-05-28 11:28:37.000,22,THU,28,11,B,DAY,MIDS,FIRE,FIRE ALARM,3,Phone,"PATTERSON, JAHAIRA",Automatic Dispatch,2026-05-28 11:28:37.000,2026-05-28 11:29:12.000,2026-05-28 11:29:06.000,29,29,0,2026-05-28 11:29:08.290,2,2,0,2026-05-28 11:29:48.000,71,71,0,NULL,31,31,0,NULL,NULL,-9999,NULL,NULL,NULL,-9999,NULL,2026-05-28 11:33:00.877,2026-05-28 11:33:00.877,0,NULL,2026-05-28 11:33:00.953,263,263,0,UNDEFINED
26-042065,2026-05-28 11:32:29.000,22,THU,28,11,B,DAY,MIDS,POLICE,SEXUAL OFFENSE DELAY,4,Phone,"PICKERAL, LAUREN","BONSU, VALERIE",2026-05-28 11:32:26.000,NULL,2026-05-28 11:33:56.000,90,87,3,2026-05-29 06:23:17.953,67761,753,67008,2026-05-28 11:35:39.000,193,190,3,2026-05-29 06:23:50.313,67851,67851,0,2026-05-29 06:23:50.313,33,32,1,2026-05-29 06:37:39.673,829,829,0,2026-05-29 09:21:20.897,2026-05-28 22:36:03.000,1,2026-05-29 06:10:44.863,2026-05-29 10:48:56.503,39817,83790,-43973,RE-Report
26-042066,2026-05-28 11:36:21.000,22,THU,28,11,B,DAY,MIDS,POLICE,TRAFFIC STOP,2,OFFICER,"HAMED, HOSSAM R",NULL,2026-05-28 11:36:21.000,NULL,2026-05-28 11:36:21.000,0,1,-1,2026-05-28 11:36:21.000,0,0,0,2026-05-28 11:36:21.000,0,NULL,0,2026-05-28 11:36:21.000,0,0,0,2026-05-28 11:36:21.000,0,0,0,2026-05-28 11:36:21.000,0,0,0,2026-05-28 11:50:42.907,2026-05-28 11:50:42.907,0,NULL,2026-05-28 11:50:43.210,861,861,0,CI-Citation
26-042067,2026-05-28 11:37:27.000,22,THU,28,11,B,DAY,MIDS,POLICE,PARKING COMPLAINT,4,Phone,"PATTERSON, JAHAIRA",NULL,2026-05-28 11:37:26.000,NULL,2026-05-28 11:37:38.000,12,11,1,2026-05-28 12:06:04.553,1706,1706,0,2026-05-28 11:38:20.000,54,53,1,2026-05-28 12:06:04.553,1718,1718,0,2026-05-28 12:06:04.553,0,-9999,9999,2026-05-28 12:23:07.163,1023,1022,1,2026-05-28 12:37:55.573,2026-05-28 12:37:55.573,0,NULL,2026-05-28 12:37:56.133,3629,3629,0,NR-No Report
26-012980,2026-05-28 11:41:45.000,22,THU,28,11,B,DAY,MIDS,EMS,TROUBLE BREATHING ALS 1,1,E-911,"WALKER, JUANITA",Automatic Dispatch,2026-05-28 11:41:44.000,2026-05-28 11:43:02.000,2026-05-28 11:42:44.000,60,59,1,2026-05-28 11:42:46.933,2,2,0,2026-05-28 11:46:00.000,256,255,1,2026-05-28 11:44:07.053,62,62,0,2026-05-28 11:44:07.053,81,80,1,2026-05-28 11:48:05.180,238,238,0,2026-05-28 11:55:35.997,2026-05-28 12:38:43.503,0,NULL,2026-05-28 12:38:43.657,3419,3419,0,UNDEFINED
26-012981,2026-05-28 11:44:12.000,22,THU,28,11,B,DAY,MIDS,EMS,HEART PROBLEMS ALS 1,1,E-911,"GARCIA, VILMA",Automatic Dispatch,2026-05-28 11:44:12.000,2026-05-28 11:45:13.000,2026-05-28 11:45:01.000,49,49,0,2026-05-28 11:45:03.547,2,2,0,2026-05-28 11:48:24.000,252,252,0,2026-05-28 11:45:16.847,51,51,0,2026-05-28 11:45:16.847,13,13,0,2026-05-28 11:48:19.920,183,183,0,2026-05-28 12:35:02.373,2026-05-28 13:08:23.487,0,NULL,2026-05-28 13:08:23.640,5051,5051,0,UNDEFINED
26-012982,2026-05-28 11:48:24.000,22,THU,28,11,B,DAY,MIDS,FIRE,FIRE ALARM,3,Phone,"PATTERSON, JAHAIRA",Automatic Dispatch,2026-05-28 11:48:24.000,2026-05-28 11:48:56.000,2026-05-28 11:48:44.000,20,20,0,2026-05-28 11:48:46.947,2,2,0,2026-05-28 11:48:44.000,20,NULL,20,2026-05-28 11:48:58.627,22,22,0,2026-05-28 11:48:58.627,12,11,1,2026-05-28 11:50:58.637,120,120,0,2026-05-28 12:01:25.423,2026-05-28 12:01:25.423,0,NULL,2026-05-28 12:01:25.943,781,781,0,UNDEFINED
26-042069,2026-05-28 11:49:26.000,22,THU,28,11,B,DAY,MIDS,POLICE,TRAFFIC COMPLAINT,4,E-911,"GARCIA, VILMA","LEWIS, LESLIE",2026-05-28 11:49:26.000,2026-05-28 11:50:44.000,2026-05-28 11:50:33.000,67,67,0,2026-05-28 11:51:06.120,33,33,0,2026-05-28 11:53:17.000,231,231,0,2026-05-28 11:51:31.460,100,100,0,2026-05-28 11:51:31.460,25,0,25,2026-05-28 11:54:10.040,159,158,1,2026-05-28 11:53:11.930,2026-05-28 18:45:43.583,0,NULL,2026-05-28 18:45:43.663,24977,24977,0,RE-Report
26-012983,2026-05-28 11:50:31.713,22,THU,28,11,B,DAY,MIDS,EMS,MUTUAL BLS,1,C2C,CAD to CAD Service 1,CAD to CAD Service 1,2026-05-28 11:49:49.803,NULL,2026-05-28 11:50:32.290,43,0,43,2026-05-28 11:50:32.433,0,0,0,NULL,NULL,NULL,NULL,2026-05-28 11:50:43.780,43,-9999,10042,2026-05-28 11:50:43.780,11,0,11,2026-05-28 11:57:37.813,414,414,0,2026-05-28 12:10:42.303,2026-05-28 12:11:18.693,0,NULL,2026-05-28 12:11:18.817,1289,1288,1,UNDEFINED
26-012984,2026-05-28 11:50:36.000,22,THU,28,11,B,DAY,MIDS,EMS,BICYCLIST STRUCK ALS 1 - SUPV,1,Phone,"GARCIA, VILMA",Automatic Dispatch,2026-05-28 11:50:36.000,2026-05-28 11:50:44.000,2026-05-28 11:50:36.000,0,NULL,0,2026-05-28 11:50:39.210,3,3,0,2026-05-28 11:50:36.000,0,0,0,2026-05-28 11:51:25.133,3,2,1,2026-05-28 11:51:25.133,46,45,1,2026-05-28 11:56:36.727,311,311,0,2026-05-28 11:56:32.087,2026-05-28 12:56:36.887,0,NULL,2026-05-28 12:56:36.997,3960,3959,1,UNDEFINED
26-042071,2026-05-28 11:54:56.000,22,THU,28,11,B,DAY,MIDS,POLICE,TRAFFIC STOP,2,OFFICER,"HAMED, HOSSAM R",NULL,2026-05-28 11:54:56.000,2026-05-28 11:55:11.000,2026-05-28 11:54:56.000,0,1,-1,2026-05-28 11:54:56.000,0,0,0,2026-05-28 11:54:56.000,0,NULL,0,2026-05-28 11:54:56.000,0,0,0,2026-05-28 11:54:56.000,0,0,0,2026-05-28 11:54:56.000,0,0,0,2026-05-28 11:59:41.520,2026-05-28 11:59:41.520,0,NULL,2026-05-28 11:59:41.597,285,285,0,CI-Citation
26-042072,2026-05-28 11:58:19.000,22,THU,28,11,B,DAY,MIDS,POLICE,LARCENY COMM IN PROG,2,Phone,"PICKERAL, LAUREN","WELCH, KIMBERLY",2026-05-28 11:58:17.000,2026-05-28 12:03:16.000,2026-05-28 11:58:39.000,22,20,2,2026-05-28 12:03:21.400,282,282,0,2026-05-28 11:59:53.000,96,94,2,2026-05-28 12:03:26.090,304,304,0,2026-05-28 12:03:26.090,5,4,1,2026-05-28 12:05:36.297,130,130,0,2026-05-28 12:12:33.310,2026-05-28 16:21:39.550,0,NULL,2026-05-28 16:21:39.783,15802,15802,0,RE-Report
26-042074,2026-05-28 12:00:19.000,22,THU,28,12,B,DAY,MIDS,POLICE,PARKING COMPLAINT,4,Phone,"PATTERSON, JAHAIRA",NULL,2026-05-28 12:00:18.000,NULL,2026-05-28 12:00:41.000,23,22,1,2026-05-28 12:44:25.680,2624,2624,0,2026-05-28 12:02:23.000,125,124,1,2026-05-28 12:44:25.680,2647,2647,0,2026-05-28 12:44:25.680,0,0,0,2026-05-28 12:58:52.097,867,866,1,2026-05-28 13:03:40.613,2026-05-28 13:03:40.613,0,NULL,2026-05-28 13:03:40.970,3802,3802,0,NR-No Report
26-042078,2026-05-28 12:12:47.000,22,THU,28,12,B,DAY,MIDS,POLICE,TRAFFIC STOP,2,OFFICER,"HAMED, HOSSAM R",NULL,2026-05-28 12:12:47.000,2026-05-28 12:13:37.000,2026-05-28 12:12:47.000,0,1,-1,2026-05-28 12:12:47.000,0,0,0,2026-05-28 12:12:47.000,0,NULL,0,2026-05-28 12:12:47.000,0,0,0,2026-05-28 12:12:47.000,0,0,0,2026-05-28 12:12:47.000,0,0,0,2026-05-28 12:17:56.533,2026-05-28 12:17:56.533,0,NULL,2026-05-28 12:17:56.590,309,309,0,CI-Citation
26-042079,2026-05-28 12:13:19.000,22,THU,28,12,B,DAY,MIDS,POLICE,DISORDERLY CONDUCT,4,Phone,"PATTERSON, JAHAIRA","WELCH, KIMBERLY",2026-05-28 12:13:17.000,2026-05-28 12:15:04.000,2026-05-28 12:14:55.000,98,96,2,2026-05-28 12:15:34.467,39,39,0,2026-05-28 12:16:08.000,171,169,2,2026-05-28 12:15:51.660,137,137,0,2026-05-28 12:15:51.660,17,12,5,2026-05-28 12:17:38.793,107,107,0,2026-05-28 12:17:13.513,2026-05-28 15:14:12.753,0,NULL,2026-05-28 15:14:12.857,10855,10855,0,RE-Report
26-042082,2026-05-28 12:19:58.000,22,THU,28,12,B,DAY,MIDS,POLICE,DISORDERLY CONDUCT,3,Phone,"GARCIA, VILMA","WELCH, KIMBERLY",2026-05-28 12:19:56.000,2026-05-28 12:21:53.000,2026-05-28 12:20:32.000,36,34,2,2026-05-28 13:52:25.497,5513,5513,0,2026-05-28 12:24:48.000,292,290,2,2026-05-28 13:52:30.923,5549,5549,0,2026-05-28 13:52:30.923,5,5,0,2026-05-28 14:04:42.357,732,731,1,2026-05-28 14:08:02.207,2026-05-28 14:08:18.823,0,NULL,2026-05-28 14:08:18.823,6502,6502,0,NR-No Report
26-042084,2026-05-28 12:24:51.000,22,THU,28,12,B,DAY,MIDS,POLICE,TRAFFIC STOP,2,OFFICER,"HAMED, HOSSAM R",NULL,2026-05-28 12:24:51.000,2026-05-28 12:25:19.000,2026-05-28 12:24:51.000,0,2,-2,2026-05-28 12:24:51.000,0,0,0,2026-05-28 12:24:51.000,0,NULL,0,2026-05-28 12:24:51.000,0,0,0,2026-05-28 12:24:51.000,0,0,0,2026-05-28 12:24:51.000,0,0,0,2026-05-28 12:33:35.720,2026-05-28 12:33:35.720,0,NULL,2026-05-28 12:33:35.830,524,524,0,CI-Citation
26-042085,2026-05-28 12:27:26.000,22,THU,28,12,B,DAY,MIDS,POLICE,MENTAL HEALTH CASE,2,Phone,"PICKERAL, LAUREN","WELCH, KIMBERLY",2026-05-28 12:27:23.000,2026-05-28 12:28:29.000,2026-05-28 12:28:11.000,48,45,3,2026-05-28 12:31:25.690,194,194,0,2026-05-28 12:29:11.000,108,105,3,2026-05-28 12:31:34.683,242,242,0,2026-05-28 12:31:34.683,9,8,1,2026-05-28 13:06:36.607,2102,2101,1,2026-05-28 16:03:47.043,2026-05-28 16:27:12.893,0,NULL,2026-05-28 16:27:13.013,14389,14389,0,RE-Report
26-012985,2026-05-28 12:34:04.000,22,THU,28,12,B,DAY,MIDS,EMS,TROUBLE BREATHING ALS 1,1,E-911,"ANDERSON, MARILYN","ALLEN, TIANA",2026-05-28 12:34:04.000,2026-05-28 12:36:51.000,2026-05-28 12:34:53.000,49,49,0,2026-05-28 12:34:55.637,2,2,0,2026-05-28 12:36:53.000,169,169,0,2026-05-28 12:36:03.770,51,51,0,2026-05-28 12:36:03.770,68,68,0,2026-05-28 12:38:35.077,152,151,1,2026-05-28 13:03:04.790,2026-05-28 15:13:35.220,0,NULL,2026-05-28 15:13:35.253,9571,9571,0,CAD2CAD
26-012986,2026-05-28 12:34:33.000,22,THU,28,12,B,DAY,MIDS,FIRE,GAS LEAK - OUTSIDE,2,Phone,"FLOURNOY, ERICKA",Automatic Dispatch,2026-05-28 12:34:31.000,2026-05-28 12:37:52.000,2026-05-28 12:36:21.000,110,108,2,2026-05-28 12:36:23.270,2,2,0,2026-05-28 12:36:45.000,134,132,2,2026-05-28 12:37:23.573,112,112,0,2026-05-28 12:37:23.573,60,60,0,2026-05-28 12:41:52.117,269,268,1,2026-05-28 12:48:29.093,2026-05-28 12:49:12.620,0,NULL,2026-05-28 12:49:12.720,881,881,0,UNDEFINED
26-042088,2026-05-28 12:38:11.000,22,THU,28,12,B,DAY,MIDS,POLICE,HAZARD,2,Phone,"WALKER, JUANITA","WELCH, KIMBERLY",2026-05-28 12:38:09.000,2026-05-28 12:46:24.000,2026-05-28 12:41:32.000,203,201,2,2026-05-28 12:47:55.673,383,383,0,2026-05-28 12:43:49.000,340,338,2,2026-05-28 12:48:15.003,586,586,0,2026-05-28 12:48:15.003,20,19,1,2026-05-28 12:49:51.073,96,96,0,2026-05-28 12:51:50.293,2026-05-28 13:08:59.243,0,NULL,2026-05-28 13:08:59.313,1850,1850,0,NR-No Report
26-042089,2026-05-28 12:41:32.000,22,THU,28,12,B,DAY,MIDS,POLICE,TRAFFIC STOP,2,OFFICER,"KIM, DANIEL H",NULL,2026-05-28 12:41:32.000,NULL,2026-05-28 12:41:32.000,0,1,-1,2026-05-28 12:41:32.000,0,0,0,2026-05-28 12:41:32.000,0,NULL,0,2026-05-28 12:41:32.000,0,0,0,2026-05-28 12:41:32.000,0,0,0,2026-05-28 12:41:32.000,0,0,0,2026-05-28 12:45:45.963,2026-05-28 12:45:45.963,0,NULL,2026-05-28 12:45:46.010,253,253,0,CI-Citation
26-012987,2026-05-28 12:43:12.960,22,THU,28,12,B,DAY,MIDS,FIRE,FLAM LIQ SPILL <5,3,NOT CAPTURED,"WALKER, JUANITA",Automatic Dispatch,2026-05-28 12:43:12.960,2026-05-28 12:46:41.000,2026-05-28 12:43:12.960,0,0,0,2026-05-28 12:43:14.523,2,1,1,2026-05-28 12:43:12.960,0,NULL,0,2026-05-28 12:44:32.237,2,1,1,2026-05-28 12:44:32.237,78,77,1,2026-05-28 12:49:58.297,326,326,0,2026-05-28 12:56:32.207,2026-05-28 12:56:32.207,0,NULL,2026-05-28 12:56:32.387,800,799,1,UNDEFINED
26-042090,2026-05-28 12:50:23.000,22,THU,28,12,B,DAY,MIDS,POLICE,TRAFFIC STOP,2,OFFICER,"CRUMP, CLAUDE H",NULL,2026-05-28 12:50:23.000,NULL,2026-05-28 12:50:23.000,0,1,-1,2026-05-28 12:50:23.000,0,0,0,2026-05-28 12:50:23.000,0,NULL,0,2026-05-28 12:50:23.000,0,0,0,2026-05-28 12:50:23.000,0,0,0,2026-05-28 12:50:23.000,0,0,0,2026-05-28 12:56:05.760,2026-05-28 12:56:05.760,0,NULL,2026-05-28 12:56:05.827,342,342,0,NR-No Report
26-042092,2026-05-28 12:50:56.000,22,THU,28,12,B,DAY,MIDS,POLICE,TRAFFIC STOP,2,OFFICER,"WELCH, KIMBERLY","WELCH, KIMBERLY",2026-05-28 12:50:56.000,2026-05-28 12:51:07.000,2026-05-28 12:50:56.000,0,0,0,2026-05-28 12:50:56.000,0,0,0,2026-05-28 12:50:56.000,0,0,0,2026-05-28 12:51:57.410,0,0,0,2026-05-28 12:50:56.000,0,0,0,2026-05-28 12:50:56.000,0,0,0,2026-05-28 12:51:42.487,2026-05-28 13:03:34.243,0,NULL,2026-05-28 13:03:34.297,758,758,0,CI-Citation
26-042093,2026-05-28 12:53:28.000,22,THU,28,12,B,DAY,MIDS,POLICE,DISORDERLY CONDUCT,2,Phone,"PICKERAL, LAUREN","WELCH, KIMBERLY",2026-05-28 12:53:28.000,2026-05-28 12:57:18.000,2026-05-28 12:53:48.000,20,20,0,2026-05-28 12:57:50.457,242,242,0,2026-05-28 12:55:14.000,106,106,0,2026-05-28 12:57:53.373,262,262,0,2026-05-28 12:57:53.373,3,2,1,2026-05-28 12:59:50.617,117,117,0,2026-05-28 13:05:15.310,2026-05-28 13:26:05.793,0,NULL,2026-05-28 13:26:05.820,1957,1957,0,NR-No Report
26-042094,2026-05-28 12:57:05.000,22,THU,28,12,B,DAY,MIDS,POLICE,MVC PROPERTY DAMAGE,2,Phone,"PATTERSON, JAHAIRA",NULL,2026-05-28 12:57:02.000,2026-05-28 13:02:35.000,2026-05-28 12:58:06.000,64,61,3,2026-05-28 13:05:26.420,440,440,0,2026-05-28 12:59:11.000,129,126,3,2026-05-28 13:05:29.813,504,504,0,2026-05-28 13:05:29.813,3,3,0,2026-05-28 13:56:41.160,3072,3071,1,2026-05-28 14:32:02.683,2026-05-28 14:32:02.683,0,NULL,2026-05-28 14:32:02.750,5700,5700,0,NR-No Report
26-012988,2026-05-28 12:59:43.000,22,THU,28,12,B,DAY,MIDS,EMS,FALL BLS,2,E-911,"MCLEOD, DOUGLAS","ALLEN, TIANA",2026-05-28 12:59:43.000,2026-05-28 13:00:42.000,2026-05-28 13:00:34.000,51,51,0,2026-05-28 13:00:36.817,2,2,0,2026-05-28 13:02:02.000,139,139,0,2026-05-28 13:01:14.137,53,53,0,2026-05-28 13:01:14.137,38,37,1,2026-05-28 13:06:58.933,344,344,0,2026-05-28 13:33:59.543,2026-05-28 14:42:52.233,0,NULL,2026-05-28 14:42:52.327,6189,6189,0,UNDEFINED
26-042095,2026-05-28 12:59:59.000,22,THU,28,12,B,DAY,MIDS,POLICE,WALK IN HQ LOBBY,3,Phone,"FLOURNOY, ERICKA",NULL,2026-05-28 12:59:57.000,2026-05-28 13:04:24.000,2026-05-28 13:02:35.000,158,156,2,2026-05-28 13:04:05.013,90,90,0,2026-05-28 13:03:22.000,205,203,2,2026-05-28 13:04:07.603,248,248,0,2026-05-28 13:04:07.603,2,2,0,NULL,NULL,-9999,NULL,2026-05-28 17:08:22.693,2026-05-28 17:08:22.693,0,NULL,2026-05-28 17:08:22.800,14905,14905,0,NR-No Report
26-042096,2026-05-28 13:02:58.000,22,THU,28,13,B,DAY,MIDS,POLICE,PARKING COMPLAINT,4,Phone,"PATTERSON, JAHAIRA",NULL,2026-05-28 13:02:58.000,NULL,2026-05-28 13:03:05.000,7,7,0,2026-05-28 13:04:00.780,55,55,0,2026-05-28 13:08:04.000,306,306,0,2026-05-28 13:04:00.780,62,62,0,2026-05-28 13:04:00.780,0,-9999,9999,2026-05-28 13:12:35.543,515,514,1,2026-05-28 13:22:18.890,2026-05-28 13:22:18.890,0,NULL,2026-05-28 13:22:19.433,1160,1160,0,NR-No Report
26-042098,2026-05-28 13:03:18.000,22,THU,28,13,B,DAY,MIDS,POLICE,SUSPICIOUS EVENT,3,E-911,"MCLEOD, DOUGLAS",NULL,2026-05-28 13:03:17.000,2026-05-28 13:05:49.000,2026-05-28 13:05:42.000,145,144,1,2026-05-28 13:07:51.803,129,129,0,2026-05-28 13:05:50.000,153,152,1,2026-05-28 13:08:05.857,274,274,0,2026-05-28 13:08:05.857,14,14,0,2026-05-28 13:20:10.563,725,724,1,2026-05-28 13:45:21.880,2026-05-28 15:36:15.250,0,NULL,2026-05-28 15:36:15.283,9178,9178,0,RE-Report
26-042099,2026-05-28 13:05:14.000,22,THU,28,13,B,DAY,MIDS,POLICE,MVC PROPERTY DAMAGE,2,E-911,"FLOURNOY, ERICKA","WELCH, KIMBERLY",2026-05-28 13:05:13.000,2026-05-28 13:06:45.000,2026-05-28 13:06:39.000,86,85,1,2026-05-28 13:13:08.887,389,389,0,2026-05-28 13:13:59.000,526,525,1,2026-05-28 13:13:15.393,475,475,0,2026-05-28 13:13:15.393,7,6,1,NULL,NULL,-9999,NULL,2026-05-28 13:13:50.457,2026-05-28 13:13:50.457,0,NULL,2026-05-28 13:13:50.590,517,526,-9,CN-Cancellation
26-042117,2026-05-28 13:08:48.000,22,THU,28,13,B,DAY,MIDS,POLICE,PUBLIC SERVICE MULTI OFFICER,3,Phone,"GARCIA, VILMA","WALKER, LATITIA",2026-05-28 13:08:46.000,2026-05-28 13:23:21.000,2026-05-28 13:23:12.000,866,864,2,2026-05-29 01:04:31.783,42079,42079,0,2026-05-28 13:24:29.000,943,941,2,2026-05-29 01:04:31.867,42945,42945,0,2026-05-29 01:04:31.867,0,0,0,2026-05-29 01:04:58.893,27,27,0,2026-05-29 01:05:34.693,2026-05-29 01:24:56.350,0,NULL,2026-05-29 01:24:56.380,44170,44170,0,NR-No Report
26-012989,2026-05-28 13:15:28.000,22,THU,28,13,B,DAY,MIDS,EMS,PEDESTRIAN STRUCK ALS 1 - SUPV,1,E-911,"FLOURNOY, ERICKA",Automatic Dispatch,2026-05-28 13:15:27.000,2026-05-28 13:16:14.000,2026-05-28 13:16:05.000,38,37,1,2026-05-28 13:16:08.117,3,3,0,2026-05-28 13:17:16.000,109,108,1,2026-05-28 13:16:34.640,41,41,0,2026-05-28 13:16:34.640,26,26,0,2026-05-28 13:20:43.140,249,248,1,2026-05-28 13:22:26.727,2026-05-28 14:31:26.463,0,NULL,2026-05-28 14:31:27.377,4559,4559,0,UNDEFINED
26-012990,2026-05-28 13:15:48.000,22,THU,28,13,B,DAY,MIDS,EMS,PEDESTRIAN STRUCK ALS 1 - SUPV,1,E-911,"WALKER, JUANITA",Automatic Dispatch,2026-05-28 13:15:48.000,2026-05-28 13:16:40.000,2026-05-28 13:16:17.000,29,29,0,2026-05-28 13:16:19.400,2,2,0,2026-05-28 13:16:17.000,29,NULL,29,2026-05-28 13:16:29.683,31,31,0,2026-05-28 13:16:29.683,10,10,0,NULL,NULL,-9999,NULL,2026-05-28 13:17:12.097,2026-05-28 13:17:26.033,0,NULL,2026-05-28 13:17:26.067,98,98,0,UNDEFINED
26-042114,2026-05-28 13:18:00.820,22,THU,28,13,B,DAY,MIDS,POLICE,MVC INJURY PED STRUCK,1,Phone,"WELCH, KIMBERLY","WELCH, KIMBERLY",2026-05-28 13:18:00.820,2026-05-28 13:18:21.000,2026-05-28 13:18:00.820,0,1,-1,2026-05-28 13:19:43.860,103,103,0,2026-05-28 13:18:00.820,0,NULL,0,2026-05-28 13:20:11.010,103,103,0,2026-05-28 13:20:11.010,28,27,1,2026-05-28 13:20:32.620,21,21,0,2026-05-28 14:46:39.017,2026-05-28 17:24:44.600,0,NULL,2026-05-28 17:24:44.697,14804,14803,1,NR-No Report
26-042118,2026-05-28 13:25:41.000,22,THU,28,13,B,DAY,MIDS,POLICE,MENTAL HEALTH CASE,2,Phone,"MCLEOD, DOUGLAS","WELCH, KIMBERLY",2026-05-28 13:25:40.000,2026-05-28 13:33:12.000,2026-05-28 13:27:38.000,118,117,1,2026-05-28 13:33:02.330,324,324,0,2026-05-28 13:28:57.000,197,196,1,2026-05-28 13:33:09.443,442,442,0,2026-05-28 13:33:09.443,7,7,0,2026-05-28 13:39:45.987,396,396,0,2026-05-28 14:06:35.097,2026-05-28 15:23:24.163,0,NULL,2026-05-28 15:23:24.250,7064,7064,0,NR-No Report
26-042121,2026-05-28 13:32:23.000,22,THU,28,13,B,DAY,MIDS,POLICE,TRNSPORT PRISONER ALX COURT,4,OFFICER,"WELCH, KIMBERLY","WELCH, KIMBERLY",2026-05-28 13:32:23.000,2026-05-28 13:32:38.000,2026-05-28 13:32:23.000,0,0,0,2026-05-28 13:32:23.000,0,0,0,2026-05-28 13:32:23.000,0,0,0,2026-05-28 13:36:01.180,0,0,0,2026-05-28 13:32:23.000,0,0,0,2026-05-28 13:32:23.000,0,0,0,2026-05-28 13:40:46.163,2026-05-28 13:40:50.123,0,NULL,2026-05-28 13:40:50.177,507,507,0,NR-No Report
26-012992,2026-05-28 13:32:31.000,22,THU,28,13,B,DAY,MIDS,EMS,TROUBLE BREATHING ALS 1,1,E-911,"WALKER, JUANITA",Automatic Dispatch,2026-05-28 13:32:30.000,2026-05-28 13:34:45.000,2026-05-28 13:33:43.000,73,72,1,2026-05-28 13:33:45.530,2,2,0,2026-05-28 13:35:39.000,189,188,1,2026-05-28 13:35:01.307,75,75,0,2026-05-28 13:35:01.307,76,75,1,2026-05-28 13:38:01.930,180,180,0,2026-05-28 13:54:02.317,2026-05-28 14:32:39.270,0,NULL,2026-05-28 14:32:39.463,3609,3609,0,UNDEFINED
26-012993,2026-05-28 13:33:05.000,22,THU,28,13,B,DAY,MIDS,EMS,TROUBLE BREATHING ALS 1,1,E-911,"FLOURNOY, ERICKA",Automatic Dispatch,2026-05-28 13:33:05.000,2026-05-28 13:35:38.000,2026-05-28 13:34:09.000,64,64,0,2026-05-28 13:34:11.270,2,2,0,2026-05-28 13:36:55.000,230,230,0,2026-05-28 13:35:35.617,66,66,0,2026-05-28 13:35:35.617,84,84,0,2026-05-28 13:39:18.043,223,222,1,2026-05-28 13:49:53.760,2026-05-28 15:03:29.563,0,NULL,2026-05-28 15:03:29.610,5424,5424,0,CAD2CAD
26-012994,2026-05-28 13:34:25.000,22,THU,28,13,B,DAY,MIDS,EMS,MEDICAL ALARM - BLS,3,Phone,"PICKERAL, LAUREN",Automatic Dispatch,2026-05-28 13:34:23.000,2026-05-28 13:37:18.000,2026-05-28 13:35:08.000,45,43,2,2026-05-28 13:35:10.217,2,2,0,2026-05-28 13:36:26.000,123,121,2,2026-05-28 13:36:32.213,47,47,0,2026-05-28 13:36:32.213,82,81,1,2026-05-28 13:38:54.340,142,142,0,2026-05-28 14:00:31.183,2026-05-28 14:44:21.937,0,NULL,2026-05-28 14:44:22.017,4198,4198,0,CAD2CAD
26-042122,2026-05-28 13:37:41.000,22,THU,28,13,B,DAY,MIDS,POLICE,DISORDERLY CONDUCT,2,Phone,"PATTERSON, JAHAIRA","WELCH, KIMBERLY",2026-05-28 13:37:40.000,2026-05-28 13:38:23.000,2026-05-28 13:38:12.000,32,31,1,2026-05-28 13:50:09.167,717,717,0,2026-05-28 13:38:12.000,32,NULL,32,2026-05-28 13:50:12.043,749,749,0,2026-05-28 13:50:12.043,3,2,1,NULL,NULL,-9999,NULL,NULL,2026-05-28 13:51:32.000,0,NULL,NULL,832,832,0,CN-Cancellation
26-042126,2026-05-28 13:52:49.000,22,THU,28,13,B,DAY,MIDS,POLICE,ANIMAL WILDLIFE,3,Phone,"PATTERSON, JAHAIRA","PATTERSON, JAHAIRA",2026-05-28 13:52:48.000,2026-05-28 14:05:24.000,2026-05-28 13:54:22.000,94,93,1,2026-05-28 14:06:32.727,730,730,0,2026-05-28 13:54:24.000,96,95,1,2026-05-28 14:06:32.990,824,824,0,2026-05-28 14:06:32.990,0,0,0,2026-05-28 14:06:33.120,1,0,1,2026-05-28 14:06:42.873,2026-05-28 14:06:42.873,0,NULL,2026-05-28 14:06:42.917,834,834,0,ACOR-Animal Control Report
26-042127,2026-05-28 13:53:00.000,22,THU,28,13,B,DAY,MIDS,POLICE,MENTAL HEALTH CASE,2,Phone,"ANDERSON, MARILYN",NULL,2026-05-28 13:52:58.000,2026-05-28 13:54:52.000,2026-05-28 13:54:45.000,107,105,2,2026-05-28 14:08:59.450,854,854,0,2026-05-28 13:56:36.000,218,216,2,2026-05-28 14:09:19.000,961,961,0,2026-05-28 14:09:19.000,20,19,1,2026-05-28 14:15:00.273,341,341,0,2026-05-28 17:24:28.763,2026-05-29 01:39:45.907,0,NULL,2026-05-29 01:39:46.040,42407,42407,0,RE-Report
26-042132,2026-05-28 14:05:49.000,22,THU,28,14,B,DAY,LATE,POLICE,MVC PROPERTY DAMAGE,2,Phone,"ANDERSON, MARILYN","WALKER, JUANITA",2026-05-28 14:05:47.000,2026-05-28 14:06:15.000,2026-05-28 14:06:10.000,23,21,2,2026-05-28 14:41:59.067,2149,2149,0,2026-05-28 14:07:23.000,96,94,2,2026-05-28 14:42:05.627,2172,2172,0,2026-05-28 14:42:05.627,6,6,0,2026-05-28 14:47:19.870,314,314,0,2026-05-28 15:10:33.197,2026-05-28 15:10:33.197,0,NULL,2026-05-28 15:10:33.387,3886,3886,0,NR-No Report
26-042133,2026-05-28 14:06:17.000,22,THU,28,14,B,DAY,LATE,POLICE,PARKING COMPLAINT,4,Phone,"PICKERAL, LAUREN",NULL,2026-05-28 14:06:17.000,NULL,2026-05-28 14:06:33.000,16,16,0,2026-05-28 14:13:11.100,398,398,0,2026-05-28 14:07:02.000,45,45,0,2026-05-28 14:13:11.100,414,414,0,2026-05-28 14:13:11.100,0,0,0,2026-05-28 14:17:02.770,231,231,0,2026-05-28 14:26:45.973,2026-05-28 14:26:45.973,0,NULL,2026-05-28 14:26:47.143,1228,1228,0,NR-No Report
26-042134,2026-05-28 14:10:44.000,22,THU,28,14,B,DAY,LATE,POLICE,OFF DUTY DETAIL,8,OFFICER,"MCNAMARA-JEFFREY, EVELYN R.",NULL,2026-05-28 14:10:44.000,NULL,2026-05-28 14:10:44.000,0,1,-1,2026-05-28 14:10:44.000,0,0,0,2026-05-28 14:10:44.000,0,NULL,0,2026-05-28 14:10:44.000,0,0,0,2026-05-28 14:10:44.000,0,0,0,2026-05-28 14:10:44.000,0,0,0,2026-05-28 14:11:08.823,2026-05-28 14:11:08.823,0,NULL,2026-05-28 14:11:09.087,24,24,0,NR-No Report
26-042135,2026-05-28 14:11:40.000,22,THU,28,14,B,DAY,LATE,POLICE,OFF DUTY DETAIL,8,OFFICER,"MCNAMARA-JEFFREY, EVELYN R.",NULL,2026-05-28 14:11:40.000,2026-05-28 14:12:22.000,2026-05-28 14:11:40.000,0,1,-1,2026-05-28 14:11:40.000,0,0,0,2026-05-28 14:11:40.000,0,NULL,0,2026-05-28 14:11:40.000,0,0,0,2026-05-28 14:11:40.000,0,0,0,2026-05-28 14:11:40.000,0,0,0,2026-05-28 17:31:52.497,2026-05-28 17:36:15.150,0,NULL,2026-05-28 17:36:15.357,12275,12275,0,NR-No Report
26-042136,2026-05-28 14:11:51.000,22,THU,28,14,B,DAY,LATE,POLICE,SUSPICIOUS EVENT,2,Phone,"PICKERAL, LAUREN","WALKER, JUANITA",2026-05-28 14:11:49.000,2026-05-28 14:13:40.000,2026-05-28 14:12:43.000,54,52,2,2026-05-28 14:42:39.503,1796,1796,0,2026-05-28 14:15:07.000,198,196,2,2026-05-28 14:43:57.497,1850,1850,0,2026-05-28 14:43:57.497,78,77,1,2026-05-28 14:50:58.640,421,421,0,2026-05-28 15:39:57.730,2026-05-28 15:39:57.730,0,NULL,2026-05-28 15:39:57.913,5288,5288,0,NR-No Report
26-042140,2026-05-28 14:16:48.000,22,THU,28,14,B,DAY,LATE,POLICE,POLICE INFORMATION,4,Phone,"PATTERSON, JAHAIRA","PATTERSON, JAHAIRA",2026-05-28 14:16:46.000,NULL,2026-05-28 14:17:09.000,23,21,2,2026-05-28 14:17:28.773,19,19,0,2026-05-28 14:32:01.000,915,913,2,2026-05-28 14:17:28.853,42,42,0,2026-05-28 14:17:28.853,0,0,0,2026-05-28 14:17:28.910,0,0,0,2026-05-28 15:09:08.037,2026-05-28 15:09:08.037,0,NULL,2026-05-28 15:09:08.107,3142,3142,0,RE-Report
26-012995,2026-05-28 14:17:53.000,22,THU,28,14,B,DAY,LATE,EMS,UNCONSCIOUS ALS 2,1,E-911,"GARCIA, VILMA",Automatic Dispatch,2026-05-28 14:17:52.000,2026-05-28 14:20:15.000,2026-05-28 14:18:48.000,56,55,1,2026-05-28 14:18:51.223,3,3,0,2026-05-28 14:26:49.000,537,536,1,2026-05-28 14:19:23.567,59,59,0,2026-05-28 14:19:23.567,32,32,0,2026-05-28 14:21:38.027,135,134,1,2026-05-28 14:58:52.987,2026-05-28 15:31:41.900,0,NULL,2026-05-28 15:31:41.977,4429,4429,0,UNDEFINED
26-042143,2026-05-28 14:19:01.000,22,THU,28,14,B,DAY,LATE,POLICE,DOMESTIC VIOL NO INJ,2,E-911,"WELCH, KIMBERLY","WALKER, JUANITA",2026-05-28 14:19:01.000,2026-05-28 14:21:33.000,2026-05-28 14:21:06.000,125,125,0,2026-05-28 14:26:40.910,334,334,0,2026-05-28 14:21:30.000,149,149,0,2026-05-28 14:26:43.347,459,459,0,2026-05-28 14:26:43.347,3,2,1,2026-05-28 14:40:11.067,808,807,1,2026-05-28 14:27:47.743,2026-05-28 15:07:43.197,0,NULL,2026-05-28 15:07:43.237,2922,2922,0,NR-No Report
26-042145,2026-05-28 14:27:05.000,22,THU,28,14,B,DAY,LATE,POLICE,WALK IN HQ LOBBY,3,Phone,"PICKERAL, LAUREN","WALKER, JUANITA",2026-05-28 14:27:04.000,2026-05-28 14:27:58.000,2026-05-28 14:27:24.000,20,19,1,2026-05-28 15:37:45.500,4221,4221,0,2026-05-28 14:28:48.000,104,103,1,2026-05-28 15:40:02.290,4241,4241,0,2026-05-28 15:40:02.290,137,136,1,2026-05-28 15:40:02.290,0,0,0,2026-05-28 17:06:32.130,2026-05-28 17:06:32.130,0,NULL,2026-05-28 17:06:32.300,9568,9568,0,RE-Report
26-042146,2026-05-28 14:28:14.000,22,THU,28,14,B,DAY,LATE,POLICE,ALARM RESIDENTIAL,2,Phone,"PATTERSON, JAHAIRA","WALKER, JUANITA",2026-05-28 14:28:14.000,2026-05-28 14:29:53.000,2026-05-28 14:28:47.000,33,33,0,2026-05-28 14:31:57.327,190,190,0,2026-05-28 14:32:00.000,226,226,0,2026-05-28 14:32:24.480,223,223,0,2026-05-28 14:32:24.480,27,27,0,2026-05-28 14:40:45.890,501,501,0,2026-05-28 15:10:52.187,2026-05-28 15:11:37.830,0,NULL,2026-05-28 15:11:37.933,2603,2603,0,NR-No Report
26-042147,2026-05-28 14:30:57.000,22,THU,28,14,B,DAY,LATE,POLICE,OFF DUTY DETAIL,8,OFFICER,"JONES, MARCELL L",NULL,2026-05-28 14:30:57.000,NULL,2026-05-28 14:30:57.000,0,1,-1,2026-05-28 14:30:57.000,0,0,0,2026-05-28 14:30:57.000,0,NULL,0,2026-05-28 14:30:57.000,0,0,0,2026-05-28 14:30:57.000,0,0,0,2026-05-28 14:30:57.000,0,0,0,2026-05-28 15:30:24.577,2026-05-28 15:30:24.577,0,NULL,2026-05-28 15:30:24.663,3567,3567,0,NR-No Report
26-042149,2026-05-28 14:31:14.000,22,THU,28,14,B,DAY,LATE,POLICE,PUBLIC SERVICE MULTI OFFICER,4,Phone,"WELCH, KIMBERLY","WALKER, JUANITA",2026-05-28 14:31:12.000,2026-05-28 14:39:04.000,2026-05-28 14:37:56.000,404,402,2,2026-05-28 15:26:33.767,2917,2917,0,2026-05-28 14:39:38.000,506,504,2,2026-05-28 15:26:34.713,3321,3321,0,2026-05-28 15:26:34.713,1,0,1,2026-05-28 15:26:34.713,0,0,0,2026-05-28 16:15:40.763,2026-05-28 16:15:40.763,0,NULL,2026-05-28 16:15:40.963,6268,6268,0,NR-No Report
26-012996,2026-05-28 14:35:54.000,22,THU,28,14,B,DAY,LATE,EMS,ALTERED LOC ALS 1,1,E-911,"ANDERSON, MARILYN",Automatic Dispatch,2026-05-28 14:35:53.000,2026-05-28 14:37:44.000,2026-05-28 14:36:57.000,64,63,1,2026-05-28 14:37:00.093,3,3,0,2026-05-28 14:38:40.000,167,166,1,2026-05-28 14:37:38.267,67,67,0,2026-05-28 14:37:38.267,38,38,0,2026-05-28 14:42:22.063,284,283,1,2026-05-28 14:58:43.873,2026-05-28 16:19:55.200,0,NULL,2026-05-28 16:19:55.313,6242,6242,0,UNDEFINED
26-042148,2026-05-28 14:36:10.000,22,THU,28,14,B,DAY,LATE,POLICE,WALK IN HQ LOBBY,3,Phone,"MCLEOD, DOUGLAS","WALKER, JUANITA",2026-05-28 14:36:08.000,2026-05-28 14:40:21.000,2026-05-28 14:36:48.000,40,38,2,2026-05-28 15:07:49.027,1861,1861,0,2026-05-28 14:40:10.000,242,240,2,2026-05-28 15:08:03.687,1901,1901,0,2026-05-28 15:08:03.687,14,14,0,2026-05-28 15:22:57.077,894,893,1,2026-05-28 17:51:29.970,2026-05-28 17:51:29.970,0,NULL,2026-05-28 17:51:30.077,11721,11721,0,SUP-Supplement
26-042150,2026-05-28 14:37:23.000,22,THU,28,14,B,DAY,LATE,POLICE,SUSPICIOUS EVENT,3,Phone,"MCLEOD, DOUGLAS","WALKER, JUANITA",2026-05-28 14:37:21.000,2026-05-28 14:43:16.000,2026-05-28 14:38:41.000,80,78,2,2026-05-28 15:25:12.267,2791,2791,0,2026-05-28 14:39:16.000,115,113,2,2026-05-28 15:25:15.460,2871,2871,0,2026-05-28 15:25:15.460,3,3,0,2026-05-28 15:32:13.693,418,418,0,2026-05-28 15:45:28.530,2026-05-28 15:45:28.530,0,NULL,2026-05-28 15:45:28.650,4087,4087,0,NR-No Report
26-042152,2026-05-28 14:44:43.000,22,THU,28,14,B,DAY,LATE,POLICE,SHOPLIFTING IN PROG,2,Radio,"WALKER, JUANITA","WALKER, JUANITA",2026-05-28 14:44:43.000,2026-05-28 14:45:01.737,2026-05-28 14:44:43.000,0,0,0,2026-05-28 14:44:43.000,0,0,0,2026-05-28 14:44:43.000,0,0,0,2026-05-28 14:45:40.463,0,0,0,2026-05-28 14:44:43.000,0,0,0,2026-05-28 14:44:43.000,0,0,0,2026-05-28 15:10:36.837,2026-05-28 15:51:08.277,0,NULL,2026-05-28 15:51:08.303,3985,3985,0,RE-Report
26-042156,2026-05-28 14:50:42.000,22,THU,28,14,B,DAY,LATE,POLICE,MVC PROPERTY DAMAGE,2,E-911,"WELCH, KIMBERLY","WALKER, JUANITA",2026-05-28 14:50:42.000,2026-05-28 14:53:59.000,2026-05-28 14:53:41.000,179,179,0,2026-05-28 15:23:30.270,1789,1789,0,2026-05-28 14:53:43.000,181,181,0,2026-05-28 15:24:12.280,1968,1968,0,2026-05-28 15:24:12.280,42,42,0,2026-05-28 15:28:19.603,247,247,0,2026-05-28 17:45:27.457,2026-05-28 17:45:27.457,0,NULL,2026-05-28 17:45:29.373,10485,10485,0,RE-Report
26-042154,2026-05-28 14:51:13.000,22,THU,28,14,B,DAY,LATE,POLICE,GLA DELAY,4,Phone,"MCLEOD, DOUGLAS",NULL,2026-05-28 14:51:11.000,2026-05-28 15:36:22.000,2026-05-28 14:52:20.000,69,67,2,2026-05-28 15:47:38.780,3318,3318,0,2026-05-28 14:56:53.000,342,340,2,2026-05-28 15:47:44.460,3387,3387,0,2026-05-28 15:47:44.460,6,5,1,2026-05-28 16:07:00.810,1156,1156,0,2026-05-28 23:52:03.777,2026-05-28 23:52:03.777,0,NULL,2026-05-28 23:52:03.827,32452,32452,0,RE-Report
26-012997,2026-05-28 14:51:54.000,22,THU,28,14,B,DAY,LATE,EMS,BLS EMERGENCY,3,E-911,"ANDERSON, MARILYN",Automatic Dispatch,2026-05-28 14:51:54.000,2026-05-28 14:53:23.000,2026-05-28 14:52:31.000,37,37,0,2026-05-28 14:52:33.937,2,2,0,2026-05-28 14:54:10.000,136,136,0,2026-05-28 14:52:38.373,39,39,0,2026-05-28 14:52:38.373,5,4,1,2026-05-28 14:59:29.927,411,411,0,2026-05-28 15:25:44.453,2026-05-28 15:25:44.453,0,NULL,2026-05-28 15:25:44.607,2030,2030,0,UNDEFINED
26-042159,2026-05-28 14:54:51.000,22,THU,28,14,B,DAY,LATE,POLICE,MVC CITY PROPERTY DAMAGE,2,E-911,"WELCH, KIMBERLY","WALKER, JUANITA",2026-05-28 14:54:51.000,2026-05-28 15:00:39.000,2026-05-28 14:59:49.000,298,298,0,2026-05-28 15:01:08.187,79,79,0,2026-05-28 15:03:21.000,510,510,0,2026-05-28 15:01:14.597,377,377,0,2026-05-28 15:01:14.597,6,6,0,2026-05-28 15:24:43.043,1409,1408,1,2026-05-28 15:01:49.290,2026-05-28 16:00:32.240,0,NULL,2026-05-28 16:00:32.357,3941,3941,0,DUPPD-Duplicate Police
26-042158,2026-05-28 14:58:09.000,22,THU,28,14,B,DAY,LATE,POLICE,PARKING COMPLAINT,4,Phone,"MCLEOD, DOUGLAS",NULL,2026-05-28 14:58:08.000,NULL,2026-05-28 14:58:59.000,51,50,1,2026-05-28 15:01:13.340,134,134,0,2026-05-28 14:59:14.000,66,65,1,2026-05-28 15:01:13.340,185,185,0,2026-05-28 15:01:13.340,0,0,0,2026-05-28 15:09:53.653,520,520,0,2026-05-28 15:53:00.913,2026-05-28 15:53:00.913,0,NULL,2026-05-28 15:53:01.147,3292,3292,0,CI-Citation
26-042160,2026-05-28 15:01:22.000,22,THU,28,15,B,DAY,LATE,POLICE,DISABLED MOTORIST,2,Phone,"PATTERSON, JAHAIRA","WALKER, JUANITA",2026-05-28 15:01:22.000,2026-05-28 15:02:05.000,2026-05-28 15:01:38.000,16,16,0,2026-05-28 15:02:23.983,45,45,0,2026-05-28 15:03:58.000,156,156,0,2026-05-28 15:02:27.410,61,61,0,2026-05-28 15:02:27.410,4,3,1,2026-05-28 15:09:42.793,435,435,0,2026-05-28 15:13:19.153,2026-05-28 15:13:19.153,0,NULL,2026-05-28 15:13:19.200,717,717,0,NR-No Report
26-012998,2026-05-28 15:01:41.000,22,THU,28,15,B,DAY,LATE,FIRE,FIRE ALARM,3,Phone,"MCLEOD, DOUGLAS",Automatic Dispatch,2026-05-28 15:01:39.000,2026-05-28 15:02:53.000,2026-05-28 15:02:22.000,43,41,2,2026-05-28 15:02:25.180,3,3,0,2026-05-28 15:03:16.000,97,95,2,2026-05-28 15:02:53.143,46,46,0,2026-05-28 15:02:53.143,28,27,1,2026-05-28 15:06:35.777,222,222,0,2026-05-28 15:14:59.047,2026-05-28 15:14:59.047,0,NULL,2026-05-28 15:14:59.223,800,800,0,UNDEFINED
26-012999,2026-05-28 15:03:52.000,22,THU,28,15,B,DAY,LATE,FIRE,FIRE ALARM,3,Phone,"MCLEOD, DOUGLAS",Automatic Dispatch,2026-05-28 15:03:49.000,2026-05-28 15:05:07.000,2026-05-28 15:04:30.000,41,38,3,2026-05-28 15:04:33.267,3,3,0,2026-05-28 15:05:33.000,104,101,3,2026-05-28 15:06:00.913,44,44,0,2026-05-28 15:06:00.913,87,87,0,2026-05-28 15:10:49.053,289,288,1,2026-05-28 15:26:23.460,2026-05-28 15:26:23.460,0,NULL,2026-05-28 15:26:23.670,1354,1354,0,UNDEFINED
26-013000,2026-05-28 15:07:29.000,22,THU,28,15,B,DAY,LATE,EMS,BLS EMERGENCY,3,E-911,"MCLEOD, DOUGLAS",Automatic Dispatch,2026-05-28 15:07:29.000,2026-05-28 15:09:53.000,2026-05-28 15:08:41.000,72,72,0,2026-05-28 15:08:43.667,2,2,0,2026-05-28 15:11:01.000,212,212,0,2026-05-28 15:08:56.670,74,74,0,2026-05-28 15:08:56.670,13,13,0,2026-05-28 15:19:19.823,623,623,0,2026-05-28 16:39:11.613,2026-05-28 16:39:11.590,0,NULL,2026-05-28 16:39:11.590,5502,5502,0,UNDEFINED
26-042163,2026-05-28 15:09:02.000,22,THU,28,15,B,DAY,LATE,POLICE,PARKING COMPLAINT,4,Phone,"ANDERSON, MARILYN",NULL,2026-05-28 15:09:01.000,NULL,2026-05-28 15:09:27.000,26,25,1,2026-05-28 15:59:59.453,3032,3032,0,2026-05-28 15:10:02.000,61,60,1,2026-05-28 15:59:59.453,3058,3058,0,2026-05-28 15:59:59.453,0,0,0,2026-05-28 16:18:37.410,1118,1117,1,2026-05-28 16:37:14.727,2026-05-28 16:37:14.727,0,NULL,2026-05-28 16:37:15.887,5293,5293,0,CI-Citation
26-042164,2026-05-28 15:09:35.000,22,THU,28,15,B,DAY,LATE,POLICE,ASSAULT GUNSHOT IN PROG,1,E-911,"GARCIA, VILMA",NULL,2026-05-28 15:09:34.000,2026-05-28 15:10:14.000,2026-05-28 15:10:11.000,37,36,1,2026-05-28 15:10:30.010,19,19,0,2026-05-28 15:15:27.000,353,352,1,2026-05-28 15:10:49.270,56,56,0,2026-05-28 15:10:49.270,19,-9999,10018,2026-05-28 15:14:33.213,224,223,1,2026-05-28 15:12:18.690,2026-05-28 17:52:37.753,0,NULL,2026-05-28 17:52:37.843,9783,9783,0,RE-Report
26-013001,2026-05-28 15:10:12.000,22,THU,28,15,B,DAY,LATE,EMS,SHOOTING ALS 2 - SUPV,1,Phone,"GARCIA, VILMA",Automatic Dispatch,2026-05-28 15:10:12.000,2026-05-28 15:10:35.000,2026-05-28 15:10:12.000,0,NULL,0,2026-05-28 15:10:14.720,2,2,0,2026-05-28 15:10:12.000,0,0,0,2026-05-28 15:10:26.420,2,2,0,2026-05-28 15:10:26.420,12,11,1,2026-05-28 15:14:03.700,217,217,0,2026-05-28 15:12:30.447,2026-05-28 16:33:55.443,0,NULL,2026-05-28 16:33:57.107,5023,5023,0,UNDEFINED
26-013002,2026-05-28 15:12:31.000,22,THU,28,15,B,DAY,LATE,FIRE,FIRE ALARM,3,Phone,"MCLEOD, DOUGLAS",Automatic Dispatch,2026-05-28 15:12:30.000,2026-05-28 15:13:31.000,2026-05-28 15:13:03.000,33,32,1,2026-05-28 15:13:05.980,2,2,0,2026-05-28 15:13:58.000,88,87,1,2026-05-28 15:14:25.070,35,35,0,2026-05-28 15:14:25.070,80,79,1,NULL,NULL,-9999,NULL,2026-05-28 15:16:39.203,2026-05-28 15:16:39.203,0,NULL,2026-05-28 15:16:39.363,249,249,0,UNDEFINED
26-013003,2026-05-28 15:33:39.000,22,THU,28,15,B,DAY,LATE,EMS,BLS EMERGENCY,3,E-911,"MCLEOD, DOUGLAS",Automatic Dispatch,2026-05-28 15:33:38.000,2026-05-28 15:36:11.000,2026-05-28 15:34:34.000,56,55,1,2026-05-28 15:34:36.347,2,2,0,2026-05-28 15:36:56.000,198,197,1,2026-05-28 15:34:50.407,58,58,0,2026-05-28 15:34:50.407,14,14,0,2026-05-28 15:37:40.173,170,169,1,2026-05-28 15:53:16.553,2026-05-28 16:49:15.920,0,NULL,2026-05-28 16:49:16.050,4537,4537,0,UNDEFINED
26-042168,2026-05-28 15:37:18.000,22,THU,28,15,B,DAY,LATE,POLICE,LARCENY RESIDENTIAL DELAY,4,Phone,"MCLEOD, DOUGLAS","DEWBERRY, RE'KEYA",2026-05-28 15:37:17.000,2026-05-30 13:05:25.000,2026-05-28 15:39:09.000,112,111,1,2026-05-30 14:03:35.800,167066,4334,162732,2026-05-28 15:39:10.000,113,112,1,2026-05-30 14:03:57.493,167178,-9999,177177,2026-05-30 14:03:57.493,22,21,1,2026-05-30 14:14:07.710,610,610,0,2026-05-30 16:04:56.200,2026-05-28 22:01:40.000,1,2026-05-30 12:51:21.453,2026-05-30 16:04:56.193,23063,1659,21404,RE-Report
26-042169,2026-05-28 15:43:31.000,22,THU,28,15,B,DAY,LATE,POLICE,MVC CITY PROPERTY DAMAGE,2,Phone,"ANDERSON, MARILYN","WALKER, JUANITA",2026-05-28 15:43:29.000,2026-05-28 15:46:02.000,2026-05-28 15:45:20.000,111,109,2,2026-05-28 16:01:03.720,943,943,0,2026-05-28 15:46:55.000,206,204,2,2026-05-28 16:01:07.860,1054,1054,0,2026-05-28 16:01:07.860,4,4,0,2026-05-28 16:01:07.860,0,0,0,2026-05-28 18:30:22.227,2026-05-28 18:30:22.227,0,NULL,2026-05-28 18:30:22.277,10013,10013,0,RE-Report
26-042172,2026-05-28 15:48:40.000,22,THU,28,15,B,DAY,LATE,POLICE,DEST OF PROP VEH DELAY,4,Phone,"PATTERSON, JAHAIRA","LEWIS, LESLIE",2026-05-28 15:48:38.000,2026-06-01 17:57:07.000,2026-05-28 15:50:31.000,113,111,2,2026-05-28 16:55:45.463,3914,3914,0,2026-05-28 15:53:10.000,272,270,2,2026-05-28 16:55:45.537,4027,4027,0,2026-05-28 16:55:45.537,0,0,0,2026-05-28 17:13:04.013,1039,1038,1,2026-06-01 20:51:56.993,2026-05-28 23:17:11.000,1,2026-05-29 16:42:43.780,2026-06-01 20:51:57.070,26913,18198,8715,RE-Report
26-013004,2026-05-28 15:51:03.000,22,THU,28,15,B,DAY,LATE,FIRE,GAS LEAK - OUTSIDE,2,E-911,"WELCH, KIMBERLY",Automatic Dispatch,2026-05-28 15:51:03.000,2026-05-28 15:53:28.000,2026-05-28 15:52:52.000,109,109,0,2026-05-28 15:52:54.907,2,2,0,2026-05-28 15:54:41.000,218,218,0,2026-05-28 15:54:13.470,111,111,0,2026-05-28 15:54:13.470,79,78,1,NULL,NULL,-9999,NULL,2026-05-28 15:59:50.723,2026-05-28 15:59:53.517,0,NULL,2026-05-28 15:59:53.670,530,530,0,UNDEFINED
26-042173,2026-05-28 15:51:38.000,22,THU,28,15,B,DAY,LATE,POLICE,OFF DUTY DETAIL,8,OFFICER,"GUERRA, JACQUELINE S",NULL,2026-05-28 15:51:38.000,NULL,2026-05-28 15:51:38.000,0,1,-1,2026-05-28 15:51:38.000,0,0,0,2026-05-28 15:51:38.000,0,NULL,0,2026-05-28 15:51:38.000,0,0,0,2026-05-28 15:51:38.000,0,0,0,2026-05-28 15:51:38.000,0,0,0,NULL,2026-05-28 22:43:50.270,0,NULL,NULL,24732,24732,0,NR-No Report
26-013005,2026-05-28 15:53:20.000,22,THU,28,15,B,DAY,LATE,FIRE,FIRE ALARM,3,Phone,"PATTERSON, JAHAIRA",Automatic Dispatch,2026-05-28 15:53:19.000,2026-05-28 15:53:47.000,2026-05-28 15:53:34.000,15,14,1,2026-05-28 15:53:36.393,2,2,0,2026-05-28 15:54:50.000,91,90,1,2026-05-28 15:54:14.563,17,17,0,2026-05-28 15:54:14.563,38,38,0,2026-05-28 15:55:45.467,91,90,1,2026-05-28 16:02:17.713,2026-05-28 16:02:17.713,0,NULL,2026-05-28 16:02:17.993,538,538,0,UNDEFINED
26-013006,2026-05-28 15:54:08.000,22,THU,28,15,B,DAY,LATE,FIRE,L.A.R. SECONDARY RESPONSE,2,Radio,"FLOURNOY, ERICKA",Automatic Dispatch,2026-05-28 15:54:06.000,2026-05-28 15:56:02.000,2026-05-28 15:54:51.000,45,43,2,2026-05-28 15:54:53.280,2,2,0,2026-05-28 15:54:58.000,52,50,2,NULL,47,47,0,NULL,NULL,-9999,NULL,NULL,NULL,-9999,NULL,2026-05-28 15:57:04.033,2026-05-28 15:57:04.033,0,NULL,2026-05-28 15:57:04.160,178,178,0,CAD2CAD
26-042178,2026-05-28 15:54:52.000,22,THU,28,15,B,DAY,LATE,POLICE,TRESPASSING IN PROG,2,Phone,"PATTERSON, JAHAIRA","WELCH, KIMBERLY",2026-05-28 15:54:52.000,2026-05-28 15:55:56.000,2026-05-28 15:55:48.000,56,56,0,2026-05-28 16:00:08.880,260,260,0,2026-05-28 15:55:48.000,56,NULL,56,2026-05-28 16:00:12.863,316,316,0,2026-05-28 16:00:12.863,4,3,1,2026-05-28 16:18:42.757,1110,1109,1,2026-05-28 16:37:08.630,2026-05-28 16:37:13.020,0,NULL,2026-05-28 16:37:13.073,2541,2541,0,NR-No Report
26-042177,2026-05-28 15:55:19.000,22,THU,28,15,B,DAY,LATE,POLICE,OFF DUTY DETAIL,8,OFFICER,"MORGANTE, ANTHONY",NULL,2026-05-28 15:55:19.000,NULL,2026-05-28 15:55:19.000,0,2,-2,2026-05-28 15:55:19.000,0,0,0,2026-05-28 15:55:19.000,0,NULL,0,2026-05-28 15:55:19.000,0,0,0,2026-05-28 15:55:19.000,0,0,0,2026-05-28 15:55:19.000,0,0,0,2026-05-28 15:55:48.743,2026-05-28 15:55:48.743,0,NULL,2026-05-28 15:55:48.783,29,29,0,NR-No Report
26-042179,2026-05-28 15:56:31.000,22,THU,28,15,B,DAY,LATE,POLICE,OFF DUTY DETAIL,8,OFFICER,"MORGANTE, ANTHONY",NULL,2026-05-28 15:56:31.000,2026-05-28 18:18:16.000,2026-05-28 15:56:31.000,0,1,-1,2026-05-28 15:56:31.000,0,0,0,2026-05-28 15:56:31.000,0,NULL,0,2026-05-28 15:56:31.000,0,0,0,2026-05-28 15:56:31.000,0,0,0,2026-05-28 15:56:31.000,0,0,0,2026-05-28 20:56:33.503,2026-05-28 20:56:33.503,0,NULL,2026-05-28 20:56:33.853,18002,18002,0,NR-No Report
26-042180,2026-05-28 16:01:51.000,22,THU,28,16,B,DAY,LATE,POLICE,MVC HIT/RUN NO INJ DELAY,4,Phone,"MCLEOD, DOUGLAS","GRAVES, CHRISTINA",2026-05-28 16:01:49.000,2026-05-28 16:51:11.000,2026-05-28 16:03:22.000,93,91,2,2026-05-28 22:28:32.790,23110,23110,0,2026-05-28 16:03:32.000,103,101,2,2026-05-28 22:28:43.453,23203,23203,0,2026-05-28 22:28:43.453,11,10,1,2026-05-28 22:31:27.860,164,164,0,NULL,2026-05-29 00:58:25.000,0,NULL,NULL,32196,32196,0,RE-Report
26-042181,2026-05-28 16:06:31.000,22,THU,28,16,B,DAY,LATE,POLICE,LARCENY COMM IN PROG,2,Phone,"ANDERSON, MARILYN",NULL,2026-05-28 16:06:30.000,2026-05-28 16:07:23.000,2026-05-28 16:07:16.000,46,45,1,2026-05-28 20:08:00.370,14444,14444,0,2026-05-28 16:08:03.000,93,92,1,2026-05-28 20:08:00.370,14490,14490,0,2026-05-28 20:08:00.370,0,-9999,9999,NULL,NULL,-9999,NULL,2026-05-28 20:08:09.030,2026-05-28 20:08:09.030,0,NULL,2026-05-28 20:08:09.117,14499,14499,0,RE-Report
26-042184,2026-05-28 16:13:46.000,22,THU,28,16,B,DAY,LATE,POLICE,DEST OF PROP VEH DELAY,4,Phone,"ANDERSON, MARILYN",NULL,2026-05-28 16:13:45.000,NULL,2026-05-28 16:15:20.000,95,94,1,2026-05-28 16:50:51.493,2131,2131,0,2026-05-28 16:15:38.000,113,112,1,2026-05-28 16:50:51.493,2226,2226,0,2026-05-28 16:50:51.493,0,-9999,9999,2026-05-28 16:51:05.230,14,13,1,2026-05-28 17:08:48.560,2026-05-28 17:08:48.560,0,NULL,2026-05-28 17:08:48.643,3303,3303,0,NR-No Report
26-042186,2026-05-28 16:16:25.000,22,THU,28,16,B,DAY,LATE,POLICE,DISORDERLY CONDUCT,2,Phone,"ANDERSON, MARILYN",NULL,2026-05-28 16:16:23.000,2026-05-28 16:30:45.000,2026-05-28 16:17:40.000,77,75,2,2026-05-28 18:06:50.927,6550,6550,0,2026-05-28 16:20:21.000,238,236,2,2026-05-28 18:06:50.927,6627,6627,0,2026-05-28 18:06:50.927,0,-9999,9999,2026-05-28 18:16:15.470,565,564,1,2026-05-28 18:24:21.520,2026-05-28 18:24:28.410,0,NULL,2026-05-28 18:24:28.437,7685,7685,0,NR-No Report
26-042187,2026-05-28 16:18:05.000,22,THU,28,16,B,DAY,LATE,POLICE,PARKING COMPLAINT,4,Phone,"PICKERAL, LAUREN",NULL,2026-05-28 16:18:02.000,NULL,2026-05-28 16:20:03.000,121,118,3,2026-05-28 16:37:23.643,1040,1040,0,2026-05-28 16:21:14.000,192,189,3,2026-05-28 16:37:23.643,1161,1161,0,2026-05-28 16:37:23.643,0,0,0,2026-05-28 16:51:39.840,856,856,0,2026-05-28 17:01:28.310,2026-05-28 17:01:28.310,0,NULL,2026-05-28 17:01:28.760,2606,2606,0,NR-No Report
26-013007,2026-05-28 16:23:58.477,22,THU,28,16,B,DAY,LATE,FIRE,MUTUAL MVC,1,C2C,CAD to CAD Service 1,CAD to CAD Service 1,2026-05-28 16:21:06.000,NULL,2026-05-28 16:23:58.990,172,0,172,2026-05-28 16:23:59.087,1,0,1,NULL,NULL,NULL,NULL,2026-05-28 16:24:13.667,173,187,-14,2026-05-28 16:24:13.667,14,0,14,2026-05-28 16:30:10.830,357,357,0,2026-05-28 16:31:21.617,2026-05-28 18:02:58.510,0,NULL,2026-05-28 18:02:58.677,6112,6112,0,UNDEFINED
26-013008,2026-05-28 16:25:18.000,22,THU,28,16,B,DAY,LATE,EMS,BLS EMERGENCY,3,E-911,"ANDERSON, MARILYN",Automatic Dispatch,2026-05-28 16:25:17.000,2026-05-28 16:26:52.000,2026-05-28 16:26:16.000,59,58,1,2026-05-28 16:26:18.650,2,2,0,2026-05-28 16:28:14.000,177,176,1,2026-05-28 16:26:52.340,61,61,0,2026-05-28 16:26:52.340,34,33,1,2026-05-28 16:30:20.557,208,208,0,2026-05-28 16:42:20.827,2026-05-28 17:47:21.677,0,NULL,2026-05-28 17:47:21.740,4924,4924,0,CAD2CAD
26-042192,2026-05-28 16:30:13.000,22,THU,28,16,B,DAY,LATE,POLICE,MVC PROPERTY DAMAGE,2,E-911,"MCLEOD, DOUGLAS","WELCH, KIMBERLY",2026-05-28 16:30:13.000,2026-05-28 16:33:42.000,2026-05-28 16:31:29.000,76,76,0,2026-05-28 16:34:16.987,167,167,0,2026-05-28 16:32:29.000,136,136,0,2026-05-28 16:34:19.420,243,243,0,2026-05-28 16:34:19.420,3,2,1,2026-05-28 16:41:51.160,452,451,1,2026-05-28 16:37:32.787,2026-05-28 17:56:04.687,0,NULL,2026-05-28 17:56:04.777,5151,5151,0,NR-No Report
26-042195,2026-05-28 16:34:02.000,22,THU,28,16,B,DAY,LATE,POLICE,PUBLIC SERVICE MULTI OFFICER,2,Phone,"GARCIA, VILMA","WELCH, KIMBERLY",2026-05-28 16:34:00.000,2026-05-28 16:38:44.000,2026-05-28 16:38:01.000,241,239,2,2026-05-28 16:39:11.640,70,70,0,2026-05-28 16:41:04.000,424,422,2,2026-05-28 16:39:14.290,311,311,0,2026-05-28 16:39:14.290,3,2,1,2026-05-28 16:42:40.863,206,206,0,2026-05-28 17:31:11.397,2026-05-28 17:32:24.050,0,NULL,2026-05-28 17:32:24.143,3504,3504,0,NR-No Report
26-042194,2026-05-28 16:35:18.000,22,THU,28,16,B,DAY,LATE,POLICE,TRESPASSING IN PROG,2,E-911,"MCLEOD, DOUGLAS","WELCH, KIMBERLY",2026-05-28 16:35:17.000,2026-05-28 16:44:52.000,2026-05-28 16:36:50.000,93,92,1,2026-05-28 17:36:38.030,3588,3588,0,2026-05-28 16:37:18.000,121,120,1,2026-05-28 17:36:41.440,3681,3681,0,2026-05-28 17:36:41.440,3,3,0,2026-05-28 17:39:06.940,145,145,0,2026-05-28 17:45:37.497,2026-05-28 17:45:40.870,0,NULL,2026-05-28 17:45:40.923,4223,4223,0,NR-No Report
26-042198,2026-05-28 16:57:21.000,22,THU,28,16,B,DAY,LATE,POLICE,DISORDERLY CONDUCT,2,Phone,"ALLEN, TIANA","WELCH, KIMBERLY",2026-05-28 16:57:19.000,2026-05-28 16:58:43.000,2026-05-28 16:58:34.000,75,73,2,2026-05-28 17:45:51.863,2837,2837,0,2026-05-28 16:58:58.000,99,97,2,2026-05-28 17:45:53.613,2912,2912,0,2026-05-28 17:45:53.613,2,1,1,2026-05-28 17:52:08.047,375,374,1,2026-05-28 18:04:55.303,2026-05-28 18:04:58.803,0,NULL,2026-05-28 18:04:58.843,4059,4059,0,NR-No Report
26-042199,2026-05-28 16:58:18.000,22,THU,28,16,B,DAY,LATE,POLICE,FIGHT NO WEAPONS,2,Phone,"ANDERSON, MARILYN","WELCH, KIMBERLY",2026-05-28 16:58:16.000,2026-05-28 16:58:53.000,2026-05-28 16:58:48.000,32,30,2,2026-05-28 16:59:26.930,38,38,0,2026-05-28 17:03:46.000,330,328,2,2026-05-28 17:00:11.637,70,70,0,2026-05-28 17:00:11.637,45,44,1,2026-05-28 17:12:03.293,712,711,1,2026-05-28 17:00:31.400,2026-05-28 17:36:33.353,0,NULL,2026-05-28 17:36:33.403,2297,2297,0,NR-No Report
26-042200,2026-05-28 17:01:12.000,22,THU,28,17,B,DAY,LATE,POLICE,MVC PROPERTY DAMAGE,2,E-911,"ALLEN, TIANA","WELCH, KIMBERLY",2026-05-28 17:01:11.000,2026-05-28 17:02:55.000,2026-05-28 17:02:38.000,87,86,1,2026-05-28 17:04:37.770,119,119,0,2026-05-28 17:04:40.000,209,208,1,2026-05-28 17:04:44.127,206,206,0,2026-05-28 17:04:44.127,7,6,1,2026-05-28 17:13:31.560,527,527,0,2026-05-28 17:36:34.477,2026-05-28 17:36:34.477,0,NULL,2026-05-28 17:36:34.530,2123,2123,0,NR-No Report
26-042202,2026-05-28 17:11:57.000,22,THU,28,17,B,DAY,LATE,POLICE,DISORDERLY CONDUCT,2,E-911,"GARCIA, VILMA","GRAVES, CHRISTINA",2026-05-28 17:11:57.000,2026-05-28 17:16:57.000,2026-05-28 17:13:32.000,95,95,0,2026-05-28 18:36:00.410,4948,4948,0,2026-05-28 17:14:31.000,154,154,0,2026-05-28 18:36:00.473,5043,5043,0,2026-05-28 18:36:00.473,0,0,0,2026-05-28 18:36:00.507,0,0,0,2026-05-28 18:57:14.077,2026-05-28 18:57:14.077,0,NULL,2026-05-28 18:57:14.153,6317,6317,0,RE-Report
26-013012,2026-05-28 17:12:51.000,22,THU,28,17,B,DAY,LATE,FIRE,FIRE ALARM,3,Phone,"PICKERAL, LAUREN",Automatic Dispatch,2026-05-28 17:12:50.000,2026-05-28 17:17:10.000,2026-05-28 17:13:16.000,26,25,1,2026-05-28 17:13:19.040,3,3,0,2026-05-28 17:13:37.000,47,46,1,2026-05-28 17:14:29.127,29,29,0,2026-05-28 17:14:29.127,70,70,0,2026-05-28 17:17:44.680,195,195,0,2026-05-28 17:32:32.120,2026-05-28 17:32:32.120,0,NULL,2026-05-28 17:32:32.440,1182,1182,0,UNDEFINED
26-013013,2026-05-28 17:21:28.000,22,THU,28,17,B,DAY,LATE,EMS,TROUBLE BREATHING ALS 1,1,E-911,"ANDERSON, MARILYN","FLOURNOY, ERICKA",2026-05-28 17:21:28.000,2026-05-28 17:24:51.000,2026-05-28 17:22:18.000,50,50,0,2026-05-28 17:22:21.040,3,3,0,2026-05-28 17:27:49.000,381,381,0,2026-05-28 17:23:29.833,53,53,0,2026-05-28 17:23:29.833,68,68,0,2026-05-28 17:29:27.037,358,357,1,2026-05-28 17:42:10.343,2026-05-28 18:27:08.177,0,NULL,2026-05-28 18:27:08.297,3940,3940,0,UNDEFINED
26-042207,2026-05-28 17:22:10.000,22,THU,28,17,B,DAY,LATE,POLICE,MENTAL HEALTH CASE,2,Phone,"PATTERSON, JAHAIRA",NULL,2026-05-28 17:22:08.000,2026-05-28 17:29:16.000,2026-05-28 17:27:19.000,311,309,2,2026-05-28 17:38:39.837,680,680,0,2026-05-28 17:43:06.000,1258,1256,2,2026-05-28 17:38:42.730,991,991,0,2026-05-28 17:38:42.730,3,2,1,2026-05-28 17:47:00.000,498,497,1,2026-05-28 22:29:47.153,2026-05-29 14:51:28.643,0,NULL,2026-05-29 14:51:28.760,77360,77360,0,RE-Report
26-013014,2026-05-28 17:23:51.000,22,THU,28,17,B,DAY,LATE,EMS,TROUBLE BREATHING ALS 1,1,E-911,"GARCIA, VILMA",Automatic Dispatch,2026-05-28 17:23:51.000,2026-05-28 17:25:05.000,2026-05-28 17:24:38.000,47,47,0,2026-05-28 17:24:40.910,2,2,0,2026-05-28 17:26:56.000,185,185,0,2026-05-28 17:25:42.867,49,49,0,2026-05-28 17:25:42.867,62,61,1,2026-05-28 17:30:11.713,269,268,1,2026-05-28 18:32:59.740,2026-05-28 19:04:49.927,0,NULL,2026-05-28 19:04:50.037,6058,6058,0,UNDEFINED
26-042205,2026-05-28 17:24:16.000,22,THU,28,17,B,DAY,LATE,POLICE,PARKING COMPLAINT,4,Phone,"ALLEN, TIANA",NULL,2026-05-28 17:24:13.000,NULL,2026-05-28 17:26:26.000,133,130,3,2026-05-28 17:37:11.387,645,645,0,2026-05-28 17:29:20.000,307,304,3,2026-05-28 17:37:11.387,778,778,0,2026-05-28 17:37:11.387,0,-9999,9999,2026-05-28 17:41:12.813,241,241,0,2026-05-28 17:58:32.460,2026-05-28 17:58:32.460,0,NULL,2026-05-28 17:58:32.640,2059,2059,0,NR-No Report
26-042206,2026-05-28 17:25:51.000,22,THU,28,17,B,DAY,LATE,POLICE,PARKING COMPLAINT,4,Phone,"WALKER, JUANITA",NULL,2026-05-28 17:25:49.000,2026-05-28 17:42:40.000,2026-05-28 17:27:04.000,75,73,2,2026-05-28 17:27:50.707,46,46,0,2026-05-28 17:29:09.000,200,198,2,2026-05-28 17:27:50.707,121,121,0,2026-05-28 17:27:50.707,0,-9999,9999,2026-05-28 17:41:23.797,813,813,0,2026-05-28 17:56:36.000,2026-05-28 17:56:36.000,0,NULL,2026-05-28 17:56:36.730,1847,1846,1,CI-Citation
26-042208,2026-05-28 17:27:12.000,22,THU,28,17,B,DAY,LATE,POLICE,DISORDERLY CONDUCT,2,E-911,"GARCIA, VILMA",NULL,2026-05-28 17:27:12.000,2026-05-28 17:30:35.000,2026-05-28 17:28:12.000,60,60,0,2026-05-28 17:31:32.303,200,200,0,2026-05-28 17:31:28.000,256,256,0,2026-05-28 17:31:40.720,260,260,0,2026-05-28 17:31:40.720,8,8,0,2026-05-28 17:40:23.640,523,522,1,2026-05-28 17:34:41.107,2026-05-28 17:43:24.373,0,NULL,2026-05-28 17:43:24.453,972,972,0,NR-No Report
26-042210,2026-05-28 17:29:49.000,22,THU,28,17,B,DAY,LATE,POLICE,ALARM RESIDENTIAL,2,Text,"WALKER, JUANITA","WELCH, KIMBERLY",2026-05-28 17:29:47.000,2026-05-28 17:30:27.000,2026-05-28 17:30:13.000,26,24,2,2026-05-28 17:32:55.767,162,162,0,2026-05-28 17:34:32.000,285,283,2,2026-05-28 17:32:58.477,188,188,0,2026-05-28 17:32:58.477,3,2,1,2026-05-28 17:41:34.987,516,516,0,2026-05-28 17:44:07.197,2026-05-28 17:44:18.053,0,NULL,2026-05-28 17:44:18.080,871,871,0,NR-No Report
26-013016,2026-05-28 17:32:39.000,22,THU,28,17,B,DAY,LATE,FIRE,COMMERCIAL BUILDING FIRE,1,E-911,"ANDERSON, MARILYN","FLOURNOY, ERICKA",2026-05-28 17:32:38.000,2026-05-28 17:34:43.000,2026-05-28 17:33:19.000,41,40,1,2026-05-28 17:33:21.713,2,2,0,2026-05-28 17:36:13.000,215,214,1,2026-05-28 17:34:32.383,43,43,0,2026-05-28 17:34:32.383,71,70,1,2026-05-28 17:37:57.853,205,205,0,2026-05-28 17:38:28.570,2026-05-28 20:18:23.117,0,NULL,2026-05-28 20:18:23.183,9945,9945,0,UNDEFINED
26-042211,2026-05-28 17:33:20.000,22,THU,28,17,B,DAY,LATE,POLICE,ASSIST FIRE - PROMPT,1,OFFICER,"ANDERSON, MARILYN","WELCH, KIMBERLY",2026-05-28 17:33:20.000,2026-05-28 17:33:33.000,2026-05-28 17:33:20.000,0,NULL,0,2026-05-28 17:34:49.977,89,89,0,2026-05-28 17:33:20.000,0,0,0,2026-05-28 17:34:56.573,89,89,0,2026-05-28 17:34:56.573,7,2,5,2026-05-28 17:37:00.043,124,123,1,2026-05-28 18:25:45.197,2026-05-28 19:04:08.070,0,NULL,2026-05-28 19:04:08.253,5448,5448,0,NR-No Report
26-013018,2026-05-28 17:33:48.000,22,THU,28,17,B,DAY,LATE,FIRE,VEHICLE FIRE,1,E-911,"WALKER, JUANITA",Automatic Dispatch,2026-05-28 17:33:48.000,2026-05-28 17:36:00.000,2026-05-28 17:34:19.000,31,31,0,2026-05-28 17:34:21.403,2,2,0,2026-05-28 17:38:20.000,272,272,0,NULL,33,33,0,NULL,NULL,-9999,NULL,NULL,NULL,-9999,NULL,2026-05-28 17:36:07.607,2026-05-28 17:36:07.607,0,NULL,2026-05-28 17:36:07.847,139,142,-3,CC-Call Completed
26-042215,2026-05-28 17:34:35.000,22,THU,28,17,B,DAY,LATE,POLICE,ANIMAL COMPLAINT,4,Phone,"ALLEN, TIANA","WALKER, JUANITA",2026-05-28 17:34:33.000,2026-05-28 17:47:06.000,2026-05-28 17:39:38.000,305,303,2,2026-05-28 17:50:59.980,681,681,0,2026-05-28 17:40:59.000,386,384,2,NULL,986,986,0,NULL,NULL,-9999,NULL,NULL,NULL,-9999,NULL,NULL,2026-05-28 17:51:03.000,0,NULL,NULL,990,990,0,ACOR-Animal Control Report
26-013019,2026-05-28 17:40:15.000,22,THU,28,17,B,DAY,LATE,EMS,FALL BLS,3,Phone,"PATTERSON, JAHAIRA",Automatic Dispatch,2026-05-28 17:40:15.000,2026-05-28 17:41:58.000,2026-05-28 17:41:17.000,62,62,0,2026-05-28 17:41:19.450,2,2,0,2026-05-28 17:43:04.000,169,169,0,2026-05-28 17:41:22.107,64,64,0,2026-05-28 17:41:22.107,3,2,1,2026-05-28 17:45:30.830,248,248,0,2026-05-28 17:45:32.067,2026-05-28 18:10:09.467,0,NULL,2026-05-28 18:10:09.467,1794,1794,0,UNDEFINED
26-013020,2026-05-28 17:49:04.000,22,THU,28,17,B,DAY,LATE,EMS,CARDIAC ARREST ALS 2- SUPV,1,E-911,"ANDERSON, MARILYN",Automatic Dispatch,2026-05-28 17:49:04.000,2026-05-28 17:51:25.000,2026-05-28 17:51:09.000,125,125,0,2026-05-28 17:51:11.533,2,2,0,2026-05-28 17:51:57.000,173,173,0,2026-05-28 17:52:08.203,127,127,0,2026-05-28 17:52:08.203,57,56,1,2026-05-28 17:59:51.273,463,463,0,2026-05-28 17:57:04.323,2026-05-28 18:28:24.937,0,NULL,2026-05-28 18:28:25.263,2360,2360,0,UNDEFINED
26-042217,2026-05-28 17:51:09.000,22,THU,28,17,B,DAY,LATE,POLICE,ASSIST FIRE - EMERGENCY,1,E-911,"ANDERSON, MARILYN",NULL,2026-05-28 17:51:09.000,2026-05-28 17:51:22.000,2026-05-28 17:51:09.000,0,NULL,0,2026-05-28 17:51:41.040,32,32,0,2026-05-28 17:51:09.000,0,0,0,2026-05-28 17:51:44.303,32,32,0,2026-05-28 17:51:44.303,3,3,0,2026-05-28 17:58:41.030,417,416,1,2026-05-28 20:39:01.773,2026-05-28 23:22:46.690,0,NULL,2026-05-28 23:22:46.743,19897,19897,0,RE-Report
26-042218,2026-05-28 17:52:21.000,22,THU,28,17,B,DAY,LATE,POLICE,ASSIST CITIZEN DELAY,4,Phone,"WALKER, JUANITA","WALKER, LATITIA",2026-05-28 17:52:18.000,2026-05-28 18:11:50.000,2026-05-28 17:55:23.000,185,182,3,2026-05-29 01:10:56.187,26133,26133,0,2026-05-28 17:55:39.000,201,198,3,2026-05-29 01:11:00.020,26318,26318,0,2026-05-29 01:11:00.020,4,3,1,2026-05-29 01:16:21.493,321,321,0,2026-05-29 01:21:06.677,2026-05-29 01:21:06.677,0,NULL,2026-05-29 01:21:06.800,26928,26928,0,NR-No Report
26-042219,2026-05-28 17:55:19.000,22,THU,28,17,B,DAY,LATE,POLICE,DIP - DRUNK/INTOX PERSON,3,Phone,"ANDERSON, MARILYN","GRAVES, CHRISTINA",2026-05-28 17:55:17.000,2026-05-28 19:30:23.000,2026-05-28 17:56:50.000,93,91,2,2026-05-28 18:24:37.610,1667,1667,0,2026-05-28 17:57:25.000,128,126,2,2026-05-28 18:24:39.603,1760,1760,0,2026-05-28 18:24:39.603,2,1,1,2026-05-28 18:43:37.793,1138,1138,0,2026-05-28 18:48:09.137,2026-05-28 18:48:09.187,1,2026-05-28 19:27:04.970,2026-05-28 18:48:09.233,3172,7628,-4456,CN-Cancellation
26-013021,2026-05-28 18:00:52.457,22,THU,28,18,B,DAY,EARLY,EMS,MUTUAL ALS,1,C2C,CAD to CAD Service 1,CAD to CAD Service 1,2026-05-28 18:00:22.000,NULL,2026-05-28 18:00:53.067,31,0,31,2026-05-28 18:00:53.177,0,0,0,NULL,NULL,NULL,NULL,2026-05-28 18:01:21.520,31,190,-159,2026-05-28 18:01:21.520,28,28,0,2026-05-28 18:08:04.963,403,403,0,2026-05-28 18:17:52.530,2026-05-28 19:15:49.297,0,NULL,2026-05-28 19:15:49.330,4527,4527,0,CAD2CAD
26-042222,2026-05-28 18:05:03.000,22,THU,28,18,B,DAY,EARLY,POLICE,DISORDERLY CONDUCT,2,Phone,"WALKER, LATITIA","GRAVES, CHRISTINA",2026-05-28 18:05:02.000,2026-05-28 18:07:39.000,2026-05-28 18:05:26.000,24,23,1,2026-05-28 18:20:45.750,919,919,0,2026-05-28 18:06:23.000,81,80,1,2026-05-28 18:20:49.033,943,943,0,2026-05-28 18:20:49.033,4,2,2,2026-05-28 18:25:12.677,263,263,0,2026-05-28 18:39:07.873,2026-05-28 18:41:14.907,0,NULL,2026-05-28 18:41:14.963,2172,2172,0,NR-No Report
26-042225,2026-05-28 18:10:31.000,22,THU,28,18,B,DAY,EARLY,POLICE,PARKING COMPLAINT,4,Phone,"PATTERSON, JAHAIRA",NULL,2026-05-28 18:10:30.000,NULL,2026-05-28 18:11:51.000,81,80,1,2026-05-28 18:17:30.750,339,339,0,2026-05-28 18:16:28.000,358,357,1,2026-05-28 18:17:30.750,420,420,0,2026-05-28 18:17:30.750,0,-9999,9999,2026-05-28 18:25:55.170,505,504,1,2026-05-28 18:40:52.853,2026-05-28 18:40:52.853,0,NULL,2026-05-28 18:40:53.700,1822,1822,0,NR-No Report
26-042226,2026-05-28 18:13:42.000,22,THU,28,18,B,DAY,EARLY,POLICE,MVC HIT/RUN NO INJURY,2,E-911,"WILLIAMS, DARNELL","GRAVES, CHRISTINA",2026-05-28 18:13:42.000,2026-05-28 18:15:59.000,2026-05-28 18:15:35.000,113,113,0,2026-05-28 18:22:45.730,430,430,0,2026-05-28 18:20:01.000,379,379,0,2026-05-28 18:22:54.770,543,543,0,2026-05-28 18:22:54.770,9,9,0,2026-05-28 18:33:46.073,652,651,1,2026-05-28 20:14:28.457,2026-05-28 20:14:28.457,0,NULL,2026-05-28 20:14:28.583,7246,7246,0,RE-Report
26-042227,2026-05-28 18:17:38.000,22,THU,28,18,B,DAY,EARLY,POLICE,OFF DUTY DETAIL,8,OFFICER,"ESCOBAR, STEVEN R",NULL,2026-05-28 18:17:38.000,2026-05-28 18:17:54.000,2026-05-28 18:17:38.000,0,1,-1,2026-05-28 18:17:38.000,0,0,0,2026-05-28 18:17:38.000,0,NULL,0,2026-05-28 18:17:38.000,0,0,0,2026-05-28 18:17:38.000,0,0,0,2026-05-28 18:17:38.000,0,0,0,2026-05-28 20:57:10.527,2026-05-28 21:34:19.437,0,NULL,2026-05-28 21:34:19.523,11801,11801,0,NR-No Report
26-013022,2026-05-28 18:23:31.000,22,THU,28,18,B,DAY,EARLY,EMS,BLS EMERGENCY,4,E-911,"JACKSON, MALIKA",Automatic Dispatch,2026-05-28 18:23:30.000,2026-05-28 18:25:05.000,2026-05-28 18:24:42.000,72,71,1,2026-05-28 18:24:44.467,2,2,0,2026-05-28 18:25:43.000,133,132,1,2026-05-28 18:25:37.060,74,74,0,2026-05-28 18:25:37.060,53,52,1,2026-05-28 18:30:03.523,266,266,0,2026-05-28 19:43:43.143,2026-05-28 19:43:43.143,0,NULL,2026-05-28 19:43:43.240,4813,4813,0,UNDEFINED
26-042228,2026-05-28 18:25:26.000,22,THU,28,18,B,DAY,EARLY,POLICE,TRESPASSING IN PROG,2,Radio,"GRAVES, CHRISTINA","GRAVES, CHRISTINA",2026-05-28 18:25:24.000,2026-05-28 19:26:45.000,2026-05-28 18:25:49.000,25,23,2,2026-05-28 18:27:18.950,89,89,0,2026-05-28 18:29:04.000,220,218,2,2026-05-28 18:27:19.007,114,114,0,2026-05-28 18:27:19.007,1,0,1,2026-05-28 18:27:19.037,0,0,0,2026-05-28 20:07:53.390,2026-05-28 20:07:53.390,0,NULL,2026-05-28 20:07:53.510,6149,6149,0,NR-No Report
26-042229,2026-05-28 18:26:30.000,22,THU,28,18,B,DAY,EARLY,POLICE,TRESPASSING IN PROG,2,Phone,"PATTERSON, JAHAIRA",NULL,2026-05-28 18:26:28.000,2026-05-28 18:29:38.000,2026-05-28 18:27:29.000,61,59,2,2026-05-28 18:49:09.823,1300,1300,0,2026-05-28 18:28:00.000,92,90,2,2026-05-28 18:49:14.047,1361,1361,0,2026-05-28 18:49:14.047,5,4,1,2026-05-28 18:52:51.297,217,217,0,2026-05-28 20:10:34.417,2026-05-28 20:10:34.417,0,NULL,2026-05-28 20:10:34.457,6246,6246,0,NR-No Report
26-013023,2026-05-28 18:27:03.000,22,THU,28,18,B,DAY,EARLY,EMS,TROUBLE BREATHING ALS 1,1,E-911,"WILLIAMS, DARNELL","MACK, BRIANA",2026-05-28 18:27:03.000,2026-05-28 18:28:04.000,2026-05-28 18:27:37.000,34,34,0,2026-05-28 18:27:39.537,2,2,0,2026-05-28 18:29:51.000,168,168,0,2026-05-28 18:28:00.307,36,36,0,2026-05-28 18:28:00.307,21,20,1,2026-05-28 18:34:50.990,410,410,0,2026-05-28 18:29:59.497,2026-05-28 19:36:35.100,0,NULL,2026-05-28 19:36:35.180,4172,4172,0,UNDEFINED
26-042231,2026-05-28 18:28:47.000,22,THU,28,18,B,DAY,EARLY,POLICE,PROPERTY FOUND,3,Phone,"WATSON, JOANNE",NULL,2026-05-28 18:28:45.000,2026-05-28 18:30:30.000,2026-05-28 18:30:23.000,98,96,2,2026-05-28 20:08:18.760,5875,5875,0,2026-05-28 18:30:41.000,116,114,2,2026-05-28 20:08:18.760,5973,5973,0,2026-05-28 20:08:18.760,0,-9999,9999,NULL,NULL,-9999,NULL,2026-05-28 20:08:55.120,2026-05-28 20:08:55.120,0,NULL,2026-05-28 20:08:55.197,6010,6010,0,NR-No Report
26-042232,2026-05-28 18:32:17.000,22,THU,28,18,B,DAY,EARLY,POLICE,PARKING COMPLAINT,4,Phone,"JACKSON, MALIKA",NULL,2026-05-28 18:32:15.000,NULL,2026-05-28 18:33:13.000,58,56,2,2026-05-28 18:41:15.533,482,482,0,2026-05-28 18:38:27.000,372,370,2,2026-05-28 18:41:15.533,540,540,0,2026-05-28 18:41:15.533,0,-9999,9999,2026-05-28 18:52:29.407,674,673,1,2026-05-28 18:58:59.553,2026-05-28 18:58:59.553,0,NULL,2026-05-28 18:59:00.740,1604,1604,0,NR-No Report
26-042233,2026-05-28 18:33:07.000,22,THU,28,18,B,DAY,EARLY,POLICE,POLICE INFORMATION,4,Phone,"WALKER, LATITIA","BONSU, VALERIE",2026-05-28 18:33:05.000,2026-06-03 14:08:38.000,2026-05-28 18:36:07.000,182,180,2,2026-06-03 16:05:30.160,509363,7017,502346,2026-05-28 18:36:47.000,222,220,2,2026-06-03 16:05:32.283,509545,-9999,519544,2026-06-03 16:05:32.283,2,2,0,2026-06-03 16:08:47.530,195,195,0,2026-06-03 17:04:35.510,2026-05-28 20:29:30.000,1,2026-06-03 14:08:32.397,2026-06-03 17:04:35.563,6985,81090,-74105,RE-Report
26-042234,2026-05-28 18:40:13.000,22,THU,28,18,B,DAY,EARLY,POLICE,ASSAULT NO INJURY DELAY,4,E-911,"WILLIAMS, DARNELL","GRAVES, CHRISTINA",2026-05-28 18:40:12.000,2026-05-28 18:42:20.710,2026-05-28 18:40:34.000,22,21,1,2026-05-28 18:42:20.393,106,106,0,2026-05-28 18:46:43.000,391,390,1,2026-05-28 18:42:23.867,128,128,0,2026-05-28 18:42:23.867,3,3,0,2026-05-28 18:57:35.747,912,911,1,2026-05-28 18:48:24.213,2026-05-28 20:49:22.647,0,NULL,2026-05-28 20:49:22.727,7750,7750,0,RE-Report
26-042235,2026-05-28 18:41:48.000,22,THU,28,18,B,DAY,EARLY,POLICE,LARCENY COMM IN PROG,2,E-911,"WATSON, JOANNE","GRAVES, CHRISTINA",2026-05-28 18:41:48.000,2026-05-28 18:45:56.000,2026-05-28 18:43:44.000,116,116,0,2026-05-28 18:48:47.683,303,303,0,2026-05-28 18:44:10.000,142,142,0,2026-05-28 18:48:47.683,419,419,0,2026-05-28 18:48:47.683,0,-9999,9999,2026-05-28 18:53:04.123,257,256,1,2026-05-28 21:25:08.003,2026-05-28 21:26:09.223,0,NULL,2026-05-28 21:26:09.267,9861,9861,0,RE-Report
26-042236,2026-05-28 18:47:12.000,22,THU,28,18,B,DAY,EARLY,POLICE,PARKING COMPLAINT,4,Phone,"WILLIAMS, DARNELL",NULL,2026-05-28 18:47:10.000,2026-05-28 18:48:43.000,2026-05-28 18:47:31.000,21,19,2,2026-05-28 19:02:18.240,887,887,0,2026-05-28 18:48:40.000,90,88,2,2026-05-28 19:02:18.240,908,908,0,2026-05-28 19:02:18.240,0,-9999,9999,2026-05-28 19:02:32.113,14,13,1,2026-05-28 19:04:40.587,2026-05-28 19:04:40.587,0,NULL,2026-05-28 19:04:41.020,1050,1050,0,NR-No Report
26-042239,2026-05-28 19:08:13.000,22,THU,28,19,D,NIGHT,EARLY,POLICE,DISORDERLY CONDUCT,2,Phone,"MACK, BRIANA","GRAVES, CHRISTINA",2026-05-28 19:08:11.000,2026-05-28 19:08:53.000,2026-05-28 19:08:33.000,22,20,2,2026-05-28 19:17:50.567,557,557,0,2026-05-28 19:10:30.000,139,137,2,2026-05-28 19:17:50.637,579,579,0,2026-05-28 19:17:50.637,0,0,0,2026-05-28 19:30:35.113,765,764,1,2026-05-28 20:10:21.040,2026-05-28 20:10:21.040,0,NULL,2026-05-28 20:10:21.160,3730,3730,0,NR-No Report
26-042240,2026-05-28 19:08:53.000,22,THU,28,19,D,NIGHT,EARLY,POLICE,PARKING COMPLAINT,4,Phone,"WALKER, LATITIA",NULL,2026-05-28 19:08:50.000,NULL,2026-05-28 19:10:32.000,102,99,3,2026-05-28 19:15:34.357,302,302,0,2026-05-28 19:10:47.000,117,114,3,2026-05-28 19:15:34.357,404,404,0,2026-05-28 19:15:34.357,0,0,0,2026-05-28 19:21:14.550,340,340,0,2026-05-28 19:23:18.680,2026-05-28 19:23:18.680,0,NULL,2026-05-28 19:23:19.393,868,868,0,NR-No Report
26-042242,2026-05-28 19:10:34.000,22,THU,28,19,D,NIGHT,EARLY,POLICE,DOMESTIC VIOL NO INJ,2,Phone,"JACKSON, MALIKA",NULL,2026-05-28 19:10:31.000,2026-05-28 19:13:36.000,2026-05-28 19:12:55.000,144,141,3,2026-05-28 19:14:03.723,68,68,0,2026-05-28 19:14:46.000,255,252,3,2026-05-28 19:14:10.690,212,212,0,2026-05-28 19:14:10.690,7,6,1,2026-05-28 19:30:13.853,963,963,0,2026-05-28 20:32:03.260,2026-05-28 21:25:23.073,0,NULL,2026-05-28 21:25:23.127,8092,8092,0,NR-No Report
26-042241,2026-05-28 19:10:40.000,22,THU,28,19,D,NIGHT,EARLY,POLICE,DISORDERLY CONDUCT,2,Radio,"GRAVES, CHRISTINA","GRAVES, CHRISTINA",2026-05-28 19:10:40.000,2026-05-28 19:11:14.000,2026-05-28 19:10:40.000,0,0,0,2026-05-28 19:10:40.000,0,0,0,2026-05-28 19:10:40.000,0,0,0,2026-05-28 19:10:51.280,0,0,0,2026-05-28 19:10:40.000,0,0,0,2026-05-28 19:10:40.000,0,0,0,2026-05-28 19:35:22.020,2026-05-28 21:41:37.863,0,NULL,2026-05-28 21:41:37.950,9057,9057,0,RE-Report
26-013025,2026-05-28 19:11:54.000,22,THU,28,19,D,NIGHT,EARLY,EMS,FALL BLS,3,E-911,"MACK, BRIANA",Automatic Dispatch,2026-05-28 19:11:54.000,2026-05-28 19:14:16.000,2026-05-28 19:13:31.000,97,97,0,2026-05-28 19:13:33.920,2,2,0,2026-05-28 19:16:44.000,290,290,0,2026-05-28 19:14:31.473,99,99,0,2026-05-28 19:14:31.473,58,57,1,2026-05-28 19:19:47.287,316,315,1,2026-05-28 20:11:56.550,2026-05-28 20:11:56.540,0,NULL,2026-05-28 20:11:56.540,3602,3602,0,UNDEFINED
26-013024,2026-05-28 19:12:45.903,22,THU,28,19,D,NIGHT,EARLY,EMS,BLS EMERGENCY,3,NOT CAPTURED,"GRAVES, CHRISTINA",Automatic Dispatch,2026-05-28 19:12:45.903,2026-05-28 19:12:53.000,2026-05-28 19:12:45.903,0,0,0,2026-05-28 19:12:48.440,3,2,1,2026-05-28 19:12:45.903,0,NULL,0,2026-05-28 19:13:36.960,3,2,1,2026-05-28 19:13:36.960,48,48,0,2026-05-28 19:17:41.837,245,244,1,2026-05-28 19:21:11.457,2026-05-28 19:23:39.180,0,NULL,2026-05-28 19:23:39.293,654,653,1,UNDEFINED
26-013026,2026-05-28 19:21:15.317,22,THU,28,19,D,NIGHT,EARLY,EMS,MUTUAL ALS,1,C2C,CAD to CAD Service 1,CAD to CAD Service 1,2026-05-28 19:15:11.000,NULL,2026-05-28 19:21:15.707,364,0,364,2026-05-28 19:21:15.800,0,0,0,NULL,NULL,NULL,NULL,2026-05-28 19:21:20.740,364,-9999,10363,2026-05-28 19:21:20.740,5,0,5,2026-05-28 19:22:45.763,85,85,0,2026-05-28 19:45:39.247,2026-05-28 20:29:15.917,0,NULL,2026-05-28 20:29:15.947,4444,4444,0,UNDEFINED
26-013027,2026-05-28 19:30:46.000,22,THU,28,19,D,NIGHT,EARLY,FIRE,ELEVATOR,3,E-911,"MACK, BRIANA","ALLEN, TIANA",2026-05-28 19:30:46.000,2026-05-28 19:32:47.320,2026-05-28 19:31:33.000,47,47,0,2026-05-28 19:31:34.780,1,1,0,2026-05-28 19:40:42.000,596,596,0,2026-05-28 19:32:49.623,48,48,0,2026-05-28 19:32:49.623,75,2,73,2026-05-28 19:39:17.210,388,387,1,2026-05-28 19:34:16.183,2026-05-28 20:09:15.250,0,NULL,2026-05-28 20:09:15.570,2309,2309,0,UNDEFINED
26-013028,2026-05-28 19:41:14.000,22,THU,28,19,D,NIGHT,EARLY,FIRE,PUBLIC SERVICE FIRE,4,Phone,"MACK, BRIANA",Automatic Dispatch,2026-05-28 19:41:12.000,2026-05-28 19:42:19.000,2026-05-28 19:41:30.000,18,16,2,2026-05-28 19:41:32.860,2,2,0,2026-05-28 19:48:25.000,433,431,2,2026-05-28 19:41:44.813,20,20,0,2026-05-28 19:41:44.813,12,11,1,2026-05-28 19:44:29.040,165,164,1,2026-05-28 19:52:51.100,2026-05-28 19:52:51.100,0,NULL,2026-05-28 19:52:51.220,699,699,0,UNDEFINED
26-042247,2026-05-28 19:50:23.000,22,THU,28,19,D,NIGHT,EARLY,POLICE,FLAG DOWN,2,OFFICER,"SCOTT, DAVID C",NULL,2026-05-28 19:50:23.000,NULL,2026-05-28 19:50:23.000,0,1,-1,2026-05-28 19:50:23.000,0,0,0,2026-05-28 19:50:23.000,0,NULL,0,2026-05-28 19:50:23.000,0,0,0,2026-05-28 19:50:23.000,0,0,0,2026-05-28 19:50:23.000,0,0,0,2026-05-28 19:50:46.410,2026-05-28 19:50:46.410,0,NULL,2026-05-28 19:50:46.460,23,23,0,TEST-Test Call
26-042248,2026-05-28 19:51:26.000,22,THU,28,19,D,NIGHT,EARLY,POLICE,DISORDERLY CONDUCT,2,Phone,"MACK, BRIANA","WALKER, LATITIA",2026-05-28 19:51:24.000,2026-05-28 19:56:39.000,2026-05-28 19:51:54.000,30,28,2,2026-05-28 20:11:57.913,1203,1203,0,2026-05-28 19:54:01.000,157,155,2,2026-05-28 20:11:58.210,1233,1233,0,2026-05-28 20:11:58.210,1,0,1,2026-05-28 20:18:50.123,412,411,1,2026-05-28 20:42:43.457,2026-05-28 20:43:00.363,0,NULL,2026-05-28 20:43:00.433,3096,3096,0,NR-No Report
26-042250,2026-05-28 19:56:13.000,22,THU,28,19,D,NIGHT,EARLY,POLICE,MVC HIT/RUN NO INJURY,2,Phone,"JACKSON, MALIKA","WALKER, LATITIA",2026-05-28 19:56:11.000,2026-05-28 19:58:23.000,2026-05-28 19:57:14.000,63,61,2,2026-05-28 20:32:31.620,2117,2117,0,2026-05-28 20:00:53.000,282,280,2,2026-05-28 20:32:33.850,2180,2180,0,2026-05-28 20:32:33.850,2,2,0,2026-05-28 20:38:52.630,379,378,1,2026-05-28 21:34:52.640,2026-05-28 21:34:52.640,0,NULL,2026-05-28 21:34:52.740,5921,5921,0,NR-No Report
26-013029,2026-05-28 19:59:24.000,22,THU,28,19,D,NIGHT,EARLY,FIRE,FIRE ALARM,3,Phone,"GRAVES, CHRISTINA",Automatic Dispatch,2026-05-28 19:59:22.000,2026-05-28 20:00:57.000,2026-05-28 20:00:04.000,42,40,2,2026-05-28 20:00:07.437,3,3,0,2026-05-28 20:01:03.000,101,99,2,2026-05-28 20:01:11.770,45,45,0,2026-05-28 20:01:11.770,64,64,0,2026-05-28 20:04:14.300,183,182,1,2026-05-28 20:08:44.780,2026-05-28 20:08:44.780,0,NULL,2026-05-28 20:08:44.913,562,562,0,UNDEFINED
26-013030,2026-05-28 20:02:44.433,22,THU,28,20,D,NIGHT,EARLY,EMS,MUTUAL BLS,1,C2C,CAD to CAD Service 1,CAD to CAD Service 1,2026-05-28 20:00:54.000,NULL,2026-05-28 20:02:44.950,110,0,110,2026-05-28 20:02:45.073,1,0,1,NULL,NULL,NULL,NULL,2026-05-28 20:03:43.083,111,-9999,10110,2026-05-28 20:03:43.083,58,58,0,2026-05-28 20:09:00.483,317,317,0,2026-05-28 20:51:50.650,2026-05-28 20:51:50.650,0,NULL,2026-05-28 20:51:50.727,3056,3056,0,UNDEFINED
26-013031,2026-05-28 20:06:18.000,22,THU,28,20,D,NIGHT,EARLY,EMS,FALL BLS,3,E-911,"WILLIAMS, DARNELL",Automatic Dispatch,2026-05-28 20:06:18.000,2026-05-28 20:08:04.000,2026-05-28 20:06:55.000,37,37,0,2026-05-28 20:06:57.740,2,2,0,2026-05-28 20:10:49.000,271,271,0,2026-05-28 20:08:11.217,39,39,0,2026-05-28 20:08:11.217,74,73,1,2026-05-28 20:12:55.553,284,284,0,2026-05-28 20:24:34.973,2026-05-28 20:29:04.590,0,NULL,2026-05-28 20:29:04.707,1366,1366,0,UNDEFINED
26-042252,2026-05-28 20:10:03.000,22,THU,28,20,D,NIGHT,EARLY,POLICE,PARKING COMPLAINT,4,Phone,"SWINTON, LATOYA",NULL,2026-05-28 20:10:01.000,NULL,2026-05-28 20:11:27.000,86,84,2,2026-05-28 20:18:27.083,420,420,0,2026-05-28 20:11:35.000,94,92,2,2026-05-28 20:18:27.083,506,506,0,2026-05-28 20:18:27.083,0,-9999,9999,2026-05-28 20:44:46.907,1579,1579,0,2026-05-28 20:48:56.087,2026-05-28 20:48:56.087,0,NULL,2026-05-28 20:48:57.163,2335,2335,0,CI-Citation
26-042253,2026-05-28 20:12:08.000,22,THU,28,20,D,NIGHT,EARLY,POLICE,ALARM COMMERCIAL,2,Phone,"JACKSON, MALIKA","WALKER, LATITIA",2026-05-28 20:12:06.000,2026-05-28 20:13:31.000,2026-05-28 20:13:19.000,73,71,2,2026-05-28 20:17:04.593,225,225,0,2026-05-28 20:15:14.000,188,186,2,2026-05-28 20:17:06.807,298,298,0,2026-05-28 20:17:06.807,2,2,0,2026-05-28 20:26:29.493,563,562,1,2026-05-28 20:42:13.083,2026-05-28 22:27:29.000,0,NULL,NULL,8123,8123,0,NR-No Report
26-042258,2026-05-28 20:13:28.000,22,THU,28,20,D,NIGHT,EARLY,POLICE,ADMINISTRATIVE TASK,2,Phone,"WILLIAMS, DARNELL",NULL,2026-05-28 20:13:26.000,2026-05-28 20:24:53.000,2026-05-28 20:23:48.000,622,620,2,2026-05-28 20:42:13.813,1105,1105,0,2026-05-28 20:23:52.000,626,624,2,2026-05-28 20:42:13.813,1727,1727,0,2026-05-28 20:42:13.813,0,0,0,2026-05-28 20:45:36.993,203,203,0,2026-05-28 21:11:11.823,2026-05-28 21:11:11.823,0,NULL,2026-05-28 21:11:11.957,3465,3465,0,DUPPD-Duplicate Police
26-042254,2026-05-28 20:14:43.000,22,THU,28,20,D,NIGHT,EARLY,POLICE,ANIMAL STRAY,2,Phone,"SWINTON, LATOYA","WALKER, LATITIA",2026-05-28 20:14:41.000,2026-05-28 20:17:57.000,2026-05-28 20:15:19.000,38,36,2,2026-05-28 20:20:51.797,332,332,0,2026-05-28 20:15:44.000,63,61,2,2026-05-28 20:20:58.843,370,370,0,2026-05-28 20:20:58.843,7,7,0,2026-05-28 20:20:58.843,0,0,0,2026-05-28 20:21:14.370,2026-05-28 20:21:14.370,0,NULL,2026-05-28 20:21:14.410,393,393,0,NR-No Report
26-042257,2026-05-28 20:15:25.000,22,THU,28,20,D,NIGHT,EARLY,POLICE,ASSIST CITIZEN DELAY,4,E-911,"GRAVES, CHRISTINA",NULL,2026-05-28 20:15:24.000,2026-05-28 20:26:14.000,2026-05-28 20:23:02.000,458,457,1,2026-05-28 20:37:16.060,854,854,0,2026-05-28 20:32:28.000,1024,1023,1,2026-05-28 20:37:16.060,1312,1312,0,2026-05-28 20:37:16.060,0,-9999,9999,2026-05-28 20:39:10.287,114,114,0,2026-05-28 21:24:59.470,2026-05-28 21:24:59.470,0,NULL,2026-05-28 21:24:59.567,4175,4175,0,NR-No Report
26-042259,2026-05-28 20:27:44.000,22,THU,28,20,D,NIGHT,EARLY,POLICE,LARCENY COMM IN PROG,2,Phone,"GRAVES, CHRISTINA","WALKER, LATITIA",2026-05-28 20:27:43.000,2026-05-28 20:29:14.000,2026-05-28 20:28:30.000,47,46,1,2026-05-28 20:40:36.623,726,726,0,2026-05-28 20:33:33.000,350,349,1,2026-05-28 20:40:36.717,773,773,0,2026-05-28 20:40:36.717,0,0,0,2026-05-28 20:54:55.483,859,858,1,2026-05-28 20:43:18.177,2026-05-28 23:10:21.567,0,NULL,2026-05-28 23:10:21.680,9758,9758,0,RE-Report
26-042261,2026-05-28 20:31:24.000,22,THU,28,20,D,NIGHT,EARLY,POLICE,MVC PROPERTY DAMAGE,4,Phone,"SWINTON, LATOYA","GRAVES, CHRISTINA",2026-05-28 20:31:22.000,2026-05-28 21:29:13.000,2026-05-28 20:32:57.000,95,93,2,2026-05-28 22:34:25.517,7288,7288,0,2026-05-28 20:34:01.000,159,157,2,2026-05-28 22:34:25.563,7383,7383,0,2026-05-28 22:34:25.563,0,0,0,2026-05-28 22:34:25.597,0,0,0,2026-05-28 22:37:30.460,2026-05-28 22:37:30.460,0,NULL,2026-05-28 22:37:30.543,7568,7568,0,NR-No Report
26-042262,2026-05-28 20:41:35.000,22,THU,28,20,D,NIGHT,EARLY,POLICE,PARKING COMPLAINT,3,Phone,"SWINTON, LATOYA",NULL,2026-05-28 20:41:33.000,NULL,2026-05-28 20:42:59.000,86,84,2,2026-05-28 20:47:18.200,259,259,0,2026-05-28 20:43:13.000,100,98,2,2026-05-28 20:47:18.200,345,345,0,2026-05-28 20:47:18.200,0,0,0,2026-05-28 21:01:41.397,863,863,0,2026-05-28 21:04:47.117,2026-05-28 21:04:47.117,0,NULL,2026-05-28 21:04:48.113,1394,1394,0,NR-No Report
26-042263,2026-05-28 20:46:01.000,22,THU,28,20,D,NIGHT,EARLY,POLICE,MENTAL HEALTH CASE,2,E-911,"JACKSON, MALIKA","WALKER, LATITIA",2026-05-28 20:46:00.000,2026-05-28 20:48:28.000,2026-05-28 20:47:38.000,98,97,1,2026-05-28 20:49:58.290,140,140,0,2026-05-28 20:51:27.000,327,326,1,2026-05-28 20:50:04.820,238,238,0,2026-05-28 20:50:04.820,6,6,0,2026-05-28 20:55:17.260,313,312,1,2026-05-28 22:05:25.633,2026-05-28 22:05:25.633,0,NULL,2026-05-28 22:05:25.733,4765,4765,0,NR-No Report
26-042265,2026-05-28 20:50:29.000,22,THU,28,20,D,NIGHT,EARLY,POLICE,PARKING COMPLAINT,4,Phone,"WILLIAMS, DARNELL",NULL,2026-05-28 20:50:27.000,NULL,2026-05-28 20:51:54.000,87,85,2,2026-05-28 21:04:55.080,781,781,0,2026-05-28 20:52:50.000,143,141,2,2026-05-28 21:04:55.080,868,868,0,2026-05-28 21:04:55.080,0,-9999,9999,2026-05-28 21:14:44.667,589,589,0,2026-05-28 21:46:52.100,2026-05-28 21:46:52.100,0,NULL,2026-05-28 21:46:53.107,3385,3385,0,NR-No Report
26-042267,2026-05-28 20:52:49.000,22,THU,28,20,D,NIGHT,EARLY,POLICE,MENTAL HEALTH CASE,2,Phone,"SWINTON, LATOYA",NULL,2026-05-28 20:52:47.000,2026-05-28 20:57:02.000,2026-05-28 20:55:50.000,183,181,2,2026-05-28 21:05:27.020,577,577,0,2026-05-28 20:56:37.000,230,228,2,2026-05-28 21:05:27.107,760,760,0,2026-05-28 21:05:27.107,0,0,0,2026-05-28 21:13:16.650,469,469,0,2026-05-28 22:40:38.597,2026-05-28 22:40:38.597,0,NULL,2026-05-28 22:40:38.627,6471,6471,0,NR-No Report
26-013032,2026-05-28 20:57:56.000,22,THU,28,20,D,NIGHT,EARLY,EMS,CHOKING ALS 1,1,E-911,"SWINTON, LATOYA",Automatic Dispatch,2026-05-28 20:57:56.000,2026-05-28 20:59:30.000,2026-05-28 20:58:14.000,18,18,0,2026-05-28 20:58:16.477,2,2,0,2026-05-28 21:06:11.000,495,495,0,2026-05-28 20:59:04.093,20,20,0,2026-05-28 20:59:04.093,48,47,1,2026-05-28 21:03:01.800,237,237,0,2026-05-28 21:14:24.950,2026-05-28 21:14:49.620,0,NULL,2026-05-28 21:14:49.687,1013,1013,0,UNDEFINED
26-042268,2026-05-28 20:58:15.000,22,THU,28,20,D,NIGHT,EARLY,POLICE,PUBLIC SERVICE MULTI OFFICER,2,Phone,"JACKSON, MALIKA","WALKER, LATITIA",2026-05-28 20:58:13.000,2026-05-28 20:59:40.000,2026-05-28 20:59:28.000,75,73,2,2026-05-28 21:11:21.580,713,713,0,2026-05-28 21:05:56.000,463,461,2,2026-05-28 21:11:21.627,788,788,0,2026-05-28 21:11:21.627,0,0,0,2026-05-28 21:14:38.323,197,196,1,2026-05-28 21:35:18.370,2026-05-28 21:35:18.370,0,NULL,2026-05-28 21:35:18.407,2225,2225,0,NR-No Report
26-013033,2026-05-28 21:17:38.147,22,THU,28,21,D,NIGHT,EARLY,EMS,MUTUAL CPR,1,C2C,CAD to CAD Service 1,CAD to CAD Service 1,2026-05-28 21:09:28.000,2026-05-28 22:00:39.000,2026-05-28 21:17:38.587,490,0,490,2026-05-28 21:17:38.633,0,0,0,NULL,NULL,NULL,NULL,2026-05-28 21:17:39.460,490,-9999,10489,2026-05-28 21:17:39.460,1,0,1,2026-05-28 21:17:39.883,0,0,0,2026-05-28 21:18:55.470,2026-05-28 22:07:25.903,0,NULL,2026-05-28 22:07:25.933,3477,3477,0,CAD2CAD
26-013034,2026-05-28 21:27:44.000,22,THU,28,21,D,NIGHT,EARLY,FIRE,FIRE ALARM,3,Text,"GRAVES, CHRISTINA",Automatic Dispatch,2026-05-28 21:27:43.000,2026-05-28 21:28:43.000,2026-05-28 21:28:08.000,25,24,1,2026-05-28 21:28:10.977,2,2,0,2026-05-28 21:28:52.000,69,68,1,2026-05-28 21:29:36.140,27,27,0,2026-05-28 21:29:36.140,86,85,1,2026-05-28 21:34:34.750,298,298,0,2026-05-28 21:36:28.433,2026-05-28 21:36:28.433,0,NULL,2026-05-28 21:36:28.600,525,525,0,UNDEFINED
26-042270,2026-05-28 21:28:46.000,22,THU,28,21,D,NIGHT,EARLY,POLICE,TROUBLE UNKNOWN NO EMS,2,E-911,"SWINTON, LATOYA","GRAVES, CHRISTINA",2026-05-28 21:28:46.000,2026-05-28 21:30:23.000,2026-05-28 21:29:59.000,73,73,0,2026-05-28 21:41:13.337,674,674,0,2026-05-28 21:31:44.000,178,178,0,2026-05-28 21:41:13.390,747,747,0,2026-05-28 21:41:13.390,0,0,0,2026-05-28 22:05:03.847,1430,1430,0,2026-05-28 22:10:50.620,2026-05-28 22:13:53.740,0,NULL,2026-05-28 22:13:53.763,2707,2707,0,NR-No Report
26-042271,2026-05-28 21:32:01.000,22,THU,28,21,D,NIGHT,EARLY,POLICE,ROBBERY FROM PERSON IN PROG,1,E-911,"JACKSON, MALIKA",NULL,2026-05-28 21:32:01.000,2026-05-28 21:33:48.000,2026-05-28 21:33:42.000,101,101,0,2026-05-28 21:34:46.027,64,64,0,2026-05-28 21:42:56.000,655,655,0,2026-05-28 21:34:55.467,165,165,0,2026-05-28 21:34:55.467,9,0,9,2026-05-28 21:43:35.873,520,520,0,2026-05-28 22:09:39.957,2026-05-29 00:57:43.163,0,NULL,2026-05-29 00:57:43.240,12342,12342,0,RE-Report
26-013035,2026-05-28 21:35:58.000,22,THU,28,21,D,NIGHT,EARLY,FIRE,CO ALARM,2,E-911,"GRAVES, CHRISTINA",Automatic Dispatch,2026-05-28 21:35:58.000,2026-05-28 21:37:45.000,2026-05-28 21:36:19.000,21,21,0,2026-05-28 21:36:21.990,2,2,0,2026-05-28 21:38:49.000,171,171,0,2026-05-28 21:37:12.807,23,23,0,2026-05-28 21:37:12.807,51,50,1,2026-05-28 21:42:38.813,326,326,0,2026-05-28 21:57:46.050,2026-05-28 21:57:46.050,0,NULL,2026-05-28 21:57:46.267,1308,1308,0,UNDEFINED
26-042277,2026-05-28 22:03:27.000,22,THU,28,22,D,NIGHT,MIDS,POLICE,DEST OF PROP VEH IN PROG,2,E-911,"SWINTON, LATOYA",NULL,2026-05-28 22:03:27.000,2026-05-28 22:36:26.000,2026-05-28 22:06:15.000,168,168,0,2026-05-28 22:36:38.307,1823,15,1808,2026-05-28 22:07:44.000,257,257,0,2026-05-28 22:36:42.537,1991,1991,0,2026-05-28 22:36:42.537,4,4,0,2026-05-28 22:46:08.823,566,566,0,2026-05-29 02:51:49.457,2026-05-28 22:35:53.000,1,2026-05-28 22:36:23.187,2026-05-29 02:51:49.547,1946,17302,-15356,RE-Report
26-013036,2026-05-28 22:07:01.000,22,THU,28,22,D,NIGHT,MIDS,EMS,TROUBLE BREATHING ALS 1,1,E-911,"WALKER, LATITIA",Automatic Dispatch,2026-05-28 22:07:01.000,2026-05-28 22:08:07.000,2026-05-28 22:07:39.000,38,38,0,2026-05-28 22:07:41.637,2,2,0,2026-05-28 22:09:38.000,157,157,0,2026-05-28 22:09:06.000,40,40,0,2026-05-28 22:09:06.000,85,84,1,2026-05-28 22:15:35.323,389,389,0,2026-05-28 22:56:10.527,2026-05-28 23:45:40.953,0,NULL,2026-05-28 23:45:41.533,5919,5919,0,UNDEFINED
26-042280,2026-05-28 22:10:56.000,22,THU,28,22,D,NIGHT,MIDS,POLICE,DISORDERLY CONDUCT,2,E-911,"SWINTON, LATOYA","GRAVES, CHRISTINA",2026-05-28 22:10:55.000,2026-05-28 22:12:59.000,2026-05-28 22:12:47.000,112,111,1,2026-05-28 22:16:52.947,245,245,0,2026-05-28 22:16:36.000,341,340,1,2026-05-28 22:16:57.717,357,357,0,2026-05-28 22:16:57.717,5,4,1,2026-05-28 22:20:25.900,208,208,0,2026-05-28 22:34:09.767,2026-05-28 22:34:36.147,0,NULL,2026-05-28 22:34:36.187,1421,1421,0,NR-No Report
26-013037,2026-05-28 22:14:00.580,22,THU,28,22,D,NIGHT,MIDS,FIRE,LOCAL LADDER,3,NOT CAPTURED,"GRAVES, CHRISTINA",Automatic Dispatch,2026-05-28 22:14:00.580,2026-05-28 22:14:07.000,2026-05-28 22:14:00.580,0,1,-1,2026-05-28 22:14:02.693,2,2,0,2026-05-28 22:14:00.580,0,NULL,0,2026-05-28 22:15:08.487,2,2,0,2026-05-28 22:15:08.487,66,65,1,2026-05-28 22:18:19.440,191,190,1,2026-05-28 22:33:54.950,2026-05-28 22:33:54.950,0,NULL,2026-05-28 22:33:55.070,1194,1194,0,UNDEFINED
26-042281,2026-05-28 22:25:24.000,22,THU,28,22,D,NIGHT,MIDS,POLICE,TRAFFIC STOP,2,OFFICER,"WASHINGTON, ANDREW C.",NULL,2026-05-28 22:25:24.000,2026-05-28 22:25:35.000,2026-05-28 22:25:24.000,0,1,-1,2026-05-28 22:25:24.000,0,0,0,2026-05-28 22:25:24.000,0,NULL,0,2026-05-28 22:25:24.000,0,0,0,2026-05-28 22:25:24.000,0,0,0,2026-05-28 22:25:24.000,0,0,0,2026-05-28 22:27:39.010,2026-05-28 22:27:38.917,0,NULL,2026-05-28 22:27:38.917,134,135,-1,RE-Report
26-042282,2026-05-28 22:26:54.000,22,THU,28,22,D,NIGHT,MIDS,POLICE,SUSPICIOUS EVENT,2,Phone,"WATSON, JOANNE","GRAVES, CHRISTINA",2026-05-28 22:26:53.000,2026-05-28 22:30:10.000,2026-05-28 22:29:45.000,172,171,1,2026-05-28 22:42:10.623,745,745,0,2026-05-28 22:30:16.000,203,202,1,2026-05-28 22:42:13.367,917,917,0,2026-05-28 22:42:13.367,3,2,1,2026-05-28 22:49:57.663,464,464,0,2026-05-28 23:02:09.653,2026-05-28 23:06:11.707,0,NULL,2026-05-28 23:06:11.783,2358,2358,0,NR-No Report
26-042283,2026-05-28 22:33:42.000,22,THU,28,22,D,NIGHT,MIDS,POLICE,DIP - DRUNK/INTOX PERSON,2,E-911,"WILLIAMS, DARNELL","GRAVES, CHRISTINA",2026-05-28 22:33:41.000,2026-05-28 22:37:16.000,2026-05-28 22:34:41.000,60,59,1,2026-05-28 22:37:49.400,188,188,0,2026-05-28 22:36:20.000,159,158,1,2026-05-28 22:37:58.353,248,248,0,2026-05-28 22:37:58.353,9,8,1,2026-05-28 22:37:58.353,0,0,0,2026-05-28 22:47:48.290,2026-05-28 22:56:46.147,0,NULL,2026-05-28 22:56:46.187,1385,1385,0,NR-No Report
26-042284,2026-05-28 22:43:51.000,22,THU,28,22,D,NIGHT,MIDS,POLICE,PARKING COMPLAINT,4,Phone,"WALKER, LATITIA",NULL,2026-05-28 22:43:51.000,2026-05-28 23:44:58.000,2026-05-28 22:44:30.000,39,39,0,2026-05-29 05:53:47.323,25757,25757,0,2026-05-28 22:44:43.000,52,52,0,2026-05-29 05:53:47.323,25796,25796,0,2026-05-29 05:53:47.323,0,-9999,9999,2026-05-29 06:07:40.230,833,832,1,2026-05-29 06:14:14.870,2026-05-29 06:14:14.870,0,NULL,2026-05-29 06:14:15.267,27023,27023,0,NR-No Report
26-042286,2026-05-28 22:51:11.000,22,THU,28,22,D,NIGHT,MIDS,POLICE,ASSAULT MINOR INJ IN PROG,2,E-911,"WALKER, LATITIA",NULL,2026-05-28 22:51:11.000,2026-05-28 22:53:11.000,2026-05-28 22:52:47.000,96,96,0,2026-05-28 22:53:27.500,40,40,0,2026-05-28 23:06:04.000,893,893,0,2026-05-28 22:53:30.803,136,136,0,2026-05-28 22:53:30.803,3,3,0,2026-05-28 23:02:42.163,552,551,1,2026-05-28 23:02:50.543,2026-05-29 00:00:58.923,0,NULL,2026-05-29 00:00:58.960,4187,4187,0,RE-Report
26-013038,2026-05-28 22:52:47.000,22,THU,28,22,D,NIGHT,MIDS,EMS,ASSAULT ALS 1,3,E-911,"WALKER, LATITIA",Automatic Dispatch,2026-05-28 22:52:47.000,2026-05-28 22:53:02.000,2026-05-28 22:52:47.000,0,NULL,0,2026-05-28 22:52:49.567,2,2,0,2026-05-28 22:52:47.000,0,0,0,2026-05-28 22:53:33.080,2,2,0,2026-05-28 22:53:33.080,44,43,1,NULL,NULL,-9999,NULL,2026-05-28 22:55:47.313,2026-05-28 23:06:16.807,0,NULL,2026-05-28 23:06:17.050,809,809,0,UNDEFINED
26-042289,2026-05-28 22:53:23.000,22,THU,28,22,D,NIGHT,MIDS,POLICE,ASSIST CITIZEN PROMPT,3,OFFICER,"WATSON, JOANNE",NULL,2026-05-28 22:53:21.000,2026-05-28 22:56:31.000,2026-05-28 22:55:13.000,112,110,2,2026-05-28 23:26:06.460,1853,1853,0,2026-05-28 22:56:13.000,172,170,2,2026-05-28 23:26:18.440,1965,1965,0,2026-05-28 23:26:18.440,12,11,1,2026-05-28 23:40:23.687,845,845,0,2026-05-28 23:27:16.437,2026-05-29 04:27:17.000,0,NULL,NULL,20036,20036,0,RE-Report
26-042288,2026-05-28 22:54:53.000,22,THU,28,22,D,NIGHT,MIDS,POLICE,TRAFFIC STOP,2,Radio,"GRAVES, CHRISTINA","GRAVES, CHRISTINA",2026-05-28 22:54:53.000,2026-05-28 22:55:10.960,2026-05-28 22:54:53.000,0,0,0,2026-05-28 22:54:53.000,0,0,0,2026-05-28 22:54:53.000,0,0,0,2026-05-28 22:55:18.553,0,0,0,2026-05-28 22:54:53.000,0,0,0,2026-05-28 22:54:53.000,0,0,0,2026-05-28 23:22:11.787,2026-05-28 23:22:33.787,0,NULL,2026-05-28 23:22:33.870,1660,1660,0,CI-Citation
26-042290,2026-05-28 23:13:24.000,22,THU,28,23,D,NIGHT,MIDS,POLICE,DISORDERLY CONDUCT,2,E-911,"WALKER, LATITIA",NULL,2026-05-28 23:13:24.000,2026-05-28 23:15:00.000,2026-05-28 23:13:50.000,26,26,0,2026-05-28 23:43:42.713,1792,1792,0,2026-05-28 23:15:11.000,107,107,0,2026-05-28 23:43:53.887,1818,1818,0,2026-05-28 23:43:53.887,11,3,8,2026-05-28 23:48:45.470,292,291,1,2026-05-29 00:29:00.400,2026-05-29 02:45:09.010,0,NULL,2026-05-29 02:45:09.103,12705,12705,0,NR-No Report
26-042291,2026-05-28 23:15:06.000,22,THU,28,23,D,NIGHT,MIDS,POLICE,DISORDERLY CONDUCT,2,OFFICER,"WATSON, JOANNE","GRAVES, CHRISTINA",2026-05-28 23:15:04.000,2026-05-28 23:17:17.000,2026-05-28 23:16:40.000,96,94,2,2026-05-28 23:17:53.327,73,73,0,2026-05-28 23:17:13.000,129,127,2,2026-05-28 23:18:20.500,169,169,0,2026-05-28 23:18:20.500,27,27,0,2026-05-28 23:21:02.493,162,161,1,2026-05-28 23:43:33.080,2026-05-28 23:43:45.027,0,NULL,2026-05-28 23:43:45.093,1721,1721,0,NR-No Report
26-042293,2026-05-28 23:23:36.000,22,THU,28,23,D,NIGHT,MIDS,POLICE,OFF DUTY DETAIL,8,OFFICER,"ROLON, CARLOS M",NULL,2026-05-28 23:23:36.000,NULL,2026-05-28 23:23:36.000,0,1,-1,2026-05-28 23:23:36.000,0,0,0,2026-05-28 23:23:36.000,0,NULL,0,2026-05-28 23:23:36.000,0,0,0,2026-05-28 23:23:36.000,0,0,0,2026-05-28 23:23:36.000,0,0,0,2026-05-29 02:43:09.140,2026-05-29 02:43:09.140,0,NULL,2026-05-29 02:43:09.197,11973,11973,0,NR-No Report
26-013039,2026-05-28 23:23:42.767,22,THU,28,23,D,NIGHT,MIDS,FIRE,MUTUAL ELEVATOR INCIDENT,1,C2C,CAD to CAD Service 1,CAD to CAD Service 1,2026-05-28 23:21:43.000,NULL,2026-05-28 23:23:43.300,120,0,120,2026-05-28 23:23:43.673,0,0,0,NULL,NULL,NULL,NULL,2026-05-28 23:24:48.137,120,-9999,10119,2026-05-28 23:24:48.137,65,54,11,2026-05-28 23:31:03.243,375,375,0,2026-05-28 23:53:42.267,2026-05-29 00:00:37.693,0,NULL,2026-05-29 00:00:37.727,2334,2334,0,CAD2CAD
26-042295,2026-05-28 23:26:30.000,22,THU,28,23,D,NIGHT,MIDS,POLICE,DOMESTIC VIOL NO INJ,2,E-911,"WATSON, JOANNE",NULL,2026-05-28 23:26:30.000,2026-05-28 23:27:17.000,2026-05-28 23:27:00.000,30,30,0,2026-05-28 23:27:28.127,28,28,0,2026-05-28 23:30:20.000,230,230,0,2026-05-28 23:27:30.403,58,58,0,2026-05-28 23:27:30.403,2,2,0,2026-05-28 23:29:29.890,119,119,0,2026-05-29 00:19:15.997,2026-05-29 01:51:08.883,0,NULL,2026-05-29 01:51:08.940,8678,8678,0,RE-Report
26-042297,2026-05-28 23:35:42.000,22,THU,28,23,D,NIGHT,MIDS,POLICE,TROUBLE UNKNOWN EMS,2,E-911,"WILLIAMS, DARNELL","GRAVES, CHRISTINA",2026-05-28 23:35:41.000,2026-05-28 23:36:22.000,2026-05-28 23:36:12.000,31,30,1,2026-05-28 23:42:19.307,367,367,0,2026-05-28 23:36:12.000,31,NULL,31,2026-05-28 23:42:21.263,398,398,0,2026-05-28 23:42:21.263,2,1,1,2026-05-28 23:42:21.263,0,0,0,2026-05-28 23:43:07.233,2026-05-28 23:43:07.233,0,NULL,2026-05-28 23:43:07.297,446,446,0,NR-No Report
26-013040,2026-05-28 23:36:12.000,22,THU,28,23,D,NIGHT,MIDS,EMS,UNKNOWN MEDICAL ALS 1,1,NOT CAPTURED,"WILLIAMS, DARNELL",Automatic Dispatch,2026-05-28 23:36:12.000,2026-05-28 23:36:39.000,2026-05-28 23:36:12.000,0,NULL,0,2026-05-28 23:36:15.390,3,3,0,2026-05-28 23:36:12.000,0,0,0,2026-05-28 23:37:19.973,3,2,1,2026-05-28 23:37:19.973,64,64,0,2026-05-28 23:41:46.033,267,266,1,2026-05-28 23:37:55.970,2026-05-29 00:35:30.630,0,NULL,2026-05-29 00:35:30.747,3558,3557,1,UNDEFINED
26-013041,2026-05-28 23:37:52.043,22,THU,28,23,D,NIGHT,MIDS,EMS,MUTUAL BLS,1,C2C,CAD to CAD Service 1,CAD to CAD Service 1,2026-05-28 23:34:39.000,NULL,2026-05-28 23:37:52.510,193,0,193,2026-05-28 23:37:52.557,0,0,0,NULL,NULL,NULL,NULL,2026-05-28 23:39:07.930,193,-9999,10192,2026-05-28 23:39:07.930,75,75,0,2026-05-28 23:44:33.997,326,326,0,2026-05-29 00:05:08.677,2026-05-29 01:29:37.787,0,NULL,2026-05-29 01:29:37.870,6898,6898,0,UNDEFINED
26-013042,2026-05-28 23:51:05.963,22,THU,28,23,D,NIGHT,MIDS,EMS,BLS EMERGENCY,3,NOT CAPTURED,"GRAVES, CHRISTINA",Automatic Dispatch,2026-05-28 23:51:05.963,2026-05-28 23:51:56.000,2026-05-28 23:51:05.963,0,0,0,2026-05-28 23:51:08.287,3,2,1,2026-05-28 23:51:05.963,0,NULL,0,2026-05-28 23:52:25.650,3,2,1,2026-05-28 23:52:25.650,77,77,0,2026-05-28 23:59:54.137,449,448,1,2026-05-29 01:00:26.930,2026-05-29 01:00:26.930,0,NULL,2026-05-29 01:00:27.073,4161,4160,1,UNDEFINED
26-042301,2026-05-29 00:19:52.000,22,FRI,29,0,C,NIGHT,MIDS,POLICE,SUSPICIOUS EVENT,2,E-911,"SWINTON, LATOYA",NULL,2026-05-29 00:19:51.000,NULL,2026-05-29 00:26:15.000,384,383,1,2026-05-29 00:37:55.303,700,700,0,2026-05-29 00:39:16.000,1165,1164,1,2026-05-29 00:37:55.343,1084,1084,0,2026-05-29 00:37:55.343,0,0,0,2026-05-29 00:49:22.480,687,687,0,2026-05-29 01:05:42.510,2026-05-29 01:06:18.357,1,2026-05-29 01:24:39.683,2026-05-29 01:36:33.413,2787,4602,-1815,NR-No Report
26-042302,2026-05-29 00:26:28.000,22,FRI,29,0,C,NIGHT,MIDS,POLICE,DOMESTIC VIOL NO INJ,2,Phone,"WILLIAMS, DARNELL",NULL,2026-05-29 00:26:26.000,2026-05-29 00:29:40.000,2026-05-29 00:28:50.000,144,142,2,2026-05-29 00:31:14.223,144,144,0,2026-05-29 00:37:14.000,648,646,2,2026-05-29 00:31:51.603,288,288,0,2026-05-29 00:31:51.603,37,37,0,2026-05-29 00:35:16.197,205,204,1,2026-05-29 00:31:58.283,2026-05-29 04:03:57.023,0,NULL,2026-05-29 04:03:57.087,13051,13051,0,RE-Report
26-042307,2026-05-29 01:08:36.000,22,FRI,29,1,C,NIGHT,MIDS,POLICE,DEST OF PROP VEH DELAY,4,Phone,"WALKER, LATITIA",NULL,2026-05-29 01:08:34.000,2026-05-29 01:09:41.000,2026-05-29 01:08:57.000,23,21,2,2026-05-29 01:09:27.467,30,30,0,2026-05-29 01:08:59.000,25,23,2,2026-05-29 01:09:31.893,53,53,0,2026-05-29 01:09:31.893,4,4,0,2026-05-29 01:09:31.893,0,0,0,2026-05-29 02:59:28.933,2026-05-29 02:59:28.933,0,NULL,2026-05-29 02:59:28.987,6654,6654,0,NR-No Report
26-042308,2026-05-29 01:11:08.000,22,FRI,29,1,C,NIGHT,MIDS,POLICE,ALARM COMMERCIAL,2,Phone,"GRAVES, CHRISTINA","WALKER, LATITIA",2026-05-29 01:11:06.000,2026-05-29 01:12:11.000,2026-05-29 01:11:45.000,39,37,2,2026-05-29 01:12:23.430,38,38,0,2026-05-29 01:12:39.000,93,91,2,2026-05-29 01:12:26.590,77,77,0,2026-05-29 01:12:26.590,3,3,0,2026-05-29 01:15:36.383,190,189,1,2026-05-29 01:13:24.460,2026-05-29 01:20:28.363,0,NULL,2026-05-29 01:20:28.410,562,562,0,FALSE-False Alarm
26-042310,2026-05-29 01:24:56.000,22,FRI,29,1,C,NIGHT,MIDS,POLICE,ROBBERY FROM PERSON IN PROG,2,E-911,"GRAVES, CHRISTINA",NULL,2026-05-29 01:24:56.000,2026-05-29 01:27:22.000,2026-05-29 01:27:17.000,141,141,0,2026-05-29 01:28:17.157,60,60,0,2026-05-29 01:28:51.000,235,235,0,2026-05-29 01:28:17.220,201,201,0,2026-05-29 01:28:17.220,0,0,0,2026-05-29 01:32:32.743,255,255,0,2026-05-29 02:44:44.860,2026-05-29 03:02:26.730,0,NULL,2026-05-29 03:02:26.987,5850,5850,0,RE-Report
26-013044,2026-05-29 01:42:57.000,22,FRI,29,1,C,NIGHT,MIDS,EMS,MEDICAL ALARM ALS 1,3,Phone,"WILLIAMS, DARNELL",Automatic Dispatch,2026-05-29 01:42:55.000,2026-05-29 01:44:08.000,2026-05-29 01:43:59.000,64,62,2,2026-05-29 01:44:01.610,2,2,0,2026-05-29 02:00:47.000,1072,1070,2,2026-05-29 01:45:48.197,66,66,0,2026-05-29 01:45:48.197,107,106,1,2026-05-29 01:48:47.527,179,179,0,2026-05-29 02:06:03.447,2026-05-29 02:07:18.553,0,NULL,2026-05-29 02:07:18.693,1463,1463,0,UNDEFINED
26-042313,2026-05-29 02:12:37.000,22,FRI,29,2,C,NIGHT,LATE,POLICE,TRESPASSING IN PROG,2,Phone,"MACK, BRIANA","GRAVES, CHRISTINA",2026-05-29 02:12:36.000,2026-05-29 02:20:02.000,2026-05-29 02:13:27.000,51,50,1,2026-05-29 02:25:51.443,744,744,0,2026-05-29 02:16:41.000,245,244,1,2026-05-29 02:25:54.540,795,795,0,2026-05-29 02:25:54.540,3,3,0,2026-05-29 02:36:53.720,659,659,0,2026-05-29 02:46:16.127,2026-05-29 02:47:46.473,0,NULL,2026-05-29 02:47:46.537,2110,2110,0,NR-No Report
26-042314,2026-05-29 02:27:59.000,22,FRI,29,2,C,NIGHT,LATE,POLICE,DIP - DRUNK/INTOX PERSON,2,Radio,"GRAVES, CHRISTINA",NULL,2026-05-29 02:27:57.000,NULL,2026-05-29 02:28:19.000,22,20,2,2026-05-29 02:28:25.060,6,6,0,2026-05-29 02:28:19.000,22,20,2,2026-05-29 02:28:25.153,28,28,0,2026-05-29 02:28:25.153,0,0,0,2026-05-29 02:28:25.190,0,0,0,2026-05-29 05:49:55.757,2026-05-29 05:49:55.757,0,NULL,2026-05-29 05:49:55.807,12118,12118,0,RE-Report
26-042315,2026-05-29 02:48:05.000,22,FRI,29,2,C,NIGHT,LATE,POLICE,RUNAWAY RETURNED,4,Radio,"GRAVES, CHRISTINA","GRAVES, CHRISTINA",2026-05-29 02:48:05.000,NULL,2026-05-29 02:48:19.000,14,14,0,2026-05-29 02:48:38.770,19,19,0,2026-05-29 03:17:19.000,1754,1754,0,2026-05-29 02:48:38.883,33,33,0,2026-05-29 02:48:38.883,0,0,0,2026-05-29 02:48:38.937,0,0,0,2026-05-29 03:29:29.323,2026-05-29 03:51:36.090,0,NULL,2026-05-29 03:51:36.140,3811,3811,0,NR-No Report
26-013045,2026-05-29 03:00:07.000,22,FRI,29,3,C,NIGHT,LATE,FIRE,FIRE ALARM,3,Phone,"WILLIAMS, DARNELL",Automatic Dispatch,2026-05-29 03:00:05.000,2026-05-29 03:01:29.000,2026-05-29 03:00:58.000,53,51,2,2026-05-29 03:01:01.060,3,3,0,2026-05-29 03:02:52.000,167,165,2,2026-05-29 03:02:51.093,56,56,0,2026-05-29 03:02:51.093,110,110,0,2026-05-29 03:09:03.827,372,372,0,2026-05-29 03:53:43.957,2026-05-29 03:53:43.957,0,NULL,2026-05-29 03:53:44.110,3218,3218,0,UNDEFINED
26-042316,2026-05-29 03:12:37.000,22,FRI,29,3,C,NIGHT,LATE,POLICE,SUSPICIOUS EVENT,2,E-911,"JACKSON, MALIKA","GRAVES, CHRISTINA",2026-05-29 03:12:36.000,2026-05-29 03:15:10.000,2026-05-29 03:13:27.000,51,50,1,2026-05-29 03:15:29.840,122,122,0,2026-05-29 03:20:57.000,501,500,1,2026-05-29 03:16:25.097,173,173,0,2026-05-29 03:16:25.097,56,7,49,2026-05-29 03:22:32.760,367,367,0,2026-05-29 03:17:16.383,2026-05-29 03:40:14.880,0,NULL,2026-05-29 03:40:15.030,1658,1658,0,NR-No Report
26-042318,2026-05-29 03:36:36.000,22,FRI,29,3,C,NIGHT,LATE,POLICE,TROUBLE UNKNOWN NO EMS,2,E-911,"MACK, BRIANA","GRAVES, CHRISTINA",2026-05-29 03:36:36.000,2026-05-29 03:38:42.000,2026-05-29 03:38:17.000,101,101,0,2026-05-29 03:40:03.980,106,106,0,2026-05-29 03:38:17.000,101,NULL,101,2026-05-29 03:40:05.990,207,207,0,2026-05-29 03:40:05.990,2,2,0,2026-05-29 03:40:11.327,6,5,1,2026-05-29 03:48:11.087,2026-05-29 03:50:40.337,0,NULL,2026-05-29 03:50:40.377,844,844,0,NR-No Report
26-042319,2026-05-29 03:43:31.000,22,FRI,29,3,C,NIGHT,LATE,POLICE,WARRANT SERVICE,2,Radio,"WATSON, JOANNE","WATSON, JOANNE",2026-05-29 03:43:29.000,NULL,2026-05-29 03:43:58.000,29,27,2,2026-05-29 03:44:11.303,13,13,0,2026-05-29 03:44:25.000,56,54,2,2026-05-29 03:44:11.407,42,42,0,2026-05-29 03:44:11.407,0,0,0,2026-05-29 03:44:11.490,0,0,0,2026-05-29 05:28:34.083,2026-05-29 05:41:28.763,0,NULL,2026-05-29 05:41:28.807,7079,7079,0,NR-No Report
26-042321,2026-05-29 03:57:18.000,22,FRI,29,3,C,NIGHT,LATE,POLICE,ADMINISTRATIVE TASK,2,Phone,"WATSON, JOANNE","WALKER, LATITIA",2026-05-29 03:57:16.000,NULL,2026-05-29 03:58:32.000,76,74,2,2026-05-29 03:59:29.453,57,57,0,2026-05-29 03:58:36.000,80,78,2,2026-05-29 03:59:29.600,133,133,0,2026-05-29 03:59:29.600,0,0,0,2026-05-29 04:01:30.943,121,121,0,2026-05-29 04:25:50.067,2026-05-29 04:25:50.067,0,NULL,2026-05-29 04:25:50.133,1714,1714,0,NR-No Report
26-042323,2026-05-29 04:27:33.000,22,FRI,29,4,C,NIGHT,LATE,POLICE,DISORDERLY CONDUCT,2,Phone,"WILLIAMS, DARNELL","WALKER, LATITIA",2026-05-29 04:27:31.000,2026-05-29 04:30:56.000,2026-05-29 04:29:24.000,113,111,2,2026-05-29 04:31:33.863,129,129,0,2026-05-29 04:31:05.000,214,212,2,2026-05-29 04:31:44.363,242,242,0,2026-05-29 04:31:44.363,11,10,1,2026-05-29 04:32:14.367,30,30,0,2026-05-29 04:41:19.573,2026-05-29 04:41:30.233,0,NULL,2026-05-29 04:41:30.310,839,839,0,NR-No Report
26-042324,2026-05-29 04:29:16.000,22,FRI,29,4,C,NIGHT,LATE,POLICE,ALARM COMMERCIAL,2,Phone,"MACK, BRIANA","WALKER, LATITIA",2026-05-29 04:29:14.000,2026-05-29 04:30:04.000,2026-05-29 04:29:32.000,18,16,2,2026-05-29 04:30:35.730,63,63,0,2026-05-29 04:31:08.000,114,112,2,2026-05-29 04:30:37.953,81,81,0,2026-05-29 04:30:37.953,2,2,0,2026-05-29 04:40:20.993,583,583,0,2026-05-29 04:31:16.760,2026-05-29 05:39:00.290,0,NULL,2026-05-29 05:39:00.410,4186,4186,0,NR-No Report
26-013046,2026-05-29 04:37:09.000,22,FRI,29,4,C,NIGHT,LATE,EMS,BLS EMERGENCY,3,E-911,"JACKSON, MALIKA",Automatic Dispatch,2026-05-29 04:37:09.000,2026-05-29 04:38:44.000,2026-05-29 04:38:11.000,62,62,0,2026-05-29 04:38:14.490,3,3,0,2026-05-29 04:39:20.000,131,131,0,2026-05-29 04:40:03.027,65,65,0,2026-05-29 04:40:03.027,109,108,1,2026-05-29 04:46:51.230,408,408,0,2026-05-29 05:52:24.697,2026-05-29 05:52:24.697,0,NULL,2026-05-29 05:52:24.790,4515,4515,0,UNDEFINED
26-042326,2026-05-29 05:01:06.000,22,FRI,29,5,C,NIGHT,LATE,POLICE,ASSIST CITIZEN DELAY,4,Phone,"JACKSON, MALIKA","WALKER, LATITIA",2026-05-29 05:01:04.000,2026-05-29 05:04:49.000,2026-05-29 05:04:44.000,220,218,2,2026-05-29 05:53:46.190,2942,2942,0,2026-05-29 05:05:47.000,283,281,2,2026-05-29 05:53:46.243,3162,3162,0,2026-05-29 05:53:46.243,0,0,0,NULL,NULL,-9999,NULL,2026-05-29 05:58:46.313,2026-05-29 05:58:46.313,0,NULL,2026-05-29 05:58:46.420,3462,3462,0,NR-No Report
26-042325,2026-05-29 05:02:27.000,22,FRI,29,5,C,NIGHT,LATE,POLICE,PARKING COMPLAINT,4,Phone,"MACK, BRIANA","WALKER, LATITIA",2026-05-29 05:02:26.000,2026-05-29 05:17:24.000,2026-05-29 05:03:56.000,90,89,1,2026-05-29 05:11:39.630,463,463,0,2026-05-29 05:10:56.000,510,509,1,2026-05-29 05:12:07.090,553,553,0,2026-05-29 05:12:07.090,28,27,1,NULL,NULL,-9999,NULL,2026-05-29 05:18:23.223,2026-05-29 05:18:23.223,0,NULL,2026-05-29 05:18:23.277,957,957,0,NR-No Report
26-013047,2026-05-29 05:10:00.000,22,FRI,29,5,C,NIGHT,LATE,EMS,BLS EMERGENCY,3,E-911,"GRAVES, CHRISTINA","SMITH, TERESA",2026-05-29 05:10:00.000,2026-05-29 05:11:23.000,2026-05-29 05:10:59.000,59,59,0,2026-05-29 05:11:02.167,3,3,0,2026-05-29 05:13:43.000,223,223,0,2026-05-29 05:13:28.437,62,62,0,2026-05-29 05:13:28.437,146,146,0,2026-05-29 05:17:07.150,219,218,1,2026-05-29 05:18:43.957,2026-05-29 06:40:03.560,0,NULL,2026-05-29 06:40:03.633,5403,5403,0,UNDEFINED
26-013048,2026-05-29 05:38:20.000,22,FRI,29,5,C,NIGHT,LATE,EMS,PUBLIC SERVICE EMS,4,E-911,"JACKSON, MALIKA",Automatic Dispatch,2026-05-29 05:38:20.000,2026-05-29 05:40:13.000,2026-05-29 05:39:05.000,45,45,0,2026-05-29 05:39:07.713,2,2,0,2026-05-29 05:40:06.000,106,106,0,2026-05-29 05:41:01.923,47,47,0,2026-05-29 05:41:01.923,114,114,0,2026-05-29 05:44:28.517,207,206,1,2026-05-29 06:07:01.920,2026-05-29 06:07:01.920,0,NULL,2026-05-29 06:07:02.280,1721,1721,0,UNDEFINED
26-042328,2026-05-29 05:44:56.000,22,FRI,29,5,C,NIGHT,LATE,POLICE,MVC PROPERTY DAMAGE,2,E-911,"MACK, BRIANA","WALKER, LATITIA",2026-05-29 05:44:56.000,2026-05-29 05:47:47.000,2026-05-29 05:46:47.000,111,111,0,2026-05-29 05:51:03.097,256,256,0,2026-05-29 05:48:11.000,195,195,0,2026-05-29 05:51:08.530,367,367,0,2026-05-29 05:51:08.530,5,5,0,2026-05-29 05:53:11.980,123,123,0,2026-05-29 07:21:05.467,2026-05-29 07:21:05.467,0,NULL,2026-05-29 07:21:05.533,5769,5769,0,NR-No Report
26-042327,2026-05-29 05:45:11.000,22,FRI,29,5,C,NIGHT,LATE,POLICE,DISORDERLY CONDUCT,2,E-911,"WILLIAMS, DARNELL","WALKER, LATITIA",2026-05-29 05:45:11.000,2026-05-29 05:46:10.000,2026-05-29 05:45:46.000,35,35,0,2026-05-29 05:46:46.480,60,60,0,2026-05-29 05:47:15.000,124,124,0,2026-05-29 05:46:54.507,95,95,0,2026-05-29 05:46:54.507,8,8,0,2026-05-29 05:55:11.107,497,496,1,2026-05-29 06:29:07.533,2026-05-29 06:31:53.020,0,NULL,2026-05-29 06:31:53.020,2802,2802,0,NR-No Report
26-042330,2026-05-29 06:16:35.000,22,FRI,29,6,A,DAY,EARLY,POLICE,ALARM RESIDENTIAL,2,Text,"FOSTER, KANESHA","BONSU, VALERIE",2026-05-29 06:16:33.000,NULL,2026-05-29 06:16:58.000,25,23,2,2026-05-29 06:19:50.763,172,172,0,2026-05-29 06:20:57.000,264,262,2,2026-05-29 06:19:50.887,197,197,0,2026-05-29 06:19:50.887,0,0,0,2026-05-29 06:29:24.947,574,574,0,2026-05-29 06:45:58.370,2026-05-29 06:45:58.370,0,NULL,2026-05-29 06:45:58.473,1765,1765,0,FALSE-False Alarm
26-042331,2026-05-29 06:22:57.000,22,FRI,29,6,A,DAY,EARLY,POLICE,PARKING COMPLAINT,4,Phone,"DEWBERRY, RE'KEYA",NULL,2026-05-29 06:22:55.000,2026-05-29 06:23:39.000,2026-05-29 06:23:20.000,25,23,2,2026-05-29 07:16:14.400,3174,3174,0,2026-05-29 06:24:19.000,84,82,2,2026-05-29 07:16:14.400,3199,3199,0,2026-05-29 07:16:14.400,0,0,0,2026-05-29 08:01:57.080,2743,2742,1,2026-05-29 08:06:30.937,2026-05-29 08:06:30.937,0,NULL,2026-05-29 08:06:31.793,6215,6215,0,NR-No Report
26-013049,2026-05-29 06:27:53.000,22,FRI,29,6,A,DAY,EARLY,FIRE,FIRE ALARM,3,Phone,"JONES, DAESHA",Automatic Dispatch,2026-05-29 06:27:50.000,2026-05-29 06:28:29.000,2026-05-29 06:28:19.000,29,26,3,2026-05-29 06:28:21.510,2,2,0,2026-05-29 06:29:47.000,117,114,3,2026-05-29 06:29:12.213,31,31,0,2026-05-29 06:29:12.213,51,50,1,2026-05-29 06:33:11.327,239,239,0,2026-05-29 06:34:47.773,2026-05-29 06:34:47.773,0,NULL,2026-05-29 06:34:48.053,417,417,0,UNDEFINED
26-042333,2026-05-29 06:35:57.000,22,FRI,29,6,A,DAY,EARLY,POLICE,PARKING COMPLAINT,4,Radio,"BONSU, VALERIE","VALENTIN, EMERITA",2026-05-29 06:35:57.000,2026-05-29 08:11:33.000,2026-05-29 06:35:57.000,0,0,0,2026-05-29 06:35:57.000,0,0,0,2026-05-29 06:35:57.000,0,0,0,2026-05-29 08:11:42.243,0,0,0,2026-05-29 06:35:57.000,0,0,0,2026-05-29 06:35:57.000,0,0,0,2026-05-29 07:40:46.803,2026-05-29 07:40:46.803,1,2026-05-29 08:10:51.143,2026-05-29 10:04:23.547,3889,12506,-8617,RE-Report
26-042335,2026-05-29 06:48:07.000,22,FRI,29,6,A,DAY,EARLY,POLICE,PARKING COMPLAINT,4,Phone,"DEWBERRY, RE'KEYA",NULL,2026-05-29 06:48:06.000,2026-05-29 08:06:50.000,2026-05-29 06:48:22.000,16,15,1,2026-05-29 08:06:02.767,4660,4660,0,2026-05-29 06:51:29.000,203,202,1,2026-05-29 08:06:02.767,4676,4676,0,2026-05-29 08:06:02.767,0,-9999,9999,2026-05-29 08:34:17.683,1695,1694,1,2026-05-29 08:36:58.750,2026-05-29 08:36:58.750,0,NULL,2026-05-29 08:36:59.553,6532,6532,0,NR-No Report
26-042338,2026-05-29 07:03:53.000,22,FRI,29,7,A,DAY,EARLY,POLICE,PARKING COMPLAINT,4,Phone,"FOSTER, KANESHA",NULL,2026-05-29 07:03:51.000,NULL,2026-05-29 07:04:26.000,35,33,2,2026-05-29 07:58:44.510,3258,3258,0,2026-05-29 07:42:12.000,2301,2299,2,2026-05-29 07:58:44.510,3293,3293,0,2026-05-29 07:58:44.510,0,0,0,2026-05-29 08:10:25.283,701,700,1,2026-05-29 08:13:27.530,2026-05-29 08:13:27.530,0,NULL,2026-05-29 08:13:27.583,4176,4176,0,NR-No Report
26-013050,2026-05-29 07:05:48.853,22,FRI,29,7,A,DAY,EARLY,EMS,MUTUAL BLS,1,C2C,CAD to CAD Service 1,CAD to CAD Service 1,2026-05-29 07:03:53.000,NULL,2026-05-29 07:05:49.433,116,0,116,2026-05-29 07:05:49.480,0,0,0,NULL,NULL,NULL,NULL,2026-05-29 07:06:29.920,116,2688,-2572,2026-05-29 07:06:29.920,40,40,0,2026-05-29 07:12:15.163,346,345,1,2026-05-29 07:28:03.590,2026-05-29 08:28:55.310,0,NULL,2026-05-29 08:28:55.350,5102,5102,0,UNDEFINED
26-042340,2026-05-29 07:16:33.000,22,FRI,29,7,A,DAY,EARLY,POLICE,MENTAL HEALTH CASE,2,Phone,"DEWBERRY, RE'KEYA","BONSU, VALERIE",2026-05-29 07:16:31.000,2026-05-29 07:17:26.000,2026-05-29 07:17:12.000,41,39,2,2026-05-29 07:17:35.527,23,23,0,2026-05-29 07:23:43.000,432,430,2,2026-05-29 07:17:44.770,64,64,0,2026-05-29 07:17:44.770,9,9,0,2026-05-29 07:29:13.783,689,689,0,2026-05-29 07:33:12.303,2026-05-29 07:33:27.373,0,NULL,2026-05-29 07:33:27.453,1016,1016,0,NR-No Report
26-042342,2026-05-29 07:21:35.000,22,FRI,29,7,A,DAY,EARLY,POLICE,PARKING COMPLAINT,2,Phone,"DEWBERRY, RE'KEYA",NULL,2026-05-29 07:21:33.000,2026-05-29 07:30:07.000,2026-05-29 07:21:48.000,15,13,2,2026-05-29 08:42:03.020,4815,4815,0,2026-05-29 07:23:29.000,116,114,2,2026-05-29 08:42:03.020,4830,4830,0,2026-05-29 08:42:03.020,0,-9999,9999,2026-05-29 09:05:09.520,1386,1386,0,2026-05-29 10:00:02.353,2026-05-29 10:00:02.353,0,NULL,2026-05-29 10:00:03.160,9509,9509,0,CI-Citation
26-042343,2026-05-29 07:22:25.000,22,FRI,29,7,A,DAY,EARLY,POLICE,PARKING COMPLAINT,4,Phone,"DEWBERRY, RE'KEYA",NULL,2026-05-29 07:22:24.000,2026-05-29 08:01:11.000,2026-05-29 07:22:43.000,19,18,1,2026-05-29 09:08:12.450,6329,6329,0,2026-05-29 07:23:40.000,76,75,1,2026-05-29 09:08:12.450,6348,6348,0,2026-05-29 09:08:12.450,0,0,0,2026-05-29 09:10:40.367,148,147,1,2026-05-29 09:20:52.363,2026-05-29 09:20:52.363,0,NULL,2026-05-29 09:20:53.367,7108,7108,0,NR-No Report
26-042344,2026-05-29 07:24:47.000,22,FRI,29,7,A,DAY,EARLY,POLICE,TRNSPORT PRISONER ALX COURT,4,Radio,"BONSU, VALERIE","BONSU, VALERIE",2026-05-29 07:24:44.000,NULL,2026-05-29 07:25:16.000,32,29,3,2026-05-29 07:25:20.860,4,4,0,2026-05-29 07:30:03.000,319,316,3,2026-05-29 07:25:20.910,36,36,0,2026-05-29 07:25:20.910,0,0,0,2026-05-29 08:28:44.270,3804,3803,1,2026-05-29 08:28:48.073,2026-05-29 08:28:48.073,0,NULL,2026-05-29 08:28:48.120,3844,3844,0,NR-No Report
26-013051,2026-05-29 07:28:00.000,22,FRI,29,7,A,DAY,EARLY,EMS,TROUBLE BREATHING ALS 1,1,E-911,"DEWBERRY, RE'KEYA","ALLEN, TIANA",2026-05-29 07:28:00.000,2026-05-29 07:29:03.000,2026-05-29 07:28:46.000,46,46,0,2026-05-29 07:28:49.040,3,3,0,2026-05-29 07:48:42.000,1242,1242,0,2026-05-29 07:30:01.763,49,49,0,2026-05-29 07:30:01.763,72,72,0,2026-05-29 07:35:21.720,320,319,1,2026-05-29 07:32:19.843,2026-05-29 08:35:30.493,0,NULL,2026-05-29 08:35:30.700,4050,4050,0,UNDEFINED
26-042346,2026-05-29 07:31:17.000,22,FRI,29,7,A,DAY,EARLY,POLICE,TRAFFIC STOP,2,OFFICER,"LEACH, JOSHUA C",NULL,2026-05-29 07:31:17.000,2026-05-29 07:31:26.000,2026-05-29 07:31:17.000,0,1,-1,2026-05-29 07:31:17.000,0,0,0,2026-05-29 07:31:17.000,0,NULL,0,2026-05-29 07:31:17.000,0,0,0,2026-05-29 07:31:17.000,0,0,0,2026-05-29 07:31:17.000,0,0,0,2026-05-29 07:39:23.397,2026-05-29 07:39:23.397,0,NULL,2026-05-29 07:39:23.457,486,486,0,CI-Citation
26-013052,2026-05-29 07:32:26.000,22,FRI,29,7,A,DAY,EARLY,EMS,FACILITY BLS,3,E-911,"JONES, DAESHA","ALLEN, TIANA",2026-05-29 07:32:25.000,2026-05-29 07:33:38.000,2026-05-29 07:33:33.000,68,67,1,2026-05-29 07:33:35.323,2,2,0,2026-05-29 07:35:52.000,207,206,1,2026-05-29 07:34:21.087,70,70,0,2026-05-29 07:34:21.087,46,45,1,2026-05-29 07:39:58.853,337,337,0,2026-05-29 07:59:30.647,2026-05-29 09:02:14.437,0,NULL,2026-05-29 09:02:14.503,5389,5389,0,UNDEFINED
26-042347,2026-05-29 07:42:26.000,22,FRI,29,7,A,DAY,EARLY,POLICE,OFF DUTY DETAIL,8,OFFICER,"LARNERD, GRANT",NULL,2026-05-29 07:42:26.000,2026-05-29 11:28:25.000,2026-05-29 07:42:26.000,0,1,-1,2026-05-29 07:42:26.000,0,0,0,2026-05-29 07:42:26.000,0,NULL,0,2026-05-29 07:42:26.000,0,0,0,2026-05-29 07:42:26.000,0,0,0,2026-05-29 07:42:26.000,0,0,0,2026-05-29 15:46:21.513,2026-05-29 15:46:21.513,0,NULL,2026-05-29 15:46:21.663,29035,29035,0,NR-No Report
26-013053,2026-05-29 07:42:37.213,22,FRI,29,7,A,DAY,EARLY,FIRE,MUTUAL MVC,1,C2C,CAD to CAD Service 1,CAD to CAD Service 1,2026-05-29 07:35:50.000,NULL,2026-05-29 07:42:37.713,407,0,407,2026-05-29 07:42:37.773,0,0,0,NULL,NULL,NULL,NULL,2026-05-29 07:42:52.167,407,422,-15,2026-05-29 07:42:52.167,15,0,15,2026-05-29 07:48:23.593,331,331,0,2026-05-29 07:48:41.990,2026-05-29 08:42:10.313,0,NULL,2026-05-29 08:42:10.347,3980,3980,0,CAD2CAD
26-042348,2026-05-29 07:45:44.000,22,FRI,29,7,A,DAY,EARLY,POLICE,ALARM COMMERCIAL,2,Phone,"JONES, DAESHA","BONSU, VALERIE",2026-05-29 07:45:42.000,2026-05-29 07:48:55.000,2026-05-29 07:46:10.000,28,26,2,2026-05-29 07:49:00.793,170,170,0,2026-05-29 07:48:04.000,142,140,2,2026-05-29 07:49:03.807,198,198,0,2026-05-29 07:49:03.807,3,3,0,NULL,NULL,-9999,NULL,2026-05-29 07:50:04.073,2026-05-29 08:05:45.043,0,NULL,2026-05-29 08:05:45.097,1203,1203,0,FALSE-False Alarm
26-042349,2026-05-29 07:47:19.000,22,FRI,29,7,A,DAY,EARLY,POLICE,TRAFFIC STOP,2,OFFICER,"LEACH, JOSHUA C",NULL,2026-05-29 07:47:19.000,2026-05-29 07:47:45.000,2026-05-29 07:47:19.000,0,1,-1,2026-05-29 07:47:19.000,0,0,0,2026-05-29 07:47:19.000,0,NULL,0,2026-05-29 07:47:19.000,0,0,0,2026-05-29 07:47:19.000,0,0,0,2026-05-29 07:47:19.000,0,0,0,2026-05-29 07:51:54.397,2026-05-29 07:51:54.397,0,NULL,2026-05-29 07:51:54.533,275,275,0,CI-Citation
26-013054,2026-05-29 07:48:34.000,22,FRI,29,7,A,DAY,EARLY,FIRE,CO ALARM,2,E-911,"DEWBERRY, RE'KEYA",Automatic Dispatch,2026-05-29 07:48:34.000,2026-05-29 07:50:59.000,2026-05-29 07:49:33.000,59,59,0,2026-05-29 07:49:35.127,2,2,0,2026-05-29 08:00:01.000,687,687,0,2026-05-29 07:51:06.613,61,61,0,2026-05-29 07:51:06.613,91,91,0,2026-05-29 07:56:00.623,294,294,0,2026-05-29 08:25:55.363,2026-05-29 08:25:55.363,0,NULL,2026-05-29 08:25:55.437,2241,2241,0,UNDEFINED
26-013055,2026-05-29 07:51:50.000,22,FRI,29,7,A,DAY,EARLY,FIRE,PUBLIC SERVICE FIRE,4,Phone,"VALENTIN, EMERITA","ALLEN, TIANA",2026-05-29 07:51:48.000,2026-05-29 07:55:26.000,2026-05-29 07:53:32.000,104,102,2,2026-05-29 07:53:34.293,2,2,0,2026-05-29 07:59:17.000,449,447,2,2026-05-29 07:57:33.173,106,106,0,2026-05-29 07:57:33.173,239,24,215,2026-05-29 08:07:14.430,581,581,0,2026-05-29 07:59:04.867,2026-05-29 08:22:43.940,0,NULL,2026-05-29 08:22:44.090,1855,1855,0,UNDEFINED
26-042351,2026-05-29 07:54:03.000,22,FRI,29,7,A,DAY,EARLY,POLICE,DISABLED MOTORIST,2,Phone,"JONES, DAESHA","BONSU, VALERIE",2026-05-29 07:54:01.000,2026-05-29 07:55:00.000,2026-05-29 07:54:30.000,29,27,2,2026-05-29 07:59:34.747,304,304,0,2026-05-29 07:56:04.000,123,121,2,2026-05-29 07:59:34.807,333,333,0,2026-05-29 07:59:34.807,0,0,0,2026-05-29 07:59:34.843,0,0,0,2026-05-29 08:01:05.657,2026-05-29 08:01:05.657,0,NULL,2026-05-29 08:01:05.820,424,424,0,NR-No Report
26-042352,2026-05-29 07:56:57.000,22,FRI,29,7,A,DAY,EARLY,POLICE,OFF DUTY DETAIL,8,OFFICER,"SCHIPANOV, KIRILL I",NULL,2026-05-29 07:56:57.000,2026-05-29 11:28:07.000,2026-05-29 07:56:57.000,0,1,-1,2026-05-29 07:56:57.000,0,0,0,2026-05-29 07:56:57.000,0,NULL,0,2026-05-29 07:56:57.000,0,0,0,2026-05-29 07:56:57.000,0,0,0,2026-05-29 07:56:57.000,0,0,0,2026-05-29 15:57:09.513,2026-05-29 15:57:09.513,0,NULL,2026-05-29 15:57:09.803,28812,28812,0,NR-No Report
26-042353,2026-05-29 07:59:28.000,22,FRI,29,7,A,DAY,EARLY,POLICE,TRAFFIC STOP,2,OFFICER,"LEACH, JOSHUA C",NULL,2026-05-29 07:59:28.000,2026-05-29 07:59:38.000,2026-05-29 07:59:28.000,0,1,-1,2026-05-29 07:59:28.000,0,0,0,2026-05-29 07:59:28.000,0,NULL,0,2026-05-29 07:59:28.000,0,0,0,2026-05-29 07:59:28.000,0,0,0,2026-05-29 07:59:28.000,0,0,0,2026-05-29 08:04:42.297,2026-05-29 08:04:42.297,0,NULL,2026-05-29 08:04:42.470,314,314,0,CI-Citation
26-013056,2026-05-29 08:02:18.457,22,FRI,29,8,A,DAY,EARLY,FIRE,MUTUAL AID,1,C2C,CAD to CAD Service 1,CAD to CAD Service 1,2026-05-29 08:01:41.000,NULL,2026-05-29 08:02:18.940,37,0,37,2026-05-29 08:02:19.003,1,0,1,NULL,NULL,NULL,NULL,2026-05-29 08:03:17.620,38,-9999,10037,2026-05-29 08:03:17.620,58,47,11,2026-05-29 08:07:16.827,239,239,0,2026-05-29 08:15:32.213,2026-05-29 08:23:24.520,0,NULL,2026-05-29 08:23:24.567,1303,1303,0,CAD2CAD
26-042357,2026-05-29 08:04:43.000,22,FRI,29,8,A,DAY,EARLY,POLICE,PARKING COMPLAINT,3,Phone,"BONSU, VALERIE",NULL,2026-05-29 08:04:42.000,2026-05-29 08:40:11.000,2026-05-29 08:05:51.000,69,68,1,2026-05-29 08:14:49.017,538,538,0,2026-05-29 08:07:02.000,140,139,1,2026-05-29 08:14:49.017,607,607,0,2026-05-29 08:14:49.017,0,-9999,9999,2026-05-29 08:39:37.413,1488,1488,0,2026-05-29 09:14:43.183,2026-05-29 09:14:43.183,0,NULL,2026-05-29 09:14:43.370,4201,4201,0,CI-Citation
26-042358,2026-05-29 08:10:10.000,22,FRI,29,8,A,DAY,EARLY,POLICE,TRAFFIC STOP,2,OFFICER,"LEACH, JOSHUA C",NULL,2026-05-29 08:10:10.000,2026-05-29 08:10:23.000,2026-05-29 08:10:10.000,0,1,-1,2026-05-29 08:10:10.000,0,0,0,2026-05-29 08:10:10.000,0,NULL,0,2026-05-29 08:10:10.000,0,0,0,2026-05-29 08:10:10.000,0,0,0,2026-05-29 08:10:10.000,0,0,0,2026-05-29 08:14:41.773,2026-05-29 08:14:41.773,0,NULL,2026-05-29 08:14:42.003,271,271,0,CI-Citation
26-042359,2026-05-29 08:12:10.000,22,FRI,29,8,A,DAY,EARLY,POLICE,PARKING COMPLAINT,3,Phone,"VALENTIN, EMERITA",NULL,2026-05-29 08:12:09.000,2026-05-29 09:08:38.000,2026-05-29 08:12:29.000,20,19,1,2026-05-29 10:00:34.787,6485,6485,0,2026-05-29 08:16:36.000,267,266,1,2026-05-29 10:00:34.787,6505,6505,0,2026-05-29 10:00:34.787,0,-9999,9999,2026-05-29 10:04:09.250,215,214,1,2026-05-29 11:34:07.570,2026-05-29 11:34:07.570,0,NULL,2026-05-29 11:34:08.500,12118,12118,0,CI-Citation
26-042360,2026-05-29 08:12:51.000,22,FRI,29,8,A,DAY,EARLY,POLICE,OFF DUTY DETAIL,8,OFFICER,"BACHMAN, ARIANA R",NULL,2026-05-29 08:12:51.000,2026-05-29 08:14:41.000,2026-05-29 08:12:51.000,0,1,-1,2026-05-29 08:12:51.000,0,0,0,2026-05-29 08:12:51.000,0,NULL,0,2026-05-29 08:12:51.000,0,0,0,2026-05-29 08:12:51.000,0,0,0,2026-05-29 08:12:51.000,0,0,0,2026-05-29 16:25:14.077,2026-05-29 16:25:20.553,0,NULL,2026-05-29 16:25:20.567,29549,29549,0,NR-No Report
26-042361,2026-05-29 08:14:49.000,22,FRI,29,8,A,DAY,EARLY,POLICE,MVC PROPERTY DAMAGE,2,E-911,"JONES, DAESHA","DEWBERRY, RE'KEYA",2026-05-29 08:14:49.000,2026-05-29 08:17:36.000,2026-05-29 08:16:26.000,97,97,0,2026-05-29 08:19:52.980,206,206,0,2026-05-29 08:17:20.000,151,151,0,2026-05-29 08:19:57.523,303,303,0,2026-05-29 08:19:57.523,5,4,1,NULL,NULL,-9999,NULL,2026-05-29 08:36:15.683,2026-05-29 08:36:15.683,0,NULL,2026-05-29 08:36:15.737,1286,1286,0,CN-Cancellation
26-042362,2026-05-29 08:15:19.000,22,FRI,29,8,A,DAY,EARLY,POLICE,DOMESTIC VIOL MINOR INJ,1,E-911,"BONSU, VALERIE",NULL,2026-05-29 08:15:19.000,2026-05-29 08:16:42.000,2026-05-29 08:16:32.000,73,73,0,2026-05-29 08:18:38.643,126,126,0,2026-05-29 08:28:15.000,776,776,0,2026-05-29 08:18:50.810,199,199,0,2026-05-29 08:18:50.810,12,12,0,2026-05-29 08:27:09.287,499,498,1,2026-05-29 08:59:12.053,2026-05-29 15:39:58.280,0,NULL,2026-05-29 15:39:58.437,26679,26679,0,RE-Report
26-013057,2026-05-29 08:16:33.000,22,FRI,29,8,A,DAY,EARLY,EMS,ASSAULT ALS 1,3,CAD2CAD,"BONSU, VALERIE",Automatic Dispatch,2026-05-29 08:16:33.000,2026-05-29 08:16:54.000,2026-05-29 08:16:33.000,0,NULL,0,2026-05-29 08:16:35.550,2,2,0,2026-05-29 08:16:33.000,0,0,0,2026-05-29 08:16:43.793,2,2,0,2026-05-29 08:16:43.793,8,8,0,2026-05-29 08:35:43.420,1140,1139,1,2026-05-29 08:46:32.753,2026-05-29 08:49:06.717,0,NULL,2026-05-29 08:49:06.830,1953,1953,0,UNDEFINED
26-042363,2026-05-29 08:17:03.000,22,FRI,29,8,A,DAY,EARLY,POLICE,PARKING COMPLAINT,4,Phone,"PICKERAL, LAUREN",NULL,2026-05-29 08:17:01.000,NULL,2026-05-29 08:17:35.000,34,32,2,2026-05-29 08:49:08.810,1893,1893,0,2026-05-29 08:17:58.000,57,55,2,2026-05-29 08:49:08.810,1927,1927,0,2026-05-29 08:49:08.810,0,0,0,2026-05-29 09:04:36.097,928,927,1,2026-05-29 09:07:04.327,2026-05-29 09:07:04.327,0,NULL,2026-05-29 09:07:05.280,3003,3003,0,NR-No Report
26-013058,2026-05-29 08:17:27.570,22,FRI,29,8,A,DAY,EARLY,EMS,MUTUAL BLS,1,C2C,CAD to CAD Service 1,CAD to CAD Service 1,2026-05-29 08:16:34.000,2026-05-29 10:02:11.000,2026-05-29 08:17:28.147,54,0,54,2026-05-29 08:17:28.273,0,0,0,NULL,NULL,NULL,NULL,2026-05-29 08:18:56.367,54,59,-5,2026-05-29 08:18:56.367,88,82,6,2026-05-29 08:22:38.980,222,222,0,2026-05-29 08:28:31.270,2026-05-29 10:02:19.750,0,NULL,2026-05-29 10:02:19.827,6345,6345,0,UNDEFINED
26-042364,2026-05-29 08:19:08.000,22,FRI,29,8,A,DAY,EARLY,POLICE,LARCENY FROM AUTO DELAY,4,Phone,"VALENTIN, EMERITA",NULL,2026-05-29 08:19:06.000,2026-05-29 09:32:57.000,2026-05-29 08:19:44.000,38,36,2,2026-05-29 08:35:17.690,933,933,0,2026-05-29 08:22:44.000,218,216,2,2026-05-29 08:35:23.793,971,971,0,2026-05-29 08:35:23.793,6,6,0,2026-05-29 08:35:26.090,3,2,1,2026-05-29 16:15:30.863,2026-05-29 16:15:30.863,0,NULL,2026-05-29 16:15:30.920,28584,28584,0,RE-Report
26-013059,2026-05-29 08:20:24.690,22,FRI,29,8,A,DAY,EARLY,EMS,MUTUAL BLS,1,C2C,CAD to CAD Service 1,CAD to CAD Service 1,2026-05-29 08:18:44.000,NULL,2026-05-29 08:20:25.253,101,0,101,2026-05-29 08:20:25.363,0,0,0,NULL,NULL,NULL,NULL,2026-05-29 08:20:56.087,101,-9999,10100,2026-05-29 08:20:56.087,31,18,13,2026-05-29 08:27:59.903,423,423,0,2026-05-29 08:36:25.017,2026-05-29 09:45:34.023,0,NULL,2026-05-29 09:45:34.087,5210,5210,0,CAD2CAD
26-042365,2026-05-29 08:21:42.000,22,FRI,29,8,A,DAY,EARLY,POLICE,TRAFFIC STOP,2,OFFICER,"LEACH, JOSHUA C",NULL,2026-05-29 08:21:42.000,2026-05-29 08:21:47.000,2026-05-29 08:21:42.000,0,1,-1,2026-05-29 08:21:42.000,0,0,0,2026-05-29 08:21:42.000,0,NULL,0,2026-05-29 08:21:42.000,0,0,0,2026-05-29 08:21:42.000,0,0,0,2026-05-29 08:21:42.000,0,0,0,2026-05-29 08:28:14.157,2026-05-29 08:28:14.157,0,NULL,2026-05-29 08:28:14.560,392,392,0,CI-Citation
26-042367,2026-05-29 08:24:28.000,22,FRI,29,8,A,DAY,EARLY,POLICE,DISORDERLY CONDUCT,2,Phone,"PICKERAL, LAUREN",NULL,2026-05-29 08:24:27.000,2026-05-29 13:32:12.000,2026-05-29 08:27:31.000,184,183,1,2026-05-29 09:09:44.530,2533,2533,0,2026-05-29 08:27:40.000,193,192,1,2026-05-29 09:09:44.573,2717,2717,0,2026-05-29 09:09:44.573,0,0,0,2026-05-29 09:34:26.877,1482,1482,0,2026-05-29 10:19:05.220,2026-05-29 15:41:03.793,0,NULL,2026-05-29 15:41:03.933,26196,26196,0,SUP-Supplement
26-042370,2026-05-29 08:25:42.000,22,FRI,29,8,A,DAY,EARLY,POLICE,MENTAL HEALTH CASE,2,Phone,"VALENTIN, EMERITA","DEWBERRY, RE'KEYA",2026-05-29 08:25:40.000,NULL,2026-05-29 08:29:11.000,211,209,2,2026-05-29 08:36:20.873,429,429,0,2026-05-29 08:29:43.000,243,241,2,2026-05-29 08:36:20.930,640,640,0,2026-05-29 08:36:20.930,0,0,0,2026-05-29 08:36:25.873,5,4,1,2026-05-29 09:02:06.480,2026-05-29 09:02:06.480,1,2026-05-30 21:00:09.280,2026-05-30 21:00:37.507,2186,45297,-43111,NR-No Report
26-042368,2026-05-29 08:26:45.000,22,FRI,29,8,A,DAY,EARLY,POLICE,PROPERTY FOUND,4,Phone,"BONSU, VALERIE","DEWBERRY, RE'KEYA",2026-05-29 08:26:43.000,2026-05-29 09:19:58.000,2026-05-29 08:28:10.000,87,85,2,2026-05-29 13:09:47.050,16897,16897,0,2026-05-29 08:28:11.000,88,86,2,2026-05-29 13:09:47.090,16984,16984,0,2026-05-29 13:09:47.090,0,0,0,2026-05-29 13:21:58.013,731,730,1,2026-05-29 17:12:38.130,2026-05-29 17:12:38.130,0,NULL,2026-05-29 17:12:38.210,31555,31555,0,NR-No Report
26-042371,2026-05-29 08:29:46.000,22,FRI,29,8,A,DAY,EARLY,POLICE,ASSAULT NO INJURY IN PROG,2,Phone,"VALENTIN, EMERITA","BONSU, VALERIE",2026-05-29 08:29:44.000,2026-05-29 08:32:06.000,2026-05-29 08:30:51.000,67,65,2,2026-05-29 08:32:47.457,116,116,0,2026-05-29 10:42:15.000,7951,7949,2,2026-05-29 08:32:55.647,183,183,0,2026-05-29 08:32:55.647,8,8,0,2026-05-29 08:46:39.527,824,823,1,2026-05-29 10:01:46.380,2026-05-29 12:07:52.267,0,NULL,2026-05-29 12:07:52.320,13088,13088,0,RE-Report
26-042372,2026-05-29 08:33:12.000,22,FRI,29,8,A,DAY,EARLY,POLICE,PARKING COMPLAINT,3,Phone,"JONES, DAESHA",NULL,2026-05-29 08:33:10.000,2026-05-29 10:36:24.000,2026-05-29 08:33:42.000,32,30,2,2026-05-29 10:02:53.270,5351,5351,0,2026-05-29 08:34:40.000,90,88,2,2026-05-29 10:02:53.270,5383,5383,0,2026-05-29 10:02:53.270,0,-9999,9999,2026-05-29 10:15:46.143,773,772,1,2026-05-29 11:13:45.783,2026-05-29 11:13:45.783,0,NULL,2026-05-29 11:13:45.847,9635,9635,0,CI-Citation
26-042377,2026-05-29 08:42:52.000,22,FRI,29,8,A,DAY,EARLY,POLICE,TRAFFIC STOP,2,OFFICER,"LEACH, JOSHUA C",NULL,2026-05-29 08:42:52.000,2026-05-29 08:42:57.000,2026-05-29 08:42:52.000,0,1,-1,2026-05-29 08:42:52.000,0,0,0,2026-05-29 08:42:52.000,0,NULL,0,2026-05-29 08:42:52.000,0,0,0,2026-05-29 08:42:52.000,0,0,0,2026-05-29 08:42:52.000,0,0,0,2026-05-29 08:53:35.467,2026-05-29 08:53:35.467,0,NULL,2026-05-29 08:53:35.790,643,643,0,CI-Citation
26-042378,2026-05-29 08:46:55.000,22,FRI,29,8,A,DAY,EARLY,POLICE,SUICIDE IN PROG INJ/PILLS,1,Phone,"PICKERAL, LAUREN",NULL,2026-05-29 08:46:54.000,2026-05-29 08:48:49.000,2026-05-29 08:48:42.000,108,107,1,2026-05-29 08:49:18.707,36,36,0,2026-05-29 08:51:25.000,271,270,1,2026-05-29 08:49:37.707,144,144,0,2026-05-29 08:49:37.707,19,18,1,2026-05-29 08:51:37.697,120,119,1,2026-05-29 09:06:55.003,2026-05-29 09:26:46.560,0,NULL,2026-05-29 09:26:46.610,2392,2392,0,NR-No Report
26-013060,2026-05-29 08:48:43.000,22,FRI,29,8,A,DAY,EARLY,EMS,OVERDOSE ALS,2,E-911,"PICKERAL, LAUREN","ALLEN, TIANA",2026-05-29 08:48:43.000,2026-05-29 08:49:54.000,2026-05-29 08:48:43.000,0,NULL,0,2026-05-29 08:48:45.687,2,2,0,2026-05-29 08:48:43.000,0,0,0,2026-05-29 08:49:29.300,2,2,0,2026-05-29 08:49:29.300,44,43,1,2026-05-29 08:50:45.693,76,76,0,2026-05-29 08:49:51.767,2026-05-29 10:15:13.393,0,NULL,2026-05-29 10:15:13.487,5190,5190,0,UNDEFINED
26-042380,2026-05-29 08:49:59.000,22,FRI,29,8,A,DAY,EARLY,POLICE,OFF DUTY DETAIL,8,OFFICER,"DANNENFELSER, CHRISTOPHER J",NULL,2026-05-29 08:49:59.000,2026-05-29 08:50:04.000,2026-05-29 08:49:59.000,0,2,-2,2026-05-29 08:49:59.000,0,0,0,2026-05-29 08:49:59.000,0,NULL,0,2026-05-29 08:49:59.000,0,0,0,2026-05-29 08:49:59.000,0,0,0,2026-05-29 08:49:59.000,0,0,0,2026-05-29 17:55:32.863,2026-05-29 17:55:32.863,0,NULL,2026-05-29 17:55:33.197,32733,32733,0,NR-No Report
26-042381,2026-05-29 08:53:23.000,22,FRI,29,8,A,DAY,EARLY,POLICE,SHOPLIFTING IN PROG,2,Phone,"VALENTIN, EMERITA","DEWBERRY, RE'KEYA",2026-05-29 08:53:21.000,2026-05-29 08:55:39.000,2026-05-29 08:53:47.000,26,24,2,2026-05-29 08:56:45.907,178,178,0,2026-05-29 08:53:47.000,26,NULL,26,2026-05-29 08:57:18.270,204,204,0,2026-05-29 08:57:18.270,33,32,1,NULL,NULL,-9999,NULL,2026-05-29 09:02:52.607,2026-05-29 09:02:52.607,0,NULL,2026-05-29 09:02:52.683,571,571,0,CN-Cancellation
26-042383,2026-05-29 08:57:05.000,22,FRI,29,8,A,DAY,EARLY,POLICE,PARKING COMPLAINT,3,Phone,"BONSU, VALERIE",NULL,2026-05-29 08:57:04.000,2026-05-29 09:45:33.000,2026-05-29 08:57:56.000,52,51,1,2026-05-29 09:21:41.627,1425,1425,0,2026-05-29 08:58:00.000,56,55,1,2026-05-29 09:21:41.627,1477,1477,0,2026-05-29 09:21:41.627,0,-9999,9999,2026-05-29 09:26:24.813,283,283,0,2026-05-29 10:42:51.813,2026-05-29 10:42:51.813,0,NULL,2026-05-29 10:42:52.850,6347,6347,0,CI-Citation
26-013061,2026-05-29 09:03:55.000,22,FRI,29,9,A,DAY,EARLY,EMS,FALL BLS,1,E-911,"BONSU, VALERIE","ALLEN, TIANA",2026-05-29 09:03:55.000,2026-05-29 09:06:23.000,2026-05-29 09:05:29.000,94,94,0,2026-05-29 09:05:32.470,3,3,0,2026-05-29 09:07:02.000,187,187,0,2026-05-29 09:07:10.493,97,97,0,2026-05-29 09:07:10.493,98,98,0,2026-05-29 09:13:39.570,389,389,0,2026-05-29 09:27:21.847,2026-05-29 11:00:47.113,0,NULL,2026-05-29 11:00:47.193,7012,7012,0,CAD2CAD
26-042387,2026-05-29 09:13:33.000,22,FRI,29,9,A,DAY,EARLY,POLICE,ASSIST OUTSIDE AGENCY,2,Phone,"BONSU, VALERIE","DEWBERRY, RE'KEYA",2026-05-29 09:13:30.000,2026-05-29 09:20:07.000,2026-05-29 09:16:38.000,188,185,3,2026-05-29 09:25:11.283,513,513,0,2026-05-29 09:30:24.000,1014,1011,3,2026-05-29 09:25:11.337,701,701,0,2026-05-29 09:25:11.337,0,0,0,2026-05-29 09:28:38.847,207,207,0,2026-05-29 09:46:21.643,2026-05-29 09:46:21.643,0,NULL,2026-05-29 09:46:21.780,1971,1971,0,NR-No Report
26-042389,2026-05-29 09:23:16.000,22,FRI,29,9,A,DAY,EARLY,POLICE,DISORDERLY CONDUCT,2,Phone,"BONSU, VALERIE","DEWBERRY, RE'KEYA",2026-05-29 09:23:15.000,2026-05-29 09:25:47.000,2026-05-29 09:25:32.000,137,136,1,2026-05-29 09:27:12.260,100,100,0,2026-05-29 09:27:09.000,234,233,1,2026-05-29 09:27:23.260,237,237,0,2026-05-29 09:27:23.260,11,10,1,2026-05-29 09:30:06.690,163,163,0,2026-05-29 09:47:05.733,2026-05-29 09:47:57.733,0,NULL,2026-05-29 09:47:57.780,1482,1482,0,NR-No Report
26-013062,2026-05-29 09:30:27.000,22,FRI,29,9,A,DAY,EARLY,EMS,BLS EMERGENCY,3,E-911,"JONES, DAESHA",Automatic Dispatch,2026-05-29 09:30:26.000,2026-05-29 09:31:40.000,2026-05-29 09:31:34.000,68,67,1,2026-05-29 09:31:37.027,3,3,0,2026-05-29 09:35:47.000,321,320,1,2026-05-29 09:31:51.240,71,71,0,2026-05-29 09:31:51.240,14,14,0,2026-05-29 09:36:51.043,300,299,1,2026-05-29 09:52:03.780,2026-05-29 09:52:20.240,0,NULL,2026-05-29 09:52:20.500,1314,1314,0,UNDEFINED
26-042393,2026-05-29 09:35:56.000,22,FRI,29,9,A,DAY,EARLY,POLICE,ASSIST CITIZEN PROMPT,3,Phone,"JONES, DAESHA","MCLEOD, DOUGLAS",2026-05-29 09:35:56.000,2026-05-29 10:04:34.000,2026-05-29 09:41:13.000,317,317,0,2026-05-29 17:53:53.903,29560,29560,0,2026-05-29 09:42:39.000,403,403,0,2026-05-29 17:54:06.310,29877,29877,0,2026-05-29 17:54:06.310,13,12,1,NULL,NULL,-9999,NULL,2026-05-29 18:21:14.953,2026-05-29 18:21:14.953,0,NULL,2026-05-29 18:21:15.010,31518,31518,0,NR-No Report
26-013063,2026-05-29 09:36:55.000,22,FRI,29,9,A,DAY,EARLY,FIRE,FIRE ALARM,3,Phone,"BONSU, VALERIE",Automatic Dispatch,2026-05-29 09:36:53.000,2026-05-29 09:38:31.000,2026-05-29 09:38:13.000,80,78,2,2026-05-29 09:38:15.700,2,2,0,2026-05-29 09:39:22.000,149,147,2,2026-05-29 09:40:12.483,82,82,0,2026-05-29 09:40:12.483,117,116,1,2026-05-29 09:47:34.320,442,441,1,2026-05-29 10:00:24.457,2026-05-29 10:00:24.457,0,NULL,2026-05-29 10:00:24.597,1411,1411,0,CAD2CAD
26-042392,2026-05-29 09:38:15.000,22,FRI,29,9,A,DAY,EARLY,POLICE,PARKING COMPLAINT,4,Phone,"BONSU, VALERIE",NULL,2026-05-29 09:38:14.000,NULL,2026-05-29 09:39:12.000,58,57,1,2026-05-29 13:02:25.140,12193,12193,0,2026-05-29 09:39:20.000,66,65,1,2026-05-29 13:02:25.140,12251,12251,0,2026-05-29 13:02:25.140,0,0,0,2026-05-29 13:15:55.003,810,809,1,2026-05-29 13:27:38.810,2026-05-29 13:27:38.810,0,NULL,2026-05-29 13:27:39.190,13764,13764,0,NR-No Report
26-013064,2026-05-29 09:41:49.000,22,FRI,29,9,A,DAY,EARLY,FIRE,GAS LEAK - INSIDE,1,E-911,"BONSU, VALERIE",Automatic Dispatch,2026-05-29 09:41:49.000,2026-05-29 09:43:46.000,2026-05-29 09:43:13.000,84,84,0,2026-05-29 09:43:15.320,2,2,0,2026-05-29 09:56:20.000,871,871,0,2026-05-29 09:44:00.620,86,86,0,2026-05-29 09:44:00.620,45,45,0,2026-05-29 09:47:49.320,229,228,1,2026-05-29 09:58:40.230,2026-05-29 10:31:52.250,0,NULL,2026-05-29 10:31:52.400,3003,3003,0,UNDEFINED
26-042394,2026-05-29 09:43:52.000,22,FRI,29,9,A,DAY,EARLY,POLICE,ABANDONED AUTO,4,Phone,"JONES, DAESHA",NULL,2026-05-29 09:43:50.000,NULL,2026-05-29 09:44:48.000,58,56,2,2026-05-29 11:34:30.373,6582,6582,0,2026-05-29 09:45:55.000,125,123,2,2026-05-29 11:34:30.373,6640,6640,0,2026-05-29 11:34:30.373,0,0,0,2026-05-29 11:38:50.550,260,260,0,2026-05-29 11:44:50.163,2026-05-29 11:44:50.163,0,NULL,2026-05-29 11:44:50.890,7260,7260,0,NR-No Report
26-042395,2026-05-29 09:52:12.000,22,FRI,29,9,A,DAY,EARLY,POLICE,TRAFFIC STOP,2,OFFICER,"LEACH, JOSHUA C",NULL,2026-05-29 09:52:12.000,2026-05-29 09:52:19.000,2026-05-29 09:52:12.000,0,1,-1,2026-05-29 09:52:12.000,0,0,0,2026-05-29 09:52:12.000,0,NULL,0,2026-05-29 09:52:12.000,0,0,0,2026-05-29 09:52:12.000,0,0,0,2026-05-29 09:52:12.000,0,0,0,2026-05-29 09:56:47.290,2026-05-29 09:56:47.290,0,NULL,2026-05-29 09:56:47.443,275,275,0,CI-Citation
26-042397,2026-05-29 10:01:37.000,22,FRI,29,10,A,DAY,MIDS,POLICE,POLICE INFORMATION,4,E-911,"JONES, DAESHA",NULL,2026-05-29 10:01:37.000,2026-05-31 09:07:53.000,2026-05-29 10:03:40.000,123,123,0,2026-05-29 10:04:05.773,25,25,0,2026-05-29 10:09:59.000,502,502,0,2026-05-29 10:06:36.367,148,148,0,2026-05-29 10:06:36.367,151,150,1,2026-05-29 10:15:24.220,528,527,1,2026-05-29 12:11:38.987,2026-05-29 16:11:19.853,1,2026-05-31 09:07:27.333,2026-05-29 16:11:19.893,22182,-9999,32181,CN-Cancellation
26-013065,2026-05-29 10:06:34.640,22,FRI,29,10,A,DAY,MIDS,EMS,FACILITY BLS,3,E-911,"JONES, DAESHA",Automatic Dispatch,2026-05-29 10:06:34.640,2026-05-29 10:06:47.000,2026-05-29 10:06:34.640,0,0,0,2026-05-29 10:06:36.857,2,2,0,2026-05-29 10:06:34.640,0,NULL,0,2026-05-29 10:07:09.837,2,2,0,2026-05-29 10:07:09.837,33,32,1,2026-05-29 10:13:29.923,380,380,0,2026-05-29 10:35:09.043,2026-05-29 11:29:06.950,0,NULL,2026-05-29 11:29:07.467,4952,4952,0,UNDEFINED
26-042400,2026-05-29 10:13:40.000,22,FRI,29,10,A,DAY,MIDS,POLICE,TRAFFIC STOP,2,OFFICER,"LEACH, JOSHUA C",NULL,2026-05-29 10:13:40.000,2026-05-29 10:13:50.000,2026-05-29 10:13:40.000,0,1,-1,2026-05-29 10:13:40.000,0,0,0,2026-05-29 10:13:40.000,0,NULL,0,2026-05-29 10:13:40.000,0,0,0,2026-05-29 10:13:40.000,0,0,0,2026-05-29 10:13:40.000,0,0,0,2026-05-29 10:20:27.133,2026-05-29 10:20:27.133,0,NULL,2026-05-29 10:20:27.347,407,407,0,CI-Citation
26-042401,2026-05-29 10:16:40.000,22,FRI,29,10,A,DAY,MIDS,POLICE,SUSPICIOUS EVENT,3,E-911,"DEWBERRY, RE'KEYA",NULL,2026-05-29 10:16:39.000,2026-05-29 17:36:06.000,2026-05-29 10:17:45.000,66,65,1,2026-05-29 17:02:22.137,24277,24277,0,2026-05-29 10:20:13.000,214,213,1,2026-05-29 17:02:29.487,24343,24343,0,2026-05-29 17:02:29.487,7,7,0,2026-05-29 17:13:18.193,649,648,1,2026-05-29 17:30:51.000,2026-05-29 17:31:58.040,1,2026-05-29 17:35:46.980,2026-05-29 18:34:55.897,26119,29896,-3777,NR-No Report
26-042402,2026-05-29 10:18:18.000,22,FRI,29,10,A,DAY,MIDS,POLICE,TROUBLE UNKNOWN EMS,2,E-911,"JONES, DAESHA","BONSU, VALERIE",2026-05-29 10:18:18.000,2026-05-29 10:19:36.000,2026-05-29 10:19:20.000,62,62,0,2026-05-29 10:22:28.780,188,188,0,2026-05-29 10:21:26.000,188,188,0,2026-05-29 10:22:33.297,250,250,0,2026-05-29 10:22:33.297,5,4,1,2026-05-29 10:27:56.543,323,323,0,2026-05-29 10:27:50.857,2026-05-29 10:28:38.367,0,NULL,2026-05-29 10:28:38.463,620,620,0,NR-No Report
26-042413,2026-05-29 10:18:20.000,22,FRI,29,10,A,DAY,MIDS,POLICE,ASSIST OUTSIDE AGENCY,4,VCIN,"BONSU, VALERIE","MCLEOD, DOUGLAS",2026-05-29 10:18:19.000,2026-05-29 11:15:33.000,2026-05-29 10:33:58.000,939,938,1,2026-05-29 18:38:03.487,29045,29045,0,2026-05-29 10:35:41.000,1042,1041,1,2026-05-29 18:38:08.167,29984,29984,0,2026-05-29 18:38:08.167,5,4,1,2026-05-29 19:57:15.127,4747,4746,1,2026-05-29 18:39:45.937,2026-05-29 20:20:59.000,0,NULL,NULL,36160,36160,0,CN-Cancellation
26-013068,2026-05-29 10:19:20.000,22,FRI,29,10,A,DAY,MIDS,EMS,UNKNOWN MEDICAL ALS 1,1,E-911,"JONES, DAESHA",Automatic Dispatch,2026-05-29 10:19:20.000,2026-05-29 10:19:52.000,2026-05-29 10:19:20.000,0,NULL,0,2026-05-29 10:19:23.037,3,3,0,2026-05-29 10:19:20.000,0,0,0,2026-05-29 10:20:02.337,3,3,0,2026-05-29 10:20:02.337,39,39,0,2026-05-29 10:23:32.957,210,210,0,2026-05-29 10:27:12.113,2026-05-29 10:28:18.680,0,NULL,2026-05-29 10:28:18.800,538,538,0,UNDEFINED
26-042406,2026-05-29 10:22:43.000,22,FRI,29,10,A,DAY,MIDS,POLICE,PARKING COMPLAINT,4,Phone,"CRUZ, STEPHANIE",NULL,2026-05-29 10:22:41.000,NULL,2026-05-29 10:23:22.000,41,39,2,2026-05-29 10:37:19.050,837,837,0,2026-05-29 10:24:46.000,125,123,2,2026-05-29 10:37:19.050,878,878,0,2026-05-29 10:37:19.050,0,-9999,9999,2026-05-29 11:10:01.567,1962,1962,0,2026-05-29 11:40:34.340,2026-05-29 11:40:34.340,0,NULL,2026-05-29 11:40:35.280,4673,4673,0,CI-Citation
26-042407,2026-05-29 10:25:19.000,22,FRI,29,10,A,DAY,MIDS,POLICE,ANIMAL DECEASED,3,Phone,"DEWBERRY, RE'KEYA","BONSU, VALERIE",2026-05-29 10:25:19.000,2026-05-29 10:47:28.000,2026-05-29 10:25:39.000,20,20,0,2026-05-29 10:57:42.680,1923,1923,0,2026-05-29 10:26:55.000,96,96,0,NULL,1943,1943,0,NULL,NULL,-9999,NULL,NULL,NULL,-9999,NULL,2026-05-29 10:57:45.817,2026-05-29 10:57:45.817,0,NULL,2026-05-29 10:57:45.853,1946,1946,0,ACOR-Animal Control Report
26-042408,2026-05-29 10:25:21.000,22,FRI,29,10,A,DAY,MIDS,POLICE,DISORDERLY CONDUCT,2,Phone,"JONES, DAESHA","BONSU, VALERIE",2026-05-29 10:25:19.000,2026-05-29 10:38:17.000,2026-05-29 10:25:50.000,31,29,2,2026-05-29 10:39:35.050,825,825,0,2026-05-29 10:27:34.000,135,133,2,2026-05-29 10:39:35.120,856,856,0,2026-05-29 10:39:35.120,0,0,0,2026-05-29 10:39:41.323,6,6,0,2026-05-29 10:49:58.380,2026-05-29 10:49:58.380,0,NULL,2026-05-29 10:49:58.473,1479,1479,0,NR-No Report
26-042409,2026-05-29 10:25:59.000,22,FRI,29,10,A,DAY,MIDS,POLICE,WARRANT SERVICE,2,Radio,"BONSU, VALERIE","BONSU, VALERIE",2026-05-29 10:25:59.000,2026-05-29 10:27:29.000,2026-05-29 10:25:59.000,0,0,0,2026-05-29 10:25:59.000,0,0,0,2026-05-29 10:25:59.000,0,0,0,2026-05-29 10:29:31.083,0,0,0,2026-05-29 10:25:59.000,0,0,0,2026-05-29 10:25:59.000,0,0,0,2026-05-29 16:24:19.043,2026-05-29 16:24:19.043,0,NULL,2026-05-29 16:24:19.187,21500,21500,0,NR-No Report
26-042410,2026-05-29 10:28:06.000,22,FRI,29,10,A,DAY,MIDS,POLICE,PARKING COMPLAINT,4,Phone,"JONES, DAESHA",NULL,2026-05-29 10:28:04.000,NULL,2026-05-29 10:28:27.000,23,21,2,2026-05-29 11:14:04.693,2737,2737,0,2026-05-29 10:29:13.000,69,67,2,2026-05-29 11:14:04.693,2760,2760,0,2026-05-29 11:14:04.693,0,-9999,9999,2026-05-29 11:18:42.747,278,278,0,2026-05-29 11:31:06.350,2026-05-29 11:31:06.350,0,NULL,2026-05-29 11:31:06.360,3782,3782,0,CI-Citation
26-013069,2026-05-29 10:29:30.000,22,FRI,29,10,A,DAY,MIDS,FIRE,FIRE ALARM,3,Phone,"JONES, DAESHA",Automatic Dispatch,2026-05-29 10:29:28.000,2026-05-29 10:30:54.000,2026-05-29 10:29:47.000,19,17,2,2026-05-29 10:29:49.823,2,2,0,2026-05-29 10:30:59.000,91,89,2,NULL,21,21,0,NULL,NULL,-9999,NULL,NULL,NULL,-9999,NULL,NULL,2026-05-29 10:31:49.000,0,NULL,NULL,141,141,0,CNOP-Canceled by Dispatcher
26-042412,2026-05-29 10:31:21.000,22,FRI,29,10,A,DAY,MIDS,POLICE,DISORDERLY CONDUCT,2,Phone,"CRUZ, STEPHANIE",NULL,2026-05-29 10:31:19.000,2026-05-29 10:38:26.000,2026-05-29 10:32:18.000,59,57,2,2026-05-29 10:40:32.440,494,494,0,2026-05-29 10:36:03.000,284,282,2,2026-05-29 10:40:35.360,553,553,0,2026-05-29 10:40:35.360,3,2,1,2026-05-29 10:46:12.733,337,337,0,2026-05-29 14:18:02.310,2026-05-29 14:18:02.310,0,NULL,2026-05-29 14:18:02.437,13603,13603,0,RE-Report
26-042414,2026-05-29 10:35:20.000,22,FRI,29,10,A,DAY,MIDS,POLICE,CIVIL PROCESS EVICTION,4,Radio,"BONSU, VALERIE","BONSU, VALERIE",2026-05-29 10:35:20.000,2026-05-29 10:35:28.000,2026-05-29 10:35:20.000,0,0,0,2026-05-29 10:35:20.000,0,0,0,2026-05-29 10:35:20.000,0,0,0,2026-05-29 10:35:26.363,0,0,0,2026-05-29 10:35:20.000,0,0,0,2026-05-29 10:35:20.000,0,0,0,2026-05-29 10:59:59.027,2026-05-29 11:04:08.817,0,NULL,2026-05-29 11:04:09.180,1728,1728,0,NR-No Report
26-042415,2026-05-29 10:44:39.000,22,FRI,29,10,A,DAY,MIDS,POLICE,ALARM RESIDENTIAL,2,Text,"JONES, DAESHA","BONSU, VALERIE",2026-05-29 10:44:37.000,2026-05-29 10:45:12.000,2026-05-29 10:45:02.000,25,23,2,2026-05-29 10:57:15.303,733,733,0,2026-05-29 10:46:17.000,100,98,2,2026-05-29 10:57:25.727,758,758,0,2026-05-29 10:57:25.727,10,10,0,2026-05-29 11:03:18.040,353,352,1,2026-05-29 11:10:29.327,2026-05-29 11:10:33.980,0,NULL,2026-05-29 11:10:34.033,1556,1556,0,NR-No Report
26-042416,2026-05-29 10:45:43.000,22,FRI,29,10,A,DAY,MIDS,POLICE,TRAFFIC STOP,2,OFFICER,"LEACH, JOSHUA C",NULL,2026-05-29 10:45:43.000,2026-05-29 10:45:54.000,2026-05-29 10:45:43.000,0,1,-1,2026-05-29 10:45:43.000,0,0,0,2026-05-29 10:45:43.000,0,NULL,0,2026-05-29 10:45:43.000,0,0,0,2026-05-29 10:45:43.000,0,0,0,2026-05-29 10:45:43.000,0,0,0,2026-05-29 10:51:26.877,2026-05-29 10:51:26.877,0,NULL,2026-05-29 10:51:27.203,343,343,0,CI-Citation
26-013070,2026-05-29 10:54:35.270,22,FRI,29,10,A,DAY,MIDS,FIRE,MUTUAL AID,1,C2C,CAD to CAD Service 1,CAD to CAD Service 1,2026-05-29 10:53:58.000,NULL,2026-05-29 10:54:36.083,38,0,38,2026-05-29 10:54:36.147,0,0,0,NULL,NULL,NULL,NULL,2026-05-29 10:55:01.807,38,43,-5,2026-05-29 10:55:01.807,25,19,6,2026-05-29 11:00:37.643,336,335,1,2026-05-29 10:58:57.243,2026-05-29 11:17:00.180,0,NULL,2026-05-29 11:17:00.213,1382,1382,0,CAD2CAD
26-042418,2026-05-29 10:55:45.000,22,FRI,29,10,A,DAY,MIDS,POLICE,TRAFFIC STOP,2,OFFICER,"LEACH, JOSHUA C",NULL,2026-05-29 10:55:45.000,NULL,2026-05-29 10:55:45.000,0,1,-1,2026-05-29 10:55:45.000,0,0,0,2026-05-29 10:55:45.000,0,NULL,0,2026-05-29 10:55:45.000,0,0,0,2026-05-29 10:55:45.000,0,0,0,2026-05-29 10:55:45.000,0,0,0,2026-05-29 11:03:06.367,2026-05-29 11:03:06.367,0,NULL,2026-05-29 11:03:06.807,441,441,0,CI-Citation
26-042419,2026-05-29 10:55:54.000,22,FRI,29,10,A,DAY,MIDS,POLICE,WARRANT SERVICE,2,Radio,"BONSU, VALERIE","BONSU, VALERIE",2026-05-29 10:55:52.000,2026-05-29 11:46:18.000,2026-05-29 10:56:45.000,53,51,2,2026-05-29 10:57:01.047,16,16,0,2026-05-29 10:57:03.000,71,69,2,2026-05-29 10:57:01.103,69,69,0,2026-05-29 10:57:01.103,0,0,0,2026-05-29 11:35:16.017,2295,2294,1,2026-05-29 11:46:34.167,2026-05-29 13:13:49.630,0,NULL,2026-05-29 13:13:49.730,8277,8277,0,RE-Report
26-042420,2026-05-29 10:58:32.000,22,FRI,29,10,A,DAY,MIDS,POLICE,DEST OF PROP VEH DELAY,4,Phone,"VALENTIN, EMERITA",NULL,2026-05-29 10:58:30.000,2026-05-29 11:56:28.000,2026-05-29 10:59:00.000,30,28,2,2026-05-29 12:04:11.847,3911,3911,0,2026-05-29 11:34:53.000,2183,2181,2,2026-05-29 12:04:11.847,3941,3941,0,2026-05-29 12:04:11.847,0,-9999,9999,NULL,NULL,-9999,NULL,2026-05-29 12:04:33.970,2026-05-29 12:04:33.970,0,NULL,2026-05-29 12:04:34.043,3963,3963,0,NR-No Report
26-013071,2026-05-29 10:59:40.000,22,FRI,29,10,A,DAY,MIDS,FIRE,FIRE ALARM,3,Phone,"ANDERSON, MARILYN",Automatic Dispatch,2026-05-29 10:59:39.000,2026-05-29 11:00:53.000,2026-05-29 11:00:09.000,30,29,1,2026-05-29 11:00:11.187,2,2,0,2026-05-29 11:00:09.000,30,NULL,30,NULL,32,32,0,NULL,NULL,-9999,NULL,NULL,NULL,-9999,NULL,2026-05-29 11:01:32.620,2026-05-29 11:01:32.620,0,NULL,2026-05-29 11:01:32.690,113,113,0,UNDEFINED
26-013072,2026-05-29 11:01:00.960,22,FRI,29,11,A,DAY,MIDS,FIRE,MUTUAL FIRE ALARM,1,C2C,CAD to CAD Service 1,CAD to CAD Service 1,2026-05-29 10:59:48.000,NULL,2026-05-29 11:01:01.413,73,0,73,2026-05-29 11:01:01.460,0,0,0,NULL,NULL,NULL,NULL,2026-05-29 11:01:59.693,73,77,-4,2026-05-29 11:01:59.693,58,58,0,NULL,NULL,-9999,NULL,2026-05-29 11:04:35.487,2026-05-29 11:04:51.390,0,NULL,2026-05-29 11:04:51.420,303,303,0,CAD2CAD
26-042424,2026-05-29 11:05:42.000,22,FRI,29,11,A,DAY,MIDS,POLICE,TRESPASSING IN PROG,2,Phone,"VALENTIN, EMERITA","BONSU, VALERIE",2026-05-29 11:05:40.000,2026-05-29 11:09:58.000,2026-05-29 11:06:09.000,29,27,2,2026-05-29 11:14:57.447,528,528,0,2026-05-29 11:34:43.000,1743,1741,2,2026-05-29 11:15:05.150,557,557,0,2026-05-29 11:15:05.150,8,7,1,2026-05-29 11:19:31.417,266,266,0,2026-05-29 11:29:58.103,2026-05-29 11:48:30.727,0,NULL,2026-05-29 11:48:30.760,2570,2570,0,NR-No Report
26-013073,2026-05-29 11:08:32.887,22,FRI,29,11,A,DAY,MIDS,EMS,MUTUAL BLS,1,C2C,CAD to CAD Service 1,CAD to CAD Service 1,2026-05-29 11:07:48.000,NULL,2026-05-29 11:08:33.387,45,0,45,2026-05-29 11:08:33.510,0,0,0,NULL,NULL,NULL,NULL,2026-05-29 11:09:41.730,45,-9999,10044,2026-05-29 11:09:41.730,68,68,0,2026-05-29 11:19:50.557,609,608,1,2026-05-29 11:25:30.307,2026-05-29 11:25:30.307,0,NULL,2026-05-29 11:25:30.380,1062,1062,0,UNDEFINED
26-042427,2026-05-29 11:09:18.000,22,FRI,29,11,A,DAY,MIDS,POLICE,TRAFFIC STOP,2,OFFICER,"MONTGOMERY, NICHOLAS","BONSU, VALERIE",2026-05-29 11:09:18.000,2026-05-29 11:09:31.000,2026-05-29 11:09:18.000,0,1,-1,2026-05-29 11:09:36.760,18,18,0,2026-05-29 11:09:18.000,0,NULL,0,2026-05-29 11:09:39.457,18,18,0,2026-05-29 11:09:39.457,3,2,1,2026-05-29 11:09:39.457,0,0,0,2026-05-29 11:13:30.040,2026-05-29 11:13:30.040,0,NULL,2026-05-29 11:13:30.080,252,252,0,NR-No Report
26-042428,2026-05-29 11:10:39.000,22,FRI,29,11,A,DAY,MIDS,POLICE,TRAFFIC STOP,2,OFFICER,"LEACH, JOSHUA C",NULL,2026-05-29 11:10:39.000,2026-05-29 11:10:56.000,2026-05-29 11:10:39.000,0,2,-2,2026-05-29 11:10:39.000,0,0,0,2026-05-29 11:10:39.000,0,NULL,0,2026-05-29 11:10:39.000,0,0,0,2026-05-29 11:10:39.000,0,0,0,2026-05-29 11:10:39.000,0,0,0,2026-05-29 11:14:52.203,2026-05-29 11:14:52.203,0,NULL,2026-05-29 11:14:52.550,253,253,0,CI-Citation
26-042429,2026-05-29 11:12:14.000,22,FRI,29,11,A,DAY,MIDS,POLICE,SUSPICIOUS EVENT,2,E-911,"ANDERSON, MARILYN","BONSU, VALERIE",2026-05-29 11:12:14.000,2026-05-29 11:14:40.000,2026-05-29 11:13:27.000,73,73,0,2026-05-29 11:28:20.543,893,893,0,2026-05-29 11:15:52.000,218,218,0,2026-05-29 11:28:20.650,966,966,0,2026-05-29 11:28:20.650,0,0,0,2026-05-29 11:51:40.430,1400,1399,1,2026-05-29 12:00:00.990,2026-05-29 12:00:00.990,0,NULL,2026-05-29 12:00:01.120,2866,2866,0,NR-No Report
26-042430,2026-05-29 11:15:20.000,22,FRI,29,11,A,DAY,MIDS,POLICE,PUBLIC SERVICE MULTI OFFICER,2,Phone,"VALENTIN, EMERITA","BONSU, VALERIE",2026-05-29 11:15:18.000,2026-05-29 11:19:00.000,2026-05-29 11:18:35.000,197,195,2,2026-05-29 11:32:37.593,842,842,0,2026-05-29 11:34:41.000,1163,1161,2,2026-05-29 11:32:43.917,1039,1039,0,2026-05-29 11:32:43.917,6,6,0,2026-05-29 11:55:11.757,1348,1347,1,2026-05-29 12:59:54.793,2026-05-29 12:59:57.353,0,NULL,2026-05-29 12:59:57.400,6279,6279,0,NR-No Report
26-042432,2026-05-29 11:18:58.000,22,FRI,29,11,A,DAY,MIDS,POLICE,MVC HIT/RUN NO INJURY,2,E-911,"DEWBERRY, RE'KEYA","BONSU, VALERIE",2026-05-29 11:18:57.000,NULL,2026-05-29 11:19:27.000,30,29,1,2026-05-29 11:24:35.163,308,308,0,2026-05-29 11:21:49.000,172,171,1,2026-05-29 11:24:35.233,338,338,0,2026-05-29 11:24:35.233,0,0,0,2026-05-29 11:24:35.273,0,0,0,2026-05-29 12:35:53.740,2026-05-29 12:35:53.740,0,NULL,2026-05-29 12:35:53.820,4616,4616,0,NR-No Report
26-013074,2026-05-29 11:28:01.000,22,FRI,29,11,A,DAY,MIDS,EMS,BLS EMERGENCY,3,E-911,"CRUZ, STEPHANIE",Automatic Dispatch,2026-05-29 11:28:01.000,2026-05-29 11:30:13.000,2026-05-29 11:29:01.000,60,60,0,2026-05-29 11:29:03.520,2,2,0,2026-05-29 11:33:10.000,309,309,0,2026-05-29 11:29:45.077,62,62,0,2026-05-29 11:29:45.077,42,41,1,2026-05-29 11:32:57.880,192,192,0,2026-05-29 12:09:05.303,2026-05-29 12:09:05.303,0,NULL,2026-05-29 12:09:05.390,2464,2464,0,UNDEFINED
26-042436,2026-05-29 11:30:24.000,22,FRI,29,11,A,DAY,MIDS,POLICE,POLICE INFORMATION,4,Phone,"ANDERSON, MARILYN",NULL,2026-05-29 11:30:23.000,2026-05-29 11:32:21.000,2026-05-29 11:30:50.000,27,26,1,2026-05-29 12:58:25.183,5255,5255,0,2026-05-29 11:35:04.000,281,280,1,2026-05-29 12:58:29.280,5282,5282,0,2026-05-29 12:58:29.280,4,4,0,2026-05-29 13:26:52.283,1703,1703,0,2026-05-29 14:58:01.943,2026-05-29 16:14:23.297,0,NULL,2026-05-29 16:14:23.363,17040,17040,0,RE-Report
26-042438,2026-05-29 11:33:22.000,22,FRI,29,11,A,DAY,MIDS,POLICE,WARRANT SERVICE,2,Radio,"BONSU, VALERIE","BONSU, VALERIE",2026-05-29 11:33:20.000,2026-05-29 11:44:21.000,2026-05-29 11:34:05.000,45,43,2,2026-05-29 11:50:40.047,995,995,0,2026-05-29 11:41:55.000,515,513,2,2026-05-29 11:50:44.333,1040,1040,0,2026-05-29 11:50:44.333,4,4,0,2026-05-29 12:01:24.120,640,639,1,2026-05-29 12:50:17.920,2026-05-29 12:50:17.920,0,NULL,2026-05-29 12:50:18.113,4617,4617,0,NR-No Report
26-042439,2026-05-29 11:34:03.000,22,FRI,29,11,A,DAY,MIDS,POLICE,MVC PROPERTY DAMAGE,2,Phone,"CRUZ, STEPHANIE",NULL,2026-05-29 11:34:01.000,NULL,2026-05-29 11:34:34.000,33,31,2,2026-05-29 11:38:56.243,262,262,0,2026-05-29 11:34:48.000,47,45,2,2026-05-29 11:38:56.243,295,295,0,2026-05-29 11:38:56.243,0,-9999,9999,2026-05-29 11:38:59.890,3,3,0,2026-05-29 12:26:10.747,2026-05-29 12:26:10.747,0,NULL,2026-05-29 12:26:10.807,3129,3129,0,NR-No Report
26-042446,2026-05-29 11:51:51.000,22,FRI,29,11,A,DAY,MIDS,POLICE,TRAFFIC STOP,2,OFFICER,"VANDERAH, COLTON J",NULL,2026-05-29 11:51:51.000,2026-05-29 11:53:25.000,2026-05-29 11:51:51.000,0,1,-1,2026-05-29 11:51:51.000,0,0,0,2026-05-29 11:51:51.000,0,NULL,0,2026-05-29 11:51:51.000,0,0,0,2026-05-29 11:51:51.000,0,0,0,2026-05-29 11:51:51.000,0,0,0,2026-05-29 12:04:15.797,2026-05-29 12:04:15.797,0,NULL,2026-05-29 12:04:15.840,744,744,0,CI-Citation
26-042450,2026-05-29 11:55:29.000,22,FRI,29,11,A,DAY,MIDS,POLICE,LARCENY COMM IN PROG,2,E-911,"ANDERSON, MARILYN","DEWBERRY, RE'KEYA",2026-05-29 11:55:29.000,2026-05-29 12:04:25.000,2026-05-29 11:56:55.000,86,86,0,2026-05-29 12:14:21.000,1046,1045,1,2026-05-29 12:00:09.000,280,280,0,2026-05-29 12:15:04.667,1132,1131,1,2026-05-29 12:15:04.667,43,43,0,2026-05-29 12:30:04.373,900,899,1,2026-05-29 12:40:13.223,2026-05-29 12:40:34.683,0,NULL,2026-05-29 12:40:34.723,2705,2705,0,NR-No Report
26-013075,2026-05-29 11:58:57.213,22,FRI,29,11,A,DAY,MIDS,EMS,MUTUAL ALS,1,C2C,CAD to CAD Service 1,CAD to CAD Service 1,2026-05-29 11:56:13.000,NULL,2026-05-29 11:58:57.807,164,0,164,2026-05-29 11:58:57.903,0,0,0,NULL,NULL,NULL,NULL,2026-05-29 11:59:04.717,164,-9999,10163,2026-05-29 11:59:04.717,7,0,7,2026-05-29 12:02:38.923,214,214,0,2026-05-29 12:01:19.340,2026-05-29 13:10:55.777,0,NULL,2026-05-29 13:10:55.793,4482,4482,0,CAD2CAD
26-042455,2026-05-29 12:06:03.000,22,FRI,29,12,A,DAY,MIDS,POLICE,HAZARD,2,E-911,"ANDERSON, MARILYN","DEWBERRY, RE'KEYA",2026-05-29 12:06:02.000,2026-05-29 12:08:15.000,2026-05-29 12:07:03.000,61,60,1,2026-05-29 12:26:14.903,1151,1151,0,2026-05-29 12:09:00.000,178,177,1,2026-05-29 12:26:14.960,1212,1212,0,2026-05-29 12:26:14.960,0,0,0,2026-05-29 12:45:48.103,1174,1173,1,2026-05-29 13:09:39.977,2026-05-29 13:09:39.977,0,NULL,2026-05-29 13:09:40.047,3817,3817,0,NR-No Report
26-042457,2026-05-29 12:09:24.000,22,FRI,29,12,A,DAY,MIDS,POLICE,ASSIST CITIZEN PROMPT,3,Phone,"VALENTIN, EMERITA","DEWBERRY, RE'KEYA",2026-05-29 12:09:22.000,2026-05-29 12:27:00.000,2026-05-29 12:10:39.000,77,75,2,2026-05-29 13:06:00.600,3321,3321,0,2026-05-29 12:24:17.000,895,893,2,2026-05-29 13:08:18.033,3398,3398,0,2026-05-29 13:08:18.033,138,137,1,2026-05-29 13:17:13.033,535,535,0,2026-05-29 13:28:18.320,2026-05-29 13:28:18.320,0,NULL,2026-05-29 13:28:18.587,4736,4736,0,NR-No Report
26-042458,2026-05-29 12:14:49.000,22,FRI,29,12,A,DAY,MIDS,POLICE,WARRANT SERVICE,2,Phone,"DEWBERRY, RE'KEYA","DEWBERRY, RE'KEYA",2026-05-29 12:14:47.000,2026-05-29 12:35:44.000,2026-05-29 12:16:21.000,94,92,2,2026-05-29 12:16:55.203,34,34,0,2026-05-29 12:17:26.000,159,157,2,2026-05-29 12:16:55.433,128,128,0,2026-05-29 12:16:55.433,0,0,0,2026-05-29 12:17:00.923,5,5,0,2026-05-29 12:19:19.140,2026-05-29 12:53:14.777,0,NULL,2026-05-29 12:53:14.853,2307,2307,0,NR-No Report
26-013076,2026-05-29 12:24:46.000,22,FRI,29,12,A,DAY,MIDS,FIRE,FIRE MARSHAL,3,Phone,"ANDERSON, MARILYN",Automatic Dispatch,2026-05-29 12:24:45.000,2026-05-29 12:25:32.000,2026-05-29 12:25:09.000,24,23,1,2026-05-29 12:25:10.467,1,1,0,2026-05-29 12:26:00.000,75,74,1,2026-05-29 12:26:00.290,25,25,0,2026-05-29 12:26:00.290,50,49,1,2026-05-29 13:00:14.767,2054,2054,0,2026-05-29 13:47:44.807,2026-05-29 13:47:13.440,0,NULL,2026-05-29 13:47:13.440,4948,4979,-31,UNDEFINED
26-042464,2026-05-29 12:37:32.000,22,FRI,29,12,A,DAY,MIDS,POLICE,ABANDONED AUTO,4,Phone,"VALENTIN, EMERITA",NULL,2026-05-29 12:37:30.000,NULL,2026-05-29 12:38:10.000,40,38,2,2026-05-29 13:28:03.607,2993,2993,0,2026-05-29 12:41:09.000,219,217,2,2026-05-29 13:28:03.607,3033,3033,0,2026-05-29 13:28:03.607,0,-9999,9999,2026-05-29 13:39:02.500,659,658,1,2026-05-29 13:45:17.517,2026-05-29 13:45:17.517,0,NULL,2026-05-29 13:45:17.957,4067,4067,0,CI-Citation
26-042465,2026-05-29 12:43:42.000,22,FRI,29,12,A,DAY,MIDS,POLICE,WARRANT SERVICE,2,Phone,"PICKERAL, LAUREN","DEWBERRY, RE'KEYA",2026-05-29 12:43:40.000,2026-05-29 12:47:17.000,2026-05-29 12:44:57.000,77,75,2,2026-05-29 13:00:41.550,944,944,0,2026-05-29 12:55:42.000,722,720,2,2026-05-29 13:01:00.377,1021,1021,0,2026-05-29 13:01:00.377,19,0,19,2026-05-29 13:01:02.103,2,1,1,2026-05-29 13:18:09.450,2026-05-29 15:04:54.723,0,NULL,2026-05-29 15:04:54.927,8474,8474,0,RE-Report
26-013077,2026-05-29 13:02:02.000,22,FRI,29,13,A,DAY,MIDS,EMS,BLS EMERGENCY,3,E-911,"ANDERSON, MARILYN",Automatic Dispatch,2026-05-29 13:02:02.000,2026-05-29 13:04:41.000,2026-05-29 13:03:26.000,84,84,0,2026-05-29 13:03:28.820,2,2,0,2026-05-29 13:07:26.000,324,324,0,2026-05-29 13:04:35.593,86,86,0,2026-05-29 13:04:35.593,67,66,1,2026-05-29 13:09:21.520,286,285,1,2026-05-29 14:02:54.313,2026-05-29 14:02:54.313,0,NULL,2026-05-29 14:02:54.427,3652,3652,0,UNDEFINED
26-042471,2026-05-29 13:11:23.000,22,FRI,29,13,A,DAY,MIDS,POLICE,LARCENY RESIDENTIAL DELAY,4,Phone,"VALENTIN, EMERITA","FOSTER, KANESHA",2026-05-29 13:11:21.000,2026-06-03 11:13:45.000,2026-05-29 13:12:12.000,51,49,2,2026-06-03 09:32:44.760,418832,7432,411400,2026-05-29 13:13:06.000,105,103,2,2026-06-03 09:32:47.040,418883,-9999,428882,2026-06-03 09:32:47.040,3,2,1,2026-06-03 09:32:47.040,0,0,0,2026-06-03 11:27:00.293,2026-05-29 13:18:15.000,1,2026-06-03 07:28:52.637,2026-06-03 11:27:00.327,414,80139,-79725,RE-Report
26-042473,2026-05-29 13:15:05.000,22,FRI,29,13,A,DAY,MIDS,POLICE,LARCENY FROM AUTO DELAY,4,Phone,"JONES, DAESHA","DEWBERRY, RE'KEYA",2026-05-29 13:15:03.000,2026-05-29 17:11:15.000,2026-05-29 13:15:51.000,48,46,2,2026-05-29 17:18:20.600,14549,14549,0,2026-05-29 13:17:01.000,118,116,2,2026-05-29 17:18:35.250,14597,14597,0,2026-05-29 17:18:35.250,15,14,1,NULL,NULL,-9999,NULL,2026-05-29 19:37:57.307,2026-05-29 19:37:57.307,0,NULL,2026-05-29 19:37:57.407,22974,22974,0,RE-Report
26-042474,2026-05-29 13:15:08.000,22,FRI,29,13,A,DAY,MIDS,POLICE,AGGRESSIVE DRIVER,3,Phone,"ANDERSON, MARILYN",NULL,2026-05-29 13:15:06.000,2026-05-29 13:16:54.000,2026-05-29 13:16:35.000,89,87,2,2026-05-29 14:02:06.137,2731,2731,0,2026-05-29 13:18:10.000,184,182,2,2026-05-29 14:02:06.137,2820,2820,0,2026-05-29 14:02:06.137,0,-9999,9999,NULL,NULL,-9999,NULL,2026-05-29 14:03:41.953,2026-05-29 14:03:41.953,0,NULL,2026-05-29 14:03:42.060,2915,2915,0,NR-No Report
26-042476,2026-05-29 13:19:31.000,22,FRI,29,13,A,DAY,MIDS,POLICE,PARKING COMPLAINT,4,Phone,"PICKERAL, LAUREN",NULL,2026-05-29 13:19:31.000,2026-05-29 14:23:40.000,2026-05-29 13:20:14.000,43,43,0,2026-05-29 13:47:07.313,1613,1613,0,2026-05-29 13:20:28.000,57,57,0,2026-05-29 13:47:07.313,1656,1656,0,2026-05-29 13:47:07.313,0,0,0,2026-05-29 14:13:16.687,1569,1569,0,2026-05-29 14:29:11.743,2026-05-29 14:29:11.743,0,NULL,2026-05-29 14:29:12.360,4180,4180,0,CI-Citation
26-013078,2026-05-29 13:23:19.000,22,FRI,29,13,A,DAY,MIDS,EMS,BLS EMERGENCY,3,E-911,"JONES, DAESHA",Automatic Dispatch,2026-05-29 13:23:19.000,2026-05-29 13:24:30.000,2026-05-29 13:24:11.000,52,52,0,2026-05-29 13:24:13.910,2,2,0,2026-05-29 13:28:07.000,288,288,0,2026-05-29 13:25:00.580,54,54,0,2026-05-29 13:25:00.580,47,46,1,2026-05-29 13:30:19.160,319,318,1,2026-05-29 14:47:36.927,2026-05-29 14:47:36.927,0,NULL,2026-05-29 14:47:37.000,5057,5057,0,UNDEFINED
26-013079,2026-05-29 13:27:43.000,22,FRI,29,13,A,DAY,MIDS,EMS,BLS EMERGENCY,3,E-911,"ANDERSON, MARILYN",Automatic Dispatch,2026-05-29 13:27:42.000,2026-05-29 13:29:01.000,2026-05-29 13:28:39.000,57,56,1,2026-05-29 13:28:41.990,2,2,0,2026-05-29 13:30:46.000,184,183,1,2026-05-29 13:29:32.430,59,59,0,2026-05-29 13:29:32.430,51,50,1,2026-05-29 13:34:56.750,324,324,0,2026-05-29 14:43:24.443,2026-05-29 14:43:24.443,0,NULL,2026-05-29 14:43:24.577,4542,4542,0,UNDEFINED
26-042479,2026-05-29 13:33:09.000,22,FRI,29,13,A,DAY,MIDS,POLICE,WEAPON VIOL GUN IN PROG,4,Phone,"PICKERAL, LAUREN",NULL,2026-05-29 13:33:08.000,2026-05-29 13:34:21.000,2026-05-29 13:34:09.000,61,60,1,2026-05-29 20:56:48.630,26559,26559,0,2026-05-29 13:36:11.000,183,182,1,2026-05-29 20:57:57.400,26620,26620,0,2026-05-29 20:57:57.400,69,68,1,2026-05-29 21:12:48.090,891,890,1,2026-05-29 21:26:01.993,2026-05-30 00:10:45.363,0,NULL,2026-05-30 00:10:45.393,38257,38257,0,NR-No Report
26-042480,2026-05-29 13:35:32.000,22,FRI,29,13,A,DAY,MIDS,POLICE,SHOPLIFTING IN PROG,2,Phone,"VALENTIN, EMERITA","DEWBERRY, RE'KEYA",2026-05-29 13:35:30.000,2026-05-29 13:37:13.000,2026-05-29 13:35:55.000,25,23,2,2026-05-29 13:37:22.367,87,87,0,2026-05-29 13:38:35.000,185,183,2,2026-05-29 13:37:29.343,112,112,0,2026-05-29 13:37:29.343,7,6,1,2026-05-29 13:39:30.657,121,121,0,2026-05-29 14:11:54.877,2026-05-29 15:54:57.130,0,NULL,2026-05-29 15:54:57.190,8367,8367,0,RE-Report
26-042481,2026-05-29 13:38:37.000,22,FRI,29,13,A,DAY,MIDS,POLICE,CIVIL PROCESS,4,Radio,"DEWBERRY, RE'KEYA",NULL,2026-05-29 13:38:37.000,2026-05-29 13:38:39.000,2026-05-29 13:38:37.000,0,0,0,2026-05-29 13:38:37.000,0,0,0,2026-05-29 13:38:37.000,0,0,0,2026-05-29 13:42:29.730,0,0,0,2026-05-29 13:38:37.000,0,0,0,2026-05-29 13:38:37.000,0,0,0,2026-05-29 13:43:32.610,2026-05-29 13:57:01.347,0,NULL,2026-05-29 13:57:01.393,1104,1104,0,NR-No Report
26-013080,2026-05-29 13:46:46.000,22,FRI,29,13,A,DAY,MIDS,EMS,FALL BLS,3,E-911,"JONES, DAESHA",Automatic Dispatch,2026-05-29 13:46:46.000,2026-05-29 13:48:56.000,2026-05-29 13:47:45.000,59,59,0,2026-05-29 13:47:47.390,2,2,0,2026-05-29 13:51:02.000,256,256,0,2026-05-29 13:48:35.617,61,61,0,2026-05-29 13:48:35.617,48,48,0,2026-05-29 13:56:22.497,467,466,1,2026-05-29 15:03:31.227,2026-05-29 15:03:31.227,0,NULL,2026-05-29 15:03:31.270,4605,4605,0,UNDEFINED
26-013081,2026-05-29 13:49:39.550,22,FRI,29,13,A,DAY,MIDS,EMS,MUTUAL BLS,1,C2C,CAD to CAD Service 1,CAD to CAD Service 1,2026-05-29 13:49:13.000,NULL,2026-05-29 13:49:40.237,27,0,27,2026-05-29 13:49:40.283,0,0,0,NULL,NULL,NULL,NULL,2026-05-29 13:50:56.173,27,-9999,10026,2026-05-29 13:50:56.173,76,75,1,2026-05-29 14:25:11.263,2055,2055,0,2026-05-29 15:21:47.703,2026-05-29 15:21:47.703,0,NULL,2026-05-29 15:21:47.793,5554,5554,0,UNDEFINED
26-013082,2026-05-29 13:51:15.340,22,FRI,29,13,A,DAY,MIDS,EMS,MUTUAL BLS,1,C2C,CAD to CAD Service 1,CAD to CAD Service 1,2026-05-29 13:51:01.073,2026-05-29 14:04:21.000,2026-05-29 13:51:15.780,14,0,14,2026-05-29 13:51:15.840,0,0,0,NULL,NULL,NULL,NULL,2026-05-29 13:51:53.920,14,-9999,10013,2026-05-29 13:51:53.920,38,27,11,2026-05-29 14:09:49.477,1076,1075,1,2026-05-29 14:23:05.637,2026-05-29 15:30:01.680,0,NULL,2026-05-29 15:30:01.787,5940,5940,0,UNDEFINED
26-042485,2026-05-29 14:00:46.000,22,FRI,29,14,A,DAY,LATE,POLICE,PARKING COMPLAINT,4,Phone,"ANDERSON, MARILYN",NULL,2026-05-29 14:00:44.000,2026-05-29 14:32:19.000,2026-05-29 14:01:34.000,50,48,2,2026-05-29 16:39:38.227,9484,9484,0,2026-05-29 14:02:49.000,125,123,2,2026-05-29 16:39:38.227,9534,9534,0,2026-05-29 16:39:38.227,0,-9999,9999,2026-05-29 17:07:53.260,1695,1695,0,2026-05-29 17:25:11.660,2026-05-29 17:25:11.660,0,NULL,2026-05-29 17:25:12.183,12267,12267,0,NR-No Report
26-042486,2026-05-29 14:01:48.000,22,FRI,29,14,A,DAY,LATE,POLICE,SEXUAL OFFENSE DELAY,4,Phone,"CRUZ, STEPHANIE","MCLEOD, DOUGLAS",2026-05-29 14:01:47.000,2026-05-29 17:15:40.000,2026-05-29 14:03:05.000,78,77,1,2026-05-29 22:36:44.837,30819,30819,0,2026-05-29 14:07:25.000,338,337,1,2026-05-29 22:36:50.917,30897,30897,0,2026-05-29 22:36:50.917,6,6,0,2026-05-29 22:46:53.593,603,602,1,2026-05-29 23:51:46.350,2026-05-30 00:42:22.077,0,NULL,2026-05-30 00:42:22.150,38435,38435,0,RE-Report
26-013083,2026-05-29 14:13:38.000,22,FRI,29,14,A,DAY,LATE,EMS,UNCONSCIOUS ALS 2,1,E-911,"JONES, DAESHA",Automatic Dispatch,2026-05-29 14:13:38.000,2026-05-29 14:14:42.000,2026-05-29 14:14:34.000,56,56,0,2026-05-29 14:14:37.440,3,3,0,2026-05-29 14:22:52.000,554,554,0,2026-05-29 14:15:46.867,59,59,0,2026-05-29 14:15:46.867,69,69,0,2026-05-29 14:23:23.717,457,456,1,2026-05-29 14:53:56.327,2026-05-29 15:46:41.183,0,NULL,2026-05-29 15:46:41.230,5583,5583,0,CAD2CAD
26-042488,2026-05-29 14:14:16.000,22,FRI,29,14,A,DAY,LATE,POLICE,PARKING COMPLAINT,4,Phone,"PICKERAL, LAUREN",NULL,2026-05-29 14:14:15.000,2026-05-29 14:18:07.000,2026-05-29 14:14:41.000,26,25,1,2026-05-29 14:30:36.970,955,955,0,2026-05-29 14:15:20.000,65,64,1,2026-05-29 14:30:36.970,981,981,0,2026-05-29 14:30:36.970,0,0,0,2026-05-29 14:34:01.483,205,204,1,2026-05-29 14:38:25.590,2026-05-29 14:38:25.590,0,NULL,2026-05-29 14:38:25.943,1450,1450,0,CI-Citation
26-042490,2026-05-29 14:15:25.000,22,FRI,29,14,A,DAY,LATE,POLICE,PUBLIC SERVICE MULTI OFFICER,2,Phone,"PICKERAL, LAUREN","BONSU, VALERIE",2026-05-29 14:15:23.000,2026-05-29 14:21:38.000,2026-05-29 14:16:23.000,60,58,2,2026-05-29 14:30:57.987,874,874,0,2026-05-29 14:17:48.000,145,143,2,2026-05-29 14:30:58.050,934,934,0,2026-05-29 14:30:58.050,1,0,1,2026-05-29 14:45:49.860,891,891,0,2026-05-29 14:59:49.743,2026-05-29 14:59:49.743,0,NULL,2026-05-29 14:59:49.817,2666,2666,0,NR-No Report
26-042493,2026-05-29 14:17:31.000,22,FRI,29,14,A,DAY,LATE,POLICE,WALK IN HQ LOBBY,3,Phone,"FOSTER, KANESHA","BONSU, VALERIE",2026-05-29 14:17:29.000,2026-05-29 14:47:51.000,2026-05-29 14:18:36.000,67,65,2,2026-05-29 14:56:31.520,2275,2275,0,2026-05-29 14:19:31.000,122,120,2,2026-05-29 14:56:44.583,2342,2342,0,2026-05-29 14:56:44.583,13,13,0,NULL,NULL,-9999,NULL,2026-05-29 15:28:39.113,2026-05-29 15:28:39.113,0,NULL,2026-05-29 15:28:39.143,4270,4270,0,NR-No Report
26-042495,2026-05-29 14:25:04.000,22,FRI,29,14,A,DAY,LATE,POLICE,MVC PROPERTY DAMAGE,2,E-911,"FOSTER, KANESHA","BONSU, VALERIE",2026-05-29 14:25:04.000,2026-05-29 14:29:42.000,2026-05-29 14:26:53.000,109,109,0,2026-05-29 14:31:06.513,253,253,0,2026-05-29 14:27:53.000,169,169,0,2026-05-29 14:31:06.593,362,362,0,2026-05-29 14:31:06.593,0,0,0,2026-05-29 14:54:10.153,1384,1383,1,2026-05-29 15:05:36.077,2026-05-29 15:05:36.077,0,NULL,2026-05-29 15:05:36.120,2432,2432,0,NR-No Report
26-042496,2026-05-29 14:30:05.000,22,FRI,29,14,A,DAY,LATE,POLICE,OFF DUTY DETAIL,8,OFFICER,"JONES, MARCELL L",NULL,2026-05-29 14:30:05.000,2026-05-29 14:30:10.000,2026-05-29 14:30:05.000,0,1,-1,2026-05-29 14:30:05.000,0,0,0,2026-05-29 14:30:05.000,0,NULL,0,2026-05-29 14:30:05.000,0,0,0,2026-05-29 14:30:05.000,0,0,0,2026-05-29 14:30:05.000,0,0,0,2026-05-29 15:28:43.973,2026-05-29 15:28:43.973,0,NULL,2026-05-29 15:28:44.050,3518,3518,0,NR-No Report
26-042497,2026-05-29 14:30:48.000,22,FRI,29,14,A,DAY,LATE,POLICE,ANIMAL SICK-INJURED,2,Phone,"ANDERSON, MARILYN","VALENTIN, EMERITA",2026-05-29 14:30:46.000,2026-05-29 14:38:49.000,2026-05-29 14:31:43.000,57,55,2,2026-05-29 14:40:17.077,514,514,0,2026-05-29 14:32:02.000,76,74,2,NULL,571,571,0,NULL,NULL,-9999,NULL,NULL,NULL,-9999,NULL,NULL,2026-05-29 14:40:39.000,0,NULL,NULL,593,593,0,ACOR-Animal Control Report
26-042498,2026-05-29 14:31:51.000,22,FRI,29,14,A,DAY,LATE,POLICE,VEHICLE ACTIVATION/ONSTAR,2,E-911,"JONES, DAESHA","BONSU, VALERIE",2026-05-29 14:31:51.000,2026-05-29 14:35:36.000,2026-05-29 14:34:45.000,174,174,0,2026-05-29 15:00:17.720,1532,1532,0,2026-05-29 14:35:37.000,226,226,0,2026-05-29 15:00:20.150,1706,1706,0,2026-05-29 15:00:20.150,3,2,1,2026-05-29 15:11:30.593,670,670,0,2026-05-29 15:28:57.143,2026-05-29 15:28:57.143,0,NULL,2026-05-29 15:28:57.237,3426,3426,0,NR-No Report
26-042499,2026-05-29 14:37:03.000,22,FRI,29,14,A,DAY,LATE,POLICE,IDENTITY FRAUD DELAY,4,Phone,"VALENTIN, EMERITA","BONSU, VALERIE",2026-05-29 14:37:01.000,2026-05-30 13:11:05.000,2026-05-29 14:37:49.000,48,46,2,2026-05-30 13:11:01.150,81192,185,81007,2026-05-29 14:39:33.000,152,150,2,2026-05-30 13:11:04.190,81240,81240,0,2026-05-30 13:11:04.190,3,3,0,2026-05-30 13:24:34.223,810,810,0,2026-05-30 14:10:12.003,2026-05-29 23:50:22.000,1,2026-05-30 05:31:58.167,2026-05-30 14:10:12.053,33201,84791,-51590,RE-Report
26-042500,2026-05-29 14:37:40.000,22,FRI,29,14,A,DAY,LATE,POLICE,PUBLIC SERVICE MULTI OFFICER,4,Phone,"JONES, DAESHA","BONSU, VALERIE",2026-05-29 14:37:38.000,2026-05-29 14:40:16.000,2026-05-29 14:38:49.000,71,69,2,2026-05-29 15:44:12.670,3923,3923,0,2026-05-29 14:41:46.000,248,246,2,2026-05-29 15:44:15.310,3994,3994,0,2026-05-29 15:44:15.310,3,2,1,2026-05-29 15:53:52.580,577,577,0,2026-05-29 16:04:55.260,2026-05-29 16:06:37.070,0,NULL,2026-05-29 16:06:37.107,5339,5339,0,NR-No Report
26-013084,2026-05-29 14:38:50.000,22,FRI,29,14,A,DAY,LATE,EMS,UNCONSCIOUS ALS 2,1,E-911,"ANDERSON, MARILYN",Automatic Dispatch,2026-05-29 14:38:50.000,2026-05-29 14:39:46.000,2026-05-29 14:39:34.000,44,44,0,2026-05-29 14:39:36.717,2,2,0,2026-05-29 14:41:15.000,145,145,0,2026-05-29 14:40:05.923,46,46,0,2026-05-29 14:40:05.923,29,29,0,2026-05-29 14:43:46.653,221,220,1,2026-05-29 14:54:03.407,2026-05-29 14:59:05.243,0,NULL,2026-05-29 14:59:05.377,1215,1215,0,UNDEFINED
26-042505,2026-05-29 14:43:40.000,22,FRI,29,14,A,DAY,LATE,POLICE,MENTAL HEALTH CASE,2,Phone,"VALENTIN, EMERITA",NULL,2026-05-29 14:43:38.000,2026-05-29 14:49:31.000,2026-05-29 14:44:56.000,78,76,2,2026-05-29 14:49:29.740,273,273,0,2026-05-29 14:56:13.000,755,753,2,2026-05-29 14:49:29.783,351,351,0,2026-05-29 14:49:29.783,0,0,0,2026-05-29 19:41:17.333,17508,17507,1,2026-05-29 22:52:33.557,2026-05-30 22:07:01.927,0,NULL,2026-05-30 22:07:01.957,113003,26603,86400,RE-Report
26-042507,2026-05-29 14:47:15.000,22,FRI,29,14,A,DAY,LATE,POLICE,SUSPICIOUS EVENT,2,E-911,"JONES, DAESHA","BONSU, VALERIE",2026-05-29 14:47:14.000,2026-05-29 14:48:16.000,2026-05-29 14:47:48.000,34,33,1,2026-05-29 14:51:00.683,192,192,0,2026-05-29 14:52:02.000,288,287,1,2026-05-29 14:51:24.377,226,226,0,2026-05-29 14:51:24.377,24,23,1,2026-05-29 15:03:48.130,744,743,1,2026-05-29 15:10:17.790,2026-05-29 15:10:32.173,0,NULL,2026-05-29 15:10:32.310,1398,1398,0,NR-No Report
26-042508,2026-05-29 14:48:41.000,22,FRI,29,14,A,DAY,LATE,POLICE,PARKING COMPLAINT,4,Phone,"ANDERSON, MARILYN",NULL,2026-05-29 14:48:38.000,2026-05-29 15:02:11.000,2026-05-29 14:49:24.000,46,43,3,2026-05-29 16:25:33.190,5769,5769,0,2026-05-29 14:50:45.000,127,124,3,2026-05-29 16:25:33.190,5815,5815,0,2026-05-29 16:25:33.190,0,-9999,9999,2026-05-29 16:48:31.260,1378,1378,0,2026-05-29 16:55:15.513,2026-05-29 16:55:15.513,0,NULL,2026-05-29 16:55:16.080,7597,7597,0,NR-No Report
26-042509,2026-05-29 14:50:55.000,22,FRI,29,14,A,DAY,LATE,POLICE,DISORDERLY CONDUCT,2,E-911,"ANDERSON, MARILYN","BONSU, VALERIE",2026-05-29 14:50:55.000,2026-05-29 14:53:35.000,2026-05-29 14:51:41.000,46,46,0,2026-05-29 14:54:27.200,166,166,0,2026-05-29 14:52:57.000,122,122,0,2026-05-29 14:54:32.170,212,212,0,2026-05-29 14:54:32.170,5,4,1,2026-05-29 15:01:05.223,393,393,0,2026-05-29 15:39:05.697,2026-05-29 15:44:37.413,0,NULL,2026-05-29 15:44:37.457,3222,3222,0,NR-No Report
26-013085,2026-05-29 14:53:25.000,22,FRI,29,14,A,DAY,LATE,EMS,ALLERGIC REACTION ALS 2,1,E-911,"ANDERSON, MARILYN","LEWIS, LESLIE",2026-05-29 14:53:25.000,2026-05-29 14:54:48.000,2026-05-29 14:54:39.000,74,74,0,2026-05-29 14:54:42.470,3,3,0,2026-05-29 14:58:35.000,310,310,0,2026-05-29 14:56:02.983,77,77,0,2026-05-29 14:56:02.983,80,80,0,2026-05-29 15:08:31.203,749,748,1,2026-05-29 14:57:32.587,2026-05-29 16:30:23.170,0,NULL,2026-05-29 16:30:23.223,5818,5818,0,UNDEFINED
26-013086,2026-05-29 14:58:33.000,22,FRI,29,14,A,DAY,LATE,EMS,FACILITY BLS,2,E-911,"JONES, DAESHA",Automatic Dispatch,2026-05-29 14:58:33.000,2026-05-29 15:02:08.000,2026-05-29 15:02:01.000,208,208,0,2026-05-29 15:02:03.633,2,2,0,2026-05-29 15:07:27.000,534,534,0,2026-05-29 15:03:25.393,210,210,0,2026-05-29 15:03:25.393,82,81,1,2026-05-29 15:09:39.343,374,373,1,2026-05-29 16:08:50.560,2026-05-29 16:38:33.967,0,NULL,2026-05-29 16:38:34.233,6000,6000,0,UNDEFINED
26-042512,2026-05-29 14:59:10.000,22,FRI,29,14,A,DAY,LATE,POLICE,PARKING COMPLAINT,4,Phone,"PICKERAL, LAUREN",NULL,2026-05-29 14:59:08.000,NULL,2026-05-29 14:59:45.000,37,35,2,2026-05-29 15:08:23.113,518,518,0,2026-05-29 15:00:19.000,71,69,2,2026-05-29 15:08:23.113,555,555,0,2026-05-29 15:08:23.113,0,-9999,9999,2026-05-29 15:36:38.413,1695,1695,0,2026-05-29 15:38:39.377,2026-05-29 15:38:39.377,0,NULL,2026-05-29 15:38:39.953,2371,2371,0,NR-No Report
26-042515,2026-05-29 15:03:28.000,22,FRI,29,15,A,DAY,LATE,POLICE,MVC PROPERTY DAMAGE,2,E-911,"ANDERSON, MARILYN",NULL,2026-05-29 15:03:28.000,2026-05-29 15:04:16.000,2026-05-29 15:04:07.000,39,39,0,2026-05-29 15:04:36.083,29,29,0,2026-05-29 15:05:34.000,126,126,0,2026-05-29 15:04:39.450,68,68,0,2026-05-29 15:04:39.450,3,3,0,2026-05-29 15:06:12.560,93,93,0,2026-05-29 15:05:32.027,2026-05-29 21:02:56.930,0,NULL,2026-05-29 21:02:57.007,21568,21568,0,RE-Report
26-013087,2026-05-29 15:04:19.000,22,FRI,29,15,A,DAY,LATE,FIRE,MVC AUTO,2,Phone,"ANDERSON, MARILYN","LEWIS, LESLIE",2026-05-29 15:04:19.000,2026-05-29 15:04:45.000,2026-05-29 15:04:19.000,0,NULL,0,2026-05-29 15:04:21.843,2,2,0,2026-05-29 15:04:19.000,0,0,0,2026-05-29 15:04:37.997,2,2,0,2026-05-29 15:04:37.997,16,16,0,2026-05-29 15:09:46.973,309,308,1,2026-05-29 15:27:34.180,2026-05-29 16:23:06.503,0,NULL,2026-05-29 16:23:06.567,4727,4727,0,CAD2CAD
26-042517,2026-05-29 15:05:42.000,22,FRI,29,15,A,DAY,LATE,POLICE,DISORDERLY CONDUCT,2,Phone,"VALENTIN, EMERITA","BONSU, VALERIE",2026-05-29 15:05:41.000,2026-05-29 15:13:20.000,2026-05-29 15:07:04.000,83,82,1,2026-05-29 15:16:21.630,557,557,0,2026-05-29 15:23:41.000,1080,1079,1,2026-05-29 15:16:55.950,640,640,0,2026-05-29 15:16:55.950,34,34,0,2026-05-29 15:26:14.793,559,558,1,2026-05-29 16:12:02.617,2026-05-29 17:29:10.817,0,NULL,2026-05-29 17:29:10.870,8609,8609,0,NR-No Report
26-042518,2026-05-29 15:07:06.000,22,FRI,29,15,A,DAY,LATE,POLICE,MVC PROPERTY DAMAGE,2,E-911,"ANDERSON, MARILYN","BONSU, VALERIE",2026-05-29 15:07:05.000,2026-05-29 15:11:21.000,2026-05-29 15:07:39.000,34,33,1,2026-05-29 15:11:32.933,233,233,0,2026-05-29 15:08:45.000,100,99,1,2026-05-29 15:11:36.553,267,267,0,2026-05-29 15:11:36.553,4,3,1,2026-05-29 15:44:40.713,1984,1984,0,2026-05-29 16:18:40.970,2026-05-29 16:18:40.970,0,NULL,2026-05-29 16:18:41.037,4295,4295,0,NR-No Report
26-013088,2026-05-29 15:10:11.100,22,FRI,29,15,A,DAY,LATE,FIRE,MUTUAL MVC,1,C2C,CAD to CAD Service 1,CAD to CAD Service 1,2026-05-29 15:05:20.000,2026-05-29 15:10:22.000,2026-05-29 15:10:11.723,291,0,291,2026-05-29 15:10:11.787,0,0,0,NULL,NULL,NULL,NULL,2026-05-29 15:11:17.440,291,461,-170,2026-05-29 15:11:17.440,66,55,11,NULL,NULL,-9999,NULL,2026-05-29 15:12:21.007,2026-05-29 15:14:44.070,0,NULL,2026-05-29 15:14:44.083,564,564,0,CAD2CAD
26-013089,2026-05-29 15:16:54.000,22,FRI,29,15,A,DAY,LATE,EMS,SEIZURE ALS 1,1,E-911,"DEWBERRY, RE'KEYA",Automatic Dispatch,2026-05-29 15:16:53.000,2026-05-29 15:17:40.000,2026-05-29 15:17:35.000,42,41,1,2026-05-29 15:17:37.987,2,2,0,2026-05-29 15:36:40.000,1187,1186,1,2026-05-29 15:18:09.140,44,44,0,2026-05-29 15:18:09.140,32,31,1,2026-05-29 15:23:38.400,329,329,0,2026-05-29 15:51:27.837,2026-05-29 16:21:16.450,0,NULL,2026-05-29 16:21:16.543,3863,3863,0,UNDEFINED
26-042522,2026-05-29 15:18:18.000,22,FRI,29,15,A,DAY,LATE,POLICE,HAZARD,2,Phone,"VALENTIN, EMERITA","BONSU, VALERIE",2026-05-29 15:18:16.000,2026-05-29 15:45:06.000,2026-05-29 15:19:48.000,92,90,2,2026-05-29 15:45:12.173,1524,1524,0,2026-05-29 15:19:48.000,92,NULL,92,2026-05-29 15:45:16.990,1616,1616,0,2026-05-29 15:45:16.990,4,4,0,2026-05-29 15:50:14.173,298,297,1,2026-05-29 16:18:38.423,2026-05-29 16:18:38.423,0,NULL,2026-05-29 16:18:38.490,3622,3622,0,NR-No Report
26-042523,2026-05-29 15:20:49.000,22,FRI,29,15,A,DAY,LATE,POLICE,ASSIST CITIZEN PROMPT,2,Phone,"VALENTIN, EMERITA",NULL,2026-05-29 15:20:47.000,2026-05-29 15:45:26.000,2026-05-29 15:24:52.000,245,243,2,2026-05-29 15:56:25.117,1893,1893,0,2026-05-29 16:50:22.000,5375,5373,2,2026-05-29 15:56:38.833,2138,2138,0,2026-05-29 15:56:38.833,13,13,0,2026-05-29 16:19:07.240,1349,1348,1,2026-05-29 16:05:42.253,2026-05-29 17:22:03.300,0,NULL,2026-05-29 17:22:03.323,7276,7276,0,NR-No Report
26-013090,2026-05-29 15:22:35.000,22,FRI,29,15,A,DAY,LATE,EMS,ALTERED LOC ALS 1,1,E-911,"JONES, DAESHA",Automatic Dispatch,2026-05-29 15:22:35.000,2026-05-29 15:23:34.000,2026-05-29 15:23:29.000,54,54,0,2026-05-29 15:23:31.600,2,2,0,2026-05-29 15:26:54.000,259,259,0,2026-05-29 15:23:41.587,56,56,0,2026-05-29 15:23:41.587,10,9,1,2026-05-29 15:32:56.607,555,555,0,2026-05-29 16:07:26.230,2026-05-29 17:32:40.917,0,NULL,2026-05-29 17:32:41.233,7805,7805,0,UNDEFINED
26-042525,2026-05-29 15:29:22.000,22,FRI,29,15,A,DAY,LATE,POLICE,PARKING COMPLAINT,4,Phone,"JONES, DAESHA",NULL,2026-05-29 15:29:20.000,2026-05-29 16:09:43.000,2026-05-29 15:30:03.000,43,41,2,2026-05-29 15:39:34.573,571,571,0,2026-05-29 15:34:35.000,315,313,2,2026-05-29 15:39:34.573,614,614,0,2026-05-29 15:39:34.573,0,-9999,9999,2026-05-29 16:08:33.727,1739,1739,0,2026-05-29 16:19:16.180,2026-05-29 16:19:16.180,0,NULL,2026-05-29 16:19:16.583,2996,2996,0,CI-Citation
26-042527,2026-05-29 15:44:07.000,22,FRI,29,15,A,DAY,LATE,POLICE,DISORDERLY CONDUCT,2,Phone,"ANDERSON, MARILYN","DEWBERRY, RE'KEYA",2026-05-29 15:44:05.000,2026-05-29 15:45:49.000,2026-05-29 15:45:42.000,97,95,2,2026-05-29 16:03:06.587,1044,1044,0,2026-05-29 15:46:29.000,144,142,2,2026-05-29 16:03:06.673,1141,1141,0,2026-05-29 16:03:06.673,0,0,0,2026-05-29 16:11:12.457,486,485,1,2026-05-29 16:27:46.973,2026-05-29 16:27:46.973,0,NULL,2026-05-29 16:27:47.050,2621,2621,0,NR-No Report
26-013091,2026-05-29 15:45:21.000,22,FRI,29,15,A,DAY,LATE,EMS,MEDICAL ALARM - BLS,3,Radio,"ALLEN, TIANA",Automatic Dispatch,2026-05-29 15:45:19.000,2026-05-29 15:46:37.000,2026-05-29 15:46:29.000,70,68,2,2026-05-29 15:46:31.623,2,2,0,2026-05-29 15:49:17.000,238,236,2,2026-05-29 15:46:41.737,72,72,0,2026-05-29 15:46:41.737,10,10,0,2026-05-29 15:56:19.140,578,577,1,2026-05-29 16:15:32.957,2026-05-29 16:15:32.957,0,NULL,2026-05-29 16:15:33.093,1813,1813,0,UNDEFINED
26-042528,2026-05-29 15:47:51.000,22,FRI,29,15,A,DAY,LATE,POLICE,DISORDERLY CONDUCT,2,Phone,"JONES, DAESHA",NULL,2026-05-29 15:47:49.000,2026-05-29 15:48:55.000,2026-05-29 15:48:34.000,45,43,2,2026-05-29 15:52:29.367,235,235,0,2026-05-29 15:49:45.000,116,114,2,2026-05-29 15:52:29.367,280,280,0,2026-05-29 15:52:29.367,0,0,0,2026-05-29 15:52:36.500,7,7,0,2026-05-29 15:52:36.480,2026-05-29 15:52:36.480,0,NULL,2026-05-29 15:52:36.610,287,287,0,NR-No Report
26-042530,2026-05-29 15:49:33.000,22,FRI,29,15,A,DAY,LATE,POLICE,DISORDERLY CONDUCT,2,Phone,"ALLEN, TIANA",NULL,2026-05-29 15:49:32.000,2026-05-29 15:52:11.000,2026-05-29 15:51:46.000,134,133,1,2026-05-29 15:54:36.300,170,170,0,2026-05-29 15:51:55.000,143,142,1,2026-05-29 15:54:36.300,304,304,0,2026-05-29 15:54:36.300,0,-9999,9999,2026-05-29 15:54:41.860,5,5,0,2026-05-29 15:54:41.823,2026-05-29 15:54:41.823,0,NULL,2026-05-29 15:54:42.220,309,309,0,NR-No Report
26-042529,2026-05-29 15:50:52.000,22,FRI,29,15,A,DAY,LATE,POLICE,MVC PROPERTY DAMAGE,2,Phone,"JONES, DAESHA",NULL,2026-05-29 15:50:50.000,2026-05-29 15:55:46.000,2026-05-29 15:51:30.000,40,38,2,2026-05-29 16:09:09.307,1059,1059,0,2026-05-29 15:56:03.000,313,311,2,2026-05-29 16:09:32.850,1099,1099,0,2026-05-29 16:09:32.850,23,23,0,2026-05-29 16:30:34.347,1262,1261,1,2026-05-29 16:50:31.880,2026-05-29 17:02:25.457,0,NULL,2026-05-29 17:02:25.517,4295,4295,0,CI-Citation
26-042531,2026-05-29 15:55:18.000,22,FRI,29,15,A,DAY,LATE,POLICE,TRAFFIC STOP,2,Radio,"BONSU, VALERIE","BONSU, VALERIE",2026-05-29 15:55:18.000,2026-05-29 16:06:40.000,2026-05-29 15:55:18.000,0,0,0,2026-05-29 15:55:18.000,0,0,0,2026-05-29 15:55:18.000,0,0,0,2026-05-29 15:55:33.560,0,0,0,2026-05-29 15:55:18.000,0,0,0,2026-05-29 15:55:18.000,0,0,0,2026-05-29 16:10:41.207,2026-05-29 18:53:11.347,0,NULL,2026-05-29 18:53:11.390,10673,10673,0,NR-No Report
26-013093,2026-05-29 15:55:35.000,22,FRI,29,15,A,DAY,LATE,EMS,SEIZURE ALS 1,1,E-911,"DEWBERRY, RE'KEYA","LEWIS, LESLIE",2026-05-29 15:55:35.000,2026-05-29 15:56:44.000,2026-05-29 15:56:12.000,37,37,0,2026-05-29 15:56:15.013,3,3,0,2026-05-29 16:02:12.000,397,397,0,2026-05-29 15:57:07.687,40,40,0,2026-05-29 15:57:07.687,52,0,52,2026-05-29 16:02:08.313,301,300,1,2026-05-29 15:57:31.090,2026-05-29 16:14:26.897,0,NULL,2026-05-29 16:14:27.063,1131,1131,0,UNDEFINED
26-013095,2026-05-29 15:58:31.000,22,FRI,29,15,A,DAY,LATE,EMS,ALTERED LOC ALS 1,1,E-911,"JONES, DAESHA",Automatic Dispatch,2026-05-29 15:58:31.000,2026-05-29 16:00:17.000,2026-05-29 16:00:12.000,101,101,0,2026-05-29 16:00:14.527,2,2,0,2026-05-29 16:02:33.000,242,242,0,2026-05-29 16:01:44.250,103,103,0,2026-05-29 16:01:44.250,90,89,1,2026-05-29 16:06:07.050,263,262,1,2026-05-29 16:27:31.950,2026-05-29 18:03:21.080,0,NULL,2026-05-29 18:03:21.330,7490,7490,0,CAD2CAD
26-013096,2026-05-29 15:59:43.000,22,FRI,29,15,A,DAY,LATE,EMS,CHEST PAIN ALS 1,1,E-911,"ANDERSON, MARILYN",Automatic Dispatch,2026-05-29 15:59:42.000,2026-05-29 16:00:53.000,2026-05-29 16:00:18.000,36,35,1,2026-05-29 16:00:21.230,3,3,0,2026-05-29 16:02:58.000,196,195,1,2026-05-29 16:01:08.297,39,39,0,2026-05-29 16:01:08.297,47,47,0,2026-05-29 16:07:21.133,373,372,1,2026-05-29 16:46:43.467,2026-05-29 17:42:38.487,0,NULL,2026-05-29 17:42:38.567,6176,6176,0,CAD2CAD
26-042534,2026-05-29 16:00:27.000,22,FRI,29,16,A,DAY,LATE,POLICE,SUSPICIOUS EVENT,2,E-911,"ALLEN, TIANA","DEWBERRY, RE'KEYA",2026-05-29 16:00:26.000,NULL,2026-05-29 16:01:44.000,78,77,1,2026-05-29 16:14:48.627,784,784,0,2026-05-29 16:02:16.000,110,109,1,2026-05-29 16:14:50.560,862,862,0,2026-05-29 16:14:50.560,2,1,1,2026-05-29 16:14:50.863,0,0,0,2026-05-29 16:59:50.873,2026-05-29 16:59:50.873,0,NULL,2026-05-29 16:59:50.923,3564,3564,0,NR-No Report
26-042533,2026-05-29 16:00:36.000,22,FRI,29,16,A,DAY,LATE,POLICE,OFF DUTY DETAIL,8,OFFICER,"KIM, DANIEL H",NULL,2026-05-29 16:00:36.000,2026-05-29 16:01:58.000,2026-05-29 16:00:36.000,0,1,-1,2026-05-29 16:00:36.000,0,0,0,2026-05-29 16:00:36.000,0,NULL,0,2026-05-29 16:00:36.000,0,0,0,2026-05-29 16:00:36.000,0,0,0,2026-05-29 16:00:36.000,0,0,0,2026-05-29 19:00:54.807,2026-05-30 00:07:08.050,0,NULL,2026-05-30 00:07:08.120,29192,29192,0,NR-No Report
26-042535,2026-05-29 16:04:07.000,22,FRI,29,16,A,DAY,LATE,POLICE,DISORDERLY CONDUCT,2,E-911,"CRUZ, STEPHANIE",NULL,2026-05-29 16:04:07.000,2026-05-29 16:05:55.000,2026-05-29 16:05:20.000,73,73,0,2026-05-29 16:07:37.390,137,137,0,2026-05-29 16:07:39.000,212,212,0,2026-05-29 16:07:37.390,210,210,0,2026-05-29 16:07:37.390,0,0,0,2026-05-29 16:07:39.263,2,1,1,2026-05-29 16:07:46.117,2026-05-29 16:07:46.117,0,NULL,2026-05-29 16:07:46.217,219,219,0,NR-No Report
26-013097,2026-05-29 16:04:45.000,22,FRI,29,16,A,DAY,LATE,FIRE,FIRE ALARM,3,Phone,"PICKERAL, LAUREN",Automatic Dispatch,2026-05-29 16:04:43.000,2026-05-29 16:05:56.000,2026-05-29 16:05:30.000,47,45,2,2026-05-29 16:05:33.040,3,3,0,2026-05-29 16:06:13.000,90,88,2,2026-05-29 16:06:51.963,50,50,0,2026-05-29 16:06:51.963,78,78,0,2026-05-29 16:13:33.783,402,401,1,2026-05-29 16:19:25.263,2026-05-29 16:19:25.263,0,NULL,2026-05-29 16:19:25.547,882,882,0,UNDEFINED
26-042536,2026-05-29 16:07:25.000,22,FRI,29,16,A,DAY,LATE,POLICE,TROUBLE UNKNOWN NO EMS,2,E-911,"JONES, DAESHA","DEWBERRY, RE'KEYA",2026-05-29 16:07:25.000,2026-05-29 16:08:36.000,2026-05-29 16:08:33.000,68,68,0,2026-05-29 16:11:28.897,175,175,0,2026-05-29 16:10:16.000,171,171,0,2026-05-29 16:11:28.937,243,243,0,2026-05-29 16:11:28.937,0,0,0,2026-05-29 16:16:52.843,324,323,1,2026-05-29 16:31:43.557,2026-05-29 16:32:13.427,0,NULL,2026-05-29 16:32:13.470,1488,1488,0,NR-No Report
26-042538,2026-05-29 16:13:50.000,22,FRI,29,16,A,DAY,LATE,POLICE,HAZARD,2,Phone,"ALLEN, TIANA","DEWBERRY, RE'KEYA",2026-05-29 16:13:49.000,2026-05-29 16:14:36.000,2026-05-29 16:14:12.000,23,22,1,2026-05-29 16:32:43.243,1111,1111,0,2026-05-29 16:14:59.000,70,69,1,2026-05-29 16:32:46.320,1134,1134,0,2026-05-29 16:32:46.320,3,3,0,2026-05-29 16:38:21.843,335,335,0,2026-05-29 16:41:14.037,2026-05-29 16:41:14.037,0,NULL,2026-05-29 16:41:14.087,1645,1645,0,NR-No Report
26-042542,2026-05-29 16:19:15.000,22,FRI,29,16,A,DAY,LATE,POLICE,ASSIST CITIZEN DELAY,4,Phone,"BONSU, VALERIE","MCLEOD, DOUGLAS",2026-05-29 16:19:14.000,2026-05-29 18:30:43.000,2026-05-29 16:25:08.000,354,353,1,2026-05-29 21:07:28.127,16940,16940,0,2026-05-29 16:25:46.000,392,391,1,2026-05-29 21:08:03.987,17294,17294,0,2026-05-29 21:08:03.987,35,35,0,2026-05-29 21:14:49.903,406,405,1,NULL,2026-05-29 21:38:28.000,0,NULL,NULL,19154,19154,0,NR-No Report
26-013098,2026-05-29 16:23:16.000,22,FRI,29,16,A,DAY,LATE,FIRE,FIRE ALARM,3,Phone,"BONSU, VALERIE",Automatic Dispatch,2026-05-29 16:23:15.000,2026-05-29 16:24:18.000,2026-05-29 16:24:09.000,54,53,1,2026-05-29 16:24:11.393,2,2,0,2026-05-29 16:24:21.000,66,65,1,2026-05-29 16:26:18.087,56,56,0,2026-05-29 16:26:18.087,127,126,1,2026-05-29 16:27:48.650,90,90,0,2026-05-29 16:32:09.333,2026-05-29 16:32:09.333,0,NULL,2026-05-29 16:32:09.627,534,534,0,UNDEFINED
26-042543,2026-05-29 16:26:34.000,22,FRI,29,16,A,DAY,LATE,POLICE,DISORDERLY CONDUCT,2,E-911,"BONSU, VALERIE","DEWBERRY, RE'KEYA",2026-05-29 16:26:34.000,2026-05-29 16:29:11.000,2026-05-29 16:28:21.000,107,107,0,2026-05-29 16:29:41.183,80,80,0,2026-05-29 16:29:37.000,183,183,0,2026-05-29 16:29:43.633,187,187,0,2026-05-29 16:29:43.633,2,2,0,2026-05-29 16:36:30.390,407,406,1,2026-05-29 17:04:03.820,2026-05-29 17:04:13.367,0,NULL,2026-05-29 17:04:13.423,2259,2259,0,NR-No Report
26-042544,2026-05-29 16:33:35.000,22,FRI,29,16,A,DAY,LATE,POLICE,TRESPASSING IN PROG,2,E-911,"BONSU, VALERIE","DEWBERRY, RE'KEYA",2026-05-29 16:33:35.000,2026-05-29 16:35:45.000,2026-05-29 16:35:05.000,90,90,0,2026-05-29 16:36:30.527,85,85,0,2026-05-29 16:54:03.000,1228,1228,0,2026-05-29 16:36:30.620,175,175,0,2026-05-29 16:36:30.620,0,0,0,2026-05-29 16:47:26.443,656,655,1,2026-05-29 17:04:41.863,2026-05-29 17:10:30.413,0,NULL,2026-05-29 17:10:30.520,2215,2215,0,NR-No Report
26-013099,2026-05-29 16:35:23.000,22,FRI,29,16,A,DAY,LATE,EMS,CHEST PAIN ALS 1,1,E-911,"ANDERSON, MARILYN",Automatic Dispatch,2026-05-29 16:35:23.000,2026-05-29 16:36:20.000,2026-05-29 16:36:14.000,51,51,0,2026-05-29 16:36:17.273,3,3,0,2026-05-29 16:39:03.000,220,220,0,2026-05-29 16:37:01.130,54,54,0,2026-05-29 16:37:01.130,44,43,1,2026-05-29 16:42:50.133,349,349,0,2026-05-29 16:52:18.883,2026-05-29 17:43:53.063,0,NULL,2026-05-29 17:43:53.247,4110,4110,0,UNDEFINED
26-013100,2026-05-29 16:35:47.000,22,FRI,29,16,A,DAY,LATE,EMS,CHEST PAIN ALS 1,1,E-911,"JONES, DAESHA",Automatic Dispatch,2026-05-29 16:35:47.000,2026-05-29 16:37:02.000,2026-05-29 16:36:57.000,70,70,0,2026-05-29 16:36:59.337,2,2,0,2026-05-29 16:40:59.000,312,312,0,2026-05-29 16:38:32.790,72,72,0,2026-05-29 16:38:32.790,93,93,0,2026-05-29 16:41:22.987,170,170,0,2026-05-29 16:55:34.607,2026-05-29 17:36:16.167,0,NULL,2026-05-29 17:36:16.200,3629,3629,0,CAD2CAD
26-013101,2026-05-29 16:47:39.000,22,FRI,29,16,A,DAY,LATE,EMS,UNCONSCIOUS ALS 2,1,E-911,"ANDERSON, MARILYN",Automatic Dispatch,2026-05-29 16:47:38.000,2026-05-29 16:48:31.000,2026-05-29 16:48:19.000,41,40,1,2026-05-29 16:48:22.063,3,3,0,2026-05-29 16:50:54.000,196,195,1,2026-05-29 16:48:44.113,44,44,0,2026-05-29 16:48:44.113,22,22,0,2026-05-29 16:53:04.777,260,260,0,2026-05-29 17:00:41.350,2026-05-29 17:04:52.070,0,NULL,2026-05-29 17:04:52.253,1034,1034,0,UNDEFINED
26-042548,2026-05-29 16:57:23.000,22,FRI,29,16,A,DAY,LATE,POLICE,VEHICLE ACTIVATION/ONSTAR,2,Phone,"VALENTIN, EMERITA",NULL,2026-05-29 16:57:21.000,2026-05-29 16:58:39.000,2026-05-29 16:58:21.000,60,58,2,2026-05-29 16:59:39.910,78,78,0,2026-05-29 17:05:18.000,477,475,2,2026-05-29 16:59:39.910,138,138,0,2026-05-29 16:59:39.910,0,-9999,9999,2026-05-29 17:06:13.137,394,393,1,2026-05-29 17:14:11.557,2026-05-29 17:14:31.023,0,NULL,2026-05-29 17:14:31.117,1030,1030,0,NR-No Report
26-042550,2026-05-29 17:11:35.000,22,FRI,29,17,A,DAY,LATE,POLICE,MVC HIT/RUN PED STRUCK,2,E-911,"BONSU, VALERIE",NULL,2026-05-29 17:11:35.000,2026-05-29 17:14:23.000,2026-05-29 17:13:35.000,120,120,0,2026-05-29 17:14:38.730,63,63,0,2026-05-29 17:19:34.000,479,479,0,2026-05-29 17:14:43.123,183,183,0,2026-05-29 17:14:43.123,5,-9999,10004,2026-05-29 17:22:35.967,472,472,0,2026-05-29 17:23:27.047,2026-05-29 20:40:43.650,0,NULL,2026-05-29 20:40:43.703,12548,12548,0,RE-Report
26-042551,2026-05-29 17:13:22.000,22,FRI,29,17,A,DAY,LATE,POLICE,ASSAULT NO INJURY IN PROG,2,Phone,"DEWBERRY, RE'KEYA","DEWBERRY, RE'KEYA",2026-05-29 17:13:21.000,2026-05-29 17:16:20.000,2026-05-29 17:13:41.000,20,19,1,2026-05-29 17:13:50.097,9,9,0,2026-05-29 17:14:19.000,58,57,1,2026-05-29 17:13:50.180,29,29,0,2026-05-29 17:13:50.180,0,0,0,2026-05-29 17:13:51.927,1,1,0,2026-05-29 17:14:17.353,2026-05-29 19:52:29.823,0,NULL,2026-05-29 19:52:29.907,9548,9548,0,RE-Report
26-042553,2026-05-29 17:21:24.000,22,FRI,29,17,A,DAY,LATE,POLICE,TRAFFIC STOP,2,OFFICER,"LARUSSO, ANTHONY",NULL,2026-05-29 17:21:24.000,2026-05-29 17:21:28.000,2026-05-29 17:21:24.000,0,1,-1,2026-05-29 17:21:24.000,0,0,0,2026-05-29 17:21:24.000,0,NULL,0,2026-05-29 17:21:24.000,0,0,0,2026-05-29 17:21:24.000,0,0,0,2026-05-29 17:21:24.000,0,0,0,2026-05-29 17:32:18.397,2026-05-29 17:32:18.397,0,NULL,2026-05-29 17:32:18.513,654,654,0,NR-No Report
26-042554,2026-05-29 17:22:07.000,22,FRI,29,17,A,DAY,LATE,POLICE,OFF DUTY DETAIL,8,OFFICER,"IGNACIO, VICTOR",NULL,2026-05-29 17:22:07.000,2026-05-29 17:22:11.000,2026-05-29 17:22:07.000,0,1,-1,2026-05-29 17:22:07.000,0,0,0,2026-05-29 17:22:07.000,0,NULL,0,2026-05-29 17:22:07.000,0,0,0,2026-05-29 17:22:07.000,0,0,0,2026-05-29 17:22:07.000,0,0,0,2026-05-29 20:07:33.897,2026-05-29 20:07:33.897,0,NULL,2026-05-29 20:07:33.903,9926,9926,0,NR-No Report
26-042556,2026-05-29 17:26:59.000,22,FRI,29,17,A,DAY,LATE,POLICE,DISORDERLY CONDUCT,2,E-911,"JONES, DAESHA","DEWBERRY, RE'KEYA",2026-05-29 17:26:59.000,2026-05-29 17:28:01.000,2026-05-29 17:27:57.000,58,58,0,2026-05-29 17:28:52.883,55,55,0,2026-05-29 17:33:28.000,389,389,0,2026-05-29 17:28:54.877,113,113,0,2026-05-29 17:28:54.877,2,1,1,2026-05-29 17:32:48.700,234,233,1,2026-05-29 17:38:25.007,2026-05-29 17:38:30.023,0,NULL,2026-05-29 17:38:30.083,691,691,0,CN-Cancellation
26-042557,2026-05-29 17:27:41.000,22,FRI,29,17,A,DAY,LATE,POLICE,WALK IN HQ LOBBY,3,Phone,"VALENTIN, EMERITA",NULL,2026-05-29 17:27:39.000,2026-05-29 17:33:14.000,2026-05-29 17:30:12.000,153,151,2,2026-05-29 17:45:13.077,901,901,0,2026-05-29 17:45:20.000,1061,1059,2,2026-05-29 17:45:16.287,1054,1054,0,2026-05-29 17:45:16.287,3,3,0,NULL,NULL,-9999,NULL,2026-05-30 01:04:28.523,2026-05-30 01:04:28.523,0,NULL,2026-05-30 01:04:28.573,27409,27409,0,NR-No Report
26-013102,2026-05-29 17:37:48.020,22,FRI,29,17,A,DAY,LATE,FIRE,MUTUAL AID,1,C2C,CAD to CAD Service 1,CAD to CAD Service 1,2026-05-29 17:35:51.000,NULL,2026-05-29 17:37:48.533,117,0,117,2026-05-29 17:37:48.567,0,0,0,NULL,NULL,NULL,NULL,2026-05-29 17:38:16.353,117,184,-67,2026-05-29 17:38:16.353,28,27,1,2026-05-29 17:43:33.793,317,317,0,2026-05-29 17:55:12.000,2026-05-29 18:16:01.777,0,NULL,2026-05-29 18:16:01.807,2410,2410,0,CAD2CAD
26-013103,2026-05-29 17:48:28.053,22,FRI,29,17,A,DAY,LATE,EMS,MUTUAL ALS,1,C2C,CAD to CAD Service 1,CAD to CAD Service 1,2026-05-29 17:47:44.000,NULL,2026-05-29 17:48:28.523,44,0,44,2026-05-29 17:48:28.570,0,0,0,NULL,NULL,NULL,NULL,2026-05-29 17:49:52.180,44,-9999,10043,2026-05-29 17:49:52.180,84,74,10,2026-05-29 17:54:04.457,252,252,0,2026-05-29 20:08:33.630,2026-05-29 22:09:33.947,0,NULL,2026-05-29 22:09:34.017,15709,15709,0,UNDEFINED
26-042562,2026-05-29 17:53:24.000,22,FRI,29,17,A,DAY,LATE,POLICE,DISORDERLY CONDUCT,2,Phone,"JONES, DAESHA","MCLEOD, DOUGLAS",2026-05-29 17:53:22.000,2026-05-29 17:54:38.000,2026-05-29 17:54:32.000,70,68,2,2026-05-29 17:57:32.353,180,180,0,2026-05-29 17:56:01.000,159,157,2,2026-05-29 17:57:45.587,250,250,0,2026-05-29 17:57:45.587,13,13,0,2026-05-29 18:03:09.653,324,324,0,2026-05-29 18:05:41.173,2026-05-29 18:05:41.173,0,NULL,2026-05-29 18:05:41.230,739,739,0,NR-No Report
26-013104,2026-05-29 17:53:56.627,22,FRI,29,17,A,DAY,LATE,FIRE,MUTUAL ELEVATOR INCIDENT,1,C2C,CAD to CAD Service 1,CAD to CAD Service 1,2026-05-29 17:52:18.000,NULL,2026-05-29 17:53:57.033,99,0,99,2026-05-29 17:53:57.097,0,0,0,NULL,NULL,NULL,NULL,2026-05-29 17:54:15.317,99,240,-141,2026-05-29 17:54:15.317,18,18,0,2026-05-29 18:05:48.997,693,693,0,2026-05-29 17:56:03.407,2026-05-29 18:06:14.370,0,NULL,2026-05-29 18:06:14.597,836,836,0,UNDEFINED
26-042563,2026-05-29 17:57:12.000,22,FRI,29,17,A,DAY,LATE,POLICE,MVC CONDITIONS UNKNOWN,1,E-911,"ANDERSON, MARILYN","MCLEOD, DOUGLAS",2026-05-29 17:57:12.000,2026-05-29 17:57:45.000,2026-05-29 17:57:37.000,25,25,0,2026-05-29 17:58:04.520,27,27,0,2026-05-29 17:59:29.000,137,137,0,2026-05-29 17:58:11.373,52,52,0,2026-05-29 17:58:11.373,7,6,1,2026-05-29 18:01:02.747,171,171,0,2026-05-29 19:47:27.240,2026-05-29 19:47:27.240,0,NULL,2026-05-29 19:47:27.307,6615,6615,0,NR-No Report
26-013105,2026-05-29 17:57:37.000,22,FRI,29,17,A,DAY,LATE,FIRE,MVC AUTO,2,E-911,"ANDERSON, MARILYN",Automatic Dispatch,2026-05-29 17:57:37.000,2026-05-29 17:57:49.000,2026-05-29 17:57:37.000,0,NULL,0,2026-05-29 17:57:40.213,3,3,0,2026-05-29 17:57:37.000,0,0,0,2026-05-29 17:58:18.447,3,2,1,2026-05-29 17:58:18.447,38,38,0,2026-05-29 18:00:42.713,144,144,0,2026-05-29 18:18:06.860,2026-05-29 19:33:02.167,0,NULL,2026-05-29 19:33:02.433,5725,5724,1,UNDEFINED
26-042564,2026-05-29 17:58:49.000,22,FRI,29,17,A,DAY,LATE,POLICE,PARKING COMPLAINT,4,Phone,"VALENTIN, EMERITA",NULL,2026-05-29 17:58:47.000,NULL,2026-05-29 17:59:02.000,15,13,2,2026-05-29 18:00:07.967,65,65,0,2026-05-29 18:00:01.000,74,72,2,2026-05-29 18:00:07.967,80,80,0,2026-05-29 18:00:07.967,0,-9999,9999,2026-05-29 18:31:01.837,1854,1853,1,2026-05-29 18:50:52.007,2026-05-29 18:50:52.007,0,NULL,2026-05-29 18:50:52.437,3125,3125,0,NR-No Report
26-042565,2026-05-29 18:02:31.000,22,FRI,29,18,A,DAY,EARLY,POLICE,TROUBLE UNKNOWN NO EMS,1,E-911,"HARDING, AUTUMN","MCLEOD, DOUGLAS",2026-05-29 18:02:31.000,2026-05-29 18:03:51.000,2026-05-29 18:03:42.000,71,71,0,2026-05-29 18:04:08.790,26,26,0,2026-05-29 18:08:02.000,331,331,0,2026-05-29 18:04:14.450,97,97,0,2026-05-29 18:04:14.450,6,5,1,2026-05-29 18:06:13.060,119,118,1,2026-05-29 18:13:23.843,2026-05-29 21:18:01.820,0,NULL,2026-05-29 21:18:01.890,11730,11730,0,RE-Report
26-013107,2026-05-29 18:06:29.177,22,FRI,29,18,A,DAY,EARLY,FIRE,MUTUAL FIRE ALARM,1,C2C,CAD to CAD Service 1,CAD to CAD Service 1,2026-05-29 18:05:59.000,NULL,2026-05-29 18:06:30.270,31,0,31,2026-05-29 18:06:30.317,0,0,0,NULL,NULL,NULL,NULL,2026-05-29 18:07:20.653,31,-9999,10030,2026-05-29 18:07:20.653,50,50,0,2026-05-29 18:12:14.567,294,293,1,2026-05-29 18:21:28.490,2026-05-29 18:21:28.490,0,NULL,2026-05-29 18:21:28.550,929,929,0,UNDEFINED
26-013108,2026-05-29 18:06:47.000,22,FRI,29,18,A,DAY,EARLY,FIRE,ELEVATOR,3,E-911,"MARTINEZ, ESTHER",Automatic Dispatch,2026-05-29 18:06:47.000,2026-05-29 18:07:43.000,2026-05-29 18:07:23.000,36,36,0,2026-05-29 18:07:24.390,1,1,0,2026-05-29 18:09:42.000,175,175,0,2026-05-29 18:08:15.697,37,37,0,2026-05-29 18:08:15.697,51,51,0,NULL,NULL,-9999,NULL,2026-05-29 18:15:49.023,2026-05-29 18:15:49.023,0,NULL,2026-05-29 18:15:49.083,542,542,0,UNDEFINED
26-042568,2026-05-29 18:23:12.000,22,FRI,29,18,A,DAY,EARLY,POLICE,DIP - DRUNK/INTOX PERSON,2,Phone,"MACK, BRIANA","MCLEOD, DOUGLAS",2026-05-29 18:23:10.000,2026-05-29 18:24:30.000,2026-05-29 18:23:25.000,15,13,2,2026-05-29 18:26:22.170,177,177,0,2026-05-29 18:25:14.000,124,122,2,2026-05-29 18:26:25.300,192,192,0,2026-05-29 18:26:25.300,3,3,0,2026-05-29 18:28:08.463,103,103,0,2026-05-29 18:27:40.810,2026-05-29 18:38:27.133,0,NULL,2026-05-29 18:38:27.197,917,917,0,NR-No Report
26-042573,2026-05-29 18:32:09.000,22,FRI,29,18,A,DAY,EARLY,POLICE,OFF DUTY DETAIL,8,OFFICER,"RUSSEL, KYLE N",NULL,2026-05-29 18:32:09.000,2026-05-29 18:32:33.000,2026-05-29 18:32:09.000,0,0,0,2026-05-29 18:32:09.000,0,0,0,2026-05-29 18:32:09.000,0,NULL,0,2026-05-29 18:32:09.000,0,0,0,2026-05-29 18:32:09.000,0,0,0,2026-05-29 18:32:09.000,0,0,0,2026-05-29 21:50:38.117,2026-05-29 21:50:38.117,0,NULL,2026-05-29 21:50:38.217,11909,11909,0,NR-No Report
26-013109,2026-05-29 18:48:19.000,22,FRI,29,18,A,DAY,EARLY,FIRE,MVC AUTO,2,E-911,"MESARIS, MATTHEW",Automatic Dispatch,2026-05-29 18:48:19.000,2026-05-29 18:49:17.000,2026-05-29 18:49:10.000,51,51,0,2026-05-29 18:49:12.187,2,2,0,2026-05-29 18:49:10.000,51,NULL,51,2026-05-29 18:50:18.957,53,53,0,2026-05-29 18:50:18.957,66,66,0,2026-05-29 18:54:12.757,234,233,1,2026-05-29 18:57:02.497,2026-05-29 19:14:30.200,0,NULL,2026-05-29 19:14:30.303,1571,1571,0,UNDEFINED
26-042575,2026-05-29 18:48:57.000,22,FRI,29,18,A,DAY,EARLY,POLICE,WARRANT SERVICE,2,OFFICER,"MCLEOD, DOUGLAS",NULL,2026-05-29 18:48:55.000,2026-05-29 18:49:28.000,2026-05-29 18:49:12.000,17,15,2,2026-05-29 21:18:05.947,8933,8933,0,2026-05-29 18:49:31.000,36,34,2,2026-05-29 21:18:05.947,8950,8950,0,2026-05-29 21:18:05.947,0,0,0,NULL,NULL,-9999,NULL,2026-05-29 21:36:37.527,2026-05-29 21:36:37.527,0,NULL,2026-05-29 21:36:37.590,10062,10062,0,RE-Report
26-013110,2026-05-29 18:49:16.000,22,FRI,29,18,A,DAY,EARLY,FIRE,L.A.R. SECONDARY RESPONSE,2,E-911,"LEWIS, LESLIE",Automatic Dispatch,2026-05-29 18:49:15.000,2026-05-29 18:51:43.000,2026-05-29 18:49:47.000,32,31,1,2026-05-29 18:49:49.063,2,2,0,2026-05-29 18:49:50.000,35,34,1,2026-05-29 18:50:54.663,34,34,0,2026-05-29 18:50:54.663,65,65,0,NULL,NULL,-9999,NULL,2026-05-29 18:56:25.393,2026-05-29 18:56:25.393,0,NULL,2026-05-29 18:56:25.497,430,430,0,UNDEFINED
26-042579,2026-05-29 18:50:38.000,22,FRI,29,18,A,DAY,EARLY,POLICE,DOMESTIC VIOL NO INJ,2,E-911,"MACK, BRIANA","MCLEOD, DOUGLAS",2026-05-29 18:50:38.000,2026-05-29 18:52:30.000,2026-05-29 18:51:20.000,42,42,0,2026-05-29 18:52:57.290,97,97,0,2026-05-29 18:54:46.000,248,248,0,2026-05-29 18:53:07.733,139,139,0,2026-05-29 18:53:07.733,10,10,0,2026-05-29 18:59:24.030,377,376,1,2026-05-29 19:43:22.227,2026-05-29 20:01:52.413,0,NULL,2026-05-29 20:01:52.470,4274,4274,0,NR-No Report
26-042581,2026-05-29 18:54:17.000,22,FRI,29,18,A,DAY,EARLY,POLICE,DEST OF PROP OTH IN PROG,2,E-911,"MESARIS, MATTHEW",NULL,2026-05-29 18:54:16.000,2026-05-29 18:56:18.000,2026-05-29 18:55:35.000,79,78,1,2026-05-29 19:05:05.847,570,570,0,2026-05-29 18:55:36.000,80,79,1,2026-05-29 19:05:25.573,649,649,0,2026-05-29 19:05:25.573,20,19,1,2026-05-29 19:28:03.150,1358,1357,1,2026-05-29 20:09:44.027,2026-05-29 21:59:47.647,0,NULL,2026-05-29 21:59:47.690,11131,11131,0,RE-Report
26-042583,2026-05-29 19:03:16.000,22,FRI,29,19,C,NIGHT,EARLY,POLICE,OFF DUTY DETAIL,8,OFFICER,"KIM, DANIEL H",NULL,2026-05-29 19:03:16.000,NULL,2026-05-29 19:03:16.000,0,1,-1,2026-05-29 19:03:16.000,0,0,0,2026-05-29 19:03:16.000,0,NULL,0,2026-05-29 19:03:16.000,0,0,0,2026-05-29 19:03:16.000,0,0,0,2026-05-29 19:03:16.000,0,0,0,2026-05-30 00:06:56.650,2026-05-30 01:42:51.727,0,NULL,2026-05-30 01:42:51.800,23975,23975,0,NR-No Report
26-013112,2026-05-29 19:04:38.690,22,FRI,29,19,C,NIGHT,EARLY,EMS,MUTUAL ALS,1,C2C,CAD to CAD Service 1,CAD to CAD Service 1,2026-05-29 19:00:37.000,NULL,2026-05-29 19:04:39.220,242,0,242,2026-05-29 19:04:39.267,0,0,0,NULL,NULL,NULL,NULL,2026-05-29 19:04:48.340,242,-9999,10241,2026-05-29 19:04:48.340,9,9,0,2026-05-29 19:09:11.240,263,262,1,2026-05-29 19:29:13.053,2026-05-29 19:30:50.720,0,NULL,2026-05-29 19:30:50.793,1813,1813,0,UNDEFINED
26-013114,2026-05-29 19:19:45.000,22,FRI,29,19,C,NIGHT,EARLY,FIRE,ELEVATOR,3,E-911,"MACK, BRIANA",Automatic Dispatch,2026-05-29 19:19:45.000,2026-05-29 19:21:47.000,2026-05-29 19:20:50.000,65,65,0,2026-05-29 19:20:52.323,2,2,0,2026-05-29 19:21:22.000,97,97,0,2026-05-29 19:21:42.547,67,67,0,2026-05-29 19:21:42.547,50,50,0,2026-05-29 19:25:21.517,219,218,1,2026-05-29 19:35:42.000,2026-05-29 19:35:42.000,0,NULL,2026-05-29 19:35:42.103,957,957,0,UNDEFINED
26-013115,2026-05-29 19:25:29.733,22,FRI,29,19,C,NIGHT,EARLY,EMS,MUTUAL ALS,1,Phone,CAD to CAD Service 1,CAD to CAD Service 1,2026-05-29 19:24:37.000,2026-05-29 19:27:40.000,2026-05-29 19:25:30.487,53,0,53,2026-05-29 19:25:30.593,0,0,0,NULL,NULL,NULL,NULL,2026-05-29 19:25:56.163,53,-9999,10052,2026-05-29 19:25:56.163,26,25,1,NULL,NULL,-9999,NULL,2026-05-29 19:28:42.443,2026-05-29 19:28:42.443,0,NULL,2026-05-29 19:28:42.573,245,245,0,UNDEFINED
26-042587,2026-05-29 19:29:33.000,22,FRI,29,19,C,NIGHT,EARLY,POLICE,DOMESTIC VIOL NO INJ,2,E-911,"HARDING, AUTUMN","MCLEOD, DOUGLAS",2026-05-29 19:29:32.000,2026-05-29 19:34:10.000,2026-05-29 19:30:11.000,39,38,1,2026-05-29 20:06:10.643,2159,2159,0,2026-05-29 19:32:56.000,204,203,1,2026-05-29 20:06:10.687,2198,2198,0,2026-05-29 20:06:10.687,0,0,0,2026-05-29 20:07:05.077,55,54,1,2026-05-29 20:24:22.790,2026-05-29 20:24:50.727,0,NULL,2026-05-29 20:24:50.803,3318,3318,0,NR-No Report
26-042588,2026-05-29 19:31:50.000,22,FRI,29,19,C,NIGHT,EARLY,POLICE,OFF DUTY DETAIL,8,Phone,"MESARIS, MATTHEW","MESARIS, MATTHEW",2026-05-29 19:31:49.000,2026-05-29 20:51:02.000,2026-05-29 19:32:32.000,43,42,1,2026-05-29 19:32:40.093,8,8,0,2026-05-29 19:32:52.000,63,62,1,2026-05-29 19:32:40.473,51,51,0,2026-05-29 19:32:40.473,0,0,0,2026-05-29 19:32:40.570,0,0,0,2026-05-29 21:30:50.980,2026-05-29 21:30:50.980,0,NULL,2026-05-29 21:30:50.987,7141,7141,0,NR-No Report
26-042591,2026-05-29 19:37:20.000,22,FRI,29,19,C,NIGHT,EARLY,POLICE,DEST OF PROP RES IN PROG,4,Phone,"MACK, BRIANA","BONSU, VALERIE",2026-05-29 19:37:18.000,2026-05-30 09:50:12.000,2026-05-29 19:38:07.000,49,47,2,2026-05-30 10:03:52.000,51945,825,51120,2026-05-29 19:39:47.000,149,147,2,2026-05-30 10:03:52.050,51994,51993,1,2026-05-30 10:03:52.050,0,0,0,2026-05-30 10:03:57.423,5,5,0,2026-05-30 10:37:32.477,2026-05-29 23:50:57.000,1,2026-05-30 09:50:06.773,2026-05-30 10:37:32.527,15219,54014,-38795,RE-Report
26-042592,2026-05-29 19:39:40.000,22,FRI,29,19,C,NIGHT,EARLY,POLICE,DOMESTIC VIOL NO INJ,2,E-911,"HARDING, AUTUMN","MCLEOD, DOUGLAS",2026-05-29 19:39:40.000,2026-05-29 19:42:34.000,2026-05-29 19:41:57.000,137,137,0,2026-05-29 19:44:32.850,155,155,0,2026-05-29 19:47:29.000,469,469,0,2026-05-29 19:44:32.927,292,292,0,2026-05-29 19:44:32.927,0,0,0,2026-05-29 19:49:04.537,272,271,1,2026-05-29 20:33:57.767,2026-05-29 20:34:10.083,0,NULL,2026-05-29 20:34:10.180,3270,3270,0,NR-No Report
26-013117,2026-05-29 19:42:08.000,22,FRI,29,19,C,NIGHT,EARLY,EMS,CHEST PAIN ALS 1,1,E-911,"MARTINEZ, ESTHER",Automatic Dispatch,2026-05-29 19:42:08.000,2026-05-29 19:45:44.000,2026-05-29 19:44:28.000,140,140,0,2026-05-29 19:44:30.147,2,2,0,2026-05-29 19:47:21.000,313,313,0,2026-05-29 19:45:22.577,142,142,0,2026-05-29 19:45:22.577,52,52,0,2026-05-29 19:50:13.520,291,290,1,2026-05-29 19:56:37.853,2026-05-29 20:21:16.737,0,NULL,2026-05-29 20:21:16.833,2348,2348,0,UNDEFINED
26-013116,2026-05-29 19:44:02.927,22,FRI,29,19,C,NIGHT,EARLY,EMS,SEIZURE ALS 1,1,Radio,"MCLEOD, DOUGLAS",Automatic Dispatch,2026-05-29 19:44:02.927,2026-05-29 19:45:07.000,2026-05-29 19:44:02.927,0,0,0,2026-05-29 19:44:05.473,3,2,1,2026-05-29 19:44:02.927,0,NULL,0,2026-05-29 19:44:59.720,3,2,1,2026-05-29 19:44:59.720,54,54,0,NULL,NULL,-9999,NULL,2026-05-29 19:47:54.543,2026-05-29 19:47:56.120,0,NULL,2026-05-29 19:47:56.297,234,233,1,UNDEFINED
26-042593,2026-05-29 19:44:37.790,22,FRI,29,19,C,NIGHT,EARLY,POLICE,ASSIST FIRE - PROMPT,3,E-911,"MARTINEZ, ESTHER",NULL,2026-05-29 19:44:37.790,2026-05-29 19:45:07.000,2026-05-29 19:44:37.790,0,0,0,2026-05-29 19:48:13.620,216,215,1,2026-05-29 19:44:37.790,0,NULL,0,2026-05-29 19:48:13.683,216,215,1,2026-05-29 19:48:13.683,0,0,0,2026-05-29 20:03:01.563,888,887,1,NULL,2026-05-29 20:05:57.000,0,NULL,NULL,1280,1280,0,CN-Cancellation
26-042596,2026-05-29 19:59:20.000,22,FRI,29,19,C,NIGHT,EARLY,POLICE,ASSAULT NO INJURY DELAY,4,Phone,"MACK, BRIANA","MCLEOD, DOUGLAS",2026-05-29 19:59:18.000,2026-05-29 20:38:31.000,2026-05-29 20:00:54.000,96,94,2,2026-05-29 22:08:04.277,7630,7630,0,2026-05-29 20:03:37.000,259,257,2,2026-05-29 22:08:09.480,7726,7726,0,2026-05-29 22:08:09.480,5,5,0,2026-05-29 22:11:21.710,192,192,0,2026-05-30 00:10:45.510,2026-05-30 00:10:45.510,0,NULL,2026-05-30 00:10:45.550,15087,15087,0,RE-Report
26-013118,2026-05-29 19:59:53.000,22,FRI,29,19,C,NIGHT,EARLY,EMS,PUBLIC SERVICE EMS,4,E-911,"MARTINEZ, ESTHER",Automatic Dispatch,2026-05-29 19:59:52.000,2026-05-29 20:01:07.000,2026-05-29 20:00:48.000,56,55,1,2026-05-29 20:00:50.150,2,2,0,2026-05-29 20:01:39.000,107,106,1,2026-05-29 20:01:05.150,58,58,0,2026-05-29 20:01:05.150,15,15,0,2026-05-29 20:03:56.080,171,170,1,2026-05-29 20:07:28.427,2026-05-29 20:07:28.427,0,NULL,2026-05-29 20:07:28.563,456,456,0,UNDEFINED
26-042597,2026-05-29 20:01:17.000,22,FRI,29,20,C,NIGHT,EARLY,POLICE,PARKING COMPLAINT,3,Phone,"MESARIS, MATTHEW",NULL,2026-05-29 20:01:17.000,2026-05-29 20:09:28.000,2026-05-29 20:02:10.000,53,53,0,2026-05-29 20:02:46.223,36,36,0,2026-05-29 20:02:15.000,58,58,0,2026-05-29 20:02:46.223,89,89,0,2026-05-29 20:02:46.223,0,0,0,2026-05-29 20:16:56.623,850,850,0,2026-05-29 21:28:03.830,2026-05-29 21:28:03.830,0,NULL,2026-05-29 21:28:04.080,5206,5206,0,NR-No Report
26-042598,2026-05-29 20:09:29.000,22,FRI,29,20,C,NIGHT,EARLY,POLICE,NOISE COMPLAINT DELAY,4,Phone,"MARTINEZ, ESTHER",NULL,2026-05-29 20:09:28.000,2026-05-29 20:39:02.000,2026-05-29 20:10:04.000,36,35,1,2026-05-29 22:40:05.953,9001,9001,0,2026-05-29 20:10:52.000,84,83,1,2026-05-29 22:40:05.953,9037,9037,0,2026-05-29 22:40:05.953,0,0,0,2026-05-29 22:40:07.680,2,1,1,2026-05-29 22:42:35.070,2026-05-29 22:42:35.070,0,NULL,2026-05-29 22:42:35.207,9187,9187,0,NR-No Report
26-042599,2026-05-29 20:18:20.000,22,FRI,29,20,C,NIGHT,EARLY,POLICE,DISORDERLY CONDUCT,3,Phone,"MESARIS, MATTHEW","MCLEOD, DOUGLAS",2026-05-29 20:18:19.000,2026-05-29 20:20:19.000,2026-05-29 20:20:09.000,110,109,1,2026-05-29 21:04:50.017,2681,2681,0,2026-05-29 20:20:11.000,112,111,1,2026-05-29 21:04:55.330,2791,2791,0,2026-05-29 21:04:55.330,5,5,0,2026-05-29 21:10:52.247,357,356,1,2026-05-29 21:06:12.537,2026-05-29 21:16:14.143,0,NULL,2026-05-29 21:16:14.227,3475,3475,0,NR-No Report
26-042600,2026-05-29 20:21:09.000,22,FRI,29,20,C,NIGHT,EARLY,POLICE,ALARM COMMERCIAL,2,E-911,"HARDING, AUTUMN","MCLEOD, DOUGLAS",2026-05-29 20:21:09.000,2026-05-29 20:22:46.000,2026-05-29 20:22:30.000,81,81,0,2026-05-29 20:23:34.727,64,64,0,2026-05-29 20:22:58.000,109,109,0,2026-05-29 20:23:38.670,145,145,0,2026-05-29 20:23:38.670,4,3,1,2026-05-29 20:35:00.897,682,682,0,2026-05-29 20:24:12.650,2026-05-29 20:50:20.487,0,NULL,2026-05-29 20:50:20.547,1751,1751,0,NR-No Report
26-042601,2026-05-29 20:25:19.000,22,FRI,29,20,C,NIGHT,EARLY,POLICE,PUBLIC SERVICE MULTI OFFICER,2,Phone,"HARDING, AUTUMN","MCLEOD, DOUGLAS",2026-05-29 20:25:17.000,2026-05-29 20:26:58.000,2026-05-29 20:26:19.000,62,60,2,2026-05-29 20:30:46.753,267,267,0,2026-05-29 20:35:46.000,629,627,2,2026-05-29 20:30:49.680,329,329,0,2026-05-29 20:30:49.680,3,2,1,2026-05-29 20:35:21.283,272,271,1,NULL,2026-05-29 20:52:54.000,0,NULL,NULL,1657,1657,0,CN-Cancellation
26-013121,2026-05-29 20:26:22.000,22,FRI,29,20,C,NIGHT,EARLY,EMS,FALL BLS,3,E-911,"MESARIS, MATTHEW",Automatic Dispatch,2026-05-29 20:26:22.000,2026-05-29 20:27:02.000,2026-05-29 20:26:53.000,31,31,0,2026-05-29 20:26:55.680,2,2,0,2026-05-29 20:27:56.000,94,94,0,2026-05-29 20:27:43.393,33,33,0,2026-05-29 20:27:43.393,48,47,1,2026-05-29 20:32:42.730,299,299,0,2026-05-29 22:02:29.703,2026-05-29 22:02:29.703,0,NULL,2026-05-29 22:02:29.787,5767,5767,0,UNDEFINED
26-042602,2026-05-29 20:35:55.000,22,FRI,29,20,C,NIGHT,EARLY,POLICE,TRESPASSING IN PROG,2,Phone,"HARDING, AUTUMN","MCLEOD, DOUGLAS",2026-05-29 20:35:53.000,2026-05-29 20:36:30.000,2026-05-29 20:36:20.000,27,25,2,2026-05-29 20:38:37.737,137,137,0,2026-05-29 20:37:41.000,108,106,2,2026-05-29 20:38:45.650,164,164,0,2026-05-29 20:38:45.650,8,7,1,2026-05-29 20:48:21.817,576,576,0,2026-05-29 21:21:10.380,2026-05-29 21:21:22.987,0,NULL,2026-05-29 21:21:23.030,2729,2729,0,NR-No Report
26-013123,2026-05-29 20:40:15.000,22,FRI,29,20,C,NIGHT,EARLY,EMS,ALTERED LOC ALS 1,1,E-911,"MARTINEZ, ESTHER","LEWIS, LESLIE",2026-05-29 20:40:15.000,2026-05-29 20:41:34.000,2026-05-29 20:41:26.000,71,71,0,2026-05-29 20:41:28.893,2,2,0,2026-05-29 20:45:56.000,341,341,0,2026-05-29 20:42:45.467,73,73,0,2026-05-29 20:42:45.467,77,76,1,2026-05-29 20:45:08.083,143,142,1,2026-05-29 20:45:47.263,2026-05-29 21:53:49.967,0,NULL,2026-05-29 21:53:50.060,4414,4414,0,UNDEFINED
26-013124,2026-05-29 20:55:36.907,22,FRI,29,20,C,NIGHT,EARLY,FIRE,MUTUAL AID,1,C2C,CAD to CAD Service 1,CAD to CAD Service 1,2026-05-29 20:55:33.913,2026-05-29 21:09:43.000,2026-05-29 20:55:37.500,4,0,4,2026-05-29 20:55:37.530,0,0,0,NULL,NULL,NULL,NULL,2026-05-29 20:56:43.993,4,-9999,10003,2026-05-29 20:56:43.993,66,66,0,2026-05-29 21:13:24.500,1001,1000,1,2026-05-29 21:33:30.733,2026-05-29 21:33:30.733,0,NULL,2026-05-29 21:33:30.930,2277,2276,1,UNDEFINED
26-013125,2026-05-29 20:58:16.000,22,FRI,29,20,C,NIGHT,EARLY,FIRE,FIRE ALARM,3,Phone,"MARTINEZ, ESTHER",Automatic Dispatch,2026-05-29 20:58:16.000,2026-05-29 20:59:02.000,2026-05-29 20:58:49.000,33,33,0,2026-05-29 20:58:51.490,2,2,0,2026-05-29 21:05:28.000,432,432,0,2026-05-29 20:59:47.683,35,35,0,2026-05-29 20:59:47.683,56,56,0,2026-05-29 21:05:52.813,365,365,0,2026-05-29 21:07:52.447,2026-05-29 21:07:52.447,0,NULL,2026-05-29 21:07:52.653,576,576,0,UNDEFINED
26-042606,2026-05-29 21:21:15.000,22,FRI,29,21,C,NIGHT,EARLY,POLICE,TRESPASSING IN PROG,2,Phone,"MESARIS, MATTHEW","MCLEOD, DOUGLAS",2026-05-29 21:21:13.000,2026-05-29 21:25:19.000,2026-05-29 21:24:20.000,187,185,2,2026-05-29 21:25:55.620,95,95,0,2026-05-29 21:24:21.000,188,186,2,2026-05-29 21:26:14.743,282,282,0,2026-05-29 21:26:14.743,19,19,0,2026-05-29 21:37:12.560,658,657,1,2026-05-29 21:26:35.930,2026-05-29 23:13:23.533,0,NULL,2026-05-29 23:13:23.580,6730,6730,0,NR-No Report
26-042608,2026-05-29 21:32:10.000,22,FRI,29,21,C,NIGHT,EARLY,POLICE,DOMESTIC VIOL NO INJ,2,Phone,"MACK, BRIANA","MCLEOD, DOUGLAS",2026-05-29 21:32:09.000,2026-05-29 21:34:42.000,2026-05-29 21:32:29.000,20,19,1,2026-05-29 21:37:24.513,295,295,0,2026-05-29 21:34:53.000,164,163,1,2026-05-29 21:37:45.310,315,315,0,2026-05-29 21:37:45.310,21,20,1,2026-05-29 21:49:56.863,731,731,0,2026-05-29 21:38:43.113,2026-05-29 22:05:47.000,0,NULL,NULL,2018,2018,0,NR-No Report
26-042609,2026-05-29 21:33:19.000,22,FRI,29,21,C,NIGHT,EARLY,POLICE,PUBLIC SERVICE MULTI OFFICER,2,E-911,"MARTINEZ, ESTHER","MCLEOD, DOUGLAS",2026-05-29 21:33:19.000,2026-05-29 21:39:04.000,2026-05-29 21:35:10.000,111,111,0,2026-05-29 21:41:36.870,386,386,0,2026-05-29 21:40:51.000,452,452,0,2026-05-29 21:41:41.083,497,497,0,2026-05-29 21:41:41.083,5,4,1,2026-05-29 21:50:11.817,510,510,0,2026-05-29 23:12:10.497,2026-05-29 23:40:01.673,0,NULL,2026-05-29 23:40:01.733,7602,7602,0,NR-No Report
26-013127,2026-05-29 21:34:55.000,22,FRI,29,21,C,NIGHT,EARLY,FIRE,GAS LEAK - OUTSIDE,2,E-911,"HARDING, AUTUMN",Automatic Dispatch,2026-05-29 21:34:54.000,2026-05-29 21:37:34.000,2026-05-29 21:36:11.000,77,76,1,2026-05-29 21:36:13.270,2,2,0,2026-05-29 21:39:02.000,248,247,1,2026-05-29 21:37:28.743,79,79,0,2026-05-29 21:37:28.743,75,75,0,2026-05-29 21:42:47.710,319,318,1,2026-05-29 21:48:11.393,2026-05-29 21:49:48.163,0,NULL,2026-05-29 21:49:48.383,894,894,0,UNDEFINED
26-013129,2026-05-29 21:41:04.000,22,FRI,29,21,C,NIGHT,EARLY,FIRE,FIRE ALARM,3,Phone,"HARDING, AUTUMN",Automatic Dispatch,2026-05-29 21:41:02.000,2026-05-29 21:43:06.000,2026-05-29 21:43:01.000,119,117,2,2026-05-29 21:43:03.250,2,2,0,2026-05-29 21:43:01.000,119,NULL,119,2026-05-29 21:44:50.800,121,121,0,2026-05-29 21:44:50.800,107,107,0,2026-05-29 21:49:17.587,267,266,1,2026-05-29 22:38:37.723,2026-05-29 22:38:37.723,0,NULL,2026-05-29 22:38:37.887,3455,3455,0,UNDEFINED
26-042611,2026-05-29 21:41:31.000,22,FRI,29,21,C,NIGHT,EARLY,POLICE,TROUBLE UNKNOWN NO EMS,2,E-911,"MACK, BRIANA","MCLEOD, DOUGLAS",2026-05-29 21:41:30.000,2026-05-29 21:47:21.000,2026-05-29 21:43:54.000,144,143,1,2026-05-29 21:48:49.417,295,295,0,2026-05-29 21:46:11.000,281,280,1,2026-05-29 21:48:49.460,439,439,0,2026-05-29 21:48:49.460,0,0,0,2026-05-29 21:48:49.513,0,0,0,2026-05-29 21:52:34.210,2026-05-29 21:52:34.210,0,NULL,2026-05-29 21:52:34.297,664,664,0,NR-No Report
26-013128,2026-05-29 21:41:36.453,22,FRI,29,21,C,NIGHT,EARLY,FIRE,MUTUAL MVC,1,C2C,CAD to CAD Service 1,CAD to CAD Service 1,2026-05-29 21:40:16.000,2026-05-29 21:42:07.000,2026-05-29 21:41:36.953,80,0,80,2026-05-29 21:41:37.030,1,0,1,NULL,NULL,NULL,NULL,2026-05-29 21:42:33.830,81,101,-20,2026-05-29 21:42:33.830,56,36,20,2026-05-29 21:48:51.487,378,377,1,2026-05-29 21:49:11.917,2026-05-29 23:12:17.547,0,NULL,2026-05-29 23:12:17.610,5521,5521,0,CAD2CAD
26-013130,2026-05-29 21:42:24.000,22,FRI,29,21,C,NIGHT,EARLY,EMS,ALTERED LOC ALS 1,1,E-911,"MARTINEZ, ESTHER",Automatic Dispatch,2026-05-29 21:42:24.000,2026-05-29 21:45:20.000,2026-05-29 21:43:10.000,46,46,0,2026-05-29 21:43:12.800,2,2,0,2026-05-29 21:45:31.000,187,187,0,2026-05-29 21:44:03.683,48,48,0,2026-05-29 21:44:03.683,51,50,1,2026-05-29 21:49:50.227,347,346,1,2026-05-29 22:08:35.167,2026-05-29 23:17:51.387,0,NULL,2026-05-29 23:17:51.503,5727,5727,0,UNDEFINED
26-042612,2026-05-29 21:43:14.000,22,FRI,29,21,C,NIGHT,EARLY,POLICE,MVC PROPERTY DAMAGE,2,E-911,"HARDING, AUTUMN",NULL,2026-05-29 21:43:14.000,2026-05-29 21:50:35.000,2026-05-29 21:44:25.000,71,71,0,2026-05-29 21:55:57.863,692,692,0,2026-05-29 21:44:51.000,97,97,0,2026-05-29 21:56:42.657,763,763,0,2026-05-29 21:56:42.657,45,0,45,2026-05-29 22:05:53.077,551,550,1,2026-05-29 21:56:45.667,2026-05-30 00:09:51.520,0,NULL,2026-05-30 00:09:51.587,8797,8797,0,NR-No Report
26-013132,2026-05-29 21:44:53.000,22,FRI,29,21,C,NIGHT,EARLY,EMS,TROUBLE BREATHING ALS 1,1,E-911,"HARDING, AUTUMN",Automatic Dispatch,2026-05-29 21:44:53.000,2026-05-29 21:47:08.000,2026-05-29 21:46:31.000,98,98,0,2026-05-29 21:46:33.250,2,2,0,2026-05-29 21:46:31.000,98,NULL,98,2026-05-29 21:47:45.300,100,100,0,2026-05-29 21:47:45.300,72,72,0,NULL,NULL,-9999,NULL,2026-05-29 21:47:40.133,2026-05-29 21:47:59.793,0,NULL,2026-05-29 21:47:59.850,186,186,0,UNDEFINED
26-013131,2026-05-29 21:45:27.000,22,FRI,29,21,C,NIGHT,EARLY,EMS,CHEST PAIN ALS 1,1,E-911,"MARTINEZ, ESTHER",Automatic Dispatch,2026-05-29 21:45:27.000,2026-05-29 21:47:17.000,2026-05-29 21:46:24.000,57,57,0,2026-05-29 21:46:26.293,2,2,0,2026-05-29 21:46:58.000,91,91,0,2026-05-29 21:47:30.677,59,59,0,2026-05-29 21:47:30.677,64,64,0,2026-05-29 21:51:23.237,233,232,1,2026-05-29 21:59:57.547,2026-05-29 22:02:53.977,0,NULL,2026-05-29 22:02:54.130,1046,1046,0,UNDEFINED
26-042616,2026-05-29 22:01:50.000,22,FRI,29,22,C,NIGHT,MIDS,POLICE,OFF DUTY DETAIL,8,OFFICER,"FELIX, BRUCE",NULL,2026-05-29 22:01:50.000,2026-05-30 00:30:29.000,2026-05-29 22:01:50.000,0,1,-1,2026-05-29 22:01:50.000,0,0,0,2026-05-29 22:01:50.000,0,NULL,0,2026-05-29 22:01:50.000,0,0,0,2026-05-29 22:01:50.000,0,0,0,2026-05-29 22:01:50.000,0,0,0,2026-05-30 04:43:19.840,2026-05-30 04:43:19.840,0,NULL,2026-05-30 04:43:19.903,24089,24089,0,NR-No Report
26-042617,2026-05-29 22:02:07.000,22,FRI,29,22,C,NIGHT,MIDS,POLICE,TRAFFIC STOP,2,OFFICER,"GASKILL, RYAN D","MCLEOD, DOUGLAS",2026-05-29 22:02:07.000,2026-05-29 22:02:32.000,2026-05-29 22:02:07.000,0,0,0,2026-05-29 22:03:08.217,61,61,0,2026-05-29 22:02:07.000,0,NULL,0,2026-05-29 22:03:08.287,61,61,0,2026-05-29 22:03:08.287,0,0,0,2026-05-29 22:03:08.330,0,0,0,2026-05-29 22:06:18.380,2026-05-29 22:07:29.257,0,NULL,2026-05-29 22:07:29.260,322,322,0,NR-No Report
26-042618,2026-05-29 22:10:22.000,22,FRI,29,22,C,NIGHT,MIDS,POLICE,ADMINISTRATIVE TASK,2,Phone,"MARTINEZ, ESTHER","MCLEOD, DOUGLAS",2026-05-29 22:10:20.000,2026-05-29 22:11:38.000,2026-05-29 22:11:06.000,46,44,2,2026-05-29 22:12:47.750,101,101,0,2026-05-29 22:11:26.000,66,64,2,2026-05-29 22:12:50.073,147,147,0,2026-05-29 22:12:50.073,3,2,1,2026-05-29 22:14:37.587,107,107,0,2026-05-29 22:32:46.427,2026-05-29 22:32:46.427,0,NULL,2026-05-29 22:32:46.527,1346,1346,0,NR-No Report
26-042620,2026-05-29 22:16:23.000,22,FRI,29,22,C,NIGHT,MIDS,POLICE,PROTECTIVE ORDER ISSUED,4,Radio,"MCLEOD, DOUGLAS",NULL,2026-05-29 22:16:21.000,2026-05-29 22:48:27.000,2026-05-29 22:16:44.000,23,21,2,2026-05-29 22:16:59.407,15,15,0,2026-05-29 22:17:03.000,42,40,2,2026-05-29 22:16:59.460,38,38,0,2026-05-29 22:16:59.460,0,0,0,2026-05-29 22:19:04.367,125,124,1,2026-05-29 22:41:07.300,2026-05-29 22:59:59.103,0,NULL,2026-05-29 22:59:59.133,2618,2618,0,NR-No Report
26-042622,2026-05-29 22:20:49.000,22,FRI,29,22,C,NIGHT,MIDS,POLICE,ALARM COMMERCIAL,2,Phone,"MARTINEZ, ESTHER","MCLEOD, DOUGLAS",2026-05-29 22:20:47.000,2026-05-29 22:21:30.000,2026-05-29 22:21:22.000,35,33,2,2026-05-29 22:21:37.090,15,15,0,2026-05-29 22:22:14.000,87,85,2,2026-05-29 22:21:54.673,50,50,0,2026-05-29 22:21:54.673,17,17,0,2026-05-29 22:25:44.247,230,229,1,2026-05-29 22:27:43.893,2026-05-29 22:27:49.590,0,NULL,2026-05-29 22:27:49.780,422,422,0,NR-No Report
26-042623,2026-05-29 22:37:41.000,22,FRI,29,22,C,NIGHT,MIDS,POLICE,TRESPASSING IN PROG,2,Phone,"PRIESTLY, SHAVAUGHN",NULL,2026-05-29 22:37:40.000,2026-05-29 22:41:48.000,2026-05-29 22:38:13.000,33,32,1,2026-05-29 22:44:43.207,390,390,0,2026-05-29 22:39:10.000,90,89,1,2026-05-29 22:44:47.277,423,423,0,2026-05-29 22:44:47.277,4,4,0,2026-05-29 22:51:26.340,399,399,0,2026-05-29 23:48:33.650,2026-05-30 00:24:40.470,0,NULL,2026-05-30 00:24:40.507,6420,6420,0,RE-Report
26-042624,2026-05-29 22:40:18.000,22,FRI,29,22,C,NIGHT,MIDS,POLICE,NOISE COMPLAINT DELAY,4,Phone,"HARDING, AUTUMN",NULL,2026-05-29 22:40:16.000,2026-05-29 22:54:23.000,2026-05-29 22:41:12.000,56,54,2,2026-05-29 23:10:19.257,1747,1747,0,2026-05-29 22:41:47.000,91,89,2,2026-05-29 23:10:23.103,1803,1803,0,2026-05-29 23:10:23.103,4,3,1,2026-05-29 23:16:25.440,362,362,0,2026-05-29 23:10:23.897,2026-05-29 23:34:19.900,0,NULL,2026-05-29 23:34:20.013,3243,3243,0,NR-No Report
26-042625,2026-05-29 22:46:34.000,22,FRI,29,22,C,NIGHT,MIDS,POLICE,OCCUPIED VEHICLE CHECK,2,OFFICER,"MCLEOD, DOUGLAS","MCLEOD, DOUGLAS",2026-05-29 22:46:34.000,2026-05-29 22:48:31.000,2026-05-29 22:46:34.000,0,0,0,2026-05-29 22:46:34.000,0,0,0,2026-05-29 22:46:34.000,0,0,0,2026-05-29 22:46:48.373,0,0,0,2026-05-29 22:46:34.000,0,0,0,2026-05-29 22:46:34.000,0,0,0,2026-05-29 22:53:59.793,2026-05-29 22:54:05.020,0,NULL,2026-05-29 22:54:05.140,451,451,0,NR-No Report
26-042626,2026-05-29 22:48:48.000,22,FRI,29,22,C,NIGHT,MIDS,POLICE,DISORDERLY CONDUCT,2,Phone,"PRIESTLY, SHAVAUGHN","MCLEOD, DOUGLAS",2026-05-29 22:48:47.000,2026-05-29 22:49:24.000,2026-05-29 22:48:57.000,10,9,1,2026-05-29 22:49:44.653,47,47,0,2026-05-29 22:49:43.000,56,55,1,2026-05-29 22:49:47.153,57,57,0,2026-05-29 22:49:47.153,3,2,1,2026-05-29 22:53:01.093,194,193,1,2026-05-29 22:56:44.397,2026-05-29 22:58:29.470,0,NULL,2026-05-29 22:58:29.527,582,582,0,NR-No Report
26-042628,2026-05-29 22:49:53.000,22,FRI,29,22,C,NIGHT,MIDS,POLICE,SUSPICIOUS EVENT,2,Phone,"MESARIS, MATTHEW","MCLEOD, DOUGLAS",2026-05-29 22:49:51.000,2026-05-29 22:53:02.000,2026-05-29 22:52:19.000,148,146,2,2026-05-29 22:54:41.387,142,142,0,2026-05-29 22:52:20.000,149,147,2,2026-05-29 22:54:45.260,290,290,0,2026-05-29 22:54:45.260,4,3,1,2026-05-29 23:03:56.650,551,551,0,2026-05-29 22:57:04.773,2026-05-29 23:09:48.800,0,NULL,2026-05-29 23:09:48.867,1197,1197,0,NR-No Report
26-013134,2026-05-29 23:02:15.000,22,FRI,29,23,C,NIGHT,MIDS,EMS,POISONING BLS,3,E-911,"HARDING, AUTUMN",Automatic Dispatch,2026-05-29 23:02:15.000,2026-05-29 23:05:52.000,2026-05-29 23:05:21.000,186,186,0,2026-05-29 23:05:23.127,2,2,0,2026-05-29 23:06:39.000,264,264,0,2026-05-29 23:07:06.327,188,188,0,2026-05-29 23:07:06.327,103,103,0,2026-05-29 23:15:37.410,511,511,0,2026-05-29 23:40:02.587,2026-05-29 23:40:02.587,0,NULL,2026-05-29 23:40:02.627,2267,2267,0,UNDEFINED
26-042631,2026-05-29 23:14:30.000,22,FRI,29,23,C,NIGHT,MIDS,POLICE,TRESPASSING IN PROG,2,Phone,"MARTINEZ, ESTHER","LEWIS, LESLIE",2026-05-29 23:14:30.000,2026-05-30 00:03:29.000,2026-05-29 23:15:09.000,39,39,0,2026-05-29 23:22:26.133,437,437,0,2026-05-29 23:18:05.000,215,215,0,2026-05-29 23:22:41.807,476,476,0,2026-05-29 23:22:41.807,15,15,0,2026-05-29 23:26:12.427,211,210,1,2026-05-29 23:37:59.520,2026-05-30 00:36:20.000,0,NULL,NULL,4910,4910,0,CN-Cancellation
26-042633,2026-05-29 23:29:34.000,22,FRI,29,23,C,NIGHT,MIDS,POLICE,POLICE INFORMATION,4,Phone,"MARTINEZ, ESTHER",NULL,2026-05-29 23:29:33.000,2026-05-29 23:33:48.000,2026-05-29 23:31:30.000,117,116,1,2026-05-29 23:49:40.263,1090,1090,0,2026-05-29 23:33:44.000,251,250,1,2026-05-29 23:49:40.307,1207,1207,0,2026-05-29 23:49:40.307,0,0,0,2026-05-29 23:58:06.873,506,506,0,2026-05-30 00:38:07.540,2026-05-30 06:08:25.000,0,NULL,NULL,23932,23932,0,RE-Report
26-042634,2026-05-29 23:31:37.000,22,FRI,29,23,C,NIGHT,MIDS,POLICE,ALARM COMMERCIAL,2,Text,"PRIESTLY, SHAVAUGHN","MCLEOD, DOUGLAS",2026-05-29 23:31:35.000,2026-05-29 23:31:59.000,2026-05-29 23:31:51.000,16,14,2,2026-05-29 23:32:32.593,41,41,0,2026-05-29 23:32:55.000,80,78,2,2026-05-29 23:32:34.900,57,57,0,2026-05-29 23:32:34.900,2,2,0,2026-05-29 23:36:37.527,243,242,1,2026-05-29 23:33:02.040,2026-05-29 23:40:13.000,0,NULL,2026-05-29 23:40:13.107,518,517,1,NR-No Report
26-042636,2026-05-29 23:41:40.000,22,FRI,29,23,C,NIGHT,MIDS,POLICE,ASSIST OUTSIDE AGENCY,4,Phone,"MARTINEZ, ESTHER",NULL,2026-05-29 23:41:38.000,2026-05-30 06:00:19.000,2026-05-29 23:42:43.000,65,63,2,2026-05-30 08:23:44.877,31261,10266,20995,2026-05-29 23:44:34.000,176,174,2,2026-05-30 08:23:48.113,31326,31326,0,2026-05-30 08:23:48.113,4,3,1,2026-05-30 08:28:41.410,293,293,0,2026-05-30 10:02:51.233,2026-05-30 00:13:28.000,1,2026-05-30 05:32:37.907,2026-05-30 10:06:24.050,1910,37485,-35575,NR-No Report
26-042637,2026-05-29 23:43:31.000,22,FRI,29,23,C,NIGHT,MIDS,POLICE,SUBJECT STOP,2,Radio,"MCLEOD, DOUGLAS","MCLEOD, DOUGLAS",2026-05-29 23:43:31.000,2026-05-29 23:43:45.000,2026-05-29 23:43:31.000,0,0,0,2026-05-29 23:43:31.000,0,0,0,2026-05-29 23:43:31.000,0,0,0,2026-05-29 23:54:47.197,0,0,0,2026-05-29 23:43:31.000,0,0,0,2026-05-29 23:43:31.000,0,0,0,2026-05-30 00:30:14.700,2026-05-30 00:30:46.947,0,NULL,2026-05-30 00:30:46.997,2835,2835,0,NR-No Report
26-013135,2026-05-29 23:48:35.793,22,FRI,29,23,C,NIGHT,MIDS,FIRE,MUTUAL FIRE ALARM,1,C2C,CAD to CAD Service 1,CAD to CAD Service 1,2026-05-29 23:46:40.000,NULL,2026-05-29 23:48:36.247,116,0,116,2026-05-29 23:48:36.293,0,0,0,NULL,NULL,NULL,NULL,2026-05-29 23:50:14.307,116,-9999,10115,2026-05-29 23:50:14.307,98,98,0,2026-05-29 23:54:14.510,240,240,0,2026-05-29 23:54:08.773,2026-05-29 23:56:49.733,0,NULL,2026-05-29 23:56:49.903,609,609,0,UNDEFINED
26-042638,2026-05-29 23:48:49.000,22,FRI,29,23,C,NIGHT,MIDS,POLICE,DISORDERLY CONDUCT,2,Phone,"MESARIS, MATTHEW","MCLEOD, DOUGLAS",2026-05-29 23:48:49.000,2026-05-29 23:51:21.000,2026-05-29 23:50:54.000,125,125,0,2026-05-29 23:52:39.990,105,105,0,2026-05-29 23:50:55.000,126,126,0,2026-05-29 23:52:40.040,230,230,0,2026-05-29 23:52:40.040,1,0,1,2026-05-29 23:58:54.107,374,374,0,2026-05-30 01:03:40.497,2026-05-30 01:03:40.497,0,NULL,2026-05-30 01:03:40.560,4491,4491,0,NR-No Report
26-042639,2026-05-29 23:50:50.000,22,FRI,29,23,C,NIGHT,MIDS,POLICE,ALARM COMMERCIAL,2,Phone,"PRIESTLY, SHAVAUGHN","MCLEOD, DOUGLAS",2026-05-29 23:50:50.000,2026-05-29 23:51:18.000,2026-05-29 23:51:03.000,13,13,0,2026-05-29 23:52:46.160,103,103,0,2026-05-29 23:52:34.000,104,104,0,2026-05-29 23:52:49.107,116,116,0,2026-05-29 23:52:49.107,3,2,1,2026-05-29 23:58:47.593,358,358,0,2026-05-30 00:04:03.977,2026-05-30 00:05:05.530,0,NULL,2026-05-30 00:05:05.640,855,855,0,FALSE-False Alarm
26-042641,2026-05-29 23:56:21.000,22,FRI,29,23,C,NIGHT,MIDS,POLICE,ALARM COMMERCIAL,2,Phone,"MARTINEZ, ESTHER","MCLEOD, DOUGLAS",2026-05-29 23:56:21.000,2026-05-29 23:57:19.000,2026-05-29 23:56:54.000,33,33,0,2026-05-29 23:57:27.300,33,33,0,2026-05-29 23:57:40.000,79,79,0,2026-05-29 23:57:30.187,66,66,0,2026-05-29 23:57:30.187,3,2,1,2026-05-30 00:02:48.483,318,318,0,2026-05-30 00:10:04.520,2026-05-30 00:10:43.823,0,NULL,2026-05-30 00:10:43.863,862,862,0,NR-No Report
26-013137,2026-05-29 23:57:21.433,22,FRI,29,23,C,NIGHT,MIDS,EMS,MUTUAL ALS,1,C2C,CAD to CAD Service 1,CAD to CAD Service 1,2026-05-29 23:56:11.000,2026-05-30 00:00:19.000,2026-05-29 23:57:22.200,71,0,71,2026-05-29 23:57:22.247,0,0,0,NULL,NULL,NULL,NULL,2026-05-29 23:57:44.740,71,135,-64,2026-05-29 23:57:44.740,22,22,0,2026-05-30 00:01:13.080,209,208,1,2026-05-29 23:58:12.217,2026-05-30 00:16:16.770,0,NULL,2026-05-30 00:16:17.083,1205,1205,0,UNDEFINED
26-042643,2026-05-30 00:03:41.000,22,SAT,30,0,C,NIGHT,MIDS,POLICE,NOISE COMPLAINT DELAY,4,Phone,"MARTINEZ, ESTHER","LEWIS, LESLIE",2026-05-30 00:03:41.000,2026-05-30 00:12:49.000,2026-05-30 00:04:14.000,33,33,0,2026-05-30 00:15:54.407,700,700,0,2026-05-30 00:05:31.000,110,110,0,2026-05-30 00:15:57.497,733,733,0,2026-05-30 00:15:57.497,3,3,0,2026-05-30 00:15:57.497,0,0,0,2026-05-30 00:22:13.747,2026-05-30 00:23:44.663,0,NULL,2026-05-30 00:23:44.677,1203,1203,0,NR-No Report
26-042644,2026-05-30 00:05:58.000,22,SAT,30,0,C,NIGHT,MIDS,POLICE,DISABLED MOTORIST,2,Phone,"MARTINEZ, ESTHER",NULL,2026-05-30 00:05:57.000,2026-05-30 00:08:36.000,2026-05-30 00:07:18.000,81,80,1,2026-05-30 00:08:48.280,90,90,0,2026-05-30 00:08:14.000,137,136,1,2026-05-30 00:08:51.407,171,171,0,2026-05-30 00:08:51.407,3,3,0,2026-05-30 00:09:38.820,47,47,0,2026-05-30 00:34:14.170,2026-05-30 00:35:26.257,0,NULL,2026-05-30 00:35:26.350,1769,1769,0,NR-No Report
26-042645,2026-05-30 00:22:45.000,22,SAT,30,0,C,NIGHT,MIDS,POLICE,SUSPICIOUS EVENT,2,E-911,"HARDING, AUTUMN","LEWIS, LESLIE",2026-05-30 00:22:45.000,2026-05-30 00:29:21.000,2026-05-30 00:26:14.000,209,209,0,2026-05-30 00:29:27.440,193,193,0,2026-05-30 00:27:27.000,282,282,0,2026-05-30 00:29:33.170,402,402,0,2026-05-30 00:29:33.170,6,2,4,2026-05-30 00:32:25.200,172,172,0,2026-05-30 00:44:13.093,2026-05-30 00:48:02.337,0,NULL,2026-05-30 00:48:02.393,1517,1517,0,NR-No Report
26-013138,2026-05-30 00:24:54.000,22,SAT,30,0,C,NIGHT,MIDS,EMS,FALL BLS,3,E-911,"MCLEOD, DOUGLAS",Automatic Dispatch,2026-05-30 00:24:54.000,2026-05-30 00:27:10.000,2026-05-30 00:25:43.000,49,49,0,2026-05-30 00:25:45.577,2,2,0,2026-05-30 00:26:48.000,114,114,0,2026-05-30 00:27:20.427,51,51,0,2026-05-30 00:27:20.427,95,94,1,2026-05-30 00:35:24.707,484,484,0,2026-05-30 01:01:22.350,2026-05-30 01:01:22.350,0,NULL,2026-05-30 01:01:22.417,2188,2188,0,UNDEFINED
26-042646,2026-05-30 00:28:46.000,22,SAT,30,0,C,NIGHT,MIDS,POLICE,TRESPASSING IN PROG,2,Phone,"LEWIS, LESLIE","LEWIS, LESLIE",2026-05-30 00:28:46.000,2026-05-30 00:28:57.000,2026-05-30 00:28:46.000,0,0,0,2026-05-30 00:28:46.000,0,0,0,2026-05-30 00:28:46.000,0,0,0,2026-05-30 00:28:53.073,0,0,0,2026-05-30 00:28:46.000,0,0,0,2026-05-30 00:28:46.000,0,0,0,2026-05-30 00:34:44.583,2026-05-30 00:34:48.783,0,NULL,2026-05-30 00:34:50.287,362,362,0,NR-No Report
26-042649,2026-05-30 00:38:05.000,22,SAT,30,0,C,NIGHT,MIDS,POLICE,ANIMAL ABUSE-NEGLECT,2,Phone,"HARDING, AUTUMN","LEWIS, LESLIE",2026-05-30 00:38:03.000,2026-05-30 00:43:20.000,2026-05-30 00:43:07.000,304,302,2,2026-05-30 00:43:43.477,36,36,0,2026-05-30 00:45:35.000,452,450,2,2026-05-30 00:44:21.127,340,340,0,2026-05-30 00:44:21.127,38,37,1,2026-05-30 00:54:37.407,616,616,0,2026-05-30 01:01:30.390,2026-05-30 01:02:41.353,0,NULL,2026-05-30 01:02:41.433,1478,1478,0,NR-No Report
26-013139,2026-05-30 00:38:28.000,22,SAT,30,0,C,NIGHT,MIDS,EMS,TROUBLE BREATHING ALS 1,1,E-911,"PRIESTLY, SHAVAUGHN",Automatic Dispatch,2026-05-30 00:38:28.000,2026-05-30 00:40:25.000,2026-05-30 00:39:07.000,39,39,0,2026-05-30 00:39:10.297,3,3,0,2026-05-30 00:41:40.000,192,192,0,2026-05-30 00:40:50.863,42,42,0,2026-05-30 00:40:50.863,100,100,0,2026-05-30 00:44:39.813,229,228,1,2026-05-30 00:47:29.283,2026-05-30 01:37:47.900,0,NULL,2026-05-30 01:37:47.977,3559,3559,0,UNDEFINED
26-042647,2026-05-30 00:40:27.930,22,SAT,30,0,C,NIGHT,MIDS,POLICE,ASSIST FIRE - IMMEDIATE,2,NOT CAPTURED,"PRIESTLY, SHAVAUGHN","LEWIS, LESLIE",2026-05-30 00:40:27.930,2026-05-30 00:41:18.000,2026-05-30 00:40:27.930,0,0,0,2026-05-30 00:41:47.060,80,79,1,2026-05-30 00:40:27.930,0,NULL,0,2026-05-30 00:41:50.203,80,79,1,2026-05-30 00:41:50.203,3,3,0,2026-05-30 00:45:28.477,218,218,0,2026-05-30 00:42:51.447,2026-05-30 01:04:10.553,0,NULL,2026-05-30 01:04:10.683,1423,1422,1,NR-No Report
26-042648,2026-05-30 00:42:02.000,22,SAT,30,0,C,NIGHT,MIDS,POLICE,NOISE COMPLAINT IN PROG,4,Phone,"MCLEOD, DOUGLAS",NULL,2026-05-30 00:41:59.000,2026-05-30 00:42:53.000,2026-05-30 00:42:35.000,36,33,3,2026-05-30 00:50:47.270,492,492,0,2026-05-30 00:42:37.000,38,35,3,2026-05-30 00:50:47.270,528,528,0,2026-05-30 00:50:47.270,0,0,0,2026-05-30 00:51:03.000,16,15,1,2026-05-30 00:52:22.677,2026-05-30 00:52:22.677,0,NULL,2026-05-30 00:52:22.750,623,623,0,NR-No Report
26-042650,2026-05-30 00:44:41.000,22,SAT,30,0,C,NIGHT,MIDS,POLICE,ALARM COMMERCIAL,2,Phone,"PRIESTLY, SHAVAUGHN",NULL,2026-05-30 00:44:39.000,2026-05-30 00:45:20.000,2026-05-30 00:44:56.000,17,15,2,2026-05-30 00:47:29.040,153,153,0,2026-05-30 00:46:24.000,105,103,2,2026-05-30 00:47:32.883,170,170,0,2026-05-30 00:47:32.783,3,3,0,2026-05-30 00:52:57.047,325,324,1,2026-05-30 00:59:26.860,2026-05-30 01:33:29.183,0,NULL,2026-05-30 01:33:29.300,2930,2930,0,FALSE-False Alarm
26-042651,2026-05-30 00:45:44.000,22,SAT,30,0,C,NIGHT,MIDS,POLICE,ALARM RESIDENTIAL NIGHTIME,1,Phone,"MCLEOD, DOUGLAS","LEWIS, LESLIE",2026-05-30 00:45:42.000,2026-05-30 00:46:26.000,2026-05-30 00:46:17.000,35,33,2,2026-05-30 00:46:40.010,23,23,0,2026-05-30 00:47:32.000,110,108,2,2026-05-30 00:46:45.307,58,58,0,2026-05-30 00:46:45.307,5,5,0,2026-05-30 00:49:12.017,147,146,1,2026-05-30 00:50:27.627,2026-05-30 00:51:20.413,0,NULL,2026-05-30 00:51:20.500,338,338,0,NR-No Report
26-042654,2026-05-30 00:55:02.000,22,SAT,30,0,C,NIGHT,MIDS,POLICE,DISORDERLY CONDUCT,2,Phone,"HARDING, AUTUMN",NULL,2026-05-30 00:55:00.000,2026-05-30 00:56:25.000,2026-05-30 00:56:06.000,66,64,2,2026-05-30 00:56:31.747,25,25,0,2026-05-30 00:56:27.000,87,85,2,2026-05-30 00:56:39.597,91,91,0,2026-05-30 00:56:39.597,8,7,1,2026-05-30 01:13:03.757,984,984,0,2026-05-30 01:00:12.520,2026-05-30 01:31:42.460,0,NULL,2026-05-30 01:31:42.610,2202,2202,0,NR-No Report
26-042655,2026-05-30 00:58:51.000,22,SAT,30,0,C,NIGHT,MIDS,POLICE,LARCENY OTHER IN PROG,2,E-911,"MCLEOD, DOUGLAS",NULL,2026-05-30 00:58:50.000,2026-05-30 01:00:08.000,2026-05-30 01:00:02.000,72,71,1,2026-05-30 01:00:28.003,26,26,0,2026-05-30 01:03:11.000,261,260,1,2026-05-30 01:00:32.153,98,98,0,2026-05-30 01:00:32.153,4,4,0,2026-05-30 01:01:40.403,68,68,0,2026-05-30 01:05:50.640,2026-05-30 02:53:40.207,0,NULL,2026-05-30 02:53:40.273,6890,6890,0,RE-Report
26-013140,2026-05-30 01:01:44.757,22,SAT,30,1,C,NIGHT,MIDS,EMS,MUTUAL ALS,1,C2C,CAD to CAD Service 1,CAD to CAD Service 1,2026-05-30 00:56:28.000,NULL,2026-05-30 01:01:45.227,317,0,317,2026-05-30 01:01:45.257,0,0,0,NULL,NULL,NULL,NULL,2026-05-30 01:03:38.533,317,-9999,10316,2026-05-30 01:03:38.533,113,113,0,NULL,NULL,-9999,NULL,2026-05-30 01:07:03.113,2026-05-30 01:08:12.240,0,NULL,2026-05-30 01:08:12.273,704,704,0,CAD2CAD
26-042656,2026-05-30 01:10:26.000,22,SAT,30,1,C,NIGHT,MIDS,POLICE,ASSIST CITIZEN DELAY,4,Phone,"HARDING, AUTUMN","LEWIS, LESLIE",2026-05-30 01:10:25.000,2026-05-30 01:13:36.000,2026-05-30 01:12:33.000,128,127,1,2026-05-30 01:13:53.343,80,80,0,2026-05-30 01:12:41.000,136,135,1,2026-05-30 01:14:00.600,208,208,0,2026-05-30 01:14:00.600,7,7,0,NULL,NULL,-9999,NULL,2026-05-30 02:07:37.983,2026-05-30 02:07:37.983,0,NULL,2026-05-30 02:07:38.027,3432,3432,0,NR-No Report
26-042657,2026-05-30 01:16:52.000,22,SAT,30,1,C,NIGHT,MIDS,POLICE,TROUBLE UNKNOWN NO EMS,2,E-911,"PRIESTLY, SHAVAUGHN",NULL,2026-05-30 01:16:51.000,2026-05-30 01:18:07.000,2026-05-30 01:17:20.000,29,28,1,2026-05-30 01:18:03.273,43,43,0,2026-05-30 01:19:34.000,163,162,1,2026-05-30 01:18:07.877,72,72,0,2026-05-30 01:18:07.877,4,4,0,2026-05-30 01:21:00.180,173,172,1,2026-05-30 01:19:30.013,2026-05-30 01:39:35.993,0,NULL,2026-05-30 01:39:36.067,1364,1364,0,NR-No Report
26-042659,2026-05-30 01:19:51.000,22,SAT,30,1,C,NIGHT,MIDS,POLICE,TRESPASSING IN PROG,2,OFFICER,"LEWIS, LESLIE",NULL,2026-05-30 01:19:51.000,2026-05-30 01:20:09.000,2026-05-30 01:20:05.000,14,14,0,2026-05-30 01:31:40.883,695,695,0,2026-05-30 01:26:40.000,409,409,0,2026-05-30 01:31:40.883,709,709,0,2026-05-30 01:31:40.883,0,0,0,NULL,NULL,-9999,NULL,2026-05-30 04:41:54.040,2026-05-30 04:41:54.040,0,NULL,2026-05-30 04:41:54.060,12123,12123,0,RE-Report
26-042661,2026-05-30 01:22:12.000,22,SAT,30,1,C,NIGHT,MIDS,POLICE,SUSPICIOUS EVENT,2,Phone,"HARDING, AUTUMN","LEWIS, LESLIE",2026-05-30 01:22:10.000,2026-05-30 01:25:32.000,2026-05-30 01:25:12.000,182,180,2,2026-05-30 01:27:07.970,115,115,0,2026-05-30 01:25:24.000,194,192,2,2026-05-30 01:27:12.277,297,297,0,2026-05-30 01:27:12.277,5,4,1,2026-05-30 01:27:57.457,45,45,0,2026-05-30 01:27:53.097,2026-05-30 01:29:20.523,0,NULL,2026-05-30 01:29:20.580,430,430,0,NR-No Report
26-042660,2026-05-30 01:22:29.000,22,SAT,30,1,C,NIGHT,MIDS,POLICE,OFF DUTY DETAIL,8,OFFICER,"KIM, DANIEL H",NULL,2026-05-30 01:22:29.000,NULL,2026-05-30 01:22:29.000,0,1,-1,2026-05-30 01:22:29.000,0,0,0,2026-05-30 01:22:29.000,0,NULL,0,2026-05-30 01:22:29.000,0,0,0,2026-05-30 01:22:29.000,0,0,0,2026-05-30 01:22:29.000,0,0,0,2026-05-30 05:54:59.783,2026-05-30 05:54:59.783,0,NULL,2026-05-30 05:54:59.817,16350,16350,0,NR-No Report
26-042662,2026-05-30 01:33:42.000,22,SAT,30,1,C,NIGHT,MIDS,POLICE,ALARM COMMERCIAL,2,Phone,"MARTINEZ, ESTHER","LEWIS, LESLIE",2026-05-30 01:33:41.000,2026-05-30 01:36:11.000,2026-05-30 01:34:13.000,32,31,1,2026-05-30 01:36:49.423,156,156,0,2026-05-30 01:34:47.000,66,65,1,2026-05-30 01:36:54.187,188,188,0,2026-05-30 01:36:54.187,5,4,1,2026-05-30 01:37:27.357,33,33,0,2026-05-30 01:41:46.750,2026-05-30 01:41:46.750,0,NULL,2026-05-30 01:41:46.800,485,485,0,FALSE-False Alarm
26-042665,2026-05-30 01:37:12.000,22,SAT,30,1,C,NIGHT,MIDS,POLICE,PARKING COMPLAINT,4,Phone,"HARDING, AUTUMN",NULL,2026-05-30 01:37:10.000,2026-05-30 01:39:53.000,2026-05-30 01:39:48.000,158,156,2,2026-05-30 01:41:25.327,97,97,0,2026-05-30 01:40:01.000,171,169,2,2026-05-30 01:41:30.710,255,255,0,2026-05-30 01:41:30.710,5,5,0,2026-05-30 02:11:46.810,1816,1816,0,2026-05-30 03:52:33.130,2026-05-30 04:04:21.323,0,NULL,2026-05-30 04:04:21.770,8831,8831,0,NR-No Report
26-042664,2026-05-30 01:38:22.000,22,SAT,30,1,C,NIGHT,MIDS,POLICE,SUBJECT STOP,2,OFFICER,"LEWIS, LESLIE","LEWIS, LESLIE",2026-05-30 01:38:22.000,2026-05-30 01:40:03.000,2026-05-30 01:38:22.000,0,0,0,2026-05-30 01:38:22.000,0,0,0,2026-05-30 01:38:22.000,0,0,0,2026-05-30 01:38:41.230,0,0,0,2026-05-30 01:38:22.000,0,0,0,2026-05-30 01:38:22.000,0,0,0,2026-05-30 01:39:25.310,2026-05-30 01:40:51.847,0,NULL,2026-05-30 01:40:51.877,149,149,0,NR-No Report
26-042666,2026-05-30 01:39:56.000,22,SAT,30,1,C,NIGHT,MIDS,POLICE,DOMESTIC VIOL NO INJ,2,Phone,"PRIESTLY, SHAVAUGHN",NULL,2026-05-30 01:39:54.000,2026-05-30 01:40:34.037,2026-05-30 01:40:18.000,24,22,2,2026-05-30 01:40:33.920,15,15,0,2026-05-30 01:49:57.000,603,601,2,2026-05-30 01:40:36.097,39,39,0,2026-05-30 01:40:36.097,3,2,1,2026-05-30 01:44:02.237,206,206,0,2026-05-30 01:42:17.860,2026-05-30 08:50:30.680,0,NULL,2026-05-30 08:50:30.727,25836,25836,0,RE-Report
26-042668,2026-05-30 02:02:47.000,22,SAT,30,2,C,NIGHT,LATE,POLICE,DIP - DRUNK/INTOX PERSON,2,E-911,"MARTINEZ, ESTHER","LEWIS, LESLIE",2026-05-30 02:02:47.000,2026-05-30 02:04:57.000,2026-05-30 02:04:38.000,111,111,0,2026-05-30 02:08:05.903,207,207,0,2026-05-30 02:06:19.000,212,212,0,2026-05-30 02:08:08.423,318,318,0,2026-05-30 02:08:08.423,3,2,1,2026-05-30 02:11:55.783,227,227,0,2026-05-30 02:09:01.340,2026-05-30 02:20:46.823,0,NULL,2026-05-30 02:20:46.870,1079,1079,0,NR-No Report
26-013141,2026-05-30 02:13:47.000,22,SAT,30,2,C,NIGHT,LATE,EMS,LACERATION BLS,3,Phone,"MESARIS, MATTHEW",Automatic Dispatch,2026-05-30 02:13:45.000,2026-05-30 02:16:37.000,2026-05-30 02:14:22.000,37,35,2,2026-05-30 02:14:43.043,21,21,0,2026-05-30 02:17:15.000,210,208,2,2026-05-30 02:16:43.110,58,58,0,2026-05-30 02:16:43.110,120,120,0,2026-05-30 02:26:03.733,560,560,0,2026-05-30 02:44:26.633,2026-05-30 02:44:26.633,0,NULL,2026-05-30 02:44:26.713,1841,1841,0,UNDEFINED
26-042671,2026-05-30 02:16:56.000,22,SAT,30,2,C,NIGHT,LATE,POLICE,TRESPASSING IN PROG,2,Phone,"MARTINEZ, ESTHER","MCLEOD, DOUGLAS",2026-05-30 02:16:55.000,2026-05-30 02:20:56.000,2026-05-30 02:19:19.000,144,143,1,2026-05-30 02:21:12.820,113,113,0,2026-05-30 02:20:46.000,231,230,1,2026-05-30 02:21:15.543,257,257,0,2026-05-30 02:21:15.543,3,2,1,2026-05-30 02:26:37.587,322,322,0,2026-05-30 02:22:42.287,2026-05-30 02:52:10.283,0,NULL,2026-05-30 02:52:22.710,2115,2115,0,NR-No Report
26-042672,2026-05-30 02:23:06.000,22,SAT,30,2,C,NIGHT,LATE,POLICE,DIP - DRUNK/INTOX PERSON,2,Phone,"MARTINEZ, ESTHER",NULL,2026-05-30 02:23:04.000,2026-05-30 02:25:45.000,2026-05-30 02:25:18.000,134,132,2,2026-05-30 02:25:59.447,41,41,0,2026-05-30 02:25:54.000,170,168,2,2026-05-30 02:26:01.717,175,175,0,2026-05-30 02:26:01.717,2,2,0,2026-05-30 02:26:35.727,34,34,0,2026-05-30 03:49:11.707,2026-05-30 03:49:11.707,0,NULL,2026-05-30 03:49:11.760,5167,5167,0,NR-No Report
26-042673,2026-05-30 02:44:54.000,22,SAT,30,2,C,NIGHT,LATE,POLICE,PUBLIC SERVICE MULTI OFFICER,3,Phone,"HARDING, AUTUMN","LEWIS, LESLIE",2026-05-30 02:44:51.000,2026-05-30 02:49:01.000,2026-05-30 02:48:41.000,230,227,3,2026-05-30 03:12:18.783,1417,1417,0,2026-05-30 02:52:02.000,431,428,3,2026-05-30 03:12:23.790,1647,1647,0,2026-05-30 03:12:23.790,5,5,0,2026-05-30 03:48:51.840,2188,2188,0,2026-05-30 04:22:16.773,2026-05-30 04:22:16.773,0,NULL,2026-05-30 04:22:16.810,5845,5845,0,NR-No Report
26-042674,2026-05-30 02:47:28.000,22,SAT,30,2,C,NIGHT,LATE,POLICE,TROUBLE UNKNOWN EMS,2,E-911,"MARTINEZ, ESTHER","MCLEOD, DOUGLAS",2026-05-30 02:47:27.000,2026-05-30 02:49:59.000,2026-05-30 02:49:40.000,133,132,1,2026-05-30 02:50:51.950,71,71,0,2026-05-30 02:51:09.000,222,221,1,2026-05-30 02:51:09.920,204,204,0,2026-05-30 02:51:09.920,18,17,1,2026-05-30 02:54:21.773,192,191,1,2026-05-30 02:52:15.353,2026-05-30 04:11:59.023,0,NULL,2026-05-30 04:11:59.230,5072,5072,0,NR-No Report
26-013143,2026-05-30 02:49:59.000,22,SAT,30,2,C,NIGHT,LATE,EMS,UNKNOWN MEDICAL ALS 1,1,Phone,"MARTINEZ, ESTHER",Automatic Dispatch,2026-05-30 02:49:59.000,2026-05-30 02:51:21.000,2026-05-30 02:49:59.000,0,NULL,0,2026-05-30 02:50:02.307,3,3,0,2026-05-30 02:49:59.000,0,0,0,2026-05-30 02:51:50.320,3,2,1,2026-05-30 02:51:50.320,108,108,0,2026-05-30 02:57:54.830,364,364,0,2026-05-30 03:00:03.873,2026-05-30 03:02:41.623,0,NULL,2026-05-30 03:02:41.727,762,761,1,UNDEFINED
26-042676,2026-05-30 02:54:09.000,22,SAT,30,2,C,NIGHT,LATE,POLICE,PARKING COMPLAINT,4,Phone,"HARDING, AUTUMN",NULL,2026-05-30 02:54:08.000,2026-05-30 03:22:15.000,2026-05-30 02:54:56.000,48,47,1,2026-05-30 08:30:47.470,20151,20151,0,2026-05-30 02:55:24.000,76,75,1,2026-05-30 08:30:47.470,20199,20199,0,2026-05-30 08:30:47.470,0,-9999,9999,NULL,NULL,-9999,NULL,2026-05-30 08:30:59.883,2026-05-30 08:30:59.883,0,NULL,2026-05-30 08:31:00.473,20211,20211,0,NR-No Report
26-042678,2026-05-30 03:00:49.000,22,SAT,30,3,C,NIGHT,LATE,POLICE,NOISE COMPLAINT DELAY,4,Phone,"PRIESTLY, SHAVAUGHN","MCLEOD, DOUGLAS",2026-05-30 03:00:49.000,NULL,2026-05-30 03:01:51.000,62,62,0,2026-05-30 03:06:43.920,292,292,0,2026-05-30 03:05:03.000,254,254,0,2026-05-30 03:06:44.177,354,354,0,2026-05-30 03:06:44.177,1,0,1,2026-05-30 03:09:00.793,136,136,0,2026-05-30 03:15:56.263,2026-05-30 03:15:56.263,0,NULL,2026-05-30 03:15:56.363,907,907,0,NR-No Report
26-042679,2026-05-30 03:16:11.000,22,SAT,30,3,C,NIGHT,LATE,POLICE,ALARM COMMERCIAL,2,Phone,"MARTINEZ, ESTHER","MCLEOD, DOUGLAS",2026-05-30 03:16:11.000,2026-05-30 03:18:27.000,2026-05-30 03:18:21.000,130,130,0,2026-05-30 03:18:44.480,23,23,0,2026-05-30 03:19:00.000,169,169,0,2026-05-30 03:19:02.687,153,153,0,2026-05-30 03:19:02.687,18,18,0,2026-05-30 03:19:41.293,39,38,1,2026-05-30 03:20:50.407,2026-05-30 03:26:31.353,0,NULL,2026-05-30 03:26:31.393,620,620,0,NR-No Report
26-042681,2026-05-30 03:42:48.000,22,SAT,30,3,C,NIGHT,LATE,POLICE,SUSPICIOUS EVENT,2,E-911,"PRIESTLY, SHAVAUGHN","LEWIS, LESLIE",2026-05-30 03:42:48.000,2026-05-30 03:44:19.000,2026-05-30 03:43:32.000,44,44,0,2026-05-30 03:47:33.967,241,241,0,2026-05-30 03:45:08.000,140,140,0,2026-05-30 03:47:37.143,285,285,0,2026-05-30 03:47:37.143,4,3,1,2026-05-30 03:47:37.143,0,0,0,2026-05-30 03:57:13.523,2026-05-30 03:57:13.523,0,NULL,2026-05-30 03:57:13.563,865,865,0,NR-No Report
26-042682,2026-05-30 03:49:23.000,22,SAT,30,3,C,NIGHT,LATE,POLICE,ASSAULT NO INJURY DELAY,4,OFFICER,"LEWIS, LESLIE",NULL,2026-05-30 03:49:23.000,2026-05-30 07:29:24.000,2026-05-30 03:49:39.000,16,16,0,2026-05-30 03:49:50.197,11,11,0,2026-05-30 03:53:44.000,261,261,0,2026-05-30 03:49:52.790,27,27,0,2026-05-30 03:49:52.790,2,2,0,2026-05-30 03:49:53.980,1,1,0,2026-05-30 05:08:44.370,2026-05-30 06:22:19.307,1,2026-05-30 07:29:21.480,2026-05-30 12:30:51.733,9176,31288,-22112,RE-Report
26-013145,2026-05-30 04:07:41.000,22,SAT,30,4,C,NIGHT,LATE,EMS,BLS EMERGENCY,3,E-911,"MCLEOD, DOUGLAS",Automatic Dispatch,2026-05-30 04:07:41.000,2026-05-30 04:08:50.000,2026-05-30 04:08:28.000,47,47,0,2026-05-30 04:08:32.310,4,4,0,2026-05-30 04:09:45.000,124,124,0,2026-05-30 04:11:14.270,51,51,0,2026-05-30 04:11:14.270,162,161,1,2026-05-30 04:20:01.297,527,527,0,2026-05-30 05:14:26.390,2026-05-30 05:14:26.390,0,NULL,2026-05-30 05:14:26.500,4005,4005,0,UNDEFINED
26-042692,2026-05-30 04:12:44.000,22,SAT,30,4,C,NIGHT,LATE,POLICE,SUSPICIOUS EVENT,2,E-911,"MARTINEZ, ESTHER","LEWIS, LESLIE",2026-05-30 04:12:43.000,2026-05-30 04:17:07.000,2026-05-30 04:16:20.000,217,216,1,2026-05-30 04:21:55.323,335,335,0,2026-05-30 04:17:05.000,262,261,1,2026-05-30 04:21:58.537,552,552,0,2026-05-30 04:21:58.537,3,3,0,2026-05-30 04:28:34.367,396,395,1,2026-05-30 04:36:03.550,2026-05-30 04:36:03.550,0,NULL,2026-05-30 04:36:03.640,1400,1400,0,NR-No Report
26-042690,2026-05-30 04:12:46.000,22,SAT,30,4,C,NIGHT,LATE,POLICE,DOMESTIC VIOL NO INJ,2,E-911,"MCLEOD, DOUGLAS","LEWIS, LESLIE",2026-05-30 04:12:46.000,2026-05-30 04:14:20.000,2026-05-30 04:13:57.000,71,71,0,2026-05-30 04:14:43.507,46,46,0,2026-05-30 04:14:46.000,120,120,0,2026-05-30 04:14:49.243,117,117,0,2026-05-30 04:14:49.243,6,5,1,2026-05-30 04:22:25.247,456,456,0,2026-05-30 04:31:52.907,2026-05-30 04:34:18.773,0,NULL,2026-05-30 04:34:18.830,1292,1292,0,NR-No Report
26-013146,2026-05-30 04:29:57.473,22,SAT,30,4,C,NIGHT,LATE,EMS,MUTUAL ALS,1,C2C,CAD to CAD Service 1,CAD to CAD Service 1,2026-05-30 04:28:56.000,2026-05-30 04:31:30.000,2026-05-30 04:29:58.257,62,0,62,2026-05-30 04:29:58.397,0,0,0,NULL,NULL,NULL,NULL,2026-05-30 04:31:22.530,62,-9999,10061,2026-05-30 04:31:22.530,84,54,30,2026-05-30 04:34:33.900,191,191,0,2026-05-30 04:45:15.553,2026-05-30 04:50:33.410,0,NULL,2026-05-30 04:50:33.567,1297,1297,0,CAD2CAD
26-013147,2026-05-30 04:30:37.000,22,SAT,30,4,C,NIGHT,LATE,EMS,CHEST PAIN ALS 1,1,E-911,"MARTINEZ, ESTHER",Automatic Dispatch,2026-05-30 04:30:36.000,2026-05-30 04:32:07.000,2026-05-30 04:31:02.000,26,25,1,2026-05-30 04:31:05.663,3,3,0,2026-05-30 04:35:09.000,273,272,1,2026-05-30 04:34:56.207,29,29,0,2026-05-30 04:34:56.207,231,230,1,2026-05-30 04:34:57.543,1,1,0,2026-05-30 05:07:21.790,2026-05-30 06:08:05.510,0,NULL,2026-05-30 06:08:06.457,5849,5849,0,UNDEFINED
26-042697,2026-05-30 05:13:43.000,22,SAT,30,5,C,NIGHT,LATE,POLICE,ASSAULT MINOR INJ IN PROG,2,E-911,"MARTINEZ, ESTHER","LEWIS, LESLIE",2026-05-30 05:13:43.000,2026-05-30 05:15:14.000,2026-05-30 05:14:52.000,69,69,0,2026-05-30 05:15:40.700,48,48,0,2026-05-30 05:17:44.000,241,241,0,2026-05-30 05:15:46.097,117,117,0,2026-05-30 05:15:46.097,6,2,4,2026-05-30 05:18:59.403,193,193,0,2026-05-30 05:16:54.960,2026-05-30 09:02:05.913,0,NULL,2026-05-30 09:02:05.990,13702,13702,0,RE-Report
26-013148,2026-05-30 05:14:53.000,22,SAT,30,5,C,NIGHT,LATE,EMS,ASSAULT ALS 1,3,E-911,"MARTINEZ, ESTHER",Automatic Dispatch,2026-05-30 05:14:53.000,2026-05-30 05:16:25.000,2026-05-30 05:14:53.000,0,NULL,0,2026-05-30 05:14:56.353,3,3,0,2026-05-30 05:14:53.000,0,0,0,2026-05-30 05:16:59.637,3,3,0,2026-05-30 05:16:59.637,123,123,0,2026-05-30 05:26:25.850,566,566,0,2026-05-30 05:18:06.133,2026-05-30 05:31:21.160,0,NULL,2026-05-30 05:31:21.233,988,988,0,UNDEFINED
26-042699,2026-05-30 05:30:30.000,22,SAT,30,5,C,NIGHT,LATE,POLICE,GLA DELAY,4,Phone,"MARTINEZ, ESTHER","DEWBERRY, RE'KEYA",2026-05-30 05:30:30.000,2026-05-30 10:19:32.000,2026-05-30 05:31:05.000,35,35,0,2026-05-30 07:01:56.850,5451,5451,0,2026-05-30 05:34:51.000,261,261,0,2026-05-30 07:01:59.090,5486,5486,0,2026-05-30 07:01:59.090,3,2,1,2026-05-30 07:15:02.123,783,783,0,2026-05-30 07:27:11.457,2026-05-30 07:27:11.457,1,2026-05-30 10:18:54.683,2026-05-30 11:44:35.943,7001,22445,-15444,NR-No Report
26-013149,2026-05-30 05:34:14.450,22,SAT,30,5,C,NIGHT,LATE,FIRE,MUTUAL FIRE ALARM,1,C2C,CAD to CAD Service 1,CAD to CAD Service 1,2026-05-30 05:33:30.000,NULL,2026-05-30 05:34:14.747,44,0,44,2026-05-30 05:34:14.793,0,0,0,NULL,NULL,NULL,NULL,2026-05-30 05:35:35.320,44,91,-47,2026-05-30 05:35:35.320,81,80,1,2026-05-30 05:41:23.490,348,348,0,2026-05-30 05:40:27.820,2026-05-30 05:49:36.187,0,NULL,2026-05-30 05:49:36.203,966,966,0,CAD2CAD
26-013150,2026-05-30 05:37:50.000,22,SAT,30,5,C,NIGHT,LATE,FIRE,VEHICLE FIRE,1,E-911,"MESARIS, MATTHEW",Automatic Dispatch,2026-05-30 05:37:50.000,2026-05-30 05:45:42.000,2026-05-30 05:40:40.000,170,170,0,2026-05-30 05:40:42.897,2,2,0,2026-05-30 05:52:14.000,864,864,0,2026-05-30 05:42:06.327,172,172,0,2026-05-30 05:42:06.327,84,83,1,2026-05-30 05:54:22.867,736,736,0,2026-05-30 06:15:50.113,2026-05-30 06:15:50.113,0,NULL,2026-05-30 06:15:50.363,2280,2280,0,UNDEFINED
26-042700,2026-05-30 05:40:40.000,22,SAT,30,5,C,NIGHT,LATE,POLICE,ASSIST FIRE - PROMPT,3,NOT CAPTURED,"MESARIS, MATTHEW","LEWIS, LESLIE",2026-05-30 05:40:40.000,2026-05-30 05:41:15.000,2026-05-30 05:40:40.000,0,NULL,0,2026-05-30 05:53:14.350,754,754,0,2026-05-30 05:40:40.000,0,0,0,2026-05-30 05:53:18.360,754,754,0,2026-05-30 05:53:18.360,4,4,0,NULL,NULL,-9999,NULL,2026-05-30 06:41:41.330,2026-05-30 06:41:41.330,0,NULL,2026-05-30 06:41:41.407,3661,3661,0,NR-No Report
26-042701,2026-05-30 05:57:08.000,22,SAT,30,5,C,NIGHT,LATE,POLICE,PARKING COMPLAINT,4,Phone,"BONSU, VALERIE",NULL,2026-05-30 05:57:06.000,NULL,2026-05-30 05:58:57.000,111,109,2,2026-05-30 08:31:09.653,9132,9132,0,2026-05-30 06:00:12.000,186,184,2,2026-05-30 08:31:09.653,9243,9243,0,2026-05-30 08:31:09.653,0,-9999,9999,2026-05-30 08:42:31.453,682,681,1,2026-05-30 08:52:46.820,2026-05-30 08:52:46.820,0,NULL,2026-05-30 08:52:47.273,10540,10540,0,CI-Citation
26-042702,2026-05-30 06:00:39.000,22,SAT,30,6,A,DAY,EARLY,POLICE,PARKING COMPLAINT,3,Phone,"FOSTER, KANESHA",NULL,2026-05-30 06:00:37.000,2026-05-30 06:39:47.000,2026-05-30 06:01:21.000,44,42,2,2026-05-30 06:21:55.987,1234,1234,0,2026-05-30 06:02:02.000,85,83,2,2026-05-30 06:21:55.987,1278,1278,0,2026-05-30 06:21:55.987,0,-9999,9999,2026-05-30 06:37:19.783,924,923,1,2026-05-30 07:38:02.990,2026-05-30 07:38:02.990,0,NULL,2026-05-30 07:38:03.160,5845,5845,0,CI-Citation
26-042704,2026-05-30 06:17:54.000,22,SAT,30,6,A,DAY,EARLY,POLICE,PROTECTIVE ORDER ISSUED,4,Radio,"DEWBERRY, RE'KEYA","DEWBERRY, RE'KEYA",2026-05-30 06:17:53.000,2026-05-30 07:03:33.000,2026-05-30 06:18:08.000,15,14,1,2026-05-30 06:18:20.057,12,12,0,2026-05-30 06:18:21.000,28,27,1,2026-05-30 06:18:20.127,27,27,0,2026-05-30 06:18:20.127,0,0,0,2026-05-30 06:40:20.307,1320,1320,0,2026-05-30 08:10:18.790,2026-05-30 08:10:18.790,0,NULL,2026-05-30 08:10:18.843,6745,6745,0,NR-No Report
26-042705,2026-05-30 06:28:37.000,22,SAT,30,6,A,DAY,EARLY,POLICE,ALARM COMMERCIAL,2,Phone,"JONES, DAESHA","DEWBERRY, RE'KEYA",2026-05-30 06:28:35.000,2026-05-30 06:29:29.000,2026-05-30 06:29:04.000,29,27,2,2026-05-30 06:29:58.267,54,54,0,2026-05-30 06:30:49.000,134,132,2,2026-05-30 06:30:00.323,83,83,0,2026-05-30 06:30:00.323,2,2,0,2026-05-30 06:36:40.157,400,399,1,2026-05-30 06:40:20.163,2026-05-30 06:40:20.163,0,NULL,2026-05-30 06:40:20.233,705,705,0,NR-No Report
26-042707,2026-05-30 06:54:13.000,22,SAT,30,6,A,DAY,EARLY,POLICE,GLA DELAY,4,Phone,"JONES, DAESHA","BONSU, VALERIE",2026-05-30 06:54:11.000,2026-05-30 06:57:20.000,2026-05-30 06:57:08.000,177,175,2,2026-05-30 07:02:38.560,330,330,0,2026-05-30 06:58:00.000,229,227,2,2026-05-30 07:02:38.610,507,507,0,2026-05-30 07:02:38.610,0,0,0,2026-05-30 07:04:04.113,86,85,1,2026-05-30 08:22:45.600,2026-05-30 08:22:45.600,0,NULL,2026-05-30 08:22:45.700,5314,5314,0,RE-Report
26-042708,2026-05-30 07:17:05.000,22,SAT,30,7,A,DAY,EARLY,POLICE,ANIMAL COMPLAINT,4,Phone,"JONES, DAESHA","BONSU, VALERIE",2026-05-30 07:17:04.000,2026-05-30 07:23:04.000,2026-05-30 07:17:47.000,43,42,1,2026-05-30 07:24:20.813,393,393,0,2026-05-30 07:18:34.000,90,89,1,2026-05-30 07:24:20.883,436,436,0,2026-05-30 07:24:20.883,0,0,0,NULL,NULL,-9999,NULL,2026-05-30 07:24:22.653,2026-05-30 07:24:22.653,0,NULL,2026-05-30 07:24:22.720,438,438,0,ACOR-Animal Control Report
26-042709,2026-05-30 07:22:34.000,22,SAT,30,7,A,DAY,EARLY,POLICE,TRAFFIC STOP,2,OFFICER,"BROWN, BRIDGET C",NULL,2026-05-30 07:22:34.000,2026-05-30 07:22:41.000,2026-05-30 07:22:34.000,0,1,-1,2026-05-30 07:22:34.000,0,0,0,2026-05-30 07:22:34.000,0,NULL,0,2026-05-30 07:22:34.000,0,0,0,2026-05-30 07:22:34.000,0,0,0,2026-05-30 07:22:34.000,0,0,0,2026-05-30 07:37:43.277,2026-05-30 07:37:43.277,0,NULL,2026-05-30 07:37:43.287,909,909,0,NR-No Report
26-013152,2026-05-30 07:23:59.680,22,SAT,30,7,A,DAY,EARLY,EMS,MUTUAL ALS,1,C2C,CAD to CAD Service 1,CAD to CAD Service 1,2026-05-30 07:21:45.000,NULL,2026-05-30 07:23:59.947,134,0,134,2026-05-30 07:23:59.977,0,0,0,NULL,NULL,NULL,NULL,2026-05-30 07:24:54.303,134,163,-29,2026-05-30 07:24:54.303,55,54,1,2026-05-30 07:31:54.787,420,420,0,2026-05-30 07:51:01.897,2026-05-30 08:52:20.080,0,NULL,2026-05-30 08:52:20.137,5435,5435,0,UNDEFINED
26-042710,2026-05-30 07:28:29.000,22,SAT,30,7,A,DAY,EARLY,POLICE,PARKING COMPLAINT,4,Phone,"BONSU, VALERIE",NULL,2026-05-30 07:28:28.000,NULL,2026-05-30 07:29:22.000,54,53,1,2026-05-30 07:39:10.060,588,588,0,2026-05-30 07:29:26.000,58,57,1,2026-05-30 07:39:10.060,642,642,0,2026-05-30 07:39:10.060,0,-9999,9999,2026-05-30 08:02:52.977,1422,1422,0,2026-05-30 08:05:16.450,2026-05-30 08:05:16.450,0,NULL,2026-05-30 08:05:16.753,2208,2208,0,CI-Citation
26-042711,2026-05-30 07:49:54.000,22,SAT,30,7,A,DAY,EARLY,POLICE,OFF DUTY DETAIL,8,NOT CAPTURED,"DEWBERRY, RE'KEYA",NULL,2026-05-30 07:49:54.000,2026-05-30 08:00:04.000,2026-05-30 07:49:54.000,0,0,0,2026-05-30 07:49:54.000,0,0,0,2026-05-30 07:49:54.000,0,0,0,2026-05-30 08:00:44.950,0,0,0,2026-05-30 07:49:54.000,0,0,0,2026-05-30 07:49:54.000,0,0,0,2026-05-30 11:31:38.063,2026-05-30 14:25:41.303,0,NULL,2026-05-30 14:25:41.377,23747,23747,0,NR-No Report
26-013153,2026-05-30 07:53:49.000,22,SAT,30,7,A,DAY,EARLY,FIRE,FIRE ALARM,3,Phone,"JONES, DAESHA",Automatic Dispatch,2026-05-30 07:53:47.000,2026-05-30 07:54:48.000,2026-05-30 07:54:22.000,35,33,2,2026-05-30 07:54:25.100,3,3,0,2026-05-30 07:55:35.000,108,106,2,2026-05-30 07:55:09.273,38,38,0,2026-05-30 07:55:09.273,44,44,0,2026-05-30 07:59:36.967,267,267,0,2026-05-30 08:09:41.890,2026-05-30 08:09:41.890,0,NULL,2026-05-30 08:09:42.010,954,954,0,UNDEFINED
26-042714,2026-05-30 07:55:31.000,22,SAT,30,7,A,DAY,EARLY,POLICE,ALARM COMMERCIAL,2,Phone,"FOSTER, KANESHA","BONSU, VALERIE",2026-05-30 07:55:29.000,2026-05-30 07:56:12.000,2026-05-30 07:55:52.000,23,21,2,2026-05-30 08:10:48.650,896,896,0,2026-05-30 07:57:06.000,97,95,2,2026-05-30 08:10:48.723,919,919,0,2026-05-30 08:10:48.723,0,0,0,2026-05-30 08:21:00.903,612,612,0,2026-05-30 08:26:32.237,2026-05-30 08:26:32.237,0,NULL,2026-05-30 08:26:32.277,1863,1863,0,FALSE-False Alarm
26-013154,2026-05-30 07:59:45.000,22,SAT,30,7,A,DAY,EARLY,EMS,TROUBLE BREATHING ALS 1,1,Flag Down,"FOSTER, KANESHA",Automatic Dispatch,2026-05-30 07:59:43.000,2026-05-30 08:02:20.000,2026-05-30 08:01:24.000,101,99,2,2026-05-30 08:01:26.837,2,2,0,2026-05-30 08:10:15.000,632,630,2,2026-05-30 08:01:47.720,103,103,0,2026-05-30 08:01:47.720,21,20,1,2026-05-30 08:05:00.427,193,192,1,2026-05-30 08:14:48.913,2026-05-30 08:28:46.657,0,NULL,2026-05-30 08:28:46.713,1743,1743,0,UNDEFINED
26-042716,2026-05-30 08:00:56.000,22,SAT,30,8,A,DAY,EARLY,POLICE,PARKING COMPLAINT,4,Phone,"JONES, DAESHA",NULL,2026-05-30 08:00:54.000,2026-05-30 08:26:14.000,2026-05-30 08:01:57.000,63,61,2,2026-05-30 08:23:14.363,1277,1277,0,2026-05-30 08:02:24.000,90,88,2,2026-05-30 08:23:14.363,1340,1340,0,2026-05-30 08:23:14.363,0,-9999,9999,2026-05-30 08:24:11.213,57,56,1,2026-05-30 08:30:44.397,2026-05-30 08:30:44.397,0,NULL,2026-05-30 08:30:44.987,1790,1790,0,CI-Citation
26-042717,2026-05-30 08:01:28.000,22,SAT,30,8,A,DAY,EARLY,POLICE,NOISE COMPLAINT IN PROG,4,Phone,"CRUZ, STEPHANIE",NULL,2026-05-30 08:01:26.000,NULL,2026-05-30 08:02:16.000,50,48,2,2026-05-30 08:50:33.257,2897,2897,0,2026-05-30 08:07:59.000,393,391,2,2026-05-30 08:50:33.257,2947,2947,0,2026-05-30 08:50:33.257,0,-9999,9999,2026-05-30 08:50:34.867,1,1,0,2026-05-30 08:51:04.483,2026-05-30 08:51:04.483,0,NULL,2026-05-30 08:51:04.553,2978,2978,0,NR-No Report
26-042718,2026-05-30 08:01:39.000,22,SAT,30,8,A,DAY,EARLY,POLICE,WARRANT SERVICE,2,Phone,"BONSU, VALERIE","BONSU, VALERIE",2026-05-30 08:01:37.000,2026-05-30 08:09:43.000,2026-05-30 08:03:30.000,113,111,2,2026-05-30 08:10:22.410,412,412,0,2026-05-30 08:05:38.000,241,239,2,2026-05-30 08:10:22.463,525,525,0,2026-05-30 08:10:22.463,0,0,0,2026-05-30 08:37:28.123,1626,1625,1,2026-05-30 09:07:04.213,2026-05-30 10:05:44.463,0,NULL,2026-05-30 10:05:44.517,7447,7447,0,NR-No Report
26-042719,2026-05-30 08:04:49.000,22,SAT,30,8,A,DAY,EARLY,POLICE,PARKING COMPLAINT,4,Phone,"CRUZ, STEPHANIE",NULL,2026-05-30 08:04:47.000,NULL,2026-05-30 08:05:06.000,19,17,2,2026-05-30 08:07:18.077,132,132,0,2026-05-30 08:07:58.000,191,189,2,2026-05-30 08:07:18.077,151,151,0,2026-05-30 08:07:18.077,0,-9999,9999,2026-05-30 08:07:20.050,2,1,1,2026-05-30 08:23:01.743,2026-05-30 08:23:01.743,0,NULL,2026-05-30 08:23:02.060,1094,1094,0,NR-No Report
26-042720,2026-05-30 08:08:03.000,22,SAT,30,8,A,DAY,EARLY,POLICE,ALARM COMMERCIAL,2,Phone,"JONES, DAESHA","BONSU, VALERIE",2026-05-30 08:08:02.000,2026-05-30 08:09:10.000,2026-05-30 08:08:21.000,19,18,1,2026-05-30 08:09:17.560,56,56,0,2026-05-30 08:09:37.000,95,94,1,2026-05-30 08:09:30.020,75,75,0,2026-05-30 08:09:30.020,13,9,4,2026-05-30 08:16:43.063,433,433,0,2026-05-30 08:21:51.833,2026-05-30 08:22:46.917,0,NULL,2026-05-30 08:22:46.997,884,884,0,NR-No Report
26-013155,2026-05-30 08:18:28.260,22,SAT,30,8,A,DAY,EARLY,EMS,MUTUAL ALS,1,C2C,CAD to CAD Service 1,CAD to CAD Service 1,2026-05-30 08:13:28.000,NULL,2026-05-30 08:18:28.573,300,0,300,2026-05-30 08:18:28.637,0,0,0,NULL,NULL,NULL,NULL,2026-05-30 08:18:51.700,300,323,-23,2026-05-30 08:18:51.700,23,0,23,NULL,NULL,-9999,NULL,2026-05-30 08:27:04.703,2026-05-30 08:27:21.977,0,NULL,2026-05-30 08:27:22.023,833,833,0,CAD2CAD
26-042721,2026-05-30 08:23:56.000,22,SAT,30,8,A,DAY,EARLY,POLICE,MISSING PERSON IMMEDIATE,2,E-911,"JONES, DAESHA","BONSU, VALERIE",2026-05-30 08:23:56.000,2026-05-30 08:24:57.000,2026-05-30 08:24:50.000,54,54,0,2026-05-30 08:27:50.480,180,180,0,2026-05-30 08:31:20.000,444,444,0,2026-05-30 08:27:57.030,234,234,0,2026-05-30 08:27:57.030,7,6,1,NULL,NULL,-9999,NULL,NULL,2026-05-30 08:42:26.000,0,NULL,NULL,1110,1110,0,CN-Cancellation
26-042722,2026-05-30 08:29:14.000,22,SAT,30,8,A,DAY,EARLY,POLICE,OFF DUTY DETAIL,8,OFFICER,"JONES, MARCELL L",NULL,2026-05-30 08:29:14.000,2026-05-30 08:29:24.000,2026-05-30 08:29:14.000,0,1,-1,2026-05-30 08:29:14.000,0,0,0,2026-05-30 08:29:14.000,0,NULL,0,2026-05-30 08:29:14.000,0,0,0,2026-05-30 08:29:14.000,0,0,0,2026-05-30 08:29:14.000,0,0,0,2026-05-30 13:12:03.527,2026-05-30 13:12:03.527,0,NULL,2026-05-30 13:12:03.577,16969,16969,0,NR-No Report
26-042724,2026-05-30 08:30:48.000,22,SAT,30,8,A,DAY,EARLY,POLICE,DOMESTIC VIOL NO INJ,1,E-911,"DEWBERRY, RE'KEYA",NULL,2026-05-30 08:30:48.000,2026-05-30 08:31:35.000,2026-05-30 08:31:31.000,43,43,0,2026-05-30 08:31:48.850,17,17,0,2026-05-30 08:35:18.000,270,270,0,2026-05-30 08:31:56.310,60,60,0,2026-05-30 08:31:56.310,8,7,1,2026-05-30 08:36:27.857,271,271,0,2026-05-30 08:33:00.537,2026-05-30 09:38:57.767,0,NULL,2026-05-30 09:38:57.807,4089,4089,0,NR-No Report
26-042729,2026-05-30 08:55:11.000,22,SAT,30,8,A,DAY,EARLY,POLICE,POLICE INFORMATION,4,Radio,"BONSU, VALERIE",NULL,2026-05-30 08:55:11.000,2026-05-30 08:55:14.000,2026-05-30 08:55:11.000,0,0,0,2026-05-30 08:55:11.000,0,0,0,2026-05-30 08:55:11.000,0,0,0,2026-05-30 09:34:21.593,0,0,0,2026-05-30 08:55:11.000,0,0,0,2026-05-30 08:55:11.000,0,0,0,2026-05-30 10:09:33.090,2026-05-30 11:59:47.017,0,NULL,2026-05-30 11:59:47.067,11076,11076,0,RE-Report
26-042731,2026-05-30 09:06:11.000,22,SAT,30,9,A,DAY,EARLY,POLICE,ALARM COMMERCIAL,2,Phone,"JONES, DAESHA","BONSU, VALERIE",2026-05-30 09:06:09.000,2026-05-30 09:10:11.000,2026-05-30 09:06:37.000,28,26,2,2026-05-30 09:10:25.620,228,228,0,2026-05-30 09:07:55.000,106,104,2,2026-05-30 09:13:22.497,256,256,0,2026-05-30 09:13:22.497,177,176,1,NULL,NULL,-9999,NULL,2026-05-30 09:22:27.003,2026-05-30 09:22:27.003,0,NULL,2026-05-30 09:22:27.083,978,978,0,NR-No Report
26-013156,2026-05-30 09:08:14.387,22,SAT,30,9,A,DAY,EARLY,EMS,MUTUAL ALS,1,C2C,CAD to CAD Service 1,CAD to CAD Service 1,2026-05-30 09:07:00.000,NULL,2026-05-30 09:08:14.840,74,0,74,2026-05-30 09:08:14.900,0,0,0,NULL,NULL,NULL,NULL,2026-05-30 09:08:40.553,74,91,-17,2026-05-30 09:08:40.553,26,25,1,2026-05-30 09:14:29.470,349,348,1,2026-05-30 09:24:17.760,2026-05-30 09:56:34.447,0,NULL,2026-05-30 09:56:34.477,2974,2974,0,CAD2CAD
26-042736,2026-05-30 09:26:06.000,22,SAT,30,9,A,DAY,EARLY,POLICE,GLA RECOVERY IN PROG,2,Phone,"JONES, DAESHA","BONSU, VALERIE",2026-05-30 09:26:04.000,2026-05-30 09:28:59.000,2026-05-30 09:28:53.000,169,167,2,2026-05-30 09:49:00.263,1207,1207,0,2026-05-30 09:31:13.000,309,307,2,2026-05-30 09:49:10.283,1376,1376,0,2026-05-30 09:49:10.283,10,10,0,2026-05-30 09:56:59.530,469,469,0,2026-05-30 10:22:04.007,2026-05-30 12:34:11.577,0,NULL,2026-05-30 12:34:11.577,11287,11288,-1,RE-Report
26-042735,2026-05-30 09:27:16.000,22,SAT,30,9,A,DAY,EARLY,POLICE,ALARM COMMERCIAL,2,Phone,"DEWBERRY, RE'KEYA","BONSU, VALERIE",2026-05-30 09:27:14.000,2026-05-30 09:29:07.000,2026-05-30 09:27:45.000,31,29,2,2026-05-30 09:29:16.653,91,91,0,2026-05-30 09:29:08.000,114,112,2,2026-05-30 09:29:53.287,122,122,0,2026-05-30 09:29:53.287,37,0,37,2026-05-30 09:29:53.307,0,0,0,2026-05-30 09:31:23.767,2026-05-30 09:37:19.167,0,NULL,2026-05-30 09:37:19.227,605,605,0,FALSE-False Alarm
26-042737,2026-05-30 09:34:54.000,22,SAT,30,9,A,DAY,EARLY,POLICE,OFF DUTY DETAIL,8,OFFICER,"OPSUT, ROBERT J",NULL,2026-05-30 09:34:54.000,NULL,2026-05-30 09:34:54.000,0,1,-1,2026-05-30 09:34:54.000,0,0,0,2026-05-30 09:34:54.000,0,NULL,0,2026-05-30 09:34:54.000,0,0,0,2026-05-30 09:34:54.000,0,0,0,2026-05-30 09:34:54.000,0,0,0,2026-05-30 09:36:28.273,2026-05-30 09:36:28.273,0,NULL,2026-05-30 09:36:28.333,94,94,0,NR-No Report
26-042738,2026-05-30 09:36:42.000,22,SAT,30,9,A,DAY,EARLY,POLICE,OFF DUTY DETAIL,8,OFFICER,"OPSUT, ROBERT J",NULL,2026-05-30 09:36:42.000,2026-05-30 09:40:02.000,2026-05-30 09:36:42.000,0,1,-1,2026-05-30 09:36:42.000,0,0,0,2026-05-30 09:36:42.000,0,NULL,0,2026-05-30 09:36:42.000,0,0,0,2026-05-30 09:36:42.000,0,0,0,2026-05-30 09:36:42.000,0,0,0,2026-05-30 13:51:05.790,2026-05-30 13:51:05.790,0,NULL,2026-05-30 13:51:05.823,15263,15263,0,NR-No Report
26-042742,2026-05-30 09:41:57.000,22,SAT,30,9,A,DAY,EARLY,POLICE,PARKING COMPLAINT,3,Phone,"JONES, DAESHA",NULL,2026-05-30 09:41:55.000,2026-05-30 10:43:12.000,2026-05-30 09:42:31.000,36,34,2,2026-05-30 10:34:36.200,3125,3125,0,2026-05-30 09:43:15.000,80,78,2,2026-05-30 10:34:36.200,3161,3161,0,2026-05-30 10:34:36.200,0,0,0,2026-05-30 10:42:14.893,458,458,0,2026-05-30 12:01:26.277,2026-05-30 12:01:26.277,0,NULL,2026-05-30 12:01:27.393,8371,8371,0,CI-Citation
26-042745,2026-05-30 10:03:53.000,22,SAT,30,10,A,DAY,MIDS,POLICE,MVC PROPERTY DAMAGE,2,Phone,"JONES, DAESHA","DEWBERRY, RE'KEYA",2026-05-30 10:03:51.000,2026-05-30 10:04:28.000,2026-05-30 10:04:25.000,34,32,2,2026-05-30 10:22:06.343,1061,1061,0,2026-05-30 10:05:57.000,126,124,2,2026-05-30 10:22:22.397,1095,1095,0,2026-05-30 10:22:22.397,16,16,0,2026-05-30 10:33:17.637,655,655,0,2026-05-30 11:24:18.557,2026-05-30 11:24:18.557,0,NULL,2026-05-30 11:24:18.630,4827,4827,0,NR-No Report
26-042747,2026-05-30 10:07:27.000,22,SAT,30,10,A,DAY,MIDS,POLICE,PARKING COMPLAINT,4,Phone,"WALKER, LATITIA",NULL,2026-05-30 10:07:26.000,2026-05-30 12:36:30.000,2026-05-30 10:08:25.000,59,58,1,2026-05-30 13:49:52.867,13287,13287,0,2026-05-30 10:09:17.000,111,110,1,2026-05-30 13:49:52.867,13346,13346,0,2026-05-30 13:49:52.867,0,-9999,9999,2026-05-30 13:56:45.013,413,412,1,2026-05-30 14:03:13.663,2026-05-30 14:03:13.663,0,NULL,2026-05-30 14:03:14.503,14147,14147,0,CI-Citation
26-042748,2026-05-30 10:09:30.000,22,SAT,30,10,A,DAY,MIDS,POLICE,PARKING COMPLAINT,4,Phone,"WALKER, LATITIA",NULL,2026-05-30 10:09:28.000,NULL,2026-05-30 10:10:50.000,82,80,2,2026-05-30 10:22:28.540,698,698,0,2026-05-30 10:10:59.000,91,89,2,2026-05-30 10:22:28.540,780,780,0,2026-05-30 10:22:28.540,0,0,0,2026-05-30 10:30:53.090,505,504,1,2026-05-30 10:34:29.723,2026-05-30 10:34:29.723,0,NULL,2026-05-30 10:34:29.870,1501,1501,0,NR-No Report
26-042749,2026-05-30 10:10:43.000,22,SAT,30,10,A,DAY,MIDS,POLICE,DISORDERLY CONDUCT,2,Phone,"JONES, DAESHA","BONSU, VALERIE",2026-05-30 10:10:41.000,2026-05-30 10:11:21.000,2026-05-30 10:11:18.000,37,35,2,2026-05-30 10:13:21.720,123,123,0,2026-05-30 10:12:43.000,122,120,2,2026-05-30 10:13:25.023,160,160,0,2026-05-30 10:13:25.023,4,3,1,2026-05-30 10:18:37.563,312,312,0,2026-05-30 10:28:05.360,2026-05-30 10:28:33.467,0,NULL,2026-05-30 10:28:33.543,1072,1072,0,NR-No Report
26-013157,2026-05-30 10:14:42.950,22,SAT,30,10,A,DAY,MIDS,EMS,MUTUAL ALS,1,C2C,CAD to CAD Service 1,CAD to CAD Service 1,2026-05-30 10:11:34.000,NULL,2026-05-30 10:14:43.357,189,0,189,2026-05-30 10:14:43.417,0,0,0,NULL,NULL,NULL,NULL,2026-05-30 10:15:30.947,189,209,-20,2026-05-30 10:15:30.947,47,0,47,2026-05-30 10:19:28.457,238,237,1,2026-05-30 10:16:15.677,2026-05-30 11:34:41.260,0,NULL,2026-05-30 11:34:41.290,4987,4987,0,CAD2CAD
26-042751,2026-05-30 10:17:48.000,22,SAT,30,10,A,DAY,MIDS,POLICE,ALARM RESIDENTIAL,2,Phone,"CRUZ, STEPHANIE","DEWBERRY, RE'KEYA",2026-05-30 10:17:46.000,2026-05-30 10:18:59.000,2026-05-30 10:18:12.000,26,24,2,2026-05-30 10:22:57.593,285,285,0,2026-05-30 10:19:36.000,110,108,2,2026-05-30 10:24:26.427,311,311,0,2026-05-30 10:24:26.427,89,88,1,NULL,NULL,-9999,NULL,2026-05-30 10:25:14.183,2026-05-30 10:25:14.183,0,NULL,2026-05-30 10:25:14.247,448,448,0,FALSE-False Alarm
26-042754,2026-05-30 10:26:49.000,22,SAT,30,10,A,DAY,MIDS,POLICE,TROUBLE UNKNOWN NO EMS,2,E-911,"WALKER, LATITIA","DEWBERRY, RE'KEYA",2026-05-30 10:26:49.000,2026-05-30 10:28:47.000,2026-05-30 10:28:41.000,112,112,0,2026-05-30 10:29:02.287,21,21,0,2026-05-30 10:29:13.000,144,144,0,2026-05-30 10:29:04.750,133,133,0,2026-05-30 10:29:04.750,2,2,0,2026-05-30 10:37:33.997,509,509,0,2026-05-30 11:00:53.503,2026-05-30 11:02:21.693,0,NULL,2026-05-30 11:02:21.760,2132,2132,0,NR-No Report
26-013158,2026-05-30 10:29:50.000,22,SAT,30,10,A,DAY,MIDS,EMS,FACILITY BLS,3,E-911,"JONES, DAESHA",Automatic Dispatch,2026-05-30 10:29:50.000,2026-05-30 10:31:02.000,2026-05-30 10:30:56.000,66,66,0,2026-05-30 10:30:58.800,2,2,0,2026-05-30 10:34:39.000,289,289,0,2026-05-30 10:31:44.933,68,68,0,2026-05-30 10:31:44.933,46,46,0,2026-05-30 10:37:04.947,320,320,0,2026-05-30 10:57:02.793,2026-05-30 11:28:55.140,0,NULL,2026-05-30 11:28:55.140,3545,3545,0,UNDEFINED
26-042756,2026-05-30 10:32:04.000,22,SAT,30,10,A,DAY,MIDS,POLICE,PARKING COMPLAINT,3,Phone,"WALKER, LATITIA",NULL,2026-05-30 10:32:02.000,NULL,2026-05-30 10:32:55.000,53,51,2,2026-05-30 12:01:30.860,5315,5315,0,2026-05-30 10:32:55.000,53,51,2,2026-05-30 12:01:30.860,5368,5368,0,2026-05-30 12:01:30.860,0,-9999,9999,2026-05-30 12:07:29.000,359,358,1,2026-05-30 12:08:35.050,2026-05-30 12:08:35.050,0,NULL,2026-05-30 12:08:35.577,5793,5793,0,NR-No Report
26-042758,2026-05-30 10:36:29.000,22,SAT,30,10,A,DAY,MIDS,POLICE,TRAFFIC STOP,2,OFFICER,"YOUNG, JAMES K",NULL,2026-05-30 10:36:29.000,2026-05-30 10:36:46.000,2026-05-30 10:36:29.000,0,1,-1,2026-05-30 10:36:29.000,0,0,0,2026-05-30 10:36:29.000,0,NULL,0,2026-05-30 10:36:29.000,0,0,0,2026-05-30 10:36:29.000,0,0,0,2026-05-30 10:36:29.000,0,0,0,2026-05-30 10:43:29.470,2026-05-30 10:43:29.470,0,NULL,2026-05-30 10:43:29.503,420,420,0,CI-Citation
26-013159,2026-05-30 10:39:35.000,22,SAT,30,10,A,DAY,MIDS,EMS,FALL BLS,3,E-911,"JONES, DAESHA",Automatic Dispatch,2026-05-30 10:39:35.000,2026-05-30 10:40:30.000,2026-05-30 10:40:25.000,50,50,0,2026-05-30 10:40:27.903,2,2,0,2026-05-30 10:42:14.000,159,159,0,2026-05-30 10:41:16.487,52,52,0,2026-05-30 10:41:16.487,49,48,1,2026-05-30 10:45:15.277,239,238,1,2026-05-30 10:55:01.030,2026-05-30 12:12:43.070,0,NULL,2026-05-30 12:12:43.120,5588,5588,0,CAD2CAD
26-042762,2026-05-30 10:52:44.000,22,SAT,30,10,A,DAY,MIDS,POLICE,PROPERTY FOUND,4,Radio,"BONSU, VALERIE","BONSU, VALERIE",2026-05-30 10:52:42.000,2026-05-30 11:45:33.000,2026-05-30 10:53:54.000,72,70,2,2026-05-30 12:10:57.410,4623,4623,0,2026-05-30 10:56:48.000,246,244,2,2026-05-30 12:11:01.223,4695,4695,0,2026-05-30 12:11:01.223,4,3,1,2026-05-30 12:23:03.063,722,721,1,2026-05-30 13:45:19.803,2026-05-30 13:45:19.803,0,NULL,2026-05-30 13:45:19.893,10357,10357,0,RE-Report
26-013160,2026-05-30 10:59:46.000,22,SAT,30,10,A,DAY,MIDS,FIRE,FIRE ALARM,3,Text,"WALKER, LATITIA",Automatic Dispatch,2026-05-30 10:59:44.000,2026-05-30 11:02:20.000,2026-05-30 11:00:04.000,20,18,2,2026-05-30 11:00:06.647,2,2,0,2026-05-30 11:00:42.000,58,56,2,2026-05-30 11:00:23.007,22,22,0,2026-05-30 11:00:23.007,17,16,1,2026-05-30 11:05:01.217,278,278,0,2026-05-30 11:07:00.963,2026-05-30 11:07:00.963,0,NULL,2026-05-30 11:07:01.210,436,436,0,UNDEFINED
26-013161,2026-05-30 11:02:44.000,22,SAT,30,11,A,DAY,MIDS,FIRE,FIRE ALARM,3,Text,"WALKER, LATITIA",Automatic Dispatch,2026-05-30 11:02:42.000,2026-05-30 11:03:46.000,2026-05-30 11:03:02.000,20,18,2,2026-05-30 11:03:04.653,2,2,0,2026-05-30 11:03:55.000,73,71,2,2026-05-30 11:04:02.400,22,22,0,2026-05-30 11:04:02.400,58,57,1,NULL,NULL,-9999,NULL,2026-05-30 11:15:59.613,2026-05-30 11:15:59.613,0,NULL,2026-05-30 11:15:59.803,797,797,0,UNDEFINED
26-013162,2026-05-30 11:08:20.920,22,SAT,30,11,A,DAY,MIDS,EMS,MUTUAL ALS,1,C2C,CAD to CAD Service 1,CAD to CAD Service 1,2026-05-30 11:07:40.000,NULL,2026-05-30 11:08:21.280,41,0,41,2026-05-30 11:08:21.390,0,0,0,NULL,NULL,NULL,NULL,2026-05-30 11:09:11.087,41,-9999,10040,2026-05-30 11:09:11.087,50,49,1,2026-05-30 11:16:47.740,456,456,0,2026-05-30 11:30:56.830,2026-05-30 11:49:08.793,0,NULL,2026-05-30 11:49:08.893,2488,2488,0,UNDEFINED
26-042767,2026-05-30 11:09:28.000,22,SAT,30,11,A,DAY,MIDS,POLICE,TRAFFIC STOP,2,OFFICER,"YOUNG, JAMES K",NULL,2026-05-30 11:09:28.000,2026-05-30 11:09:38.000,2026-05-30 11:09:28.000,0,0,0,2026-05-30 11:09:28.000,0,0,0,2026-05-30 11:09:28.000,0,NULL,0,2026-05-30 11:09:28.000,0,0,0,2026-05-30 11:09:28.000,0,0,0,2026-05-30 11:09:28.000,0,0,0,2026-05-30 11:15:47.713,2026-05-30 11:15:47.713,0,NULL,2026-05-30 11:15:47.800,379,379,0,CI-Citation
26-013163,2026-05-30 11:11:52.000,22,SAT,30,11,A,DAY,MIDS,EMS,BLS EMERGENCY,3,E-911,"WALKER, LATITIA",Automatic Dispatch,2026-05-30 11:11:52.000,2026-05-30 11:13:31.000,2026-05-30 11:12:37.000,45,45,0,2026-05-30 11:12:39.683,2,2,0,2026-05-30 11:14:20.000,148,148,0,2026-05-30 11:14:20.103,47,47,0,2026-05-30 11:14:20.103,101,100,1,2026-05-30 11:22:06.080,466,465,1,2026-05-30 12:08:01.150,2026-05-30 12:08:01.150,0,NULL,2026-05-30 12:08:01.180,3369,3369,0,CAD2CAD
26-042772,2026-05-30 11:19:52.000,22,SAT,30,11,A,DAY,MIDS,POLICE,ANIMAL COMPLAINT,3,Phone,"BONSU, VALERIE","BONSU, VALERIE",2026-05-30 11:19:50.000,2026-05-30 11:25:15.000,2026-05-30 11:22:32.000,162,160,2,2026-05-30 11:26:20.543,228,228,0,2026-05-30 11:22:37.000,167,165,2,2026-05-30 11:26:20.590,390,390,0,2026-05-30 11:26:20.590,0,0,0,NULL,NULL,-9999,NULL,2026-05-30 11:26:22.887,2026-05-30 11:26:22.887,0,NULL,2026-05-30 11:26:22.923,392,392,0,ACOR-Animal Control Report
26-042771,2026-05-30 11:21:28.000,22,SAT,30,11,A,DAY,MIDS,POLICE,ANIMAL COMPLAINT,4,Radio,"DEWBERRY, RE'KEYA","DEWBERRY, RE'KEYA",2026-05-30 11:21:27.000,NULL,2026-05-30 11:21:41.000,14,13,1,2026-05-30 11:21:46.020,5,5,0,2026-05-30 11:21:48.000,21,20,1,2026-05-30 11:21:46.063,19,19,0,2026-05-30 11:21:46.063,0,0,0,2026-05-30 11:21:51.187,5,5,0,2026-05-30 11:30:14.667,2026-05-30 11:30:14.667,0,NULL,2026-05-30 11:30:14.713,527,527,0,ACONR-Animal Control No Report
26-042773,2026-05-30 11:23:05.000,22,SAT,30,11,A,DAY,MIDS,POLICE,PARKING COMPLAINT,3,Phone,"WALKER, LATITIA",NULL,2026-05-30 11:23:03.000,2026-05-30 12:15:45.000,2026-05-30 11:23:27.000,24,22,2,2026-05-30 12:08:44.207,2717,2717,0,2026-05-30 11:24:02.000,59,57,2,2026-05-30 12:08:44.207,2741,2741,0,2026-05-30 12:08:44.207,0,-9999,9999,2026-05-30 12:15:17.700,393,393,0,2026-05-30 13:49:30.047,2026-05-30 13:49:30.047,0,NULL,2026-05-30 13:49:30.967,8787,8787,0,CI-Citation
26-042774,2026-05-30 11:24:11.000,22,SAT,30,11,A,DAY,MIDS,POLICE,TRAFFIC STOP,2,OFFICER,"YOUNG, JAMES K",NULL,2026-05-30 11:24:11.000,2026-05-30 11:24:16.000,2026-05-30 11:24:11.000,0,1,-1,2026-05-30 11:24:11.000,0,0,0,2026-05-30 11:24:11.000,0,NULL,0,2026-05-30 11:24:11.000,0,0,0,2026-05-30 11:24:11.000,0,0,0,2026-05-30 11:24:11.000,0,0,0,2026-05-30 11:28:52.767,2026-05-30 11:28:52.767,0,NULL,2026-05-30 11:28:52.787,281,281,0,CI-Citation
26-042775,2026-05-30 11:29:40.000,22,SAT,30,11,A,DAY,MIDS,POLICE,DISORDERLY CONDUCT,2,Phone,"BONSU, VALERIE","DEWBERRY, RE'KEYA",2026-05-30 11:29:38.000,2026-05-30 11:32:36.000,2026-05-30 11:31:16.000,98,96,2,2026-05-30 11:32:51.270,95,95,0,2026-05-30 11:46:30.000,1012,1010,2,2026-05-30 11:33:05.450,193,193,0,2026-05-30 11:33:05.450,14,14,0,2026-05-30 11:36:58.910,233,233,0,2026-05-30 11:44:01.070,2026-05-30 11:58:42.190,0,NULL,2026-05-30 11:58:42.317,1744,1744,0,NR-No Report
26-042776,2026-05-30 11:37:21.000,22,SAT,30,11,A,DAY,MIDS,POLICE,ASSIST CITIZEN PROMPT,3,Phone,"JONES, DAESHA","DEWBERRY, RE'KEYA",2026-05-30 11:37:19.000,2026-05-30 11:39:57.000,2026-05-30 11:38:03.000,44,42,2,2026-05-30 11:40:14.353,131,131,0,2026-05-30 11:38:47.000,88,86,2,2026-05-30 11:40:51.087,175,175,0,2026-05-30 11:40:51.087,37,36,1,NULL,NULL,-9999,NULL,NULL,2026-05-30 11:57:58.000,0,NULL,NULL,1239,1239,0,NR-No Report
26-042778,2026-05-30 11:43:51.000,22,SAT,30,11,A,DAY,MIDS,POLICE,DOMESTIC VIOL MINOR INJ,2,E-911,"JONES, DAESHA",NULL,2026-05-30 11:43:50.000,2026-05-30 11:44:57.000,2026-05-30 11:44:51.000,61,60,1,2026-05-30 11:45:56.160,65,65,0,2026-05-30 11:47:58.000,248,247,1,2026-05-30 11:45:56.233,126,126,0,2026-05-30 11:45:56.233,0,0,0,2026-05-30 11:46:25.873,29,29,0,2026-05-30 11:49:30.903,2026-05-30 17:48:15.437,0,NULL,2026-05-30 17:48:15.503,21865,21865,0,RE-Report
26-042779,2026-05-30 11:51:34.000,22,SAT,30,11,A,DAY,MIDS,POLICE,TRAFFIC STOP,2,OFFICER,"YOUNG, JAMES K",NULL,2026-05-30 11:51:34.000,2026-05-30 11:51:41.000,2026-05-30 11:51:34.000,0,0,0,2026-05-30 11:51:34.000,0,0,0,2026-05-30 11:51:34.000,0,NULL,0,2026-05-30 11:51:34.000,0,0,0,2026-05-30 11:51:34.000,0,0,0,2026-05-30 11:51:34.000,0,0,0,2026-05-30 11:57:21.753,2026-05-30 11:57:21.753,0,NULL,2026-05-30 11:57:21.800,347,347,0,CI-Citation
26-013164,2026-05-30 11:56:15.000,22,SAT,30,11,A,DAY,MIDS,EMS,BLS EMERGENCY,3,E-911,"BONSU, VALERIE",Automatic Dispatch,2026-05-30 11:56:15.000,2026-05-30 11:57:54.000,2026-05-30 11:56:58.000,43,43,0,2026-05-30 11:57:00.917,2,2,0,2026-05-30 12:02:28.000,373,373,0,2026-05-30 11:58:08.097,45,45,0,2026-05-30 11:58:08.097,68,67,1,2026-05-30 12:04:56.937,408,408,0,2026-05-30 12:50:56.743,2026-05-30 12:50:56.743,0,NULL,2026-05-30 12:50:56.787,3281,3281,0,UNDEFINED
26-042780,2026-05-30 11:58:41.000,22,SAT,30,11,A,DAY,MIDS,POLICE,OFF DUTY DETAIL,8,OFFICER,"WILLIAMS, VINCENT E",NULL,2026-05-30 11:58:41.000,2026-05-30 11:58:45.000,2026-05-30 11:58:41.000,0,1,-1,2026-05-30 11:58:41.000,0,0,0,2026-05-30 11:58:41.000,0,NULL,0,2026-05-30 11:58:41.000,0,0,0,2026-05-30 11:58:41.000,0,0,0,2026-05-30 11:58:41.000,0,0,0,2026-05-30 18:06:36.050,2026-05-30 20:59:52.543,0,NULL,2026-05-30 20:59:52.567,32471,32471,0,NR-No Report
26-013165,2026-05-30 11:59:38.000,22,SAT,30,11,A,DAY,MIDS,EMS,HEART PROBLEMS ALS 1,1,E-911,"JONES, DAESHA","ALLEN, TIANA",2026-05-30 11:59:37.000,2026-05-30 12:02:19.000,2026-05-30 12:01:08.000,91,90,1,2026-05-30 12:01:10.900,2,2,0,2026-05-30 12:04:10.000,273,272,1,2026-05-30 12:03:31.413,93,93,0,2026-05-30 12:03:31.413,141,140,1,2026-05-30 12:04:45.277,74,73,1,2026-05-30 12:26:12.133,2026-05-30 13:24:00.410,0,NULL,2026-05-30 13:24:00.510,5063,5063,0,UNDEFINED
26-042782,2026-05-30 12:15:36.000,22,SAT,30,12,A,DAY,MIDS,POLICE,PARKING COMPLAINT,4,Phone,"DEWBERRY, RE'KEYA",NULL,2026-05-30 12:15:34.000,NULL,2026-05-30 12:15:57.000,23,21,2,2026-05-30 13:59:48.553,6231,6231,0,2026-05-30 12:16:55.000,81,79,2,2026-05-30 13:59:48.553,6254,6254,0,2026-05-30 13:59:48.553,0,0,0,2026-05-30 14:12:47.553,779,778,1,2026-05-30 14:14:53.837,2026-05-30 14:14:53.837,0,NULL,2026-05-30 14:14:54.333,7159,7159,0,NR-No Report
26-042784,2026-05-30 12:19:10.000,22,SAT,30,12,A,DAY,MIDS,POLICE,FLAG DOWN,2,OFFICER,"GIRGIS, VIOLETTE I",NULL,2026-05-30 12:19:10.000,2026-05-30 12:19:21.000,2026-05-30 12:19:10.000,0,1,-1,2026-05-30 12:19:10.000,0,0,0,2026-05-30 12:19:10.000,0,NULL,0,2026-05-30 12:19:10.000,0,0,0,2026-05-30 12:19:10.000,0,0,0,2026-05-30 12:19:10.000,0,0,0,NULL,2026-05-30 12:19:40.000,0,NULL,NULL,30,30,0,NR-No Report
26-042786,2026-05-30 12:22:45.000,22,SAT,30,12,A,DAY,MIDS,POLICE,LARCENY COMMERCIAL DELAY,3,Phone,"ALLEN, TIANA",NULL,2026-05-30 12:22:44.000,2026-05-30 12:23:50.000,2026-05-30 12:23:18.000,34,33,1,2026-05-30 12:33:46.843,628,628,0,2026-05-30 12:29:31.000,407,406,1,2026-05-30 12:33:46.887,662,662,0,2026-05-30 12:33:46.887,0,0,0,2026-05-30 12:40:54.513,428,427,1,2026-05-30 14:31:47.690,2026-05-30 14:31:47.690,0,NULL,2026-05-30 14:31:47.727,7743,7743,0,RE-Report
26-042789,2026-05-30 12:27:56.000,22,SAT,30,12,A,DAY,MIDS,POLICE,MVC PROPERTY DAMAGE,2,E-911,"CRUZ, STEPHANIE","BONSU, VALERIE",2026-05-30 12:27:56.000,2026-05-30 12:32:04.000,2026-05-30 12:30:13.000,137,137,0,2026-05-30 12:30:51.730,38,38,0,2026-05-30 12:31:44.000,228,228,0,2026-05-30 12:30:51.853,175,175,0,2026-05-30 12:30:51.853,0,0,0,2026-05-30 12:42:11.140,680,679,1,2026-05-30 12:58:46.493,2026-05-30 12:58:46.493,0,NULL,2026-05-30 12:58:46.563,1850,1850,0,NR-No Report
26-042790,2026-05-30 12:29:52.000,22,SAT,30,12,A,DAY,MIDS,POLICE,TRAFFIC COMPLAINT,4,Phone,"ALLEN, TIANA","BONSU, VALERIE",2026-05-30 12:29:50.000,2026-05-30 12:38:24.000,2026-05-30 12:30:46.000,56,54,2,2026-05-30 12:39:09.190,503,503,0,2026-05-30 12:31:14.000,84,82,2,2026-05-30 12:39:20.593,559,559,0,2026-05-30 12:39:20.593,11,11,0,2026-05-30 12:49:19.757,599,599,0,2026-05-30 12:52:44.940,2026-05-30 12:52:44.940,0,NULL,2026-05-30 12:52:45.020,1374,1374,0,NR-No Report
26-042792,2026-05-30 12:36:31.000,22,SAT,30,12,A,DAY,MIDS,POLICE,TRESPASSING IN PROG,2,Phone,"DEWBERRY, RE'KEYA","BONSU, VALERIE",2026-05-30 12:36:29.000,2026-05-30 12:37:46.000,2026-05-30 12:37:09.000,40,38,2,2026-05-30 12:37:55.290,46,46,0,2026-05-30 12:38:55.000,146,144,2,2026-05-30 12:38:15.847,86,86,0,2026-05-30 12:38:15.847,20,20,0,2026-05-30 12:40:41.653,146,145,1,2026-05-30 13:02:16.793,2026-05-30 13:02:32.190,0,NULL,2026-05-30 13:02:32.190,1563,1563,0,NR-No Report
26-042793,2026-05-30 12:38:07.000,22,SAT,30,12,A,DAY,MIDS,POLICE,ANIMAL DECEASED,3,Phone,"WALKER, LATITIA","WALKER, LATITIA",2026-05-30 12:38:05.000,2026-05-30 12:48:23.000,2026-05-30 12:39:08.000,63,61,2,2026-05-30 12:49:23.903,615,615,0,2026-05-30 12:39:52.000,107,105,2,2026-05-30 12:49:38.930,678,678,0,2026-05-30 12:49:38.930,15,15,0,2026-05-30 13:03:24.027,826,825,1,2026-05-30 13:17:19.577,2026-05-30 13:17:19.577,0,NULL,2026-05-30 13:17:19.613,2354,2354,0,ACOR-Animal Control Report
26-042794,2026-05-30 12:42:17.000,22,SAT,30,12,A,DAY,MIDS,POLICE,MVC PROPERTY DAMAGE,2,E-911,"WALKER, LATITIA","BONSU, VALERIE",2026-05-30 12:42:17.000,2026-05-30 12:43:32.000,2026-05-30 12:42:45.000,28,28,0,2026-05-30 12:44:37.673,112,112,0,2026-05-30 12:43:41.000,84,84,0,2026-05-30 12:44:51.243,140,140,0,2026-05-30 12:44:51.243,14,13,1,2026-05-30 12:54:43.303,592,592,0,2026-05-30 13:50:05.120,2026-05-30 14:33:30.457,0,NULL,2026-05-30 14:33:30.500,6673,6673,0,NR-No Report
26-042796,2026-05-30 12:51:42.000,22,SAT,30,12,A,DAY,MIDS,POLICE,DISORDERLY CONDUCT,2,E-911,"CRUZ, STEPHANIE","BONSU, VALERIE",2026-05-30 12:51:42.000,2026-05-30 12:54:25.000,2026-05-30 12:54:06.000,144,144,0,2026-05-30 12:57:55.393,229,229,0,2026-05-30 12:58:01.000,379,379,0,2026-05-30 12:58:03.330,373,373,0,2026-05-30 12:58:03.330,8,7,1,2026-05-30 13:01:51.907,228,228,0,2026-05-30 12:58:00.960,2026-05-30 14:06:26.183,0,NULL,2026-05-30 14:06:26.267,4484,4484,0,NR-No Report
26-042797,2026-05-30 12:58:54.000,22,SAT,30,12,A,DAY,MIDS,POLICE,ASSIST CITIZEN PROMPT,3,Radio,"BONSU, VALERIE","BONSU, VALERIE",2026-05-30 12:58:54.000,2026-05-30 12:58:57.000,2026-05-30 12:58:54.000,0,0,0,2026-05-30 12:58:54.000,0,0,0,2026-05-30 12:58:54.000,0,0,0,2026-05-30 12:59:01.430,0,0,0,2026-05-30 12:58:54.000,0,0,0,2026-05-30 12:58:54.000,0,0,0,2026-05-30 13:05:48.953,2026-05-30 13:14:50.453,0,NULL,2026-05-30 13:14:50.563,956,956,0,NR-No Report
26-013166,2026-05-30 13:12:07.267,22,SAT,30,13,A,DAY,MIDS,EMS,MUTUAL BLS,1,C2C,CAD to CAD Service 1,CAD to CAD Service 1,2026-05-30 13:09:51.000,NULL,2026-05-30 13:12:07.563,136,0,136,2026-05-30 13:12:07.593,0,0,0,NULL,NULL,NULL,NULL,2026-05-30 13:12:46.507,136,194,-58,2026-05-30 13:12:46.507,39,27,12,2026-05-30 13:16:45.273,239,238,1,2026-05-30 13:13:36.427,2026-05-30 14:18:58.453,0,NULL,2026-05-30 14:18:58.483,4147,4147,0,CAD2CAD
26-042801,2026-05-30 13:12:42.000,22,SAT,30,13,A,DAY,MIDS,POLICE,LOCKOUT NO EMS NEEDED,2,E-911,"ALLEN, TIANA","WALKER, LATITIA",2026-05-30 13:12:42.000,2026-05-30 13:16:23.000,2026-05-30 13:14:49.000,127,127,0,2026-05-30 13:19:14.220,265,265,0,2026-05-30 13:18:06.000,324,324,0,2026-05-30 13:19:26.877,392,392,0,2026-05-30 13:19:26.877,12,12,0,2026-05-30 13:21:57.650,151,150,1,2026-05-30 13:33:16.873,2026-05-30 13:33:16.873,0,NULL,2026-05-30 13:33:16.943,1234,1234,0,RE-Report
26-013167,2026-05-30 13:12:44.000,22,SAT,30,13,A,DAY,MIDS,EMS,TROUBLE BREATHING ALS 1,1,E-911,"DEWBERRY, RE'KEYA",Automatic Dispatch,2026-05-30 13:12:44.000,2026-05-30 13:13:34.000,2026-05-30 13:13:28.000,44,44,0,2026-05-30 13:13:30.553,2,2,0,2026-05-30 13:15:25.000,161,161,0,2026-05-30 13:14:29.347,46,46,0,2026-05-30 13:14:29.347,59,58,1,2026-05-30 13:18:11.980,222,222,0,2026-05-30 13:28:21.080,2026-05-30 13:59:30.713,0,NULL,2026-05-30 13:59:30.790,2806,2806,0,UNDEFINED
26-042805,2026-05-30 13:25:08.000,22,SAT,30,13,A,DAY,MIDS,POLICE,MVC HIT/RUN NO INJURY,2,E-911,"ALLEN, TIANA","BONSU, VALERIE",2026-05-30 13:25:08.000,2026-05-30 13:28:15.000,2026-05-30 13:26:41.000,93,93,0,2026-05-30 13:31:24.870,283,283,0,2026-05-30 13:31:10.000,362,362,0,2026-05-30 13:32:00.403,376,376,0,2026-05-30 13:32:00.403,36,35,1,2026-05-30 13:39:36.210,456,455,1,2026-05-30 13:59:46.497,2026-05-30 15:47:45.883,0,NULL,2026-05-30 15:47:45.883,8557,8557,0,RE-Report
26-013168,2026-05-30 13:26:34.000,22,SAT,30,13,A,DAY,MIDS,EMS,UNKNOWN MEDICAL ALS 1,1,E-911,"JONES, DAESHA","FOSTER, KANESHA",2026-05-30 13:26:34.000,2026-05-30 13:26:47.000,2026-05-30 13:26:34.000,0,NULL,0,2026-05-30 13:26:37.247,3,3,0,2026-05-30 13:26:34.000,0,0,0,2026-05-30 13:27:40.823,3,2,1,2026-05-30 13:27:40.823,63,63,0,2026-05-30 13:30:47.480,187,186,1,2026-05-30 13:28:14.630,2026-05-30 13:32:38.707,0,NULL,2026-05-30 13:32:38.813,364,363,1,UNDEFINED
26-042806,2026-05-30 13:29:27.000,22,SAT,30,13,A,DAY,MIDS,POLICE,TRAFFIC STOP,2,OFFICER,"WEIDMAN, STEPHEN A",NULL,2026-05-30 13:29:27.000,2026-05-30 13:32:25.000,2026-05-30 13:29:27.000,0,1,-1,2026-05-30 13:29:27.000,0,0,0,2026-05-30 13:29:27.000,0,NULL,0,2026-05-30 13:29:27.000,0,0,0,2026-05-30 13:29:27.000,0,0,0,2026-05-30 13:29:27.000,0,0,0,2026-05-30 13:34:53.333,2026-05-30 13:34:53.333,0,NULL,2026-05-30 13:34:53.357,326,326,0,NR-No Report
26-042810,2026-05-30 13:32:06.000,22,SAT,30,13,A,DAY,MIDS,POLICE,TRAFFIC STOP,2,OFFICER,"YOUNG, JAMES K",NULL,2026-05-30 13:32:06.000,2026-05-30 13:32:14.000,2026-05-30 13:32:06.000,0,1,-1,2026-05-30 13:32:06.000,0,0,0,2026-05-30 13:32:06.000,0,NULL,0,2026-05-30 13:32:06.000,0,0,0,2026-05-30 13:32:06.000,0,0,0,2026-05-30 13:32:06.000,0,0,0,2026-05-30 13:38:23.000,2026-05-30 13:38:23.000,0,NULL,2026-05-30 13:38:23.020,377,376,1,CI-Citation
26-013169,2026-05-30 13:32:42.000,22,SAT,30,13,A,DAY,MIDS,FIRE,OUTSIDE FIRE,3,Flag Down,"JONES, DAESHA",Automatic Dispatch,2026-05-30 13:32:41.000,2026-05-30 13:34:09.000,2026-05-30 13:33:11.000,30,29,1,2026-05-30 13:33:12.840,1,1,0,2026-05-30 13:34:37.000,116,115,1,2026-05-30 13:33:58.813,31,31,0,2026-05-30 13:33:58.813,46,45,1,2026-05-30 13:36:49.180,171,170,1,2026-05-30 13:42:57.570,2026-05-30 13:42:57.570,0,NULL,2026-05-30 13:42:57.633,616,616,0,CAD2CAD
26-042818,2026-05-30 13:52:29.000,22,SAT,30,13,A,DAY,MIDS,POLICE,PARKING COMPLAINT,4,Phone,"WALKER, LATITIA",NULL,2026-05-30 13:52:27.000,NULL,2026-05-30 13:52:49.000,22,20,2,2026-05-30 14:02:34.563,585,585,0,2026-05-30 13:52:59.000,32,30,2,2026-05-30 14:02:34.563,607,607,0,2026-05-30 14:02:34.563,0,0,0,2026-05-30 14:19:00.373,986,985,1,2026-05-30 14:27:54.033,2026-05-30 14:27:54.033,0,NULL,2026-05-30 14:27:54.933,2127,2127,0,CI-Citation
26-042819,2026-05-30 13:54:34.000,22,SAT,30,13,A,DAY,MIDS,POLICE,TRAFFIC STOP,2,OFFICER,"YOUNG, JAMES K",NULL,2026-05-30 13:54:34.000,2026-05-30 13:54:39.000,2026-05-30 13:54:34.000,0,1,-1,2026-05-30 13:54:34.000,0,0,0,2026-05-30 13:54:34.000,0,NULL,0,2026-05-30 13:54:34.000,0,0,0,2026-05-30 13:54:34.000,0,0,0,2026-05-30 13:54:34.000,0,0,0,2026-05-30 14:00:25.773,2026-05-30 14:00:25.773,0,NULL,2026-05-30 14:00:25.800,351,351,0,CI-Citation
26-042820,2026-05-30 13:55:44.000,22,SAT,30,13,A,DAY,MIDS,POLICE,TRAFFIC STOP,2,OFFICER,"WEIDMAN, STEPHEN A",NULL,2026-05-30 13:55:44.000,2026-05-30 13:55:47.000,2026-05-30 13:55:44.000,0,1,-1,2026-05-30 13:55:44.000,0,0,0,2026-05-30 13:55:44.000,0,NULL,0,2026-05-30 13:55:44.000,0,0,0,2026-05-30 13:55:44.000,0,0,0,2026-05-30 13:55:44.000,0,0,0,2026-05-30 14:02:58.840,2026-05-30 14:02:58.840,0,NULL,2026-05-30 14:02:58.940,434,434,0,NR-No Report
26-042825,2026-05-30 14:04:44.000,22,SAT,30,14,A,DAY,LATE,POLICE,POLICE INFORMATION,4,Phone,"LEWIS, LESLIE","DEWBERRY, RE'KEYA",2026-05-30 14:04:44.000,2026-05-30 14:10:15.000,2026-05-30 14:10:04.000,320,320,0,2026-05-30 14:54:09.890,2645,2645,0,2026-05-30 14:10:06.000,322,322,0,2026-05-30 14:54:13.377,2965,2965,0,2026-05-30 14:54:13.377,4,3,1,2026-05-30 15:03:12.927,539,539,0,2026-05-30 17:40:18.847,2026-05-30 17:41:20.297,0,NULL,2026-05-30 17:41:20.367,12996,12996,0,RE-Report
26-042824,2026-05-30 14:07:27.000,22,SAT,30,14,A,DAY,LATE,POLICE,PARKING COMPLAINT,4,Phone,"JONES, DAESHA",NULL,2026-05-30 14:07:25.000,NULL,2026-05-30 14:08:05.000,40,38,2,2026-05-30 14:15:07.177,422,422,0,2026-05-30 14:08:20.000,55,53,2,2026-05-30 14:15:07.177,462,462,0,2026-05-30 14:15:07.177,0,-9999,9999,2026-05-30 14:50:40.273,2133,2133,0,2026-05-30 14:53:11.647,2026-05-30 14:53:11.647,0,NULL,2026-05-30 14:53:11.960,2746,2746,0,NR-No Report
26-042823,2026-05-30 14:07:30.000,22,SAT,30,14,A,DAY,LATE,POLICE,TRAFFIC STOP,2,OFFICER,"YOUNG, JAMES K",NULL,2026-05-30 14:07:30.000,2026-05-30 14:07:38.000,2026-05-30 14:07:30.000,0,1,-1,2026-05-30 14:07:30.000,0,0,0,2026-05-30 14:07:30.000,0,NULL,0,2026-05-30 14:07:30.000,0,0,0,2026-05-30 14:07:30.000,0,0,0,2026-05-30 14:07:30.000,0,0,0,2026-05-30 14:13:23.937,2026-05-30 14:13:23.937,0,NULL,2026-05-30 14:13:23.960,353,353,0,CI-Citation
26-013173,2026-05-30 14:13:36.000,22,SAT,30,14,A,DAY,LATE,EMS,UNCONSCIOUS ALS 2,1,E-911,"JONES, DAESHA",Automatic Dispatch,2026-05-30 14:13:35.000,2026-05-30 14:14:43.000,2026-05-30 14:14:39.000,64,63,1,2026-05-30 14:14:41.783,2,2,0,2026-05-30 14:18:42.000,307,306,1,2026-05-30 14:15:51.847,66,66,0,2026-05-30 14:15:51.847,70,70,0,2026-05-30 14:19:15.983,204,204,0,2026-05-30 14:41:47.620,2026-05-30 14:47:11.470,0,NULL,2026-05-30 14:47:11.530,2016,2016,0,UNDEFINED
26-042827,2026-05-30 14:25:32.000,22,SAT,30,14,A,DAY,LATE,POLICE,ASSIST CITIZEN PROMPT,3,Phone,"JONES, DAESHA","DEWBERRY, RE'KEYA",2026-05-30 14:25:30.000,2026-05-30 14:26:01.000,2026-05-30 14:25:55.000,25,23,2,2026-05-30 14:36:01.237,606,606,0,2026-05-30 14:27:41.000,131,129,2,2026-05-30 14:36:01.283,631,631,0,2026-05-30 14:36:01.283,0,0,0,2026-05-30 15:01:10.350,1509,1509,0,2026-05-30 15:09:20.587,2026-05-30 15:09:20.587,0,NULL,2026-05-30 15:09:20.620,2630,2630,0,NR-No Report
26-042828,2026-05-30 14:27:58.000,22,SAT,30,14,A,DAY,LATE,POLICE,TRAFFIC STOP,2,OFFICER,"YOUNG, JAMES K",NULL,2026-05-30 14:27:58.000,2026-05-30 14:28:01.000,2026-05-30 14:27:58.000,0,1,-1,2026-05-30 14:27:58.000,0,0,0,2026-05-30 14:27:58.000,0,NULL,0,2026-05-30 14:27:58.000,0,0,0,2026-05-30 14:27:58.000,0,0,0,2026-05-30 14:27:58.000,0,0,0,2026-05-30 14:37:46.167,2026-05-30 14:37:46.167,0,NULL,2026-05-30 14:37:46.200,588,588,0,CI-Citation
26-042831,2026-05-30 14:31:13.000,22,SAT,30,14,A,DAY,LATE,POLICE,DISORDERLY CONDUCT,2,E-911,"JONES, DAESHA",NULL,2026-05-30 14:31:12.000,2026-05-30 14:32:13.000,2026-05-30 14:32:08.000,56,55,1,2026-05-30 14:32:31.137,23,23,0,2026-05-30 14:33:50.000,158,157,1,2026-05-30 14:32:35.087,79,79,0,2026-05-30 14:32:35.087,4,3,1,2026-05-30 14:40:07.000,452,451,1,2026-05-30 14:33:39.740,2026-05-30 15:00:44.653,0,NULL,2026-05-30 15:00:44.660,1772,1772,0,NR-No Report
26-013174,2026-05-30 14:44:54.000,22,SAT,30,14,A,DAY,LATE,FIRE,FIRE ALARM,3,Text,"WALKER, LATITIA","FOSTER, KANESHA",2026-05-30 14:44:52.000,2026-05-30 14:45:20.000,2026-05-30 14:45:09.000,17,15,2,2026-05-30 14:45:11.470,2,2,0,2026-05-30 14:46:01.000,69,67,2,2026-05-30 14:46:31.493,19,19,0,2026-05-30 14:46:31.493,80,80,0,2026-05-30 14:48:41.570,130,130,0,2026-05-30 15:20:54.227,2026-05-30 15:25:00.860,0,NULL,2026-05-30 15:25:00.937,2408,2408,0,UNDEFINED
26-042832,2026-05-30 14:46:24.000,22,SAT,30,14,A,DAY,LATE,POLICE,TRAFFIC STOP,2,OFFICER,"WEIDMAN, STEPHEN A",NULL,2026-05-30 14:46:24.000,2026-05-30 14:46:31.000,2026-05-30 14:46:24.000,0,1,-1,2026-05-30 14:46:24.000,0,0,0,2026-05-30 14:46:24.000,0,NULL,0,2026-05-30 14:46:24.000,0,0,0,2026-05-30 14:46:24.000,0,0,0,2026-05-30 14:46:24.000,0,0,0,2026-05-30 14:49:36.937,2026-05-30 14:49:36.937,0,NULL,2026-05-30 14:49:37.010,192,192,0,NR-No Report
26-013175,2026-05-30 14:46:51.000,22,SAT,30,14,A,DAY,LATE,EMS,FALL BLS,3,E-911,"JONES, DAESHA","FOSTER, KANESHA",2026-05-30 14:46:51.000,2026-05-30 14:47:41.000,2026-05-30 14:47:36.000,45,45,0,2026-05-30 14:47:38.563,2,2,0,2026-05-30 14:49:38.000,167,167,0,2026-05-30 14:47:54.210,47,47,0,2026-05-30 14:47:54.210,16,15,1,2026-05-30 14:50:17.220,143,143,0,2026-05-30 14:48:47.790,2026-05-30 15:47:55.377,0,NULL,2026-05-30 15:47:55.480,3664,3664,0,UNDEFINED
26-042833,2026-05-30 14:53:15.000,22,SAT,30,14,A,DAY,LATE,POLICE,PARKING COMPLAINT,4,Phone,"LEWIS, LESLIE",NULL,2026-05-30 14:53:13.000,NULL,2026-05-30 14:53:52.000,39,37,2,2026-05-30 14:54:56.987,64,65,-1,2026-05-30 14:53:53.000,40,38,2,2026-05-30 14:54:57.290,103,104,-1,2026-05-30 14:54:56.987,0,-9999,9999,2026-05-30 15:02:49.630,473,472,1,2026-05-30 14:55:06.413,2026-05-30 15:15:16.293,0,NULL,2026-05-30 15:15:16.837,1323,1323,0,NR-No Report
26-013176,2026-05-30 14:57:22.000,22,SAT,30,14,A,DAY,LATE,EMS,UNKNOWN MEDICAL ALS 1,1,E-911,"JONES, DAESHA","FOSTER, KANESHA",2026-05-30 14:57:22.000,2026-05-30 14:58:18.000,2026-05-30 14:58:10.000,48,48,0,2026-05-30 14:58:13.080,3,3,0,2026-05-30 15:01:05.000,223,223,0,2026-05-30 14:59:47.073,51,51,0,2026-05-30 14:59:47.073,94,93,1,2026-05-30 15:02:49.523,182,182,0,2026-05-30 15:08:12.320,2026-05-30 15:48:31.243,0,NULL,2026-05-30 15:48:31.333,3069,3069,0,UNDEFINED
26-042836,2026-05-30 14:58:34.000,22,SAT,30,14,A,DAY,LATE,POLICE,POLICE INFORMATION,4,E-911,"LEWIS, LESLIE","LEWIS, LESLIE",2026-05-30 14:58:33.000,2026-05-30 16:42:25.000,2026-05-30 15:03:03.000,270,269,1,2026-05-30 16:03:45.720,3642,3642,0,2026-05-30 15:03:13.000,280,279,1,2026-05-30 16:03:51.950,3912,3912,0,2026-05-30 16:03:51.950,6,6,0,2026-05-30 16:19:55.143,964,963,1,2026-05-30 17:19:50.143,2026-05-30 16:20:16.000,1,2026-05-30 16:21:16.760,2026-05-30 21:35:31.657,4903,23818,-18915,RE-Report
26-042838,2026-05-30 15:06:54.000,22,SAT,30,15,A,DAY,LATE,POLICE,ASSIST FIRE - EMERGENCY,2,E-911,"FOSTER, KANESHA",NULL,2026-05-30 15:06:54.000,2026-05-30 15:07:02.000,2026-05-30 15:06:54.000,0,NULL,0,2026-05-30 15:07:45.087,51,51,0,2026-05-30 15:06:54.000,0,0,0,2026-05-30 15:07:49.623,51,50,1,2026-05-30 15:07:49.623,4,4,0,2026-05-30 15:15:09.563,440,439,1,2026-05-30 16:35:02.303,2026-05-30 18:36:25.477,0,NULL,2026-05-30 18:36:25.543,12571,12570,1,RE-Report
26-042839,2026-05-30 15:07:18.000,22,SAT,30,15,A,DAY,LATE,POLICE,TRAFFIC STOP,2,OFFICER,"YOUNG, JAMES K",NULL,2026-05-30 15:07:18.000,2026-05-30 15:08:05.000,2026-05-30 15:07:18.000,0,1,-1,2026-05-30 15:07:18.000,0,0,0,2026-05-30 15:07:18.000,0,NULL,0,2026-05-30 15:07:18.000,0,0,0,2026-05-30 15:07:18.000,0,0,0,2026-05-30 15:07:18.000,0,0,0,2026-05-30 15:12:36.567,2026-05-30 15:12:36.567,0,NULL,2026-05-30 15:12:36.657,318,318,0,CI-Citation
26-042840,2026-05-30 15:07:38.000,22,SAT,30,15,A,DAY,LATE,POLICE,PARKING COMPLAINT,4,Phone,"WALKER, LATITIA",NULL,2026-05-30 15:07:36.000,NULL,2026-05-30 15:08:13.000,37,35,2,2026-05-30 15:15:27.007,434,434,0,2026-05-30 15:08:26.000,50,48,2,2026-05-30 15:15:27.007,471,471,0,2026-05-30 15:15:27.007,0,-9999,9999,2026-05-30 15:18:14.377,167,167,0,2026-05-30 15:31:30.013,2026-05-30 15:31:30.013,0,NULL,2026-05-30 15:31:30.847,1434,1434,0,CI-Citation
26-042842,2026-05-30 15:07:43.000,22,SAT,30,15,A,DAY,LATE,POLICE,PARKING COMPLAINT,4,Phone,"LEWIS, LESLIE",NULL,2026-05-30 15:07:41.000,NULL,2026-05-30 15:09:05.000,84,82,2,2026-05-30 15:11:33.000,148,148,0,2026-05-30 15:09:07.000,86,84,2,2026-05-30 15:11:33.000,232,232,0,2026-05-30 15:11:33.000,0,0,0,2026-05-30 15:32:25.490,1252,1252,0,2026-05-30 15:45:31.163,2026-05-30 15:45:31.163,0,NULL,2026-05-30 15:45:32.147,2270,2270,0,CI-Citation
26-042843,2026-05-30 15:13:22.000,22,SAT,30,15,A,DAY,LATE,POLICE,ASSAULT NO INJURY IN PROG,2,E-911,"JONES, DAESHA",NULL,2026-05-30 15:13:21.000,2026-05-30 15:16:04.000,2026-05-30 15:15:42.000,141,140,1,2026-05-30 15:21:38.593,356,356,0,2026-05-30 15:22:13.000,532,531,1,2026-05-30 15:21:39.283,497,497,0,2026-05-30 15:21:39.283,1,0,1,2026-05-30 15:21:39.283,0,0,0,2026-05-30 15:26:27.723,2026-05-30 22:11:59.197,0,NULL,2026-05-30 22:11:59.217,25118,25118,0,RE-Report
26-042844,2026-05-30 15:19:00.000,22,SAT,30,15,A,DAY,LATE,POLICE,PARKING COMPLAINT,4,Phone,"BONSU, VALERIE",NULL,2026-05-30 15:18:58.000,2026-05-30 15:25:55.000,2026-05-30 15:22:00.000,182,180,2,2026-05-30 15:31:34.673,574,574,0,2026-05-30 15:22:04.000,186,184,2,2026-05-30 15:31:34.673,756,756,0,2026-05-30 15:31:34.673,0,-9999,9999,2026-05-30 15:47:23.117,949,948,1,2026-05-30 15:54:16.213,2026-05-30 15:54:16.213,0,NULL,2026-05-30 15:54:16.547,2118,2118,0,CI-Citation
26-042845,2026-05-30 15:22:01.000,22,SAT,30,15,A,DAY,LATE,POLICE,SUSPICIOUS EVENT,2,Phone,"WALKER, LATITIA","DEWBERRY, RE'KEYA",2026-05-30 15:22:00.000,2026-05-30 15:23:52.000,2026-05-30 15:23:44.000,104,103,1,2026-05-30 15:24:37.723,53,53,0,2026-05-30 15:24:07.000,127,126,1,2026-05-30 15:24:43.023,157,157,0,2026-05-30 15:24:43.023,6,5,1,2026-05-30 15:31:15.597,392,392,0,2026-05-30 16:01:49.830,2026-05-30 16:01:49.820,0,NULL,2026-05-30 16:01:49.820,2389,2389,0,NR-No Report
26-042847,2026-05-30 15:25:19.000,22,SAT,30,15,A,DAY,LATE,POLICE,TRAFFIC STOP,2,OFFICER,"YOUNG, JAMES K",NULL,2026-05-30 15:25:19.000,2026-05-30 15:25:26.000,2026-05-30 15:25:19.000,0,1,-1,2026-05-30 15:25:19.000,0,0,0,2026-05-30 15:25:19.000,0,NULL,0,2026-05-30 15:25:19.000,0,0,0,2026-05-30 15:25:19.000,0,0,0,2026-05-30 15:25:19.000,0,0,0,2026-05-30 15:29:51.187,2026-05-30 15:29:51.187,0,NULL,2026-05-30 15:29:51.220,272,272,0,CI-Citation
26-013177,2026-05-30 15:25:44.000,22,SAT,30,15,A,DAY,LATE,FIRE,FIRE ALARM,3,Text,"JONES, DAESHA",Automatic Dispatch,2026-05-30 15:25:42.000,2026-05-30 15:26:08.000,2026-05-30 15:25:57.000,15,13,2,2026-05-30 15:26:00.170,3,3,0,2026-05-30 15:31:55.000,373,371,2,2026-05-30 15:26:32.023,18,18,0,2026-05-30 15:26:32.023,32,31,1,2026-05-30 15:34:58.133,506,506,0,2026-05-30 15:38:07.790,2026-05-30 15:38:07.790,0,NULL,2026-05-30 15:38:07.963,745,745,0,UNDEFINED
26-042870,2026-05-30 15:26:36.000,22,SAT,30,15,A,DAY,LATE,POLICE,LARCENY COMM IN PROG,2,E-911,"LEWIS, LESLIE",NULL,2026-05-30 15:26:36.000,2026-05-30 16:17:05.000,2026-05-30 16:15:16.000,2920,2920,0,2026-05-30 16:25:04.500,588,588,0,2026-05-30 16:18:30.000,3114,3114,0,2026-05-30 16:25:06.433,3508,3508,0,2026-05-30 16:25:06.433,2,1,1,2026-05-30 16:33:19.903,493,493,0,2026-05-30 16:26:11.243,2026-05-30 22:45:56.720,0,NULL,2026-05-30 22:45:56.803,26360,26360,0,RE-Report
26-042851,2026-05-30 15:35:18.000,22,SAT,30,15,A,DAY,LATE,POLICE,MVC PROPERTY DAMAGE,2,Phone,"BONSU, VALERIE","DEWBERRY, RE'KEYA",2026-05-30 15:35:18.000,2026-05-30 15:37:02.000,2026-05-30 15:36:42.000,84,84,0,2026-05-30 15:37:15.447,33,33,0,2026-05-30 15:37:00.000,102,102,0,2026-05-30 15:37:18.133,117,117,0,2026-05-30 15:37:18.133,3,2,1,2026-05-30 15:45:32.897,494,494,0,2026-05-30 16:42:52.227,2026-05-30 16:42:52.227,0,NULL,2026-05-30 16:42:52.333,4054,4054,0,NR-No Report
26-042850,2026-05-30 15:35:55.000,22,SAT,30,15,A,DAY,LATE,POLICE,PARKING COMPLAINT,4,OFFICER,"WALKER, LATITIA",NULL,2026-05-30 15:35:54.000,NULL,2026-05-30 15:36:34.000,40,39,1,2026-05-30 15:49:58.607,804,804,0,2026-05-30 15:36:38.000,44,43,1,2026-05-30 15:49:58.607,844,844,0,2026-05-30 15:49:58.607,0,0,0,2026-05-30 15:50:01.017,3,2,1,2026-05-30 16:04:08.250,2026-05-30 16:04:08.250,0,NULL,2026-05-30 16:04:09.257,1694,1694,0,CI-Citation
26-042852,2026-05-30 15:37:14.000,22,SAT,30,15,A,DAY,LATE,POLICE,SUSPICIOUS EVENT,2,E-911,"JONES, DAESHA","DEWBERRY, RE'KEYA",2026-05-30 15:37:14.000,2026-05-30 15:38:21.000,2026-05-30 15:38:15.000,61,61,0,2026-05-30 15:40:41.370,146,146,0,2026-05-30 15:42:56.000,342,342,0,2026-05-30 15:40:44.377,207,207,0,2026-05-30 15:40:44.377,3,3,0,2026-05-30 15:44:17.623,213,213,0,2026-05-30 16:00:32.043,2026-05-30 16:03:54.573,0,NULL,2026-05-30 16:03:54.633,1600,1600,0,NR-No Report
26-042853,2026-05-30 15:39:19.000,22,SAT,30,15,A,DAY,LATE,POLICE,HAZARD,2,Phone,"WALKER, LATITIA","BONSU, VALERIE",2026-05-30 15:39:17.000,2026-05-30 16:34:28.000,2026-05-30 15:40:07.000,50,48,2,2026-05-30 16:17:48.563,2261,2261,0,2026-05-30 15:40:29.000,72,70,2,2026-05-30 16:17:48.607,2311,2311,0,2026-05-30 16:17:48.607,0,0,0,2026-05-30 16:32:29.630,881,881,0,2026-05-30 16:37:08.197,2026-05-30 16:37:08.197,0,NULL,2026-05-30 16:37:08.233,3471,3471,0,NR-No Report
26-042854,2026-05-30 15:45:11.000,22,SAT,30,15,A,DAY,LATE,POLICE,TRAFFIC STOP,2,OFFICER,"YOUNG, JAMES K",NULL,2026-05-30 15:45:11.000,2026-05-30 15:45:28.000,2026-05-30 15:45:11.000,0,0,0,2026-05-30 15:45:11.000,0,0,0,2026-05-30 15:45:11.000,0,NULL,0,2026-05-30 15:45:11.000,0,0,0,2026-05-30 15:45:11.000,0,0,0,2026-05-30 15:45:11.000,0,0,0,2026-05-30 15:51:11.423,2026-05-30 15:51:11.423,0,NULL,2026-05-30 15:51:11.450,360,360,0,CI-Citation
26-042865,2026-05-30 15:46:47.000,22,SAT,30,15,A,DAY,LATE,POLICE,POLICE INFORMATION,4,E-911,"BONSU, VALERIE","BONSU, VALERIE",2026-05-30 15:46:46.000,2026-05-30 16:00:55.000,2026-05-30 15:59:10.000,744,743,1,2026-05-30 16:00:48.840,98,98,0,2026-05-30 16:01:04.000,858,857,1,2026-05-30 16:01:04.713,842,842,0,2026-05-30 16:01:04.713,16,15,1,2026-05-30 16:01:04.713,0,0,0,2026-05-30 17:23:00.643,2026-05-30 17:23:00.643,0,NULL,2026-05-30 17:23:00.727,5774,5774,0,RE-Report
26-042857,2026-05-30 15:48:06.000,22,SAT,30,15,A,DAY,LATE,POLICE,OFF DUTY DETAIL,8,OFFICER,"WALL, RACHEL L",NULL,2026-05-30 15:48:06.000,2026-05-30 15:48:50.000,2026-05-30 15:48:06.000,0,2,-2,2026-05-30 15:48:06.000,0,0,0,2026-05-30 15:48:06.000,0,NULL,0,2026-05-30 15:48:06.000,0,0,0,2026-05-30 15:48:06.000,0,0,0,2026-05-30 15:48:06.000,0,0,0,2026-05-30 20:01:15.490,2026-05-31 00:07:08.370,0,NULL,2026-05-31 00:07:08.457,29942,29942,0,NR-No Report
26-013178,2026-05-30 15:50:08.000,22,SAT,30,15,A,DAY,LATE,FIRE,VEHICLE FIRE,1,Phone,"JONES, DAESHA",Automatic Dispatch,2026-05-30 15:50:07.000,2026-05-30 15:50:51.000,2026-05-30 15:50:46.000,39,38,1,2026-05-30 15:50:47.663,1,1,0,2026-05-30 15:55:04.000,297,296,1,2026-05-30 15:51:51.023,40,40,0,2026-05-30 15:51:51.023,64,63,1,2026-05-30 15:56:06.220,255,255,0,2026-05-30 16:10:59.580,2026-05-30 16:10:59.580,0,NULL,2026-05-30 16:10:59.710,1252,1252,0,UNDEFINED
26-042861,2026-05-30 15:50:42.000,22,SAT,30,15,A,DAY,LATE,POLICE,DISORDERLY CONDUCT,2,E-911,"BONSU, VALERIE","DEWBERRY, RE'KEYA",2026-05-30 15:50:41.000,2026-05-30 15:52:54.000,2026-05-30 15:52:38.000,117,116,1,2026-05-30 15:53:42.997,64,64,0,2026-05-30 15:55:59.000,318,317,1,2026-05-30 15:53:54.750,181,181,0,2026-05-30 15:53:54.750,12,-9999,10011,2026-05-30 15:57:52.793,238,238,0,2026-05-30 16:19:17.147,2026-05-30 16:21:37.730,0,NULL,2026-05-30 16:21:37.780,1856,1856,0,NR-No Report
26-042859,2026-05-30 15:50:46.000,22,SAT,30,15,A,DAY,LATE,POLICE,ASSIST FIRE - PROMPT,3,Radio,"JONES, DAESHA","DEWBERRY, RE'KEYA",2026-05-30 15:50:46.000,2026-05-30 15:51:16.000,2026-05-30 15:50:46.000,0,NULL,0,2026-05-30 16:00:06.170,560,560,0,2026-05-30 15:50:46.000,0,0,0,2026-05-30 16:00:06.237,560,560,0,2026-05-30 16:00:06.237,0,0,0,NULL,NULL,-9999,NULL,2026-05-30 17:01:58.847,2026-05-30 17:01:58.847,0,NULL,2026-05-30 17:01:58.900,4272,4272,0,NR-No Report
26-042860,2026-05-30 15:51:40.000,22,SAT,30,15,A,DAY,LATE,POLICE,PARKING COMPLAINT,4,Phone,"WALKER, LATITIA",NULL,2026-05-30 15:51:39.000,NULL,2026-05-30 15:52:23.000,44,43,1,2026-05-30 15:54:21.210,118,118,0,2026-05-30 15:52:29.000,50,49,1,2026-05-30 15:54:21.210,162,162,0,2026-05-30 15:54:21.210,0,0,0,2026-05-30 16:05:34.690,673,673,0,2026-05-30 16:25:34.973,2026-05-30 16:25:34.973,0,NULL,2026-05-30 16:25:39.013,2035,2035,0,CI-Citation
26-042862,2026-05-30 15:53:27.000,22,SAT,30,15,A,DAY,LATE,POLICE,ALARM COMMERCIAL,2,Phone,"LEWIS, LESLIE","DEWBERRY, RE'KEYA",2026-05-30 15:53:26.000,2026-05-30 15:55:38.000,2026-05-30 15:55:25.000,119,118,1,2026-05-30 15:56:13.290,48,48,0,2026-05-30 15:55:38.000,132,131,1,2026-05-30 15:57:37.713,167,167,0,2026-05-30 15:57:37.713,84,84,0,2026-05-30 16:09:28.127,711,710,1,2026-05-30 16:21:35.120,2026-05-30 16:21:35.120,0,NULL,2026-05-30 16:21:35.200,1689,1689,0,FALSE-False Alarm
26-042864,2026-05-30 15:57:12.000,22,SAT,30,15,A,DAY,LATE,POLICE,LARCENY COMMERCIAL DELAY,4,Phone,"WALKER, LATITIA",NULL,2026-05-30 15:57:10.000,2026-05-30 15:59:35.000,2026-05-30 15:57:31.000,21,19,2,2026-05-30 16:31:57.250,2066,2066,0,2026-05-30 15:59:05.000,115,113,2,2026-05-30 16:32:00.107,2087,2087,0,2026-05-30 16:32:00.107,3,2,1,2026-05-30 16:38:10.737,370,370,0,2026-05-30 20:06:31.203,2026-05-30 20:06:31.203,0,NULL,2026-05-30 20:06:31.267,14961,14961,0,RE-Report
26-042868,2026-05-30 16:07:04.000,22,SAT,30,16,A,DAY,LATE,POLICE,TRAFFIC STOP,2,OFFICER,"YOUNG, JAMES K",NULL,2026-05-30 16:07:04.000,2026-05-30 16:07:15.000,2026-05-30 16:07:04.000,0,0,0,2026-05-30 16:07:04.000,0,0,0,2026-05-30 16:07:04.000,0,NULL,0,2026-05-30 16:07:04.000,0,0,0,2026-05-30 16:07:04.000,0,0,0,2026-05-30 16:07:04.000,0,0,0,2026-05-30 16:20:08.513,2026-05-30 16:20:08.513,0,NULL,2026-05-30 16:20:08.517,784,784,0,CI-Citation
26-013179,2026-05-30 16:13:30.000,22,SAT,30,16,A,DAY,LATE,FIRE,MVC AUTO,2,E-911,"CRUZ, STEPHANIE","FOSTER, KANESHA",2026-05-30 16:13:29.000,2026-05-30 16:16:23.000,2026-05-30 16:16:15.000,166,165,1,2026-05-30 16:16:17.247,2,2,0,2026-05-30 16:25:33.000,724,723,1,2026-05-30 16:16:53.373,168,168,0,2026-05-30 16:16:53.373,36,-9999,10035,2026-05-30 16:23:52.163,419,418,1,2026-05-30 16:19:11.400,2026-05-30 16:28:26.040,0,NULL,2026-05-30 16:28:26.110,897,897,0,UNDEFINED
26-013180,2026-05-30 16:16:28.000,22,SAT,30,16,A,DAY,LATE,FIRE,L.A.R. SECONDARY RESPONSE,2,E-911,"FOSTER, KANESHA",Automatic Dispatch,2026-05-30 16:16:26.000,2026-05-30 16:17:38.000,2026-05-30 16:16:51.000,25,23,2,2026-05-30 16:16:52.890,1,1,0,2026-05-30 16:16:55.000,29,27,2,2026-05-30 16:18:05.540,26,26,0,2026-05-30 16:18:05.540,73,72,1,2026-05-30 16:24:23.973,378,378,0,2026-05-30 16:27:27.797,2026-05-30 16:27:27.797,0,NULL,2026-05-30 16:28:44.170,661,661,0,UNDEFINED
26-013181,2026-05-30 16:16:43.000,22,SAT,30,16,A,DAY,LATE,EMS,FACILITY BLS,3,E-911,"WALKER, LATITIA","FOSTER, KANESHA",2026-05-30 16:16:43.000,2026-05-30 16:20:39.000,2026-05-30 16:17:36.000,53,53,0,2026-05-30 16:17:38.793,2,2,0,2026-05-30 16:19:28.000,165,165,0,2026-05-30 16:19:26.357,55,55,0,2026-05-30 16:19:26.357,108,107,1,2026-05-30 16:24:00.793,274,274,0,2026-05-30 16:19:00.330,2026-05-30 18:09:44.773,0,NULL,2026-05-30 18:09:44.833,6781,6781,0,UNDEFINED
26-042872,2026-05-30 16:20:32.000,22,SAT,30,16,A,DAY,LATE,POLICE,OFF DUTY DETAIL,8,OFFICER,"RUSH, BYRON B.",NULL,2026-05-30 16:20:32.000,2026-05-30 16:20:36.000,2026-05-30 16:20:32.000,0,1,-1,2026-05-30 16:20:32.000,0,0,0,2026-05-30 16:20:32.000,0,NULL,0,2026-05-30 16:20:32.000,0,0,0,2026-05-30 16:20:32.000,0,0,0,2026-05-30 16:20:32.000,0,0,0,2026-05-30 19:47:56.333,2026-05-30 20:12:01.143,0,NULL,2026-05-30 20:12:01.177,13889,13889,0,NR-No Report
26-042873,2026-05-30 16:22:29.000,22,SAT,30,16,A,DAY,LATE,POLICE,TRAFFIC STOP,2,OFFICER,"YOUNG, JAMES K",NULL,2026-05-30 16:22:29.000,2026-05-30 16:22:37.000,2026-05-30 16:22:29.000,0,1,-1,2026-05-30 16:22:29.000,0,0,0,2026-05-30 16:22:29.000,0,NULL,0,2026-05-30 16:22:29.000,0,0,0,2026-05-30 16:22:29.000,0,0,0,2026-05-30 16:22:29.000,0,0,0,2026-05-30 16:35:42.290,2026-05-30 16:35:42.290,0,NULL,2026-05-30 16:35:42.327,793,793,0,CI-Citation
26-042874,2026-05-30 16:24:25.000,22,SAT,30,16,A,DAY,LATE,POLICE,TRAFFIC STOP,2,OFFICER,"BONSU, VALERIE",NULL,2026-05-30 16:24:25.000,NULL,2026-05-30 16:24:25.000,0,0,0,2026-05-30 16:24:25.000,0,0,0,2026-05-30 16:24:25.000,0,0,0,2026-05-30 16:37:11.720,0,0,0,2026-05-30 16:24:25.000,0,0,0,2026-05-30 16:24:25.000,0,0,0,2026-05-30 16:42:53.287,2026-05-30 16:42:53.287,0,NULL,2026-05-30 16:42:53.300,1108,1108,0,NR-No Report
26-013182,2026-05-30 16:27:26.000,22,SAT,30,16,A,DAY,LATE,EMS,FALL BLS,3,E-911,"JONES, DAESHA",Automatic Dispatch,2026-05-30 16:27:26.000,2026-05-30 16:28:11.000,2026-05-30 16:27:59.000,33,33,0,2026-05-30 16:28:01.890,2,2,0,2026-05-30 16:30:04.000,158,158,0,2026-05-30 16:29:02.087,35,35,0,2026-05-30 16:29:02.087,61,60,1,2026-05-30 16:37:25.843,503,503,0,2026-05-30 17:02:04.370,2026-05-30 17:02:04.370,0,NULL,2026-05-30 17:02:04.433,2078,2078,0,UNDEFINED
26-042875,2026-05-30 16:28:11.000,22,SAT,30,16,A,DAY,LATE,POLICE,WALK IN HQ LOBBY,3,Phone,"WALKER, LATITIA","BONSU, VALERIE",2026-05-30 16:28:08.000,2026-05-30 16:31:20.000,2026-05-30 16:29:03.000,55,52,3,2026-05-30 16:31:32.897,149,149,0,2026-05-30 16:34:24.000,376,373,3,2026-05-30 16:31:37.067,204,204,0,2026-05-30 16:31:37.067,5,4,1,NULL,NULL,-9999,NULL,2026-05-30 16:46:33.970,2026-05-30 16:46:33.970,0,NULL,2026-05-30 16:46:34.047,1105,1105,0,NR-No Report
26-042877,2026-05-30 16:35:32.000,22,SAT,30,16,A,DAY,LATE,POLICE,PARKING COMPLAINT,4,E-911,"LEWIS, LESLIE",NULL,2026-05-30 16:35:32.000,NULL,2026-05-30 16:41:56.000,384,384,0,2026-05-30 16:42:30.557,34,34,0,2026-05-30 16:41:57.000,385,385,0,2026-05-30 16:42:30.557,418,418,0,2026-05-30 16:42:30.557,0,-9999,9999,2026-05-30 17:00:10.663,1060,1060,0,2026-05-30 17:05:31.373,2026-05-30 18:04:49.227,0,NULL,2026-05-30 18:05:08.597,5357,5357,0,CI-Citation
26-013183,2026-05-30 16:36:36.000,22,SAT,30,16,A,DAY,LATE,EMS,BLS EMERGENCY,3,E-911,"JONES, DAESHA",Automatic Dispatch,2026-05-30 16:36:34.000,2026-05-30 16:38:29.000,2026-05-30 16:38:23.000,109,107,2,2026-05-30 16:38:25.457,2,2,0,2026-05-30 16:51:48.000,914,912,2,2026-05-30 16:39:07.113,111,111,0,2026-05-30 16:39:07.113,42,41,1,2026-05-30 16:43:18.210,251,251,0,2026-05-30 18:07:04.827,2026-05-30 18:07:04.827,0,NULL,2026-05-30 18:07:04.893,5430,5430,0,UNDEFINED
26-042879,2026-05-30 16:42:00.000,22,SAT,30,16,A,DAY,LATE,POLICE,MENTAL HEALTH CASE,2,Phone,"WALKER, LATITIA",NULL,2026-05-30 16:41:59.000,2026-05-30 16:46:07.000,2026-05-30 16:45:31.000,212,211,1,2026-05-30 16:52:32.190,421,421,0,2026-05-30 16:46:02.000,243,242,1,2026-05-30 16:52:35.957,633,633,0,2026-05-30 16:52:35.957,3,3,0,2026-05-30 16:52:35.957,0,0,0,2026-05-30 16:52:51.670,2026-05-31 06:43:17.073,0,NULL,2026-05-31 06:43:17.110,50478,50478,0,SUP-Supplement
26-042880,2026-05-30 16:42:06.000,22,SAT,30,16,A,DAY,LATE,POLICE,ALARM COMMERCIAL,2,E-911,"WALKER, LATITIA","BONSU, VALERIE",2026-05-30 16:42:06.000,2026-05-30 16:50:12.000,2026-05-30 16:46:53.000,287,287,0,2026-05-30 16:50:30.710,217,217,0,2026-05-30 16:47:31.000,325,325,0,2026-05-30 16:50:33.607,504,504,0,2026-05-30 16:50:33.577,3,2,1,2026-05-30 16:59:08.650,515,515,0,2026-05-30 16:51:00.347,2026-05-30 17:23:26.040,0,NULL,2026-05-30 17:23:26.070,2480,2480,0,NR-No Report
26-042884,2026-05-30 17:09:59.000,22,SAT,30,17,A,DAY,LATE,POLICE,DOMESTIC VIOL NO INJ,2,E-911,"WALKER, LATITIA","BONSU, VALERIE",2026-05-30 17:09:59.000,2026-05-30 17:11:33.000,2026-05-30 17:11:04.000,65,65,0,2026-05-30 17:11:54.267,50,50,0,2026-05-30 17:12:26.000,147,147,0,2026-05-30 17:11:56.860,115,115,0,2026-05-30 17:11:56.860,2,2,0,2026-05-30 17:17:55.307,359,358,1,2026-05-30 17:31:55.730,2026-05-30 17:32:14.307,0,NULL,2026-05-30 17:32:14.390,1335,1335,0,NR-No Report
26-042886,2026-05-30 17:15:19.000,22,SAT,30,17,A,DAY,LATE,POLICE,MVC PROPERTY DAMAGE,2,E-911,"JONES, DAESHA","BONSU, VALERIE",2026-05-30 17:15:19.000,2026-05-30 17:22:21.000,2026-05-30 17:16:25.000,66,66,0,2026-05-30 17:22:31.380,366,366,0,2026-05-30 17:18:52.000,213,213,0,2026-05-30 17:22:55.527,432,432,0,2026-05-30 17:22:55.527,24,24,0,2026-05-30 17:30:28.717,453,453,0,2026-05-30 18:01:11.953,2026-05-30 18:01:11.953,0,NULL,2026-05-30 18:01:12.033,2752,2752,0,NR-No Report
26-042888,2026-05-30 17:17:58.000,22,SAT,30,17,A,DAY,LATE,POLICE,ASSAULT NO INJURY IN PROG,2,E-911,"WALKER, LATITIA",NULL,2026-05-30 17:17:58.000,2026-05-30 17:24:55.000,2026-05-30 17:20:46.000,168,168,0,2026-05-30 17:26:31.530,345,345,0,2026-05-30 17:22:31.000,273,273,0,2026-05-30 17:26:35.737,513,513,0,2026-05-30 17:26:35.737,4,4,0,2026-05-30 17:59:12.003,1957,1956,1,2026-05-31 01:23:06.180,2026-05-31 01:23:06.180,0,NULL,2026-05-31 01:23:06.273,29108,29108,0,RE-Report
26-013184,2026-05-30 17:19:31.000,22,SAT,30,17,A,DAY,LATE,FIRE,FIRE ALARM,3,Text,"JONES, DAESHA",Automatic Dispatch,2026-05-30 17:19:29.000,2026-05-30 17:20:49.000,2026-05-30 17:19:50.000,21,19,2,2026-05-30 17:19:52.363,2,2,0,2026-05-30 17:23:14.000,225,223,2,2026-05-30 17:21:18.463,23,23,0,2026-05-30 17:21:18.463,86,86,0,2026-05-30 17:25:02.220,224,223,1,2026-05-30 17:25:59.563,2026-05-30 17:25:59.563,0,NULL,2026-05-30 17:25:59.650,390,390,0,UNDEFINED
26-013185,2026-05-30 17:34:52.000,22,SAT,30,17,A,DAY,LATE,EMS,TRAUMATIC INJURIES ALS 1,1,E-911,"JONES, DAESHA",Automatic Dispatch,2026-05-30 17:34:52.000,2026-05-30 17:35:59.000,2026-05-30 17:35:54.000,62,62,0,2026-05-30 17:35:57.023,3,3,0,2026-05-30 17:38:54.000,242,242,0,2026-05-30 17:36:42.460,65,65,0,2026-05-30 17:36:42.460,45,45,0,2026-05-30 17:39:30.500,168,168,0,2026-05-30 17:48:43.993,2026-05-30 19:01:27.067,0,NULL,2026-05-30 19:01:27.170,5195,5195,0,UNDEFINED
26-042896,2026-05-30 17:40:59.000,22,SAT,30,17,A,DAY,LATE,POLICE,ANIMAL SICK-INJURED,2,Phone,"LEWIS, LESLIE","WALKER, LATITIA",2026-05-30 17:40:57.000,2026-05-30 17:42:28.000,2026-05-30 17:41:53.000,56,54,2,2026-05-30 17:51:15.467,562,562,0,2026-05-30 17:41:55.000,58,56,2,2026-05-30 17:51:21.180,618,618,0,2026-05-30 17:51:21.180,6,5,1,2026-05-30 17:51:21.180,0,0,0,NULL,2026-05-30 18:10:05.000,0,NULL,NULL,1748,1748,0,ACOR-Animal Control Report
26-042899,2026-05-30 18:01:03.000,22,SAT,30,18,A,DAY,EARLY,POLICE,LARCENY RESIDENTIAL DELAY,4,Phone,"MARTINEZ, ESTHER","BONSU, VALERIE",2026-05-30 18:01:03.000,2026-05-31 12:13:25.000,2026-05-30 18:02:33.000,90,90,0,2026-05-30 20:38:26.413,9353,9353,0,2026-05-30 18:03:53.000,170,170,0,2026-05-30 20:38:31.667,9443,9443,0,2026-05-30 20:38:31.667,5,5,0,2026-05-31 15:08:45.843,66614,66614,0,2026-05-31 18:30:18.487,2026-05-30 21:31:26.000,1,2026-05-31 12:13:22.340,2026-05-31 18:30:18.557,12623,1755,10868,RE-Report
26-042902,2026-05-30 18:02:58.000,22,SAT,30,18,A,DAY,EARLY,POLICE,PARKING COMPLAINT,4,Phone,"MESARIS, MATTHEW",NULL,2026-05-30 18:02:56.000,2026-05-30 18:06:48.000,2026-05-30 18:03:47.000,51,49,2,2026-05-30 18:04:21.287,34,34,0,2026-05-30 18:04:03.000,67,65,2,2026-05-30 18:04:21.287,85,85,0,2026-05-30 18:04:21.287,0,-9999,9999,2026-05-30 18:30:58.310,1597,1597,0,2026-05-30 18:36:02.303,2026-05-30 18:36:02.303,0,NULL,2026-05-30 18:36:03.013,1986,1986,0,NR-No Report
26-042903,2026-05-30 18:04:16.000,22,SAT,30,18,A,DAY,EARLY,POLICE,MVC HIT/RUN NO INJ DELAY,4,E-911,"MARTINEZ, ESTHER","MCLEOD, DOUGLAS",2026-05-30 18:04:16.000,2026-05-30 18:08:13.000,2026-05-30 18:06:39.000,143,143,0,2026-05-30 18:13:48.697,429,429,0,2026-05-30 18:08:08.000,232,232,0,2026-05-30 18:13:58.363,572,572,0,2026-05-30 18:13:58.363,10,9,1,2026-05-30 18:31:05.907,1027,1027,0,2026-05-30 19:06:16.267,2026-05-30 19:06:16.267,0,NULL,2026-05-30 19:06:16.370,3720,3720,0,NR-No Report
26-042904,2026-05-30 18:07:49.000,22,SAT,30,18,A,DAY,EARLY,POLICE,DISORDERLY CONDUCT,2,Phone,"MESARIS, MATTHEW","MCLEOD, DOUGLAS",2026-05-30 18:07:49.000,2026-05-30 18:13:28.000,2026-05-30 18:12:59.000,310,310,0,2026-05-30 18:13:25.420,26,26,0,2026-05-30 18:13:02.000,313,313,0,2026-05-30 18:13:25.517,336,336,0,2026-05-30 18:13:25.517,0,0,0,2026-05-30 18:23:06.123,581,580,1,NULL,2026-05-30 18:29:51.000,0,NULL,NULL,1322,1322,0,CN-Cancellation
26-013186,2026-05-30 18:13:58.000,22,SAT,30,18,A,DAY,EARLY,EMS,TRAUMATIC INJURIES ALS 1,1,E-911,"MESARIS, MATTHEW","LEWIS, LESLIE",2026-05-30 18:13:58.000,2026-05-30 18:14:47.000,2026-05-30 18:14:34.000,36,36,0,2026-05-30 18:14:36.363,2,2,0,2026-05-30 18:20:03.000,365,365,0,2026-05-30 18:15:20.943,38,38,0,2026-05-30 18:15:20.943,44,44,0,2026-05-30 18:19:40.150,260,259,1,2026-05-30 18:32:36.677,2026-05-30 19:58:09.290,0,NULL,2026-05-30 19:58:09.453,6251,6251,0,UNDEFINED
26-042906,2026-05-30 18:14:59.000,22,SAT,30,18,A,DAY,EARLY,POLICE,LARCENY OTHER IN PROG,2,Phone,"MARTINEZ, ESTHER","MCLEOD, DOUGLAS",2026-05-30 18:14:57.000,2026-05-30 18:18:26.000,2026-05-30 18:16:40.000,103,101,2,2026-05-30 18:25:56.330,556,556,0,2026-05-30 18:18:22.000,205,203,2,2026-05-30 18:26:28.620,659,659,0,2026-05-30 18:26:28.620,32,32,0,NULL,NULL,-9999,NULL,2026-05-30 18:27:22.987,2026-05-30 18:34:58.000,0,NULL,NULL,1201,1201,0,CN-Cancellation
26-013187,2026-05-30 18:16:48.000,22,SAT,30,18,A,DAY,EARLY,EMS,SICK PERSON BLS,10,E-911,"WATSON, JOANNE",Automatic Dispatch,2026-05-30 18:16:48.000,2026-05-30 18:18:23.000,2026-05-30 18:17:56.000,68,68,0,2026-05-30 18:17:58.257,2,2,0,2026-05-30 18:21:27.000,279,279,0,2026-05-30 18:19:55.080,70,70,0,2026-05-30 18:19:55.080,117,116,1,2026-05-30 18:28:43.800,528,528,0,2026-05-30 21:44:08.273,2026-05-30 21:44:08.273,0,NULL,2026-05-30 21:44:08.320,12440,12440,0,CAD2CAD
26-013188,2026-05-30 18:19:48.690,22,SAT,30,18,A,DAY,EARLY,EMS,MUTUAL ALS,1,C2C,CAD to CAD Service 1,CAD to CAD Service 1,2026-05-30 18:19:19.000,2026-05-30 18:20:17.000,2026-05-30 18:19:49.143,30,0,30,2026-05-30 18:19:49.203,0,0,0,NULL,NULL,NULL,NULL,2026-05-30 18:21:32.830,30,-9999,10029,2026-05-30 18:21:32.830,103,103,0,2026-05-30 18:28:43.673,431,430,1,2026-05-30 18:50:58.627,2026-05-30 18:51:52.473,0,NULL,2026-05-30 18:51:52.503,1953,1953,0,CAD2CAD
26-042910,2026-05-30 18:27:36.000,22,SAT,30,18,A,DAY,EARLY,POLICE,DISORDERLY CONDUCT,2,E-911,"MESARIS, MATTHEW","MCLEOD, DOUGLAS",2026-05-30 18:27:36.000,2026-05-30 18:29:55.000,2026-05-30 18:28:52.000,76,76,0,2026-05-30 18:35:05.417,373,373,0,2026-05-30 18:30:03.000,147,147,0,2026-05-30 18:35:05.460,449,449,0,2026-05-30 18:35:05.460,0,0,0,2026-05-30 18:38:45.280,220,219,1,2026-05-30 19:40:23.703,2026-05-30 19:40:23.703,0,NULL,2026-05-30 19:40:23.723,4367,4367,0,NR-No Report
26-042914,2026-05-30 18:36:38.000,22,SAT,30,18,A,DAY,EARLY,POLICE,POLICE INFORMATION,4,E-911,"MARTINEZ, ESTHER","MCLEOD, DOUGLAS",2026-05-30 18:36:38.000,2026-05-30 18:37:47.000,2026-05-30 18:37:30.000,52,52,0,2026-05-30 18:38:11.953,41,41,0,2026-05-30 18:39:58.000,200,200,0,2026-05-30 18:38:18.573,93,93,0,2026-05-30 18:38:18.573,7,6,1,2026-05-30 18:56:02.457,1064,1063,1,2026-05-30 18:39:48.130,2026-05-30 22:43:37.667,0,NULL,2026-05-30 22:43:37.717,14819,14819,0,RE-Report
26-013190,2026-05-30 18:37:56.927,22,SAT,30,18,A,DAY,EARLY,EMS,UNKNOWN MEDICAL ALS 1,1,Phone,"MARTINEZ, ESTHER",Automatic Dispatch,2026-05-30 18:37:56.927,2026-05-30 18:38:02.000,2026-05-30 18:37:56.927,0,0,0,2026-05-30 18:37:59.207,3,2,1,2026-05-30 18:37:56.927,0,NULL,0,2026-05-30 18:38:54.553,3,2,1,2026-05-30 18:38:54.553,55,55,0,2026-05-30 18:58:30.283,1176,1175,1,2026-05-30 19:03:20.573,2026-05-30 19:37:24.473,0,NULL,2026-05-30 19:37:24.580,3568,3567,1,UNDEFINED
26-042915,2026-05-30 18:38:09.000,22,SAT,30,18,A,DAY,EARLY,POLICE,DISORDERLY CONDUCT,2,Phone,"MESARIS, MATTHEW","MCLEOD, DOUGLAS",2026-05-30 18:38:07.000,2026-05-30 18:40:31.000,2026-05-30 18:40:10.000,123,121,2,2026-05-30 18:48:15.603,485,485,0,2026-05-30 18:40:11.000,124,122,2,2026-05-30 18:48:19.153,608,608,0,2026-05-30 18:48:19.153,4,3,1,NULL,NULL,-9999,NULL,NULL,2026-05-30 18:56:09.000,0,NULL,NULL,1082,1082,0,CN-Cancellation
26-042917,2026-05-30 18:45:12.000,22,SAT,30,18,A,DAY,EARLY,POLICE,OFF DUTY DETAIL,8,OFFICER,"ESCOBAR, STEVEN R",NULL,2026-05-30 18:45:12.000,2026-05-30 18:45:21.000,2026-05-30 18:45:12.000,0,1,-1,2026-05-30 18:45:12.000,0,0,0,2026-05-30 18:45:12.000,0,NULL,0,2026-05-30 18:45:12.000,0,0,0,2026-05-30 18:45:12.000,0,0,0,2026-05-30 18:45:12.000,0,0,0,2026-05-30 21:15:15.747,2026-05-30 21:15:15.747,0,NULL,2026-05-30 21:15:15.820,9003,9003,0,NR-No Report
26-042918,2026-05-30 18:50:28.000,22,SAT,30,18,A,DAY,EARLY,POLICE,PARKING COMPLAINT,4,Phone,"HARDING, AUTUMN",NULL,2026-05-30 18:50:27.000,2026-05-30 18:59:56.000,2026-05-30 18:51:51.000,84,83,1,2026-05-30 18:52:07.323,16,16,0,2026-05-30 18:52:28.000,121,120,1,2026-05-30 18:52:07.323,100,100,0,2026-05-30 18:52:07.323,0,0,0,2026-05-30 18:58:22.793,375,375,0,2026-05-30 19:05:02.783,2026-05-30 19:05:02.783,0,NULL,2026-05-30 19:05:03.750,875,875,0,NR-No Report
26-013191,2026-05-30 18:50:33.930,22,SAT,30,18,A,DAY,EARLY,EMS,MUTUAL ALS,1,C2C,CAD to CAD Service 1,CAD to CAD Service 1,2026-05-30 18:48:02.000,2026-05-30 18:51:56.000,2026-05-30 18:50:34.197,152,0,152,2026-05-30 18:50:34.243,0,0,0,NULL,NULL,NULL,NULL,2026-05-30 18:51:35.563,152,164,-12,2026-05-30 18:51:35.563,61,61,0,2026-05-30 18:57:36.357,361,360,1,2026-05-30 18:52:37.433,2026-05-30 19:18:33.943,0,NULL,2026-05-30 19:18:33.980,1831,1831,0,UNDEFINED
26-013192,2026-05-30 18:51:29.000,22,SAT,30,18,A,DAY,EARLY,EMS,BACK PAIN BLS,3,E-911,"MARTINEZ, ESTHER",Automatic Dispatch,2026-05-30 18:51:28.000,2026-05-30 18:52:41.000,2026-05-30 18:52:32.000,64,63,1,2026-05-30 18:52:34.917,2,2,0,2026-05-30 18:55:52.000,264,263,1,2026-05-30 18:52:41.970,66,66,0,2026-05-30 18:52:41.970,7,7,0,2026-05-30 18:56:12.043,211,210,1,2026-05-30 19:10:27.017,2026-05-30 23:48:32.993,0,NULL,2026-05-30 23:48:33.070,17824,17824,0,UNDEFINED
26-042922,2026-05-30 19:02:42.000,22,SAT,30,19,C,NIGHT,EARLY,POLICE,OFF DUTY DETAIL,8,OFFICER,"REEVE, DANIEL",NULL,2026-05-30 19:02:42.000,2026-05-30 19:21:44.000,2026-05-30 19:02:42.000,0,1,-1,2026-05-30 19:02:42.000,0,0,0,2026-05-30 19:02:42.000,0,NULL,0,2026-05-30 19:02:42.000,0,0,0,2026-05-30 19:02:42.000,0,0,0,2026-05-30 19:02:42.000,0,0,0,2026-05-31 00:10:11.963,2026-05-31 01:48:02.843,0,NULL,2026-05-31 01:48:02.877,24320,24320,0,NR-No Report
26-013193,2026-05-30 19:02:44.000,22,SAT,30,19,C,NIGHT,EARLY,EMS,TRAUMATIC INJURIES ALS 1,1,E-911,"HARDING, AUTUMN",Automatic Dispatch,2026-05-30 19:02:44.000,2026-05-30 19:03:40.000,2026-05-30 19:03:28.000,44,44,0,2026-05-30 19:03:30.847,2,2,0,2026-05-30 19:05:45.000,181,181,0,2026-05-30 19:04:33.210,46,46,0,2026-05-30 19:04:33.210,63,62,1,2026-05-30 19:06:50.313,137,137,0,2026-05-30 19:20:27.620,2026-05-30 20:39:44.883,0,NULL,2026-05-30 20:39:44.917,5820,5820,0,CAD2CAD
26-013194,2026-05-30 19:05:27.593,22,SAT,30,19,C,NIGHT,EARLY,EMS,MUTUAL ALS,1,C2C,CAD to CAD Service 1,CAD to CAD Service 1,2026-05-30 19:03:40.000,2026-05-30 19:05:39.000,2026-05-30 19:05:27.937,107,0,107,2026-05-30 19:05:27.983,0,0,0,NULL,NULL,NULL,NULL,2026-05-30 19:06:13.010,107,-9999,10106,2026-05-30 19:06:13.010,46,45,1,2026-05-30 19:10:17.530,244,244,0,2026-05-30 19:25:48.483,2026-05-30 19:43:38.633,0,NULL,2026-05-30 19:43:38.680,2398,2398,0,CAD2CAD
26-013195,2026-05-30 19:08:30.557,22,SAT,30,19,C,NIGHT,EARLY,EMS,UNKNOWN MEDICAL ALS 1,1,E-911,"MARTINEZ, ESTHER",Automatic Dispatch,2026-05-30 19:08:30.557,2026-05-30 19:08:38.000,2026-05-30 19:08:30.557,0,0,0,2026-05-30 19:08:32.900,2,2,0,2026-05-30 19:08:30.557,0,NULL,0,2026-05-30 19:09:39.130,2,2,0,2026-05-30 19:09:39.130,67,66,1,NULL,NULL,-9999,NULL,2026-05-30 19:11:57.183,2026-05-30 19:12:24.760,0,NULL,2026-05-30 19:12:24.833,234,234,0,UNDEFINED
26-042927,2026-05-30 19:13:37.000,22,SAT,30,19,C,NIGHT,EARLY,POLICE,ANIMAL BITE ANIMAL DELAY,3,Phone,"HARDING, AUTUMN","HARDING, AUTUMN",2026-05-30 19:13:35.000,2026-05-30 19:16:43.000,2026-05-30 19:16:01.000,146,144,2,2026-05-30 19:28:26.703,745,745,0,2026-05-30 19:20:58.000,443,441,2,NULL,891,891,0,NULL,NULL,-9999,NULL,NULL,NULL,-9999,NULL,NULL,2026-05-30 19:28:31.000,0,NULL,NULL,896,896,0,ACOR-Animal Control Report
26-042928,2026-05-30 19:16:50.000,22,SAT,30,19,C,NIGHT,EARLY,POLICE,DISORDERLY CONDUCT,3,Phone,"HARDING, AUTUMN","MCLEOD, DOUGLAS",2026-05-30 19:16:50.000,2026-05-30 19:25:33.000,2026-05-30 19:20:02.000,192,192,0,2026-05-30 19:29:43.020,581,581,0,2026-05-30 19:20:54.000,244,244,0,2026-05-30 19:29:45.867,773,773,0,2026-05-30 19:29:45.867,2,2,0,2026-05-30 19:35:58.163,373,372,1,2026-05-30 19:59:18.257,2026-05-30 19:59:51.257,0,NULL,2026-05-30 19:59:51.257,2581,2581,0,NR-No Report
26-013196,2026-05-30 19:19:51.163,22,SAT,30,19,C,NIGHT,EARLY,EMS,MUTUAL ALS,1,C2C,CAD to CAD Service 1,CAD to CAD Service 1,2026-05-30 19:19:27.000,NULL,2026-05-30 19:19:51.430,24,0,24,2026-05-30 19:19:51.460,0,0,0,NULL,NULL,NULL,NULL,2026-05-30 19:19:56.683,24,113,-89,2026-05-30 19:19:56.683,5,5,0,NULL,NULL,-9999,NULL,2026-05-30 19:26:38.087,2026-05-30 19:26:55.853,0,NULL,2026-05-30 19:26:55.917,448,448,0,CAD2CAD
26-042929,2026-05-30 19:21:25.000,22,SAT,30,19,C,NIGHT,EARLY,POLICE,OFF DUTY DETAIL,8,OFFICER,"WARREN, SHAKITA L",NULL,2026-05-30 19:21:25.000,2026-05-30 19:21:53.000,2026-05-30 19:21:25.000,0,1,-1,2026-05-30 19:21:25.000,0,0,0,2026-05-30 19:21:25.000,0,NULL,0,2026-05-30 19:21:25.000,0,0,0,2026-05-30 19:21:25.000,0,0,0,2026-05-30 19:21:25.000,0,0,0,2026-05-30 22:04:24.093,2026-05-30 22:04:24.093,0,NULL,2026-05-30 22:04:24.157,9779,9779,0,NR-No Report
26-013197,2026-05-30 19:23:29.360,22,SAT,30,19,C,NIGHT,EARLY,EMS,MUTUAL BLS,1,C2C,CAD to CAD Service 1,CAD to CAD Service 1,2026-05-30 19:23:10.207,2026-05-30 19:53:34.000,2026-05-30 19:23:29.610,19,0,19,2026-05-30 19:23:29.657,0,0,0,NULL,NULL,NULL,NULL,2026-05-30 19:24:30.320,19,43,-24,2026-05-30 19:24:30.320,61,60,1,2026-05-30 19:27:55.683,205,205,0,2026-05-30 19:54:00.503,2026-05-30 20:38:30.997,0,NULL,2026-05-30 20:38:31.043,4520,4520,0,UNDEFINED
26-042931,2026-05-30 19:24:13.000,22,SAT,30,19,C,NIGHT,EARLY,POLICE,ALARM COMMERCIAL,2,Phone,"MARTINEZ, ESTHER","MCLEOD, DOUGLAS",2026-05-30 19:24:13.000,2026-05-30 19:28:14.000,2026-05-30 19:24:53.000,40,40,0,2026-05-30 19:28:12.003,199,199,0,2026-05-30 19:26:20.000,127,127,0,2026-05-30 19:28:12.050,239,239,0,2026-05-30 19:28:12.050,0,0,0,2026-05-30 19:29:49.533,97,97,0,2026-05-30 19:30:55.310,2026-05-30 19:34:39.273,0,NULL,2026-05-30 19:34:39.373,626,626,0,NR-No Report
26-042935,2026-05-30 19:30:00.000,22,SAT,30,19,C,NIGHT,EARLY,POLICE,PARKING COMPLAINT,4,Phone,"MARTINEZ, ESTHER",NULL,2026-05-30 19:29:58.000,2026-05-30 19:31:45.000,2026-05-30 19:30:37.000,39,37,2,2026-05-30 19:31:53.470,76,76,0,2026-05-30 19:31:37.000,99,97,2,2026-05-30 19:31:53.470,115,115,0,2026-05-30 19:31:53.470,0,0,0,2026-05-30 19:41:26.333,573,572,1,2026-05-30 19:50:34.990,2026-05-30 19:50:34.990,0,NULL,2026-05-30 19:50:35.223,1236,1236,0,NR-No Report
26-042936,2026-05-30 19:35:17.000,22,SAT,30,19,C,NIGHT,EARLY,POLICE,DOMESTIC VIOL NO INJ,2,Phone,"MARTINEZ, ESTHER","MCLEOD, DOUGLAS",2026-05-30 19:35:15.000,2026-05-30 19:36:43.000,2026-05-30 19:36:07.000,52,50,2,2026-05-30 19:40:49.797,282,282,0,2026-05-30 19:37:16.000,121,119,2,2026-05-30 19:40:49.840,334,334,0,2026-05-30 19:40:49.840,0,0,0,2026-05-30 19:48:20.057,451,450,1,2026-05-30 20:23:15.587,2026-05-30 20:23:15.587,0,NULL,2026-05-30 20:23:15.900,2880,2880,0,NR-No Report
26-042937,2026-05-30 19:36:45.000,22,SAT,30,19,C,NIGHT,EARLY,POLICE,DISORDERLY CONDUCT,4,Phone,"HARDING, AUTUMN","DEWBERRY, RE'KEYA",2026-05-30 19:36:43.000,2026-05-31 09:11:13.000,2026-05-30 19:39:15.000,152,150,2,2026-05-31 09:15:10.080,48955,242,48713,2026-05-30 19:41:10.000,267,265,2,2026-05-31 09:15:14.213,49107,49107,0,2026-05-31 09:15:14.213,4,4,0,2026-05-31 09:24:25.813,551,551,0,2026-05-31 10:22:12.110,2026-05-30 19:41:10.000,1,2026-05-31 09:11:07.717,2026-05-31 10:22:12.107,267,53129,-52862,NR-No Report
26-042939,2026-05-30 19:52:35.000,22,SAT,30,19,C,NIGHT,EARLY,POLICE,LARCENY RESIDENTIAL DELAY,4,Phone,"WATSON, JOANNE",NULL,2026-05-30 19:52:33.000,2026-05-30 20:03:59.000,2026-05-30 19:54:08.000,95,93,2,2026-05-30 22:21:08.103,8820,8820,0,2026-05-30 19:54:27.000,114,112,2,2026-05-30 22:21:08.103,8915,8915,0,2026-05-30 22:21:08.103,0,-9999,9999,2026-05-30 22:21:11.857,3,3,0,2026-05-30 22:22:26.040,2026-05-30 22:22:26.040,0,NULL,2026-05-30 22:22:26.060,8993,8993,0,NR-No Report
26-013198,2026-05-30 19:55:57.000,22,SAT,30,19,C,NIGHT,EARLY,EMS,TROUBLE BREATHING ALS 1,1,E-911,"HARDING, AUTUMN",Automatic Dispatch,2026-05-30 19:55:56.000,2026-05-30 19:56:35.000,2026-05-30 19:56:22.000,26,25,1,2026-05-30 19:56:24.403,2,2,0,2026-05-30 19:56:22.000,26,NULL,26,2026-05-30 19:57:02.980,28,28,0,2026-05-30 19:57:02.980,38,38,0,2026-05-30 20:02:58.133,356,355,1,2026-05-30 20:11:59.767,2026-05-30 20:22:48.923,0,NULL,2026-05-30 20:22:48.977,1612,1612,0,UNDEFINED
26-013199,2026-05-30 20:02:45.000,22,SAT,30,20,C,NIGHT,EARLY,EMS,ALTERED LOC ALS 1,1,E-911,"MESARIS, MATTHEW","LEWIS, LESLIE",2026-05-30 20:02:45.000,2026-05-30 20:03:22.000,2026-05-30 20:03:17.000,32,32,0,2026-05-30 20:03:19.180,2,2,0,2026-05-30 20:12:38.000,593,593,0,2026-05-30 20:04:20.737,34,34,0,2026-05-30 20:04:20.737,61,61,0,2026-05-30 20:12:43.463,503,502,1,2026-05-30 20:04:55.683,2026-05-30 21:14:16.810,0,NULL,2026-05-30 21:14:16.837,4291,4291,0,UNDEFINED
26-042940,2026-05-30 20:05:10.000,22,SAT,30,20,C,NIGHT,EARLY,POLICE,TRAFFIC STOP,2,Radio,"MCLEOD, DOUGLAS",NULL,2026-05-30 20:05:10.000,2026-05-30 20:05:22.000,2026-05-30 20:05:10.000,0,0,0,2026-05-30 20:05:10.000,0,0,0,2026-05-30 20:05:10.000,0,0,0,2026-05-30 20:05:19.967,0,0,0,2026-05-30 20:05:10.000,0,0,0,2026-05-30 20:05:10.000,0,0,0,2026-05-30 20:51:35.003,2026-05-30 21:00:21.960,0,NULL,2026-05-30 21:00:21.993,3311,3311,0,CI-Citation
26-013200,2026-05-30 20:11:10.000,22,SAT,30,20,C,NIGHT,EARLY,EMS,CHEST PAIN ALS 1,1,E-911,"MESARIS, MATTHEW",Automatic Dispatch,2026-05-30 20:11:10.000,2026-05-30 20:11:50.000,2026-05-30 20:11:40.000,30,30,0,2026-05-30 20:11:42.977,2,2,0,2026-05-30 20:12:46.000,96,96,0,2026-05-30 20:12:59.070,32,32,0,2026-05-30 20:12:59.070,77,76,1,NULL,NULL,-9999,NULL,2026-05-30 20:13:52.580,2026-05-30 20:13:55.500,0,NULL,2026-05-30 20:13:55.577,165,165,0,UNDEFINED
26-042943,2026-05-30 20:18:47.000,22,SAT,30,20,C,NIGHT,EARLY,POLICE,DISORDERLY CONDUCT,2,Phone,"WATSON, JOANNE","MCLEOD, DOUGLAS",2026-05-30 20:18:44.000,2026-05-30 20:21:56.000,2026-05-30 20:20:38.000,114,111,3,2026-05-30 20:22:22.323,104,104,0,2026-05-30 20:20:42.000,118,115,3,2026-05-30 20:22:32.043,218,218,0,2026-05-30 20:22:32.043,10,9,1,2026-05-30 20:26:26.650,234,234,0,2026-05-30 20:23:33.217,2026-05-30 20:31:52.237,0,NULL,2026-05-30 20:31:52.300,788,788,0,NR-No Report
26-013201,2026-05-30 20:29:49.287,22,SAT,30,20,C,NIGHT,EARLY,FIRE,MUTUAL MVC,1,C2C,CAD to CAD Service 1,CAD to CAD Service 1,2026-05-30 20:27:26.000,2026-05-30 20:29:57.000,2026-05-30 20:29:49.583,143,0,143,2026-05-30 20:29:49.643,0,0,0,NULL,NULL,NULL,NULL,2026-05-30 20:30:20.933,143,-9999,10142,2026-05-30 20:30:20.933,31,27,4,2026-05-30 20:36:15.603,355,354,1,2026-05-30 20:37:00.600,2026-05-30 20:37:37.733,0,NULL,2026-05-30 20:37:37.793,611,611,0,CAD2CAD
26-042946,2026-05-30 20:35:13.000,22,SAT,30,20,C,NIGHT,EARLY,POLICE,PARKING COMPLAINT,4,Phone,"MARTINEZ, ESTHER",NULL,2026-05-30 20:35:11.000,2026-05-30 20:38:14.000,2026-05-30 20:36:45.000,94,92,2,2026-05-30 20:37:29.090,44,44,0,2026-05-30 20:37:36.000,145,143,2,2026-05-30 20:37:29.090,138,138,0,2026-05-30 20:37:29.090,0,-9999,9999,2026-05-30 20:47:42.810,613,613,0,2026-05-30 21:01:31.447,2026-05-30 21:01:31.447,0,NULL,2026-05-30 21:01:31.900,1580,1580,0,CI-Citation
26-042947,2026-05-30 20:42:00.000,22,SAT,30,20,C,NIGHT,EARLY,POLICE,DWI - DRUNK/INTOX DRIVER,2,Radio,"MCLEOD, DOUGLAS",NULL,2026-05-30 20:42:00.000,2026-05-30 21:24:42.000,2026-05-30 20:42:00.000,0,0,0,2026-05-30 20:42:00.000,0,0,0,2026-05-30 20:42:00.000,0,0,0,2026-05-30 20:42:06.113,0,0,0,2026-05-30 20:42:00.000,0,0,0,2026-05-30 20:42:00.000,0,0,0,2026-05-30 23:22:01.183,2026-05-31 03:43:16.090,0,NULL,2026-05-31 03:43:16.400,25276,25276,0,RE-Report
26-042948,2026-05-30 20:50:31.000,22,SAT,30,20,C,NIGHT,EARLY,POLICE,MVC PROPERTY DAMAGE,2,Radio,"MCLEOD, DOUGLAS","MCLEOD, DOUGLAS",2026-05-30 20:50:31.000,2026-05-30 20:51:22.000,2026-05-30 20:50:31.000,0,0,0,2026-05-30 20:50:31.000,0,0,0,2026-05-30 20:50:31.000,0,0,0,2026-05-30 20:51:23.727,0,0,0,2026-05-30 20:50:31.000,0,0,0,2026-05-30 20:50:31.000,0,0,0,NULL,2026-05-30 21:04:49.000,0,NULL,NULL,858,858,0,NR-No Report
26-042950,2026-05-30 20:53:09.000,22,SAT,30,20,C,NIGHT,EARLY,POLICE,DOMESTIC VIOL NO INJ,2,E-911,"WATSON, JOANNE","MCLEOD, DOUGLAS",2026-05-30 20:53:09.000,2026-05-30 20:54:37.000,2026-05-30 20:54:07.000,58,58,0,2026-05-30 21:03:49.213,582,582,0,2026-05-30 21:04:52.000,703,703,0,2026-05-30 21:04:05.257,640,640,0,2026-05-30 21:04:05.257,16,16,0,2026-05-30 21:15:28.710,683,683,0,2026-05-30 21:04:32.603,2026-05-30 22:15:38.010,0,NULL,2026-05-30 22:15:38.090,4949,4949,0,NR-No Report
26-042951,2026-05-30 20:53:30.000,22,SAT,30,20,C,NIGHT,EARLY,POLICE,SUSPICIOUS EVENT,2,Phone,"MARTINEZ, ESTHER","MCLEOD, DOUGLAS",2026-05-30 20:53:30.000,2026-05-30 20:54:43.000,2026-05-30 20:54:26.000,56,56,0,2026-05-30 21:03:27.490,541,541,0,2026-05-30 20:55:23.000,113,113,0,2026-05-30 21:03:27.530,597,597,0,2026-05-30 21:03:27.530,0,0,0,2026-05-30 21:15:53.320,746,745,1,2026-05-30 22:27:46.677,2026-05-30 22:27:46.677,0,NULL,2026-05-30 22:27:46.763,5656,5656,0,NR-No Report
26-042952,2026-05-30 20:56:44.000,22,SAT,30,20,C,NIGHT,EARLY,POLICE,DISORDERLY CONDUCT,2,E-911,"MESARIS, MATTHEW","MCLEOD, DOUGLAS",2026-05-30 20:56:44.000,2026-05-30 21:00:26.000,2026-05-30 20:59:45.000,181,181,0,2026-05-30 21:00:55.280,70,70,0,2026-05-30 20:59:45.000,181,NULL,181,2026-05-30 21:00:59.163,251,251,0,2026-05-30 21:00:59.163,4,3,1,2026-05-30 21:05:20.480,261,261,0,2026-05-30 21:01:30.167,2026-05-30 21:11:51.540,0,NULL,2026-05-30 21:11:51.593,907,907,0,NR-No Report
26-013202,2026-05-30 21:05:48.000,22,SAT,30,21,C,NIGHT,EARLY,EMS,TROUBLE BREATHING ALS 1,1,E-911,"HARDING, AUTUMN",Automatic Dispatch,2026-05-30 21:05:48.000,2026-05-30 21:07:20.000,2026-05-30 21:06:51.000,63,63,0,2026-05-30 21:06:53.733,2,2,0,2026-05-30 21:09:01.000,193,193,0,2026-05-30 21:08:08.023,65,65,0,2026-05-30 21:08:08.023,75,74,1,2026-05-30 21:14:42.527,394,394,0,2026-05-30 21:21:00.793,2026-05-30 21:53:53.263,0,NULL,2026-05-30 21:53:53.340,2885,2885,0,UNDEFINED
26-042953,2026-05-30 21:13:48.000,22,SAT,30,21,C,NIGHT,EARLY,POLICE,NOISE COMPLAINT IN PROG,4,Phone,"WATSON, JOANNE",NULL,2026-05-30 21:13:46.000,2026-05-30 21:15:44.000,2026-05-30 21:15:18.000,92,90,2,2026-05-30 21:20:44.170,326,326,0,2026-05-30 21:15:21.000,95,93,2,2026-05-30 21:20:44.170,418,418,0,2026-05-30 21:20:44.170,0,-9999,9999,NULL,NULL,-9999,NULL,2026-05-30 21:20:57.567,2026-05-30 21:20:57.567,0,NULL,2026-05-30 21:20:57.623,431,431,0,NR-No Report
26-013203,2026-05-30 21:33:45.987,22,SAT,30,21,C,NIGHT,EARLY,FIRE,MUTUAL ELEVATOR INCIDENT,1,C2C,CAD to CAD Service 1,CAD to CAD Service 1,2026-05-30 21:31:12.000,NULL,2026-05-30 21:33:46.300,154,0,154,2026-05-30 21:33:46.377,0,0,0,NULL,NULL,NULL,NULL,2026-05-30 21:34:22.733,154,175,-21,2026-05-30 21:34:22.733,36,36,0,2026-05-30 21:39:17.003,295,294,1,2026-05-30 21:43:49.040,2026-05-30 21:45:14.083,0,NULL,2026-05-30 21:45:14.113,842,842,0,CAD2CAD
26-042958,2026-05-30 21:43:38.000,22,SAT,30,21,C,NIGHT,EARLY,POLICE,ALARM COMMERCIAL,2,Phone,"MESARIS, MATTHEW","MCLEOD, DOUGLAS",2026-05-30 21:43:36.000,2026-05-30 21:44:35.000,2026-05-30 21:44:28.000,52,50,2,2026-05-30 21:44:43.973,15,15,0,2026-05-30 21:46:09.000,153,151,2,2026-05-30 21:44:49.937,67,67,0,2026-05-30 21:44:49.937,6,5,1,2026-05-30 21:51:25.970,396,396,0,2026-05-30 22:17:42.010,2026-05-30 22:18:42.820,0,NULL,2026-05-30 22:18:42.857,2106,2106,0,NR-No Report
26-013204,2026-05-30 21:43:57.000,22,SAT,30,21,C,NIGHT,EARLY,EMS,ABDOMINAL PAIN BLS,3,E-911,"WATSON, JOANNE",Automatic Dispatch,2026-05-30 21:43:57.000,2026-05-30 21:45:18.000,2026-05-30 21:44:52.000,55,55,0,2026-05-30 21:44:54.690,2,2,0,2026-05-30 21:46:51.000,174,174,0,2026-05-30 21:46:07.357,57,57,0,2026-05-30 21:46:07.357,73,72,1,2026-05-30 21:50:08.110,241,240,1,2026-05-30 22:34:14.213,2026-05-30 22:34:14.213,0,NULL,2026-05-30 22:34:14.267,3017,3017,0,UNDEFINED
26-042959,2026-05-30 21:46:05.000,22,SAT,30,21,C,NIGHT,EARLY,POLICE,RUNAWAY IN PROG,2,Phone,"MARTINEZ, ESTHER","LEWIS, LESLIE",2026-05-30 21:46:03.000,2026-05-30 21:47:03.000,2026-05-30 21:46:40.000,37,35,2,2026-05-30 21:48:41.127,121,121,0,2026-05-30 21:51:05.000,302,300,2,2026-05-30 21:48:44.077,158,158,0,2026-05-30 21:48:44.077,3,2,1,2026-05-30 21:57:39.183,535,535,0,2026-05-31 06:18:13.787,2026-05-31 06:18:13.787,0,NULL,2026-05-31 06:18:13.833,30730,30730,0,RE-Report
26-042960,2026-05-30 21:49:29.000,22,SAT,30,21,C,NIGHT,EARLY,POLICE,PARKING COMPLAINT,4,Phone,"MESARIS, MATTHEW","LEWIS, LESLIE",2026-05-30 21:49:29.000,2026-05-30 21:53:14.000,2026-05-30 21:50:28.000,59,59,0,2026-05-31 00:58:30.563,11282,11282,0,2026-05-30 21:50:41.000,72,72,0,2026-05-31 00:58:30.613,11341,11341,0,2026-05-31 00:58:30.613,0,0,0,2026-05-31 00:58:31.950,1,1,0,2026-05-31 00:58:38.670,2026-05-31 00:58:38.670,0,NULL,2026-05-31 00:58:38.717,11349,11349,0,NR-No Report
26-042961,2026-05-30 22:00:58.000,22,SAT,30,22,C,NIGHT,MIDS,POLICE,OFF DUTY DETAIL,8,OFFICER,"FELIX, BRUCE",NULL,2026-05-30 22:00:58.000,2026-05-30 22:01:19.000,2026-05-30 22:00:58.000,0,1,-1,2026-05-30 22:00:58.000,0,0,0,2026-05-30 22:00:58.000,0,NULL,0,2026-05-30 22:00:58.000,0,0,0,2026-05-30 22:00:58.000,0,0,0,2026-05-30 22:00:58.000,0,0,0,2026-05-31 04:40:32.700,2026-05-31 04:40:32.700,0,NULL,2026-05-31 04:40:32.770,23974,23974,0,NR-No Report
26-042963,2026-05-30 22:03:51.000,22,SAT,30,22,C,NIGHT,MIDS,POLICE,ASSIST CITIZEN PROMPT,3,Phone,"WATSON, JOANNE",NULL,2026-05-30 22:03:49.000,2026-05-30 22:06:36.000,2026-05-30 22:04:44.000,55,53,2,2026-05-30 22:08:31.303,227,227,0,2026-05-30 22:05:03.000,74,72,2,2026-05-30 22:08:31.370,282,282,0,2026-05-30 22:08:31.370,0,0,0,2026-05-30 22:39:25.473,1854,1854,0,2026-05-30 22:57:15.587,2026-05-30 22:57:15.587,0,NULL,2026-05-30 22:57:15.637,3206,3206,0,NR-No Report
26-042964,2026-05-30 22:05:02.000,22,SAT,30,22,C,NIGHT,MIDS,POLICE,ON VIEW,2,Radio,"MCLEOD, DOUGLAS",NULL,2026-05-30 22:05:02.000,2026-05-30 22:05:06.000,2026-05-30 22:05:02.000,0,0,0,2026-05-30 22:05:02.000,0,0,0,2026-05-30 22:05:02.000,0,0,0,2026-05-30 22:06:14.890,0,0,0,2026-05-30 22:05:02.000,0,0,0,2026-05-30 22:05:02.000,0,0,0,2026-05-30 22:06:01.943,2026-05-31 08:37:11.677,0,NULL,2026-05-31 08:37:11.747,37929,37929,0,RE-Report
26-042965,2026-05-30 22:05:50.000,22,SAT,30,22,C,NIGHT,MIDS,POLICE,NOISE COMPLAINT DELAY,4,Phone,"MESARIS, MATTHEW","LEWIS, LESLIE",2026-05-30 22:05:49.000,2026-05-30 22:06:57.000,2026-05-30 22:06:48.000,59,58,1,2026-05-31 00:16:50.987,7802,7802,0,2026-05-30 22:06:48.000,59,58,1,2026-05-31 00:16:57.317,7861,7861,0,2026-05-31 00:16:57.317,7,6,1,2026-05-31 00:25:03.593,486,486,0,2026-05-31 00:28:28.157,2026-05-31 00:28:28.157,0,NULL,2026-05-31 00:28:28.213,8559,8559,0,NR-No Report
26-042966,2026-05-30 22:06:20.000,22,SAT,30,22,C,NIGHT,MIDS,POLICE,MVC PROPERTY DAMAGE,2,E-911,"WATSON, JOANNE","MCLEOD, DOUGLAS",2026-05-30 22:06:20.000,2026-05-30 22:07:11.000,2026-05-30 22:06:58.000,38,38,0,2026-05-30 22:13:40.977,402,402,0,2026-05-30 22:08:28.000,128,128,0,2026-05-30 22:13:50.313,440,440,0,2026-05-30 22:13:50.313,10,9,1,2026-05-30 22:24:24.013,634,633,1,2026-05-30 23:25:08.720,2026-05-30 23:25:08.720,0,NULL,2026-05-30 23:25:08.790,4728,4728,0,NR-No Report
26-042967,2026-05-30 22:16:06.000,22,SAT,30,22,C,NIGHT,MIDS,POLICE,ASSAULT MINOR INJ IN PROG,2,Phone,"WATSON, JOANNE",NULL,2026-05-30 22:16:04.000,2026-05-30 22:17:31.000,2026-05-30 22:17:24.000,80,78,2,2026-05-30 22:17:55.087,31,31,0,2026-05-30 22:17:54.000,110,108,2,2026-05-30 22:17:57.973,111,111,0,2026-05-30 22:17:57.973,2,2,0,2026-05-30 22:21:05.293,188,187,1,2026-05-30 23:01:54.977,2026-05-31 01:10:59.153,0,NULL,2026-05-31 01:10:59.237,10495,10495,0,RE-Report
26-042968,2026-05-30 22:17:52.000,22,SAT,30,22,C,NIGHT,MIDS,POLICE,SHOPLIFTING IN PROG,2,Phone,"MARTINEZ, ESTHER","MCLEOD, DOUGLAS",2026-05-30 22:17:52.000,2026-05-30 22:22:38.000,2026-05-30 22:18:37.000,45,45,0,2026-05-30 22:23:06.210,269,269,0,2026-05-30 22:21:12.000,200,200,0,2026-05-30 22:23:43.903,314,314,0,2026-05-30 22:23:43.903,37,37,0,2026-05-30 22:26:58.323,195,194,1,2026-05-30 23:04:02.270,2026-05-30 23:04:02.270,0,NULL,2026-05-30 23:04:02.307,2770,2770,0,NR-No Report
26-042969,2026-05-30 22:18:38.000,22,SAT,30,22,C,NIGHT,MIDS,POLICE,TRAFFIC STOP,2,Radio,"MCLEOD, DOUGLAS","MCLEOD, DOUGLAS",2026-05-30 22:18:38.000,2026-05-30 22:18:46.000,2026-05-30 22:18:38.000,0,0,0,2026-05-30 22:18:38.000,0,0,0,2026-05-30 22:18:38.000,0,0,0,2026-05-30 22:18:55.930,0,0,0,2026-05-30 22:18:38.000,0,0,0,2026-05-30 22:18:38.000,0,0,0,2026-05-30 22:53:16.360,2026-05-30 22:56:15.113,0,NULL,2026-05-30 22:56:15.137,2257,2257,0,CI-Citation
26-013207,2026-05-30 22:21:22.000,22,SAT,30,22,C,NIGHT,MIDS,EMS,UNCONSCIOUS ALS 2,1,E-911,"MESARIS, MATTHEW",Automatic Dispatch,2026-05-30 22:21:22.000,2026-05-30 22:22:28.000,2026-05-30 22:21:57.000,35,35,0,2026-05-30 22:22:00.220,3,3,0,2026-05-30 22:26:42.000,320,320,0,2026-05-30 22:23:49.597,38,38,0,2026-05-30 22:23:49.597,109,109,0,2026-05-30 22:26:57.320,188,187,1,2026-05-30 22:25:47.903,2026-05-30 22:31:06.053,0,NULL,2026-05-30 22:31:06.110,584,584,0,UNDEFINED
26-013208,2026-05-30 22:29:03.000,22,SAT,30,22,C,NIGHT,MIDS,EMS,FALL BLS,3,Phone,"MARTINEZ, ESTHER",Automatic Dispatch,2026-05-30 22:29:03.000,2026-05-30 22:29:57.000,2026-05-30 22:29:46.000,43,43,0,2026-05-30 22:29:48.237,2,2,0,2026-05-30 22:31:15.000,132,132,0,2026-05-30 22:31:47.950,45,45,0,2026-05-30 22:31:47.950,119,119,0,2026-05-30 22:39:01.837,434,433,1,2026-05-30 23:12:21.553,2026-05-30 23:12:21.553,0,NULL,2026-05-30 23:12:21.600,2598,2598,0,CAD2CAD
26-013209,2026-05-30 22:30:50.000,22,SAT,30,22,C,NIGHT,MIDS,EMS,FALL BLS,3,E-911,"WATSON, JOANNE","LEWIS, LESLIE",2026-05-30 22:30:50.000,2026-05-30 22:31:18.000,2026-05-30 22:31:09.000,19,19,0,2026-05-30 22:31:11.277,2,2,0,2026-05-30 22:33:30.000,160,160,0,2026-05-30 22:33:00.647,21,21,0,2026-05-30 22:33:00.647,109,109,0,2026-05-30 22:39:29.607,389,388,1,2026-05-30 23:10:24.207,2026-05-30 23:49:48.497,0,NULL,2026-05-30 23:49:48.553,4738,4738,0,UNDEFINED
26-042971,2026-05-30 22:44:19.000,22,SAT,30,22,C,NIGHT,MIDS,POLICE,NOISE COMPLAINT IN PROG,4,Phone,"MESARIS, MATTHEW","MCLEOD, DOUGLAS",2026-05-30 22:44:17.000,2026-05-30 22:49:47.000,2026-05-30 22:46:22.000,125,123,2,2026-05-30 23:07:40.070,1278,1278,0,2026-05-30 22:46:23.000,126,124,2,2026-05-30 23:07:43.350,1403,1403,0,2026-05-30 23:07:43.350,3,3,0,2026-05-30 23:10:00.577,137,137,0,2026-05-30 23:14:16.557,2026-05-30 23:16:59.160,0,NULL,2026-05-30 23:16:59.323,1962,1962,0,NR-No Report
26-013210,2026-05-30 22:49:04.503,22,SAT,30,22,C,NIGHT,MIDS,EMS,MUTUAL BLS,3,C2C,CAD to CAD Service 1,CAD to CAD Service 1,2026-05-30 22:45:40.000,NULL,2026-05-30 22:49:04.863,204,0,204,2026-05-30 22:49:04.910,0,0,0,NULL,NULL,NULL,NULL,2026-05-30 22:50:09.170,204,519,-315,2026-05-30 22:50:09.170,65,64,1,2026-05-30 22:57:08.653,419,419,0,2026-05-30 23:00:13.277,2026-05-30 23:00:49.233,0,NULL,2026-05-30 23:00:49.297,909,909,0,CAD2CAD
26-042972,2026-05-30 22:49:31.000,22,SAT,30,22,C,NIGHT,MIDS,POLICE,MVC CONDITIONS UNKNOWN,1,E-911,"MESARIS, MATTHEW","MCLEOD, DOUGLAS",2026-05-30 22:49:31.000,2026-05-30 22:50:28.000,2026-05-30 22:50:21.000,50,50,0,2026-05-30 22:50:51.737,30,30,0,2026-05-30 22:55:57.000,386,386,0,2026-05-30 22:50:55.913,80,80,0,2026-05-30 22:50:55.913,4,4,0,2026-05-30 22:53:06.637,131,130,1,2026-05-30 22:52:14.047,2026-05-30 22:58:08.560,0,NULL,2026-05-30 22:58:08.603,517,517,0,NR-No Report
26-013211,2026-05-30 22:50:21.000,22,SAT,30,22,C,NIGHT,MIDS,FIRE,MVC AUTO,2,E-911,"MESARIS, MATTHEW",Automatic Dispatch,2026-05-30 22:50:21.000,2026-05-30 22:50:33.000,2026-05-30 22:50:21.000,0,NULL,0,2026-05-30 22:50:23.770,2,2,0,2026-05-30 22:50:21.000,0,0,0,2026-05-30 22:50:57.573,2,2,0,2026-05-30 22:50:57.573,34,33,1,NULL,NULL,-9999,NULL,2026-05-30 22:56:09.620,2026-05-30 22:57:04.230,0,NULL,2026-05-30 22:57:04.277,403,403,0,UNDEFINED
26-013212,2026-05-30 22:50:43.000,22,SAT,30,22,C,NIGHT,MIDS,FIRE,MVC AUTO,2,Phone,"WATSON, JOANNE","LEWIS, LESLIE",2026-05-30 22:50:40.000,2026-05-30 22:52:16.000,2026-05-30 22:51:59.000,79,76,3,2026-05-30 22:52:01.297,2,2,0,2026-05-30 22:53:04.000,144,141,3,2026-05-30 22:52:54.600,81,81,0,2026-05-30 22:52:54.600,53,53,0,2026-05-30 22:58:38.607,344,344,0,2026-05-30 23:04:22.580,2026-05-30 23:17:49.617,0,NULL,2026-05-30 23:17:49.707,1629,1629,0,UNDEFINED
26-013213,2026-05-30 22:52:21.000,22,SAT,30,22,C,NIGHT,MIDS,FIRE,L.A.R. SECONDARY RESPONSE,2,Phone,"LEWIS, LESLIE",Automatic Dispatch,2026-05-30 22:52:20.000,2026-05-30 22:53:10.000,2026-05-30 22:52:46.000,26,25,1,2026-05-30 22:52:48.457,2,2,0,2026-05-30 22:52:48.000,28,27,1,2026-05-30 22:53:39.817,28,28,0,2026-05-30 22:53:39.817,51,51,0,NULL,NULL,-9999,NULL,2026-05-30 22:57:22.903,2026-05-30 22:57:22.903,0,NULL,2026-05-30 22:57:23.220,302,302,0,UNDEFINED
26-013214,2026-05-30 22:52:53.000,22,SAT,30,22,C,NIGHT,MIDS,EMS,PSYCHIATRIC EMERGENCY ALS 1,2,E-911,"MESARIS, MATTHEW","LEWIS, LESLIE",2026-05-30 22:52:53.000,2026-05-30 22:57:12.000,2026-05-30 22:55:31.000,158,158,0,2026-05-30 22:55:33.197,2,2,0,2026-05-30 22:55:34.000,161,161,0,2026-05-30 22:57:04.707,160,160,0,2026-05-30 22:57:04.707,91,91,0,2026-05-30 22:57:50.560,46,45,1,2026-05-30 22:58:23.820,2026-05-30 23:47:58.347,0,NULL,2026-05-30 23:47:58.410,3305,3305,0,CAD2CAD
26-042974,2026-05-30 22:55:31.000,22,SAT,30,22,C,NIGHT,MIDS,POLICE,MENTAL HEALTH CASE,2,Phone,"MESARIS, MATTHEW",NULL,2026-05-30 22:55:31.000,2026-05-30 22:56:09.000,2026-05-30 22:55:31.000,0,NULL,0,2026-05-30 22:57:00.317,89,89,0,2026-05-30 22:55:31.000,0,0,0,2026-05-30 22:57:08.540,89,89,0,2026-05-30 22:57:08.540,8,8,0,2026-05-30 23:05:25.837,497,497,0,2026-05-30 22:57:41.760,2026-05-30 23:24:06.757,0,NULL,2026-05-30 23:24:06.803,1715,1715,0,NR-No Report
26-042975,2026-05-30 22:57:20.000,22,SAT,30,22,C,NIGHT,MIDS,POLICE,NOISE COMPLAINT DELAY,4,Phone,"HARDING, AUTUMN","MCLEOD, DOUGLAS",2026-05-30 22:57:19.000,2026-05-30 22:58:08.000,2026-05-30 22:57:38.000,19,18,1,2026-05-30 23:15:21.000,1063,1063,0,2026-05-30 22:57:58.000,39,38,1,2026-05-30 23:15:21.047,1082,1082,0,2026-05-30 23:15:21.047,0,0,0,2026-05-30 23:18:35.103,194,194,0,NULL,2026-05-30 23:30:01.000,0,NULL,NULL,1962,1962,0,NR-No Report
26-042976,2026-05-30 22:58:34.000,22,SAT,30,22,C,NIGHT,MIDS,POLICE,DOMESTIC VIOL NO INJ,2,E-911,"MARTINEZ, ESTHER","MCLEOD, DOUGLAS",2026-05-30 22:58:34.000,2026-05-30 23:00:01.000,2026-05-30 22:59:12.000,38,38,0,2026-05-30 23:00:10.467,58,58,0,2026-05-30 23:02:20.000,226,226,0,2026-05-30 23:00:12.463,96,96,0,2026-05-30 23:00:12.463,2,1,1,2026-05-30 23:05:38.087,326,325,1,2026-05-30 23:33:38.763,2026-05-31 01:46:53.857,0,NULL,2026-05-31 01:46:53.940,10099,10099,0,NR-No Report
26-013215,2026-05-30 23:07:43.000,22,SAT,30,23,C,NIGHT,MIDS,EMS,INJURED PERSON BLS,3,E-911,"HARDING, AUTUMN","LEWIS, LESLIE",2026-05-30 23:07:42.000,2026-05-30 23:08:57.000,2026-05-30 23:08:44.000,62,61,1,2026-05-30 23:08:46.353,2,2,0,2026-05-30 23:08:44.000,62,NULL,62,2026-05-30 23:10:17.317,64,64,0,2026-05-30 23:10:17.317,91,90,1,2026-05-30 23:16:35.457,378,378,0,2026-05-31 01:16:40.890,2026-05-31 01:24:38.313,0,NULL,2026-05-31 01:24:38.573,8216,8216,0,UNDEFINED
26-042978,2026-05-30 23:08:37.000,22,SAT,30,23,C,NIGHT,MIDS,POLICE,TRAFFIC STOP,2,Radio,"MCLEOD, DOUGLAS","MCLEOD, DOUGLAS",2026-05-30 23:08:37.000,2026-05-30 23:09:11.000,2026-05-30 23:08:37.000,0,0,0,2026-05-30 23:08:37.000,0,0,0,2026-05-30 23:08:37.000,0,0,0,2026-05-30 23:09:26.663,0,0,0,2026-05-30 23:08:37.000,0,0,0,2026-05-30 23:08:37.000,0,0,0,2026-05-30 23:11:03.230,2026-05-30 23:18:12.687,0,NULL,2026-05-30 23:18:12.730,575,575,0,NR-No Report
26-042981,2026-05-30 23:18:32.000,22,SAT,30,23,C,NIGHT,MIDS,POLICE,TROUBLE UNKNOWN NO EMS,2,E-911,"WATSON, JOANNE","MCLEOD, DOUGLAS",2026-05-30 23:18:32.000,2026-05-30 23:20:30.000,2026-05-30 23:19:34.000,62,62,0,2026-05-30 23:21:48.813,134,134,0,2026-05-30 23:21:31.000,179,179,0,2026-05-30 23:21:48.897,196,196,0,2026-05-30 23:21:48.897,0,0,0,2026-05-30 23:21:48.920,0,0,0,2026-05-30 23:29:17.147,2026-05-30 23:36:35.170,0,NULL,2026-05-30 23:36:35.223,1083,1083,0,NR-No Report
26-042983,2026-05-30 23:18:54.000,22,SAT,30,23,C,NIGHT,MIDS,POLICE,PUBLIC SERVICE MULTI OFFICER,4,Phone,"MESARIS, MATTHEW","LEWIS, LESLIE",2026-05-30 23:18:52.000,2026-05-30 23:28:15.000,2026-05-30 23:22:54.000,242,240,2,2026-05-31 00:32:31.740,4177,4177,0,2026-05-30 23:23:04.000,252,250,2,2026-05-31 00:32:36.747,4419,4419,0,2026-05-31 00:32:36.747,5,5,0,2026-05-31 00:38:03.893,327,327,0,2026-05-31 00:33:29.150,2026-05-31 00:52:01.970,0,NULL,2026-05-31 00:52:02.027,5589,5589,0,NR-No Report
26-042982,2026-05-30 23:19:38.000,22,SAT,30,23,C,NIGHT,MIDS,POLICE,TROUBLE UNKNOWN NO EMS,2,E-911,"MARTINEZ, ESTHER","MCLEOD, DOUGLAS",2026-05-30 23:19:38.000,2026-05-30 23:21:40.000,2026-05-30 23:21:21.000,103,103,0,2026-05-30 23:26:43.403,322,322,0,2026-05-30 23:21:29.000,111,111,0,2026-05-30 23:26:46.743,425,425,0,2026-05-30 23:26:46.743,3,3,0,2026-05-30 23:31:59.753,313,313,0,2026-05-31 00:26:44.650,2026-05-31 01:48:08.643,0,NULL,2026-05-31 01:48:08.673,8910,8910,0,NR-No Report
26-013216,2026-05-30 23:20:56.570,22,SAT,30,23,C,NIGHT,MIDS,EMS,MUTUAL ALS,1,C2C,CAD to CAD Service 1,CAD to CAD Service 1,2026-05-30 23:19:29.000,NULL,2026-05-30 23:20:56.977,87,0,87,2026-05-30 23:20:57.070,1,0,1,NULL,NULL,NULL,NULL,2026-05-30 23:22:14.453,88,-9999,10087,2026-05-30 23:22:14.453,77,77,0,2026-05-30 23:26:11.023,237,236,1,2026-05-30 23:41:22.027,2026-05-31 00:16:52.117,0,NULL,2026-05-31 00:16:52.237,3443,3443,0,UNDEFINED
26-013217,2026-05-30 23:21:10.000,22,SAT,30,23,C,NIGHT,MIDS,FIRE,ONVIEWF,3,Phone,"LEWIS, LESLIE","LEWIS, LESLIE",2026-05-30 23:21:10.000,2026-05-30 23:21:13.000,2026-05-30 23:21:10.000,0,0,0,2026-05-30 23:21:10.000,0,0,0,2026-05-30 23:21:10.000,0,0,0,2026-05-30 23:22:04.503,0,0,0,2026-05-30 23:21:10.000,0,0,0,2026-05-30 23:21:10.000,0,0,0,2026-05-30 23:22:17.930,2026-05-30 23:47:33.837,0,NULL,2026-05-30 23:47:33.940,1583,1583,0,UNDEFINED
26-013218,2026-05-30 23:23:00.450,22,SAT,30,23,C,NIGHT,MIDS,EMS,TRAUMATIC INJURIES ALS 1,1,Phone,"MCLEOD, DOUGLAS","LEWIS, LESLIE",2026-05-30 23:23:00.450,2026-05-30 23:23:32.000,2026-05-30 23:23:00.450,0,0,0,2026-05-30 23:23:02.810,2,2,0,2026-05-30 23:23:00.450,0,NULL,0,2026-05-30 23:23:35.903,2,2,0,2026-05-30 23:23:35.903,33,33,0,NULL,NULL,-9999,NULL,2026-05-30 23:26:50.623,2026-05-30 23:28:59.933,0,NULL,2026-05-30 23:29:00.053,359,359,0,UNDEFINED
26-042984,2026-05-30 23:24:11.000,22,SAT,30,23,C,NIGHT,MIDS,POLICE,DRUG COMPLAINT IN PROG,2,Phone,"MCLEOD, DOUGLAS",NULL,2026-05-30 23:24:09.000,2026-05-31 00:16:13.000,2026-05-30 23:25:05.000,56,54,2,2026-05-30 23:42:57.413,1072,1072,0,2026-05-30 23:25:18.000,69,67,2,2026-05-30 23:42:57.413,1128,1128,0,2026-05-30 23:42:57.413,0,0,0,NULL,NULL,-9999,NULL,2026-05-31 06:42:39.643,2026-05-31 06:42:39.643,0,NULL,2026-05-31 06:42:39.670,26310,26310,0,RE-Report
26-042986,2026-05-30 23:32:11.000,22,SAT,30,23,C,NIGHT,MIDS,POLICE,NOISE COMPLAINT IN PROG,4,Phone,"WATSON, JOANNE","LEWIS, LESLIE",2026-05-30 23:32:10.000,2026-05-30 23:34:29.000,2026-05-30 23:32:55.000,45,44,1,2026-05-31 00:37:52.937,3897,3897,0,2026-05-30 23:32:58.000,48,47,1,2026-05-31 00:37:57.080,3942,3942,0,2026-05-31 00:37:57.080,5,4,1,2026-05-31 00:37:58.190,1,1,0,2026-05-31 00:38:04.640,2026-05-31 00:38:04.640,0,NULL,2026-05-31 00:38:04.700,3954,3954,0,NR-No Report
26-013219,2026-05-30 23:32:40.000,22,SAT,30,23,C,NIGHT,MIDS,FIRE,MVC AUTO,2,Phone,"LEWIS, LESLIE","LEWIS, LESLIE",2026-05-30 23:32:38.000,2026-05-30 23:33:13.000,2026-05-30 23:33:07.000,29,27,2,2026-05-30 23:33:09.487,2,2,0,2026-05-30 23:33:08.000,30,28,2,2026-05-30 23:33:32.830,31,31,0,2026-05-30 23:33:32.830,23,23,0,2026-05-30 23:40:00.910,388,388,0,2026-05-30 23:34:40.540,2026-05-31 02:39:59.053,0,NULL,2026-05-31 02:39:59.070,11241,11241,0,CAD2CAD
26-042990,2026-05-30 23:36:52.000,22,SAT,30,23,C,NIGHT,MIDS,POLICE,NOISE COMPLAINT IN PROG,3,Phone,"WATSON, JOANNE",NULL,2026-05-30 23:36:50.000,NULL,2026-05-30 23:37:27.000,37,35,2,2026-05-30 23:40:58.547,211,211,0,2026-05-30 23:37:41.000,51,49,2,2026-05-30 23:40:58.547,248,248,0,2026-05-30 23:40:58.547,0,0,0,NULL,NULL,-9999,NULL,2026-05-30 23:41:37.770,2026-05-30 23:41:37.770,0,NULL,2026-05-30 23:41:37.843,287,287,0,NR-No Report
26-013220,2026-05-30 23:36:52.000,22,SAT,30,23,C,NIGHT,MIDS,EMS,FALL BLS,3,E-911,"MARTINEZ, ESTHER",Automatic Dispatch,2026-05-30 23:36:51.000,2026-05-30 23:41:56.000,2026-05-30 23:41:45.000,294,293,1,2026-05-30 23:41:47.823,2,2,0,2026-05-30 23:46:30.000,579,578,1,2026-05-30 23:42:51.977,296,296,0,2026-05-30 23:42:51.977,64,64,0,2026-05-30 23:50:10.843,439,438,1,2026-05-31 00:45:35.133,2026-05-31 00:45:35.133,0,NULL,2026-05-31 00:45:35.433,4124,4124,0,UNDEFINED
26-042991,2026-05-30 23:38:33.000,22,SAT,30,23,C,NIGHT,MIDS,POLICE,NOISE COMPLAINT DELAY,4,Phone,"MESARIS, MATTHEW","LEWIS, LESLIE",2026-05-30 23:38:31.000,2026-05-31 00:08:01.000,2026-05-30 23:39:54.000,83,81,2,2026-05-31 00:08:07.930,1693,1693,0,2026-05-30 23:41:51.000,200,198,2,2026-05-31 00:08:12.080,1776,1776,0,2026-05-31 00:08:12.080,5,4,1,2026-05-31 00:38:09.213,1797,1797,0,2026-05-31 00:38:14.987,2026-05-31 00:38:14.987,0,NULL,2026-05-31 00:38:15.033,3583,3583,0,NR-No Report
26-042993,2026-05-30 23:48:10.000,22,SAT,30,23,C,NIGHT,MIDS,POLICE,PARKING COMPLAINT,4,Phone,"MESARIS, MATTHEW","LEWIS, LESLIE",2026-05-30 23:48:08.000,2026-05-31 00:17:14.000,2026-05-30 23:49:30.000,82,80,2,2026-05-31 00:59:03.273,4173,4173,0,2026-05-30 23:49:43.000,95,93,2,2026-05-31 00:59:12.680,4255,4255,0,2026-05-31 00:59:12.680,9,9,0,2026-05-31 01:07:33.980,501,501,0,2026-05-31 01:08:28.863,2026-05-31 01:08:28.863,0,NULL,2026-05-31 01:08:28.940,4820,4820,0,NR-No Report
26-013222,2026-05-30 23:50:36.893,22,SAT,30,23,C,NIGHT,MIDS,FIRE,MUTUAL STRUCTURE FIRE,1,C2C,CAD to CAD Service 1,CAD to CAD Service 1,2026-05-30 23:48:58.000,2026-05-30 23:50:41.000,2026-05-30 23:50:37.160,99,0,99,2026-05-30 23:50:37.220,0,0,0,NULL,NULL,NULL,NULL,2026-05-30 23:51:04.977,99,113,-14,2026-05-30 23:51:04.977,27,27,0,2026-05-30 23:53:45.187,161,160,1,2026-05-30 23:58:34.550,2026-05-31 00:49:21.317,0,NULL,2026-05-31 00:49:21.393,3623,3623,0,UNDEFINED
26-042994,2026-05-30 23:54:02.000,22,SAT,30,23,C,NIGHT,MIDS,POLICE,ADMINISTRATIVE TASK,2,Phone,"WATSON, JOANNE","MCLEOD, DOUGLAS",2026-05-30 23:54:00.000,2026-05-30 23:55:40.000,2026-05-30 23:55:10.000,70,68,2,2026-05-30 23:56:25.743,75,75,0,2026-05-30 23:55:14.000,74,72,2,2026-05-30 23:56:31.670,145,145,0,2026-05-30 23:56:31.670,6,5,1,2026-05-31 00:02:46.953,375,375,0,2026-05-30 23:56:59.047,2026-05-31 00:31:27.400,0,NULL,2026-05-31 00:31:27.467,2247,2247,0,NR-No Report
