Master_Incident_Number,Response_Date,WeekNo,DOW,Day,Hour,Shift,Day_Night,ShiftPart,Agency,Problem,Priority_Number,Call_Reception,Call_Taker,Dispatcher,Incident_Start_Time,TimeCallViewed,Incident_Queue_Time,Time_To_Queue,Elapsed_PS_Queue,Time_To_Queue_Diff,Incident_Dispatch_Time,Time_To_Dispatch,Elapsed_Queue_Disp,Time_To_Disp_Diff,Incident_Phone_Stop,Phone_Time,Elapsed_PS_CTD,Phone_Time_Diff,TimeFirstUnitDispatchAcknowledged,Processing_Time,Elapsed_Processing,Diff_Proc_Time,Incident_Enroute_Time,Rollout_Time,Elapsed_Rollout,Diff_Rollout_Time,Incident_Arrival_Time,Transit_Time,Elapsed_Transit,Diff_Transit_Time,TimeFirstCallCleared,Incident_First_Close_Time,Call_Reopened,First_Reopen_Time,Final_Closed_Time,Total_Call_Time,Elapsed_Call_Time,Diff_Total_Call_Time,Disposition
26-047853,2026-06-14 00:06:09.000,25,SUN,14,0,C,NIGHT,MIDS,POLICE,DISORDERLY CONDUCT,2,E-911,"MCLEOD, DOUGLAS","WATSON, JOANNE",2026-06-14 00:06:09.000,2026-06-14 00:21:10.000,2026-06-14 00:08:56.000,167,167,0,2026-06-14 00:21:42.587,766,766,0,2026-06-14 00:09:21.000,192,192,0,2026-06-14 00:21:44.830,933,933,0,2026-06-14 00:21:44.830,2,2,0,2026-06-14 00:23:52.297,128,127,1,2026-06-14 00:35:26.547,2026-06-14 00:43:23.207,0,NULL,2026-06-14 00:43:23.267,2234,2234,0,NR-No Report
26-047856,2026-06-14 00:42:22.000,25,SUN,14,0,C,NIGHT,MIDS,POLICE,DIP - DRUNK/INTOX PERSON,2,Phone,"MARTINEZ, ESTHER","WATSON, JOANNE",2026-06-14 00:42:20.000,2026-06-14 00:45:11.000,2026-06-14 00:43:46.000,86,84,2,2026-06-14 00:45:32.110,106,106,0,2026-06-14 00:44:08.000,108,106,2,2026-06-14 00:45:37.660,192,192,0,2026-06-14 00:45:37.660,5,5,0,2026-06-14 00:49:40.057,243,242,1,2026-06-14 00:55:31.137,2026-06-14 01:23:25.647,0,NULL,2026-06-14 01:23:25.743,2465,2465,0,NR-No Report
26-047860,2026-06-14 00:55:54.000,25,SUN,14,0,C,NIGHT,MIDS,POLICE,DISORDERLY CONDUCT,2,Phone,"WALKER, LATITIA","WATSON, JOANNE",2026-06-14 00:55:52.000,2026-06-14 01:01:26.000,2026-06-14 00:57:04.000,72,70,2,2026-06-14 01:01:35.620,271,271,0,2026-06-14 00:57:12.000,80,78,2,2026-06-14 01:01:38.390,343,343,0,2026-06-14 01:01:38.390,3,2,1,2026-06-14 01:07:51.603,373,373,0,2026-06-14 01:20:54.237,2026-06-14 01:20:54.330,0,NULL,2026-06-14 01:20:54.383,1502,1502,0,NR-No Report
26-047862,2026-06-14 01:04:43.000,25,SUN,14,1,C,NIGHT,MIDS,POLICE,ALARM COMMERCIAL,2,Phone,"SMITH, SHAVAUGHN","WATSON, JOANNE",2026-06-14 01:04:41.000,2026-06-14 01:06:40.000,2026-06-14 01:05:01.000,20,18,2,2026-06-14 01:06:54.403,113,113,0,2026-06-14 01:06:04.000,83,81,2,2026-06-14 01:07:01.420,133,133,0,2026-06-14 01:07:01.420,7,7,0,2026-06-14 01:13:19.410,378,377,1,2026-06-14 01:23:31.000,2026-06-14 01:23:31.000,0,NULL,2026-06-14 01:23:31.117,1130,1129,1,FALSE-False Alarm
26-014692,2026-06-14 01:17:43.000,25,SUN,14,1,C,NIGHT,MIDS,EMS,UNCONSCIOUS ALS 2,1,E-911,"WALKER, LATITIA",Automatic Dispatch,2026-06-14 01:17:42.000,2026-06-14 01:18:23.000,2026-06-14 01:18:11.000,29,28,1,2026-06-14 01:18:13.723,2,2,0,2026-06-14 01:18:40.000,58,57,1,2026-06-14 01:19:48.557,31,31,0,2026-06-14 01:19:48.557,95,94,1,NULL,NULL,-9999,NULL,2026-06-14 01:20:29.020,2026-06-14 01:20:37.493,0,NULL,2026-06-14 01:20:37.537,175,175,0,UNDEFINED
26-047864,2026-06-14 01:27:27.000,25,SUN,14,1,C,NIGHT,MIDS,POLICE,TROUBLE UNKNOWN EMS,2,E-911,"MARTINEZ, ESTHER","WATSON, JOANNE",2026-06-14 01:27:27.000,2026-06-14 01:28:41.000,2026-06-14 01:28:18.000,51,51,0,2026-06-14 01:28:56.563,38,38,0,2026-06-14 01:29:36.000,129,129,0,2026-06-14 01:29:08.033,89,89,0,2026-06-14 01:29:08.033,12,11,1,2026-06-14 01:31:02.320,114,114,0,2026-06-14 02:38:13.313,2026-06-14 02:38:13.313,0,NULL,2026-06-14 02:38:13.333,4246,4246,0,NR-No Report
26-014693,2026-06-14 01:28:18.000,25,SUN,14,1,C,NIGHT,MIDS,EMS,UNKNOWN MEDICAL ALS 1,1,NOT CAPTURED,"MARTINEZ, ESTHER",Automatic Dispatch,2026-06-14 01:28:18.000,2026-06-14 01:28:26.000,2026-06-14 01:28:18.000,0,NULL,0,2026-06-14 01:28:20.777,2,2,0,2026-06-14 01:28:18.000,0,0,0,2026-06-14 01:30:34.603,2,2,0,2026-06-14 01:30:34.603,134,133,1,2026-06-14 01:33:27.383,173,172,1,2026-06-14 01:43:26.140,2026-06-14 01:43:29.960,0,NULL,2026-06-14 01:43:30.070,911,911,0,UNDEFINED
26-047866,2026-06-14 01:39:37.000,25,SUN,14,1,C,NIGHT,MIDS,POLICE,ASSAULT MINOR INJ IN PROG,2,E-911,"MARTINEZ, ESTHER",NULL,2026-06-14 01:39:37.000,2026-06-14 01:41:29.000,2026-06-14 01:40:42.000,65,65,0,2026-06-14 01:41:40.140,58,58,0,2026-06-14 01:43:46.000,249,249,0,2026-06-14 01:41:43.250,123,123,0,2026-06-14 01:41:43.250,3,3,0,2026-06-14 01:48:09.163,386,385,1,2026-06-14 02:36:42.720,2026-06-14 07:28:52.280,0,NULL,2026-06-14 07:28:52.307,20955,20955,0,RE-Report
26-014694,2026-06-14 01:40:42.000,25,SUN,14,1,C,NIGHT,MIDS,EMS,ASSAULT ALS 1,3,NOT CAPTURED,"MARTINEZ, ESTHER","LEWIS, LESLIE",2026-06-14 01:40:42.000,2026-06-14 01:40:56.000,2026-06-14 01:40:42.000,0,NULL,0,2026-06-14 01:40:44.867,2,2,0,2026-06-14 01:40:42.000,0,0,0,2026-06-14 01:42:21.823,2,2,0,2026-06-14 01:42:21.823,97,96,1,2026-06-14 01:44:18.013,117,116,1,2026-06-14 01:43:57.937,2026-06-14 01:57:54.907,0,NULL,2026-06-14 01:57:55.007,1032,1032,0,UNDEFINED
26-047869,2026-06-14 01:52:44.000,25,SUN,14,1,C,NIGHT,MIDS,POLICE,ASSAULT NO INJURY DELAY,4,Radio,"WATSON, JOANNE",NULL,2026-06-14 01:52:42.000,2026-06-14 03:15:49.000,2026-06-14 01:53:12.000,30,28,2,2026-06-14 06:46:07.490,17575,17575,0,2026-06-14 01:53:30.000,48,46,2,2026-06-14 06:46:07.490,17605,17605,0,2026-06-14 06:46:07.490,0,0,0,NULL,NULL,-9999,NULL,2026-06-14 06:46:20.830,2026-06-14 06:46:20.830,0,NULL,2026-06-14 06:46:20.887,17618,17618,0,RE-Report
26-014695,2026-06-14 02:02:00.607,25,SUN,14,2,C,NIGHT,LATE,EMS,MUTUAL ALS,1,C2C,CAD to CAD Service 1,CAD to CAD Service 1,2026-06-14 01:58:41.000,NULL,2026-06-14 02:02:00.917,199,0,199,2026-06-14 02:02:01.013,1,0,1,NULL,NULL,NULL,NULL,2026-06-14 02:02:27.640,200,-9999,10199,2026-06-14 02:02:27.640,26,0,26,2026-06-14 02:08:40.573,373,372,1,2026-06-14 02:28:59.563,2026-06-14 03:18:06.420,0,NULL,2026-06-14 03:18:06.467,4765,4765,0,CAD2CAD
26-047872,2026-06-14 02:03:25.000,25,SUN,14,2,C,NIGHT,LATE,POLICE,TRAFFIC STOP,2,OFFICER,"WATSON, JOANNE","WATSON, JOANNE",2026-06-14 02:03:25.000,NULL,2026-06-14 02:03:25.000,0,0,0,2026-06-14 02:03:25.000,0,0,0,2026-06-14 02:03:25.000,0,0,0,2026-06-14 02:05:06.267,0,0,0,2026-06-14 02:03:25.000,0,0,0,2026-06-14 02:03:25.000,0,0,0,2026-06-14 02:07:23.663,2026-06-14 02:07:29.650,0,NULL,2026-06-14 02:07:29.700,244,244,0,NR-No Report
26-014696,2026-06-14 02:10:36.173,25,SUN,14,2,C,NIGHT,LATE,EMS,BLS EMERGENCY,3,NOT CAPTURED,"WATSON, JOANNE",Automatic Dispatch,2026-06-14 02:10:36.173,2026-06-14 02:10:46.000,2026-06-14 02:10:36.173,0,1,-1,2026-06-14 02:10:38.623,2,2,0,2026-06-14 02:10:36.173,0,NULL,0,2026-06-14 02:12:38.760,2,2,0,2026-06-14 02:12:38.760,120,120,0,NULL,NULL,-9999,NULL,2026-06-14 02:16:41.687,2026-06-14 02:16:41.673,0,NULL,2026-06-14 02:16:41.673,365,365,0,UNDEFINED
26-047873,2026-06-14 02:12:08.000,25,SUN,14,2,C,NIGHT,LATE,POLICE,ON VIEW,2,Radio,"WATSON, JOANNE","WATSON, JOANNE",2026-06-14 02:12:08.000,2026-06-14 02:12:46.290,2026-06-14 02:12:08.000,0,0,0,2026-06-14 02:12:08.000,0,0,0,2026-06-14 02:12:08.000,0,0,0,2026-06-14 02:12:49.190,0,0,0,2026-06-14 02:12:08.000,0,0,0,2026-06-14 02:12:08.000,0,0,0,2026-06-14 02:23:36.563,2026-06-14 02:23:46.443,0,NULL,2026-06-14 02:23:46.503,698,698,0,NR-No Report
26-047875,2026-06-14 02:35:35.000,25,SUN,14,2,C,NIGHT,LATE,POLICE,DWI - DRUNK/INTOX DRIVER,2,Phone,"WATSON, JOANNE",NULL,2026-06-14 02:35:35.000,2026-06-14 02:39:14.777,2026-06-14 02:35:35.000,0,0,0,2026-06-14 02:35:35.000,0,0,0,2026-06-14 02:35:35.000,0,0,0,2026-06-14 02:39:24.400,0,0,0,2026-06-14 02:35:35.000,0,0,0,2026-06-14 02:35:35.000,0,0,0,2026-06-14 04:03:51.160,2026-06-14 07:11:04.970,0,NULL,2026-06-14 07:11:05.153,16529,16529,0,RE-Report
26-047876,2026-06-14 02:37:17.000,25,SUN,14,2,C,NIGHT,LATE,POLICE,TRAFFIC STOP,2,OFFICER,"GAINES, SASHAWNA M.",NULL,2026-06-14 02:37:17.000,2026-06-14 02:37:35.000,2026-06-14 02:37:17.000,0,1,-1,2026-06-14 02:37:17.000,0,0,0,2026-06-14 02:37:17.000,0,NULL,0,2026-06-14 02:37:17.000,0,0,0,2026-06-14 02:37:17.000,0,0,0,2026-06-14 02:37:17.000,0,0,0,2026-06-14 02:56:53.683,2026-06-14 02:57:00.107,0,NULL,2026-06-14 02:57:00.150,1183,1183,0,CI-Citation
26-047877,2026-06-14 02:39:46.000,25,SUN,14,2,C,NIGHT,LATE,POLICE,PROTECTIVE ORDER ISSUED,4,Radio,"WATSON, JOANNE",NULL,2026-06-14 02:39:44.000,2026-06-14 06:41:12.000,2026-06-14 02:40:11.000,27,25,2,2026-06-14 02:40:20.277,9,9,0,2026-06-14 02:40:21.000,37,35,2,2026-06-14 02:40:20.327,36,36,0,2026-06-14 02:40:20.327,0,0,0,2026-06-14 02:45:31.783,311,311,0,2026-06-14 10:07:50.597,2026-06-14 10:07:50.597,0,NULL,2026-06-14 10:07:50.667,26886,26886,0,NR-No Report
26-014697,2026-06-14 02:44:07.000,25,SUN,14,2,C,NIGHT,LATE,FIRE,FIRE ALARM,3,Phone,"MCLEOD, DOUGLAS",Automatic Dispatch,2026-06-14 02:44:07.000,2026-06-14 02:46:04.000,2026-06-14 02:44:40.000,33,33,0,2026-06-14 02:44:42.940,2,2,0,2026-06-14 02:46:11.000,124,124,0,2026-06-14 02:47:03.143,35,35,0,2026-06-14 02:47:03.143,141,140,1,2026-06-14 02:51:11.727,248,248,0,2026-06-14 02:58:25.357,2026-06-14 02:58:25.357,0,NULL,2026-06-14 02:58:25.547,858,858,0,UNDEFINED
26-047880,2026-06-14 02:58:35.000,25,SUN,14,2,C,NIGHT,LATE,POLICE,ALARM COMMERCIAL,2,Phone,"MARTINEZ, ESTHER","WATSON, JOANNE",2026-06-14 02:58:33.000,2026-06-14 03:00:55.000,2026-06-14 02:59:12.000,39,37,2,2026-06-14 03:01:46.313,154,154,0,2026-06-14 03:00:41.000,128,126,2,2026-06-14 03:01:51.197,193,193,0,2026-06-14 03:01:51.197,5,4,1,2026-06-14 03:04:22.840,151,151,0,2026-06-14 03:07:00.797,2026-06-14 03:09:49.093,0,NULL,2026-06-14 03:09:49.190,676,676,0,FALSE-False Alarm
26-047881,2026-06-14 02:59:36.000,25,SUN,14,2,C,NIGHT,LATE,POLICE,TROUBLE UNKNOWN NO EMS,2,E-911,"MCLEOD, DOUGLAS",NULL,2026-06-14 02:59:35.000,2026-06-14 03:02:10.000,2026-06-14 03:00:32.000,57,56,1,2026-06-14 03:03:18.920,166,166,0,2026-06-14 03:03:57.000,262,261,1,2026-06-14 03:03:46.657,223,223,0,2026-06-14 03:03:46.657,28,3,25,2026-06-14 03:09:02.813,316,316,0,2026-06-14 03:09:06.143,2026-06-14 05:53:37.910,0,NULL,2026-06-14 05:53:37.913,10442,10442,0,NR-No Report
26-047882,2026-06-14 03:01:57.000,25,SUN,14,3,C,NIGHT,LATE,POLICE,DOMESTIC VIOL NO INJ,2,E-911,"MCLEOD, DOUGLAS","MCLEOD, DOUGLAS",2026-06-14 03:01:56.000,2026-06-14 03:05:10.000,2026-06-14 03:02:36.000,40,39,1,2026-06-14 03:07:35.343,299,299,0,2026-06-14 03:03:54.000,118,117,1,2026-06-14 03:07:39.957,339,339,0,2026-06-14 03:07:39.957,4,4,0,2026-06-14 03:19:39.337,720,719,1,2026-06-14 04:18:54.390,2026-06-14 04:19:12.290,0,NULL,2026-06-14 04:19:12.327,4636,4636,0,NR-No Report
26-047883,2026-06-14 03:05:50.000,25,SUN,14,3,C,NIGHT,LATE,POLICE,ALARM COMMERCIAL,2,Phone,"MARTINEZ, ESTHER","MCLEOD, DOUGLAS",2026-06-14 03:05:50.000,2026-06-14 03:08:05.000,2026-06-14 03:06:23.000,33,33,0,2026-06-14 03:16:28.330,605,605,0,2026-06-14 03:07:26.000,96,96,0,2026-06-14 03:16:28.377,638,638,0,2026-06-14 03:16:28.377,0,0,0,2026-06-14 03:16:28.403,0,0,0,NULL,2026-06-14 03:19:29.000,0,NULL,NULL,819,819,0,FALSE-False Alarm
26-047884,2026-06-14 03:10:22.000,25,SUN,14,3,C,NIGHT,LATE,POLICE,SUSPICIOUS EVENT,2,E-911,"MARTINEZ, ESTHER",NULL,2026-06-14 03:10:22.000,2026-06-14 03:12:14.000,2026-06-14 03:11:26.000,64,64,0,2026-06-14 03:41:23.077,1797,1797,0,2026-06-14 03:12:10.000,108,108,0,2026-06-14 03:41:23.077,1861,1861,0,2026-06-14 03:41:23.077,0,-9999,9999,2026-06-14 03:53:09.960,706,706,0,2026-06-14 04:18:30.327,2026-06-14 05:29:59.043,0,NULL,2026-06-14 05:29:59.050,8377,8377,0,NR-No Report
26-014698,2026-06-14 03:20:07.000,25,SUN,14,3,C,NIGHT,LATE,EMS,CHEST PAIN ALS 1,1,E-911,"MARTINEZ, ESTHER",Automatic Dispatch,2026-06-14 03:20:07.000,2026-06-14 03:21:30.000,2026-06-14 03:21:10.000,63,63,0,2026-06-14 03:21:12.420,2,2,0,2026-06-14 03:24:00.000,233,233,0,2026-06-14 03:22:47.927,65,65,0,2026-06-14 03:22:47.927,95,95,0,2026-06-14 03:27:57.507,310,309,1,2026-06-14 03:46:14.277,2026-06-14 03:51:01.553,0,NULL,2026-06-14 03:51:01.597,1854,1854,0,UNDEFINED
26-014699,2026-06-14 04:01:38.477,25,SUN,14,4,C,NIGHT,LATE,FIRE,MUTUAL FIRE ALARM,1,C2C,CAD to CAD Service 1,CAD to CAD Service 1,2026-06-14 04:00:01.000,2026-06-14 04:02:00.000,2026-06-14 04:01:38.803,97,0,97,2026-06-14 04:01:38.867,0,0,0,NULL,NULL,NULL,NULL,2026-06-14 04:03:23.197,97,-9999,10096,2026-06-14 04:03:23.197,105,104,1,2026-06-14 04:07:20.487,237,237,0,2026-06-14 04:24:57.497,2026-06-14 04:38:15.457,0,NULL,2026-06-14 04:38:15.580,2294,2294,0,UNDEFINED
26-047885,2026-06-14 04:07:03.000,25,SUN,14,4,C,NIGHT,LATE,POLICE,TRAFFIC STOP,2,Radio,"MCLEOD, DOUGLAS","MCLEOD, DOUGLAS",2026-06-14 04:07:03.000,2026-06-14 04:07:08.000,2026-06-14 04:07:03.000,0,0,0,2026-06-14 04:07:03.000,0,0,0,2026-06-14 04:07:03.000,0,0,0,2026-06-14 04:07:19.003,0,0,0,2026-06-14 04:07:03.000,0,0,0,2026-06-14 04:07:03.000,0,0,0,2026-06-14 04:23:41.150,2026-06-14 04:43:24.547,0,NULL,2026-06-14 04:43:24.613,2181,2181,0,RE-Report
26-047887,2026-06-14 04:34:54.000,25,SUN,14,4,C,NIGHT,LATE,POLICE,ASSIST CITIZEN PROMPT,3,E-911,"WATSON, JOANNE","MCLEOD, DOUGLAS",2026-06-14 04:34:54.000,2026-06-14 04:42:35.000,2026-06-14 04:39:31.000,277,277,0,2026-06-14 04:47:02.380,451,451,0,2026-06-14 04:42:19.000,445,445,0,2026-06-14 04:47:04.470,728,728,0,2026-06-14 04:47:04.470,2,2,0,2026-06-14 04:48:24.680,80,80,0,2026-06-14 05:09:05.433,2026-06-14 05:09:28.853,0,NULL,2026-06-14 05:09:28.980,2074,2074,0,NR-No Report
26-014700,2026-06-14 04:42:17.000,25,SUN,14,4,C,NIGHT,LATE,FIRE,MVC AUTO,2,E-911,"MARTINEZ, ESTHER","LEWIS, LESLIE",2026-06-14 04:42:17.000,2026-06-14 04:46:10.000,2026-06-14 04:45:53.000,216,216,0,2026-06-14 04:46:12.570,19,19,0,2026-06-14 04:47:37.000,320,320,0,2026-06-14 04:47:29.030,235,235,0,2026-06-14 04:47:29.030,77,76,1,2026-06-14 04:49:25.923,116,116,0,2026-06-14 04:48:03.943,2026-06-14 07:20:30.557,0,NULL,2026-06-14 07:20:30.597,9493,9493,0,UNDEFINED
26-014701,2026-06-14 04:46:17.000,25,SUN,14,4,C,NIGHT,LATE,FIRE,L.A.R. SECONDARY RESPONSE,2,E-911,"LEWIS, LESLIE",Automatic Dispatch,2026-06-14 04:46:16.000,2026-06-14 04:48:01.000,2026-06-14 04:46:37.000,21,20,1,2026-06-14 04:46:39.237,2,2,0,2026-06-14 04:46:38.000,22,21,1,2026-06-14 04:48:44.547,23,23,0,2026-06-14 04:48:44.547,125,125,0,2026-06-14 04:51:15.320,151,150,1,2026-06-14 05:24:47.070,2026-06-14 05:24:47.070,0,NULL,2026-06-14 05:24:47.243,2311,2311,0,UNDEFINED
26-014702,2026-06-14 04:50:24.000,25,SUN,14,4,C,NIGHT,LATE,EMS,BLS EMERGENCY,3,E-911,"WATSON, JOANNE",Automatic Dispatch,2026-06-14 04:50:24.000,2026-06-14 04:53:26.000,2026-06-14 04:51:57.000,93,93,0,2026-06-14 04:51:59.963,2,2,0,2026-06-14 04:56:30.000,366,366,0,2026-06-14 04:53:51.707,95,95,0,2026-06-14 04:53:51.707,112,111,1,2026-06-14 05:14:32.720,1241,1241,0,2026-06-14 05:59:25.157,2026-06-14 05:59:25.157,0,NULL,2026-06-14 05:59:25.233,4141,4141,0,UNDEFINED
26-047892,2026-06-14 05:04:18.000,25,SUN,14,5,C,NIGHT,LATE,POLICE,TRAFFIC STOP,2,Radio,"MCLEOD, DOUGLAS",NULL,2026-06-14 05:04:18.000,2026-06-14 05:14:42.000,2026-06-14 05:04:18.000,0,0,0,2026-06-14 05:04:18.000,0,0,0,2026-06-14 05:04:18.000,0,0,0,2026-06-14 09:17:55.403,0,0,0,2026-06-14 05:04:18.000,0,0,0,2026-06-14 05:04:18.000,0,0,0,2026-06-14 09:18:01.337,2026-06-14 09:18:01.337,0,NULL,2026-06-14 09:18:01.380,15223,15223,0,NR-No Report
26-014703,2026-06-14 05:18:28.000,25,SUN,14,5,C,NIGHT,LATE,EMS,ALLERGIC REACTION ALS 2,1,E-911,"WATSON, JOANNE",Automatic Dispatch,2026-06-14 05:18:27.000,2026-06-14 05:19:27.000,2026-06-14 05:19:22.000,55,54,1,2026-06-14 05:19:24.730,2,2,0,2026-06-14 05:22:06.000,219,218,1,2026-06-14 05:21:24.217,57,57,0,2026-06-14 05:21:24.217,120,119,1,2026-06-14 05:24:09.503,165,165,0,2026-06-14 06:07:09.730,2026-06-14 06:50:05.780,0,NULL,2026-06-14 06:50:05.910,5498,5498,0,UNDEFINED
26-047893,2026-06-14 05:19:26.000,25,SUN,14,5,C,NIGHT,LATE,POLICE,ASSAULT NO INJURY DELAY,4,E-911,"MARTINEZ, ESTHER",NULL,2026-06-14 05:19:26.000,2026-06-14 05:40:55.000,2026-06-14 05:21:28.000,122,122,0,2026-06-14 05:26:27.023,299,299,0,2026-06-14 05:25:21.000,355,355,0,2026-06-14 05:26:27.097,421,421,0,2026-06-14 05:26:27.097,0,0,0,2026-06-14 05:26:53.513,26,26,0,2026-06-14 05:52:38.477,2026-06-14 09:38:42.287,0,NULL,2026-06-14 09:38:42.327,15556,15556,0,RE-Report
26-047894,2026-06-14 05:27:19.000,25,SUN,14,5,C,NIGHT,LATE,POLICE,MVC HIT/RUN NO INJURY,2,Radio,"MCLEOD, DOUGLAS","DEWBERRY, RE'KEYA",2026-06-14 05:27:17.000,2026-06-14 05:31:25.000,2026-06-14 05:27:50.000,33,31,2,2026-06-14 05:27:59.027,9,9,0,2026-06-14 05:29:24.000,127,125,2,2026-06-14 05:27:59.093,42,42,0,2026-06-14 05:27:59.093,0,0,0,2026-06-14 05:27:59.137,0,0,0,2026-06-14 07:39:57.907,2026-06-14 10:29:25.773,0,NULL,2026-06-14 10:29:25.810,18128,18128,0,RE-Report
26-014704,2026-06-14 05:37:09.000,25,SUN,14,5,C,NIGHT,LATE,EMS,BLS EMERGENCY,3,Radio,"SMITH, SHAVAUGHN","PRIESTLY, SHAVAUGHN",2026-06-14 05:37:09.000,2026-06-14 05:37:19.000,2026-06-14 05:37:09.000,0,0,0,2026-06-14 05:37:09.000,0,0,0,2026-06-14 05:37:09.000,0,0,0,2026-06-14 05:40:27.400,0,0,0,2026-06-14 05:37:09.000,0,0,0,2026-06-14 05:37:09.000,0,0,0,2026-06-14 06:06:46.207,2026-06-14 07:03:55.237,0,NULL,2026-06-14 07:03:55.323,5206,5206,0,UNDEFINED
26-047896,2026-06-14 05:38:45.370,25,SUN,14,5,C,NIGHT,LATE,POLICE,ASSAULT NO INJURY DELAY,2,Radio,"SMITH, SHAVAUGHN",NULL,2026-06-14 05:38:45.370,2026-06-14 05:53:39.000,2026-06-14 05:38:45.370,0,1,-1,2026-06-14 06:10:59.587,1934,1934,0,2026-06-14 05:38:45.370,0,NULL,0,2026-06-14 06:10:59.643,1934,1934,0,2026-06-14 06:10:59.643,0,0,0,NULL,NULL,-9999,NULL,2026-06-14 06:42:33.917,2026-06-14 08:09:24.290,0,NULL,2026-06-14 08:09:24.360,9039,9038,1,NR-No Report
26-047897,2026-06-14 05:40:11.000,25,SUN,14,5,C,NIGHT,LATE,POLICE,DOMESTIC VIOL NO INJ,2,E-911,"MARTINEZ, ESTHER","MCLEOD, DOUGLAS",2026-06-14 05:40:11.000,2026-06-14 05:41:32.000,2026-06-14 05:41:29.000,78,78,0,2026-06-14 05:45:07.943,218,218,0,2026-06-14 05:43:31.000,200,200,0,2026-06-14 05:45:35.137,296,296,0,2026-06-14 05:45:35.137,28,27,1,2026-06-14 05:58:06.563,751,751,0,2026-06-14 06:28:27.117,2026-06-14 06:30:22.940,0,NULL,2026-06-14 06:30:22.997,3011,3011,0,NR-No Report
26-047899,2026-06-14 05:43:16.000,25,SUN,14,5,C,NIGHT,LATE,POLICE,DISORDERLY CONDUCT,2,Phone,"SMITH, SHAVAUGHN","DEWBERRY, RE'KEYA",2026-06-14 05:43:14.000,2026-06-14 05:44:28.000,2026-06-14 05:43:32.000,18,16,2,2026-06-14 05:57:22.247,830,830,0,2026-06-14 05:44:52.000,98,96,2,2026-06-14 05:57:25.653,848,848,0,2026-06-14 05:57:25.653,3,3,0,2026-06-14 06:00:45.077,200,199,1,2026-06-14 06:47:34.773,2026-06-14 07:08:39.570,0,NULL,2026-06-14 07:08:39.593,5125,5125,0,NR-No Report
26-014705,2026-06-14 06:25:27.000,25,SUN,14,6,A,DAY,EARLY,FIRE,FIRE ALARM,3,Flag Down,"FOSTER, KANESHA",Automatic Dispatch,2026-06-14 06:25:25.000,2026-06-14 06:26:53.000,2026-06-14 06:26:12.000,47,45,2,2026-06-14 06:26:14.463,2,2,0,2026-06-14 06:30:15.000,290,288,2,2026-06-14 06:27:48.787,49,49,0,2026-06-14 06:27:48.787,94,94,0,2026-06-14 06:32:43.893,295,295,0,2026-06-14 07:04:31.447,2026-06-14 07:04:31.447,0,NULL,2026-06-14 07:04:31.527,2346,2346,0,UNDEFINED
26-014706,2026-06-14 06:25:34.000,25,SUN,14,6,A,DAY,EARLY,FIRE,PUBLIC SERVICE FIRE,4,Phone,"HARDING, AUTUMN",Automatic Dispatch,2026-06-14 06:25:32.000,2026-06-14 06:27:45.000,2026-06-14 06:27:35.000,123,121,2,2026-06-14 06:27:37.310,2,2,0,2026-06-14 06:28:43.000,191,189,2,2026-06-14 06:29:16.153,125,125,0,2026-06-14 06:29:16.153,99,98,1,2026-06-14 06:34:48.827,332,332,0,2026-06-14 06:45:26.440,2026-06-14 06:45:26.440,0,NULL,2026-06-14 06:45:26.673,1194,1194,0,UNDEFINED
26-047902,2026-06-14 06:27:30.000,25,SUN,14,6,A,DAY,EARLY,POLICE,LARCENY FROM AUTO DELAY,4,Phone,"JONES, DAESHA","DEWBERRY, RE'KEYA",2026-06-14 06:27:28.000,2026-06-14 06:29:15.000,2026-06-14 06:28:31.000,63,61,2,2026-06-14 06:29:55.587,84,84,0,2026-06-14 06:30:20.000,172,170,2,2026-06-14 06:30:23.063,147,147,0,2026-06-14 06:30:23.063,28,27,1,NULL,NULL,-9999,NULL,NULL,2026-06-14 10:23:52.000,0,NULL,NULL,14184,14184,0,RE-Report
26-014707,2026-06-14 06:43:04.000,25,SUN,14,6,A,DAY,EARLY,EMS,PSYCHIATRIC EMERGENCY ALS 1,2,E-911,"JONES, DAESHA","SMITH, TERESA",2026-06-14 06:43:04.000,2026-06-14 06:54:39.593,2026-06-14 06:45:35.000,151,151,0,2026-06-14 06:45:37.377,2,2,0,2026-06-14 06:49:30.000,386,386,0,2026-06-14 06:47:02.230,153,153,0,2026-06-14 06:47:02.230,85,84,1,2026-06-14 06:50:08.143,186,185,1,2026-06-14 06:51:58.857,2026-06-14 06:53:19.430,1,2026-06-14 06:54:16.140,2026-06-14 07:01:36.843,615,1112,-497,UNDEFINED
26-047904,2026-06-14 06:45:35.000,25,SUN,14,6,A,DAY,EARLY,POLICE,MENTAL HEALTH CASE,2,E-911,"JONES, DAESHA","DEWBERRY, RE'KEYA",2026-06-14 06:45:35.000,2026-06-14 06:45:54.000,2026-06-14 06:45:35.000,0,NULL,0,2026-06-14 06:46:13.787,38,38,0,2026-06-14 06:45:35.000,0,0,0,2026-06-14 06:46:18.470,38,38,0,2026-06-14 06:46:18.470,5,4,1,2026-06-14 06:47:47.777,89,89,0,2026-06-14 06:49:41.193,2026-06-14 07:11:35.847,0,NULL,2026-06-14 07:11:35.903,1560,1560,0,NR-No Report
26-047906,2026-06-14 06:49:24.000,25,SUN,14,6,A,DAY,EARLY,POLICE,DISORDERLY CONDUCT,2,E-911,"FOSTER, KANESHA","DEWBERRY, RE'KEYA",2026-06-14 06:49:24.000,2026-06-14 06:51:14.000,2026-06-14 06:51:04.000,100,100,0,2026-06-14 06:52:02.097,58,58,0,2026-06-14 07:01:11.000,707,707,0,2026-06-14 06:52:02.147,158,158,0,2026-06-14 06:52:02.147,0,0,0,2026-06-14 07:05:48.427,826,826,0,2026-06-14 07:20:18.793,2026-06-14 07:22:37.327,0,NULL,2026-06-14 07:22:37.520,1993,1993,0,NR-No Report
26-014708,2026-06-14 06:51:59.323,25,SUN,14,6,A,DAY,EARLY,EMS,MUTUAL BLS,1,C2C,CAD to CAD Service 1,CAD to CAD Service 1,2026-06-14 06:50:21.000,2026-06-14 10:06:34.000,2026-06-14 06:51:59.667,98,0,98,2026-06-14 06:51:59.730,0,0,0,NULL,NULL,NULL,NULL,2026-06-14 06:53:01.590,98,-9999,10097,2026-06-14 06:53:01.590,62,61,1,2026-06-14 06:59:45.340,404,403,1,2026-06-14 07:14:44.603,2026-06-14 10:07:16.720,0,NULL,2026-06-14 10:07:16.800,11815,11815,0,UNDEFINED
26-047910,2026-06-14 07:09:33.000,25,SUN,14,7,A,DAY,EARLY,POLICE,DIP - DRUNK/INTOX PERSON,2,Radio,"DEWBERRY, RE'KEYA","DEWBERRY, RE'KEYA",2026-06-14 07:09:31.000,2026-06-14 07:30:59.000,2026-06-14 07:09:42.000,11,9,2,2026-06-14 07:10:03.867,21,21,0,2026-06-14 07:10:06.000,35,33,2,2026-06-14 07:10:03.953,32,32,0,2026-06-14 07:10:03.953,0,0,0,NULL,NULL,-9999,NULL,2026-06-14 08:35:33.183,2026-06-14 08:35:33.183,0,NULL,2026-06-14 08:35:33.223,5162,5162,0,RE-Report
26-014709,2026-06-14 07:09:59.000,25,SUN,14,7,A,DAY,EARLY,FIRE,ELEVATOR,3,E-911,"HARDING, AUTUMN",Automatic Dispatch,2026-06-14 07:09:59.000,2026-06-14 07:11:09.000,2026-06-14 07:10:48.000,49,49,0,2026-06-14 07:10:49.450,1,1,0,2026-06-14 07:11:29.000,90,90,0,2026-06-14 07:15:12.643,50,50,0,2026-06-14 07:15:12.643,263,263,0,NULL,NULL,-9999,NULL,2026-06-14 07:22:06.463,2026-06-14 07:22:06.463,0,NULL,2026-06-14 07:22:06.497,727,727,0,UNDEFINED
26-047911,2026-06-14 07:13:53.000,25,SUN,14,7,A,DAY,EARLY,POLICE,POLICE INFORMATION,4,E-911,"JONES, DAESHA","DEWBERRY, RE'KEYA",2026-06-14 07:13:53.000,2026-06-14 07:15:00.000,2026-06-14 07:14:54.000,61,61,0,2026-06-14 07:23:26.323,512,512,0,2026-06-14 07:19:35.000,342,342,0,2026-06-14 07:23:31.607,573,573,0,2026-06-14 07:23:31.607,5,5,0,2026-06-14 07:30:36.647,425,425,0,2026-06-14 07:56:12.003,2026-06-14 10:23:47.000,0,NULL,NULL,11394,11394,0,RE-Report
26-014710,2026-06-14 07:21:36.387,25,SUN,14,7,A,DAY,EARLY,EMS,MUTUAL ALS,1,C2C,CAD to CAD Service 1,CAD to CAD Service 1,2026-06-14 07:21:08.000,NULL,2026-06-14 07:21:36.620,28,0,28,2026-06-14 07:21:36.667,0,0,0,NULL,NULL,NULL,NULL,2026-06-14 07:22:16.547,28,41,-13,2026-06-14 07:22:16.547,40,27,13,2026-06-14 07:25:47.980,211,211,0,2026-06-14 07:33:37.547,2026-06-14 07:35:02.883,0,NULL,2026-06-14 07:35:02.917,834,834,0,UNDEFINED
26-047912,2026-06-14 07:24:20.000,25,SUN,14,7,A,DAY,EARLY,POLICE,ALARM COMMERCIAL,2,Phone,"JONES, DAESHA","DEWBERRY, RE'KEYA",2026-06-14 07:24:18.000,2026-06-14 07:25:05.000,2026-06-14 07:24:36.000,18,16,2,2026-06-14 07:25:21.427,45,45,0,2026-06-14 07:25:58.000,100,98,2,2026-06-14 07:25:21.473,63,63,0,2026-06-14 07:25:21.473,0,0,0,2026-06-14 07:26:45.860,84,84,0,2026-06-14 07:34:39.480,2026-06-14 07:34:39.447,0,NULL,2026-06-14 07:34:39.447,621,621,0,FALSE-False Alarm
26-014711,2026-06-14 07:27:17.000,25,SUN,14,7,A,DAY,EARLY,EMS,UNKNOWN MEDICAL ALS 1,1,E-911,"JONES, DAESHA",Automatic Dispatch,2026-06-14 07:27:17.000,2026-06-14 07:29:04.000,2026-06-14 07:28:36.000,79,79,0,2026-06-14 07:28:38.577,2,2,0,2026-06-14 07:33:40.000,383,383,0,2026-06-14 07:29:41.960,81,81,0,2026-06-14 07:29:41.960,63,63,0,2026-06-14 07:33:09.713,208,207,1,2026-06-14 07:59:38.307,2026-06-14 08:39:11.727,0,NULL,2026-06-14 08:39:11.793,4314,4314,0,UNDEFINED
26-047917,2026-06-14 08:14:32.000,25,SUN,14,8,A,DAY,EARLY,POLICE,PUBLIC SERVICE MULTI OFFICER,2,Phone,"HARDING, AUTUMN","FOSTER, KANESHA",2026-06-14 08:14:30.000,2026-06-14 08:26:45.000,2026-06-14 08:21:43.000,433,431,2,2026-06-14 08:27:50.990,367,367,0,2026-06-14 08:22:06.000,456,454,2,2026-06-14 08:27:53.320,800,800,0,2026-06-14 08:27:53.320,3,2,1,2026-06-14 08:35:21.427,448,448,0,2026-06-14 08:28:22.217,2026-06-14 09:21:27.493,0,NULL,2026-06-14 09:21:27.517,4017,4017,0,NR-No Report
26-047919,2026-06-14 08:30:21.000,25,SUN,14,8,A,DAY,EARLY,POLICE,OFF DUTY DETAIL,8,OFFICER,"SARRACINO, ANDREW W","FOSTER, KANESHA",2026-06-14 08:30:21.000,2026-06-14 08:42:26.000,2026-06-14 08:30:21.000,0,1,-1,2026-06-14 08:30:21.000,0,0,0,2026-06-14 08:30:21.000,0,NULL,0,2026-06-14 08:30:21.000,0,0,0,2026-06-14 08:30:21.000,0,0,0,2026-06-14 08:30:21.000,0,0,0,2026-06-14 12:31:06.200,2026-06-14 13:06:38.123,0,NULL,2026-06-14 13:06:38.167,16577,16577,0,NR-No Report
26-047920,2026-06-14 08:31:42.000,25,SUN,14,8,A,DAY,EARLY,POLICE,OFF DUTY DETAIL,8,OFFICER,"ANDERSON, ALEX D",NULL,2026-06-14 08:31:42.000,NULL,2026-06-14 08:31:42.000,0,1,-1,2026-06-14 08:31:42.000,0,0,0,2026-06-14 08:31:42.000,0,NULL,0,2026-06-14 08:31:42.000,0,0,0,2026-06-14 08:31:42.000,0,0,0,2026-06-14 08:31:42.000,0,0,0,2026-06-14 12:13:53.977,2026-06-14 12:13:53.977,0,NULL,2026-06-14 12:13:54.063,13331,13331,0,NR-No Report
26-014712,2026-06-14 08:31:53.000,25,SUN,14,8,A,DAY,EARLY,EMS,MEDICAL ALARM - BLS,3,Phone,"DEWBERRY, RE'KEYA",Automatic Dispatch,2026-06-14 08:31:51.000,2026-06-14 08:33:16.000,2026-06-14 08:32:48.000,57,55,2,2026-06-14 08:32:50.363,2,2,0,2026-06-14 08:32:48.000,57,NULL,57,2026-06-14 08:33:56.120,59,59,0,2026-06-14 08:33:56.120,66,65,1,2026-06-14 08:40:15.297,379,379,0,2026-06-14 08:46:49.257,2026-06-14 08:46:49.257,0,NULL,2026-06-14 08:46:49.633,898,898,0,UNDEFINED
26-014713,2026-06-14 08:45:58.000,25,SUN,14,8,A,DAY,EARLY,FIRE,OUTSIDE FIRE,3,Phone,"HARDING, AUTUMN",Automatic Dispatch,2026-06-14 08:45:58.000,2026-06-14 08:48:18.000,2026-06-14 08:48:11.000,133,133,0,2026-06-14 08:48:13.190,2,2,0,2026-06-14 08:48:12.000,134,134,0,2026-06-14 08:49:27.460,135,135,0,2026-06-14 08:49:27.460,74,74,0,2026-06-14 08:54:41.083,314,313,1,2026-06-14 08:57:54.647,2026-06-14 08:57:54.647,0,NULL,2026-06-14 08:57:54.827,716,716,0,UNDEFINED
26-047926,2026-06-14 08:48:30.000,25,SUN,14,8,A,DAY,EARLY,POLICE,PARKING COMPLAINT,4,Phone,"HARDING, AUTUMN","FOSTER, KANESHA",2026-06-14 08:48:28.000,2026-06-14 08:51:29.000,2026-06-14 08:49:50.000,82,80,2,2026-06-14 09:25:54.173,2164,2164,0,2026-06-14 08:50:16.000,108,106,2,2026-06-14 09:26:22.097,2246,2246,0,2026-06-14 09:26:22.097,28,27,1,2026-06-14 09:32:34.300,372,372,0,2026-06-14 09:53:20.383,2026-06-14 09:53:20.383,0,NULL,2026-06-14 09:53:20.493,3892,3892,0,NR-No Report
26-047924,2026-06-14 08:49:31.000,25,SUN,14,8,A,DAY,EARLY,POLICE,OFF DUTY DETAIL,8,OFFICER,"SUAREZ, ANGGELO J",NULL,2026-06-14 08:49:31.000,NULL,2026-06-14 08:49:31.000,0,0,0,2026-06-14 08:49:31.000,0,0,0,2026-06-14 08:49:31.000,0,NULL,0,2026-06-14 08:49:31.000,0,0,0,2026-06-14 08:49:31.000,0,0,0,2026-06-14 08:49:31.000,0,0,0,2026-06-14 13:00:12.500,2026-06-14 13:00:12.500,0,NULL,2026-06-14 13:00:12.543,15041,15041,0,NR-No Report
26-047927,2026-06-14 08:50:40.000,25,SUN,14,8,A,DAY,EARLY,POLICE,ANIMAL STRAY,2,Phone,"JONES, DAESHA","FOSTER, KANESHA",2026-06-14 08:50:38.000,2026-06-14 08:53:38.000,2026-06-14 08:51:39.000,61,59,2,2026-06-14 08:54:16.060,157,157,0,2026-06-14 08:52:27.000,109,107,2,NULL,218,218,0,NULL,NULL,-9999,NULL,NULL,NULL,-9999,NULL,NULL,2026-06-14 08:55:29.000,0,NULL,NULL,291,291,0,RE-Report
26-014714,2026-06-14 08:58:13.000,25,SUN,14,8,A,DAY,EARLY,EMS,FALL BLS,3,E-911,"HARDING, AUTUMN",Automatic Dispatch,2026-06-14 08:58:13.000,2026-06-14 08:59:51.000,2026-06-14 08:59:17.000,64,64,0,2026-06-14 08:59:19.663,2,2,0,2026-06-14 09:00:52.000,159,159,0,2026-06-14 09:00:24.983,66,66,0,2026-06-14 09:00:24.983,65,65,0,2026-06-14 09:05:26.580,302,301,1,2026-06-14 09:21:12.010,2026-06-14 10:30:48.353,0,NULL,2026-06-14 10:30:48.437,5555,5555,0,UNDEFINED
26-047932,2026-06-14 09:03:38.000,25,SUN,14,9,A,DAY,EARLY,POLICE,ANIMAL SICK-INJURED,2,Phone,"HARDING, AUTUMN","FOSTER, KANESHA",2026-06-14 09:03:36.000,2026-06-14 09:14:52.000,2026-06-14 09:04:12.000,36,34,2,2026-06-14 09:22:41.143,1109,1109,0,2026-06-14 09:05:26.000,110,108,2,NULL,1145,1145,0,NULL,NULL,-9999,NULL,NULL,NULL,-9999,NULL,2026-06-14 09:44:28.727,2026-06-14 09:44:28.727,0,NULL,2026-06-14 09:44:28.773,2452,2452,0,ACOR-Animal Control Report
26-047934,2026-06-14 09:15:00.000,25,SUN,14,9,A,DAY,EARLY,POLICE,MVC PROPERTY DAMAGE,2,E-911,"JONES, DAESHA","FOSTER, KANESHA",2026-06-14 09:14:59.000,2026-06-14 09:15:54.000,2026-06-14 09:15:39.000,40,39,1,2026-06-14 09:17:02.737,83,83,0,2026-06-14 09:17:32.000,153,152,1,2026-06-14 09:17:04.707,123,123,0,2026-06-14 09:17:04.707,2,1,1,2026-06-14 09:24:07.957,423,423,0,2026-06-14 09:57:37.803,2026-06-14 09:57:37.803,0,NULL,2026-06-14 09:57:37.843,2558,2558,0,RE-Report
26-047939,2026-06-14 09:37:47.000,25,SUN,14,9,A,DAY,EARLY,POLICE,ALARM COMMERCIAL,2,Phone,"HARDING, AUTUMN","FOSTER, KANESHA",2026-06-14 09:37:45.000,2026-06-14 09:39:04.000,2026-06-14 09:38:52.000,67,65,2,2026-06-14 09:39:10.953,18,18,0,2026-06-14 09:38:52.000,67,NULL,67,2026-06-14 09:39:14.933,85,85,0,2026-06-14 09:39:14.933,4,3,1,2026-06-14 09:41:20.577,126,125,1,2026-06-14 09:55:58.160,2026-06-14 09:55:58.160,0,NULL,2026-06-14 09:55:58.257,1093,1093,0,FALSE-False Alarm
26-014715,2026-06-14 09:43:05.000,25,SUN,14,9,A,DAY,EARLY,FIRE,FIRE ALARM,3,Text,"JONES, DAESHA","GOODWIN, SHEENA",2026-06-14 09:43:03.000,2026-06-14 09:46:25.000,2026-06-14 09:43:29.000,26,24,2,2026-06-14 09:43:31.723,2,2,0,2026-06-14 09:43:29.000,26,NULL,26,2026-06-14 09:46:18.790,28,28,0,2026-06-14 09:46:18.790,167,0,167,2026-06-14 09:48:33.437,135,134,1,2026-06-14 09:44:58.843,2026-06-14 09:44:58.843,1,2026-06-14 09:46:10.360,2026-06-14 09:50:53.910,115,470,-355,UNDEFINED
26-014716,2026-06-14 09:44:43.087,25,SUN,14,9,A,DAY,EARLY,FIRE,PUBLIC SERVICE FIRE,4,NOT CAPTURED,"FOSTER, KANESHA",Automatic Dispatch,2026-06-14 09:44:43.087,2026-06-14 09:46:49.000,2026-06-14 09:44:43.087,0,0,0,2026-06-14 09:44:45.170,2,2,0,2026-06-14 09:44:43.087,0,NULL,0,2026-06-14 09:44:57.880,2,2,0,2026-06-14 09:44:57.880,12,12,0,2026-06-14 09:49:51.400,294,293,1,2026-06-14 09:52:43.757,2026-06-14 09:52:43.757,0,NULL,2026-06-14 09:52:43.800,480,480,0,UNDEFINED
26-047942,2026-06-14 09:46:22.000,25,SUN,14,9,A,DAY,EARLY,POLICE,OFF DUTY DETAIL,8,OFFICER,"SAVOY, CARL L",NULL,2026-06-14 09:46:22.000,NULL,2026-06-14 09:46:22.000,0,1,-1,2026-06-14 09:46:22.000,0,0,0,2026-06-14 09:46:22.000,0,NULL,0,2026-06-14 09:46:22.000,0,0,0,2026-06-14 09:46:22.000,0,0,0,2026-06-14 09:46:22.000,0,0,0,2026-06-14 12:52:45.160,2026-06-14 12:58:38.743,0,NULL,2026-06-14 12:58:38.780,11536,11536,0,NR-No Report
26-014717,2026-06-14 09:46:57.000,25,SUN,14,9,A,DAY,EARLY,EMS,FALL BLS,3,E-911,"DEWBERRY, RE'KEYA",Automatic Dispatch,2026-06-14 09:46:56.000,2026-06-14 09:48:14.000,2026-06-14 09:47:29.000,33,32,1,2026-06-14 09:47:31.400,2,2,0,2026-06-14 09:48:59.000,123,122,1,2026-06-14 09:49:03.057,35,35,0,2026-06-14 09:49:03.057,92,91,1,2026-06-14 09:56:47.073,464,464,0,2026-06-14 10:43:37.693,2026-06-14 10:43:37.693,0,NULL,2026-06-14 10:43:37.773,3401,3401,0,UNDEFINED
26-014718,2026-06-14 10:01:23.000,25,SUN,14,10,A,DAY,MIDS,FIRE,PUBLIC SERVICE FIRE,4,E-911,"FOSTER, KANESHA",Automatic Dispatch,2026-06-14 10:01:23.000,2026-06-14 10:02:40.000,2026-06-14 10:02:20.000,57,57,0,2026-06-14 10:02:22.867,2,2,0,2026-06-14 10:03:42.000,139,139,0,2026-06-14 10:03:27.870,59,59,0,2026-06-14 10:03:27.870,65,65,0,2026-06-14 10:08:22.763,295,294,1,2026-06-14 10:14:37.700,2026-06-14 10:14:37.700,0,NULL,2026-06-14 10:14:37.833,794,794,0,UNDEFINED
26-047946,2026-06-14 10:02:04.000,25,SUN,14,10,A,DAY,MIDS,POLICE,SUSPICIOUS EVENT,2,Phone,"DEWBERRY, RE'KEYA","HARDING, AUTUMN",2026-06-14 10:02:02.000,2026-06-14 10:02:29.000,2026-06-14 10:02:14.000,12,10,2,2026-06-14 10:02:37.487,23,23,0,2026-06-14 10:03:35.000,93,91,2,2026-06-14 10:02:42.193,35,35,0,2026-06-14 10:02:42.193,5,4,1,2026-06-14 10:07:59.793,317,317,0,2026-06-14 10:04:24.023,2026-06-14 11:27:41.130,0,NULL,2026-06-14 11:27:41.170,5139,5139,0,NR-No Report
26-014719,2026-06-14 10:04:54.523,25,SUN,14,10,A,DAY,MIDS,FIRE,MUTUAL FIRE ALARM,1,C2C,CAD to CAD Service 1,CAD to CAD Service 1,2026-06-14 10:03:16.000,NULL,2026-06-14 10:04:54.743,98,0,98,2026-06-14 10:04:54.790,0,0,0,NULL,NULL,NULL,NULL,2026-06-14 10:05:44.170,98,115,-17,2026-06-14 10:05:44.170,50,49,1,NULL,NULL,-9999,NULL,2026-06-14 10:08:56.863,2026-06-14 10:09:58.710,0,NULL,2026-06-14 10:09:58.727,402,402,0,CAD2CAD
26-014720,2026-06-14 10:11:56.000,25,SUN,14,10,A,DAY,MIDS,EMS,SEIZURE ALS 1,1,E-911,"DEWBERRY, RE'KEYA",Automatic Dispatch,2026-06-14 10:11:55.000,2026-06-14 10:12:52.000,2026-06-14 10:12:40.000,45,44,1,2026-06-14 10:12:42.337,2,2,0,2026-06-14 10:17:30.000,335,334,1,2026-06-14 10:14:00.437,47,47,0,2026-06-14 10:14:00.437,78,78,0,2026-06-14 10:17:48.630,228,228,0,2026-06-14 10:19:17.157,2026-06-14 10:44:11.620,0,NULL,2026-06-14 10:44:11.727,1936,1936,0,UNDEFINED
26-014721,2026-06-14 10:15:28.000,25,SUN,14,10,A,DAY,MIDS,EMS,CHEST PAIN ALS 1,1,Phone,"JONES, DAESHA",Automatic Dispatch,2026-06-14 10:15:26.000,2026-06-14 10:16:16.000,2026-06-14 10:16:10.000,44,42,2,2026-06-14 10:16:12.270,2,2,0,2026-06-14 10:18:08.000,162,160,2,2026-06-14 10:17:25.857,46,46,0,2026-06-14 10:17:25.857,73,73,0,2026-06-14 10:24:18.703,413,412,1,2026-06-14 10:43:26.813,2026-06-14 11:26:15.680,0,NULL,2026-06-14 11:26:15.740,4249,4249,0,UNDEFINED
26-014722,2026-06-14 10:23:19.747,25,SUN,14,10,A,DAY,MIDS,EMS,MUTUAL BLS,1,C2C,CAD to CAD Service 1,CAD to CAD Service 1,2026-06-14 10:22:58.000,NULL,2026-06-14 10:23:20.030,22,0,22,2026-06-14 10:23:20.077,0,0,0,NULL,NULL,NULL,NULL,2026-06-14 10:24:16.787,22,40,-18,2026-06-14 10:24:16.787,56,56,0,2026-06-14 10:27:25.167,189,188,1,2026-06-14 10:29:43.597,2026-06-14 10:32:06.817,0,NULL,2026-06-14 10:32:06.847,548,548,0,CAD2CAD
26-047950,2026-06-14 10:30:03.000,25,SUN,14,10,A,DAY,MIDS,POLICE,TRNSPORT PRISONER MED LOCAL,4,Radio,"HARDING, AUTUMN","PICKERAL, LAUREN",2026-06-14 10:30:03.000,2026-06-14 10:30:05.000,2026-06-14 10:30:03.000,0,0,0,2026-06-14 10:30:03.000,0,0,0,2026-06-14 10:30:03.000,0,0,0,2026-06-14 12:04:41.717,0,0,0,2026-06-14 10:30:03.000,0,0,0,2026-06-14 10:30:03.000,0,0,0,2026-06-15 03:35:29.193,2026-06-15 03:35:29.193,0,NULL,2026-06-15 03:35:29.280,61526,61526,0,NR-No Report
26-047951,2026-06-14 10:30:15.000,25,SUN,14,10,A,DAY,MIDS,POLICE,ALARM RESIDENTIAL,2,Text,"SMITH, TERESA","HARDING, AUTUMN",2026-06-14 10:30:13.000,2026-06-14 10:30:44.000,2026-06-14 10:30:31.000,18,16,2,2026-06-14 10:30:54.690,23,23,0,2026-06-14 10:32:18.000,125,123,2,2026-06-14 10:31:15.693,41,41,0,2026-06-14 10:31:15.693,21,21,0,2026-06-14 10:33:39.540,144,143,1,2026-06-14 10:31:44.170,2026-06-14 10:36:58.000,0,NULL,NULL,405,405,0,FALSE-False Alarm
26-047952,2026-06-14 10:37:47.000,25,SUN,14,10,A,DAY,MIDS,POLICE,FLAG DOWN,2,OFFICER,"SLEVINSKI, ZYGMOND E",NULL,2026-06-14 10:37:47.000,2026-06-14 10:37:57.000,2026-06-14 10:37:47.000,0,0,0,2026-06-14 10:37:47.000,0,0,0,2026-06-14 10:37:47.000,0,NULL,0,2026-06-14 10:37:47.000,0,0,0,2026-06-14 10:37:47.000,0,0,0,2026-06-14 10:37:47.000,0,0,0,NULL,2026-06-14 10:38:05.000,0,NULL,NULL,18,18,0,NR-No Report
26-047957,2026-06-14 10:53:08.000,25,SUN,14,10,A,DAY,MIDS,POLICE,ASSIST CITIZEN PROMPT,3,Phone,"JONES, DAESHA","HARDING, AUTUMN",2026-06-14 10:53:07.000,2026-06-14 10:54:53.000,2026-06-14 10:54:42.000,95,94,1,2026-06-14 11:15:25.373,1243,1243,0,2026-06-14 10:55:06.000,119,118,1,2026-06-14 11:17:53.683,1338,1338,0,2026-06-14 11:17:53.683,148,148,0,2026-06-14 11:27:18.870,565,565,0,2026-06-14 11:59:31.730,2026-06-14 11:59:31.730,0,NULL,2026-06-14 11:59:31.773,3984,3984,0,NR-No Report
26-014723,2026-06-14 11:12:03.000,25,SUN,14,11,A,DAY,MIDS,FIRE,GAS LEAK - OUTSIDE,2,E-911,"PICKERAL, LAUREN",Automatic Dispatch,2026-06-14 11:12:03.000,2026-06-14 11:12:59.000,2026-06-14 11:12:37.000,34,34,0,2026-06-14 11:12:39.283,2,2,0,2026-06-14 11:13:49.000,106,106,0,2026-06-14 11:13:57.577,36,36,0,2026-06-14 11:13:57.577,78,78,0,2026-06-14 11:18:51.323,294,293,1,2026-06-14 11:31:41.093,2026-06-14 11:35:29.513,0,NULL,2026-06-14 11:35:29.577,1406,1406,0,UNDEFINED
26-047964,2026-06-14 11:14:10.000,25,SUN,14,11,A,DAY,MIDS,POLICE,LARCENY RESIDENTIAL DELAY,4,E-911,"JONES, DAESHA",NULL,2026-06-14 11:14:10.000,2026-06-14 11:22:33.000,2026-06-14 11:22:28.000,498,498,0,2026-06-14 11:27:58.460,330,330,0,2026-06-14 11:26:37.000,747,747,0,2026-06-14 11:28:05.473,828,828,0,2026-06-14 11:28:05.473,7,7,0,2026-06-14 11:35:34.747,449,449,0,2026-06-14 17:49:46.737,2026-06-14 17:49:46.737,0,NULL,2026-06-14 17:49:46.780,23736,23736,0,RE-Report
26-047966,2026-06-14 11:23:30.000,25,SUN,14,11,A,DAY,MIDS,POLICE,MVC PROPERTY DAMAGE,2,E-911,"DEWBERRY, RE'KEYA","HARDING, AUTUMN",2026-06-14 11:23:30.000,2026-06-14 11:26:43.000,2026-06-14 11:24:28.000,58,58,0,2026-06-14 11:27:04.490,156,156,0,2026-06-14 11:26:52.000,202,202,0,2026-06-14 11:27:26.133,214,214,0,2026-06-14 11:27:26.133,22,21,1,2026-06-14 11:37:35.423,609,609,0,2026-06-14 12:11:58.897,2026-06-14 12:11:58.897,0,NULL,2026-06-14 12:11:58.983,2908,2908,0,NR-No Report
26-047968,2026-06-14 11:39:18.000,25,SUN,14,11,A,DAY,MIDS,POLICE,PROPERTY FOUND,4,Phone,"JONES, DAESHA","HARDING, AUTUMN",2026-06-14 11:39:16.000,2026-06-14 11:41:11.000,2026-06-14 11:40:37.000,81,79,2,2026-06-14 11:55:36.480,899,899,0,2026-06-14 11:41:17.000,121,119,2,2026-06-14 11:55:39.240,980,980,0,2026-06-14 11:55:39.240,3,2,1,2026-06-14 12:01:50.667,371,371,0,2026-06-14 13:47:11.843,2026-06-14 13:47:11.843,0,NULL,2026-06-14 13:47:11.883,7675,7675,0,RE-Report
26-014724,2026-06-14 11:41:36.340,25,SUN,14,11,A,DAY,MIDS,FIRE,MVC AUTO,2,Radio,"HARDING, AUTUMN",Automatic Dispatch,2026-06-14 11:41:36.340,2026-06-14 11:41:48.000,2026-06-14 11:41:36.340,0,0,0,2026-06-14 11:41:39.003,3,2,1,2026-06-14 11:41:36.340,0,NULL,0,2026-06-14 11:42:28.870,3,2,1,2026-06-14 11:42:28.870,49,0,49,2026-06-14 11:42:33.250,5,4,1,2026-06-14 11:49:48.947,2026-06-14 12:52:32.073,0,NULL,2026-06-14 12:52:32.143,4256,4255,1,UNDEFINED
26-047969,2026-06-14 11:46:10.000,25,SUN,14,11,A,DAY,MIDS,POLICE,PUBLIC SERVICE MULTI OFFICER,4,Phone,"SMITH, TERESA","HARDING, AUTUMN",2026-06-14 11:46:09.000,2026-06-14 11:51:24.000,2026-06-14 11:50:57.000,288,287,1,2026-06-14 11:54:47.237,230,230,0,2026-06-14 12:00:51.000,882,881,1,2026-06-14 11:55:07.913,518,518,0,2026-06-14 11:55:07.913,20,20,0,2026-06-14 12:00:49.040,342,341,1,2026-06-14 12:10:01.313,2026-06-14 12:16:50.587,0,NULL,2026-06-14 12:16:50.633,1841,1841,0,NR-No Report
26-014725,2026-06-14 11:49:20.000,25,SUN,14,11,A,DAY,MIDS,FIRE,FIRE ALARM,3,Phone,"PICKERAL, LAUREN",Automatic Dispatch,2026-06-14 11:49:18.000,2026-06-14 11:50:23.000,2026-06-14 11:49:42.000,24,22,2,2026-06-14 11:49:44.457,2,2,0,2026-06-14 11:50:14.000,56,54,2,2026-06-14 11:50:43.603,26,26,0,2026-06-14 11:50:43.603,59,59,0,2026-06-14 11:53:52.293,189,188,1,2026-06-14 12:00:55.020,2026-06-14 12:00:55.020,0,NULL,2026-06-14 12:00:55.093,697,697,0,UNDEFINED
26-047970,2026-06-14 11:58:47.000,25,SUN,14,11,A,DAY,MIDS,POLICE,LARCENY FROM AUTO DELAY,4,Phone,"DEWBERRY, RE'KEYA","DEWBERRY, RE'KEYA",2026-06-14 11:58:46.000,2026-06-14 11:59:36.000,2026-06-14 11:59:06.000,20,19,1,2026-06-14 12:05:09.380,363,363,0,2026-06-14 12:00:22.000,96,95,1,2026-06-14 12:05:11.497,383,383,0,2026-06-14 12:05:11.497,2,2,0,2026-06-14 12:05:11.497,0,0,0,2026-06-14 13:38:21.607,2026-06-14 13:38:21.607,0,NULL,2026-06-14 13:38:21.683,5975,5975,0,RE-Report
26-047971,2026-06-14 12:01:12.000,25,SUN,14,12,A,DAY,MIDS,POLICE,ALARM COMMERCIAL,2,Text,"CRUZ, STEPHANIE","DEWBERRY, RE'KEYA",2026-06-14 12:01:10.000,2026-06-14 12:02:04.000,2026-06-14 12:01:57.000,47,45,2,2026-06-14 12:02:13.703,16,16,0,2026-06-14 12:03:13.000,123,121,2,2026-06-14 12:02:18.347,63,63,0,2026-06-14 12:02:18.347,5,4,1,2026-06-14 12:17:39.230,921,920,1,2026-06-14 12:02:49.677,2026-06-14 12:24:21.800,0,NULL,2026-06-14 12:24:21.850,1391,1391,0,FALSE-False Alarm
26-014726,2026-06-14 12:01:27.000,25,SUN,14,12,A,DAY,MIDS,EMS,INJURED PERSON BLS,3,E-911,"FOSTER, KANESHA",Automatic Dispatch,2026-06-14 12:01:27.000,2026-06-14 12:02:57.000,2026-06-14 12:02:32.000,65,65,0,2026-06-14 12:02:34.183,2,2,0,2026-06-14 12:09:27.000,480,480,0,2026-06-14 12:03:32.800,67,67,0,2026-06-14 12:03:32.800,58,58,0,2026-06-14 12:35:57.603,1945,1944,1,2026-06-14 14:22:16.223,2026-06-14 14:22:16.223,0,NULL,2026-06-14 14:22:16.357,8449,8449,0,UNDEFINED
26-047973,2026-06-14 12:09:30.000,25,SUN,14,12,A,DAY,MIDS,POLICE,ALARM RESIDENTIAL,2,Phone,"FOSTER, KANESHA","DEWBERRY, RE'KEYA",2026-06-14 12:09:29.000,2026-06-14 12:10:53.000,2026-06-14 12:09:49.000,20,19,1,2026-06-14 12:11:11.247,82,82,0,2026-06-14 12:13:31.000,242,241,1,2026-06-14 12:11:14.497,102,102,0,2026-06-14 12:11:14.497,3,3,0,2026-06-14 12:16:49.633,335,335,0,2026-06-14 12:25:40.267,2026-06-14 12:25:54.900,0,NULL,2026-06-14 12:25:55.283,985,985,0,FALSE-False Alarm
26-047974,2026-06-14 12:09:52.000,25,SUN,14,12,A,DAY,MIDS,POLICE,DISORDERLY CONDUCT,2,Phone,"CRUZ, STEPHANIE","DEWBERRY, RE'KEYA",2026-06-14 12:09:51.000,2026-06-14 12:12:02.000,2026-06-14 12:11:12.000,81,80,1,2026-06-14 12:14:40.040,208,208,0,2026-06-14 12:13:24.000,213,212,1,2026-06-14 12:14:44.360,289,289,0,2026-06-14 12:14:44.360,4,4,0,2026-06-14 12:19:51.503,307,307,0,2026-06-14 12:24:53.797,2026-06-14 12:24:53.797,0,NULL,2026-06-14 12:24:53.830,902,902,0,NR-No Report
26-014727,2026-06-14 12:18:17.000,25,SUN,14,12,A,DAY,MIDS,EMS,UNKNOWN MEDICAL ALS 1,1,E-911,"FOSTER, KANESHA",Automatic Dispatch,2026-06-14 12:18:17.000,2026-06-14 12:19:44.000,2026-06-14 12:19:12.000,55,55,0,2026-06-14 12:19:14.230,2,2,0,2026-06-14 12:26:57.000,520,520,0,2026-06-14 12:20:24.327,57,57,0,2026-06-14 12:20:24.327,70,70,0,2026-06-14 12:21:47.617,83,83,0,2026-06-14 12:35:21.077,2026-06-14 14:11:35.323,0,NULL,2026-06-14 14:11:35.460,6798,6798,0,UNDEFINED
26-047976,2026-06-14 12:19:40.000,25,SUN,14,12,A,DAY,MIDS,POLICE,DOMESTIC VIOL NO INJ,2,E-911,"GOODWIN, SHEENA",NULL,2026-06-14 12:19:40.000,2026-06-14 12:25:55.000,2026-06-14 12:25:40.000,360,360,0,2026-06-14 12:26:17.597,37,37,0,2026-06-14 12:36:26.000,1006,1006,0,2026-06-14 12:26:20.877,397,397,0,2026-06-14 12:26:20.877,3,3,0,2026-06-14 12:28:39.083,139,138,1,2026-06-14 13:57:04.190,2026-06-14 13:57:04.190,0,NULL,2026-06-14 13:57:04.243,5844,5844,0,NR-No Report
26-014728,2026-06-14 12:23:07.000,25,SUN,14,12,A,DAY,MIDS,EMS,ALTERED LOC ALS 1,1,E-911,"PICKERAL, LAUREN",Automatic Dispatch,2026-06-14 12:23:07.000,2026-06-14 12:25:18.000,2026-06-14 12:24:25.000,78,78,0,2026-06-14 12:24:27.637,2,2,0,2026-06-14 12:26:00.000,173,173,0,2026-06-14 12:25:22.680,80,80,0,2026-06-14 12:25:22.680,55,55,0,2026-06-14 12:29:22.883,240,240,0,2026-06-14 12:46:13.803,2026-06-14 12:59:37.290,0,NULL,2026-06-14 12:59:37.360,2190,2190,0,UNDEFINED
26-047978,2026-06-14 12:26:30.000,25,SUN,14,12,A,DAY,MIDS,POLICE,OFF DUTY DETAIL,8,OFFICER,"SIMS, LADARICK H",NULL,2026-06-14 12:26:30.000,2026-06-14 18:46:02.000,2026-06-14 12:26:30.000,0,1,-1,2026-06-14 12:26:30.000,0,0,0,2026-06-14 12:26:30.000,0,NULL,0,2026-06-14 12:26:30.000,0,0,0,2026-06-14 12:26:30.000,0,0,0,2026-06-14 12:26:30.000,0,0,0,2026-06-14 18:10:56.943,2026-06-14 21:08:18.623,0,NULL,2026-06-14 21:08:18.657,31308,31308,0,NR-No Report
26-047980,2026-06-14 12:31:26.000,25,SUN,14,12,A,DAY,MIDS,POLICE,ASSIST FIRE - EMERGENCY,1,Radio,"SMITH, TERESA","DEWBERRY, RE'KEYA",2026-06-14 12:31:24.000,2026-06-14 12:32:37.000,2026-06-14 12:32:32.000,68,66,2,2026-06-14 12:32:42.603,10,10,0,2026-06-14 12:33:20.000,116,114,2,2026-06-14 12:32:52.487,78,78,0,2026-06-14 12:32:52.487,10,9,1,2026-06-14 12:34:44.723,112,112,0,2026-06-14 12:36:39.140,2026-06-14 12:51:47.460,0,NULL,2026-06-14 12:51:47.487,1223,1223,0,NR-No Report
26-047981,2026-06-14 12:32:31.000,25,SUN,14,12,A,DAY,MIDS,POLICE,PARKING COMPLAINT,2,Phone,"FOSTER, KANESHA",NULL,2026-06-14 12:32:29.000,2026-06-14 12:34:41.000,2026-06-14 12:33:11.000,42,40,2,2026-06-14 13:30:51.570,3460,3460,0,2026-06-14 12:34:36.000,127,125,2,2026-06-14 13:30:51.570,3502,3502,0,2026-06-14 13:30:51.570,0,-9999,9999,NULL,NULL,-9999,NULL,2026-06-14 13:34:22.837,2026-06-14 13:34:22.837,0,NULL,2026-06-14 13:34:22.877,3713,3713,0,NR-No Report
26-014729,2026-06-14 12:36:29.000,25,SUN,14,12,A,DAY,MIDS,EMS,UNCONSCIOUS ALS 2,1,Phone,"GOODWIN, SHEENA",Automatic Dispatch,2026-06-14 12:36:28.000,2026-06-14 12:38:09.000,2026-06-14 12:37:27.000,59,58,1,2026-06-14 12:37:30.133,3,3,0,2026-06-14 12:41:38.000,310,309,1,2026-06-14 12:38:12.047,62,62,0,2026-06-14 12:38:12.047,42,41,1,2026-06-14 12:44:12.110,360,360,0,2026-06-14 13:01:18.520,2026-06-14 14:09:37.183,0,NULL,2026-06-14 14:09:37.317,5589,5589,0,UNDEFINED
26-014730,2026-06-14 12:40:11.000,25,SUN,14,12,A,DAY,MIDS,FIRE,MUTUAL AID,2,Phone,"FOSTER, KANESHA","FOSTER, KANESHA",2026-06-14 12:40:09.000,2026-06-14 12:41:12.000,2026-06-14 12:40:38.000,29,27,2,2026-06-14 12:41:18.310,40,40,0,2026-06-14 12:42:51.000,162,160,2,NULL,69,69,0,NULL,NULL,-9999,NULL,NULL,NULL,-9999,NULL,NULL,2026-06-14 12:42:51.000,0,NULL,NULL,162,162,0,CNOP-Canceled by Dispatcher
26-047982,2026-06-14 12:42:09.000,25,SUN,14,12,A,DAY,MIDS,POLICE,MENTAL HEALTH CASE,2,E-911,"GOODWIN, SHEENA",NULL,2026-06-14 12:42:09.000,2026-06-14 12:43:07.000,2026-06-14 12:42:45.000,36,36,0,2026-06-14 12:43:18.953,33,33,0,2026-06-14 12:45:52.000,223,223,0,2026-06-14 12:43:22.890,69,69,0,2026-06-14 12:43:22.890,4,3,1,2026-06-14 12:49:25.897,363,363,0,2026-06-14 12:44:50.567,2026-06-14 15:45:45.710,0,NULL,2026-06-14 15:45:45.777,11016,11016,0,NR-No Report
26-047983,2026-06-14 12:43:57.000,25,SUN,14,12,A,DAY,MIDS,POLICE,MVC HIT/RUN NO INJ DELAY,4,Phone,"FOSTER, KANESHA",NULL,2026-06-14 12:43:57.000,2026-06-14 12:47:52.000,2026-06-14 12:45:08.000,71,71,0,2026-06-14 12:48:46.423,218,218,0,2026-06-14 12:48:07.000,250,250,0,2026-06-14 12:49:04.690,289,289,0,2026-06-14 12:49:04.690,18,18,0,2026-06-14 12:59:44.513,640,639,1,2026-06-14 15:26:34.120,2026-06-14 15:26:34.120,0,NULL,2026-06-14 15:26:34.227,9757,9757,0,RE-Report
26-047984,2026-06-14 12:51:07.000,25,SUN,14,12,A,DAY,MIDS,POLICE,TRNSPORT PRISONER MED LOCAL,4,Radio,"DEWBERRY, RE'KEYA","MCLEOD, DOUGLAS",2026-06-14 12:51:07.000,2026-06-14 18:51:19.000,2026-06-14 12:51:07.000,0,0,0,2026-06-14 12:51:07.000,0,0,0,2026-06-14 12:51:07.000,0,0,0,2026-06-14 18:21:51.733,0,0,0,2026-06-14 12:51:07.000,0,0,0,2026-06-14 12:51:07.000,0,0,0,NULL,2026-06-14 18:36:45.000,1,2026-06-14 18:39:40.533,NULL,20738,21623,-885,NR-No Report
26-014731,2026-06-14 12:55:44.000,25,SUN,14,12,A,DAY,MIDS,EMS,TROUBLE BREATHING ALS 1,1,E-911,"CRUZ, STEPHANIE","SMITH, TERESA",2026-06-14 12:55:44.000,2026-06-14 12:58:01.000,2026-06-14 12:56:57.000,73,73,0,2026-06-14 12:56:59.830,2,2,0,2026-06-14 13:03:43.000,479,479,0,2026-06-14 12:58:03.903,75,75,0,2026-06-14 12:58:03.903,64,64,0,2026-06-14 13:02:50.000,287,286,1,2026-06-14 13:00:37.447,2026-06-14 14:10:33.983,0,NULL,2026-06-14 14:10:34.117,4489,4489,0,UNDEFINED
26-047985,2026-06-14 12:58:41.000,25,SUN,14,12,A,DAY,MIDS,POLICE,DISORDERLY CONDUCT,2,Phone,"GOODWIN, SHEENA","DEWBERRY, RE'KEYA",2026-06-14 12:58:40.000,2026-06-14 13:00:02.000,2026-06-14 12:59:03.000,23,22,1,2026-06-14 13:00:14.740,71,71,0,2026-06-14 13:02:00.000,200,199,1,2026-06-14 13:00:18.060,94,94,0,2026-06-14 13:00:18.060,4,3,1,2026-06-14 13:13:45.283,807,807,0,2026-06-14 13:18:08.103,2026-06-14 13:53:56.380,0,NULL,2026-06-14 13:53:56.450,3316,3316,0,NR-No Report
26-014732,2026-06-14 13:00:25.000,25,SUN,14,13,A,DAY,MIDS,EMS,TROUBLE BREATHING ALS 1,1,E-911,"CRUZ, STEPHANIE",Automatic Dispatch,2026-06-14 13:00:24.000,2026-06-14 13:01:19.000,2026-06-14 13:01:15.000,51,50,1,2026-06-14 13:01:17.750,2,2,0,2026-06-14 13:03:42.000,198,197,1,2026-06-14 13:02:32.137,53,53,0,2026-06-14 13:02:32.137,75,74,1,2026-06-14 13:04:42.413,130,130,0,2026-06-14 13:24:26.913,2026-06-14 14:09:32.423,0,NULL,2026-06-14 14:09:32.490,4148,4148,0,UNDEFINED
26-014733,2026-06-14 13:03:43.000,25,SUN,14,13,A,DAY,MIDS,FIRE,MUTUAL AID,2,Phone,"FOSTER, KANESHA","FOSTER, KANESHA",2026-06-14 13:03:41.000,2026-06-14 13:06:51.230,2026-06-14 13:06:14.000,153,151,2,2026-06-14 13:06:51.180,37,37,0,2026-06-14 13:08:55.000,314,312,2,2026-06-14 13:08:32.670,190,190,0,2026-06-14 13:08:32.670,101,101,0,NULL,NULL,-9999,NULL,2026-06-14 13:20:21.303,2026-06-14 13:20:21.303,0,NULL,2026-06-14 13:20:21.410,1000,1000,0,UNDEFINED
26-047987,2026-06-14 13:06:44.000,25,SUN,14,13,A,DAY,MIDS,POLICE,GLA DELAY,4,Phone,"JONES, DAESHA","DEWBERRY, RE'KEYA",2026-06-14 13:06:42.000,2026-06-14 13:08:34.000,2026-06-14 13:07:55.000,73,71,2,2026-06-14 13:42:21.587,2066,2066,0,2026-06-14 13:09:30.000,168,166,2,2026-06-14 13:42:24.860,2139,2139,0,2026-06-14 13:42:24.860,3,3,0,2026-06-14 13:42:24.860,0,0,0,2026-06-14 14:41:21.513,2026-06-14 14:41:21.513,0,NULL,2026-06-14 14:41:21.583,5679,5679,0,RE-Report
26-014734,2026-06-14 13:30:54.000,25,SUN,14,13,A,DAY,MIDS,EMS,FALL BLS,3,E-911,"GOODWIN, SHEENA",Automatic Dispatch,2026-06-14 13:30:54.000,2026-06-14 13:32:19.000,2026-06-14 13:32:12.000,78,78,0,2026-06-14 13:32:14.833,2,2,0,2026-06-14 13:48:25.000,1051,1051,0,2026-06-14 13:33:50.653,80,80,0,2026-06-14 13:33:50.653,96,95,1,2026-06-14 13:37:02.823,192,192,0,2026-06-14 15:10:00.670,2026-06-14 15:10:00.670,0,NULL,2026-06-14 15:10:00.730,5946,5946,0,UNDEFINED
26-047988,2026-06-14 13:33:08.000,25,SUN,14,13,A,DAY,MIDS,POLICE,DISORDERLY CONDUCT,2,E-911,"FOSTER, KANESHA","DEWBERRY, RE'KEYA",2026-06-14 13:33:08.000,2026-06-14 13:34:11.000,2026-06-14 13:33:51.000,43,43,0,2026-06-14 13:35:08.313,77,77,0,2026-06-14 13:35:26.000,138,138,0,2026-06-14 13:35:11.517,120,120,0,2026-06-14 13:35:11.517,3,3,0,2026-06-14 13:41:17.577,366,366,0,2026-06-14 14:04:35.860,2026-06-14 15:00:07.263,0,NULL,2026-06-14 15:00:07.393,5219,5219,0,NR-No Report
26-047989,2026-06-14 13:41:48.000,25,SUN,14,13,A,DAY,MIDS,POLICE,LARCENY COMMERCIAL DELAY,4,Phone,"PICKERAL, LAUREN",NULL,2026-06-14 13:41:47.000,2026-06-14 13:43:39.000,2026-06-14 13:42:24.000,37,36,1,2026-06-14 14:00:02.647,1058,1058,0,2026-06-14 13:43:27.000,100,99,1,2026-06-14 14:00:06.797,1095,1095,0,2026-06-14 14:00:06.797,4,4,0,2026-06-14 19:39:40.883,20374,20374,0,2026-06-14 20:50:39.397,2026-06-14 20:50:39.397,0,NULL,2026-06-14 20:50:39.463,25732,25732,0,RE-Report
26-047990,2026-06-14 13:49:03.000,25,SUN,14,13,A,DAY,MIDS,POLICE,ANIMAL SICK-INJURED,2,Phone,"GOODWIN, SHEENA","FOSTER, KANESHA",2026-06-14 13:49:01.000,2026-06-14 13:51:11.000,2026-06-14 13:50:44.000,103,101,2,2026-06-14 13:53:14.747,150,150,0,2026-06-14 13:51:35.000,154,152,2,2026-06-14 13:53:14.810,253,253,0,2026-06-14 13:53:14.810,0,0,0,2026-06-14 13:53:14.833,0,0,0,NULL,2026-06-14 13:53:36.000,0,NULL,NULL,275,275,0,ACOR-Animal Control Report
26-047991,2026-06-14 13:56:15.000,25,SUN,14,13,A,DAY,MIDS,POLICE,ALARM RESIDENTIAL,2,Text,"JONES, DAESHA","DEWBERRY, RE'KEYA",2026-06-14 13:56:13.000,2026-06-14 13:56:58.000,2026-06-14 13:56:37.000,24,22,2,2026-06-14 13:57:01.953,24,24,0,2026-06-14 13:59:10.000,177,175,2,2026-06-14 13:57:27.920,48,48,0,2026-06-14 13:57:27.920,26,25,1,NULL,NULL,-9999,NULL,2026-06-14 13:59:29.360,2026-06-14 13:59:29.360,0,NULL,2026-06-14 13:59:29.407,196,196,0,FALSE-False Alarm
26-047992,2026-06-14 13:58:00.000,25,SUN,14,13,A,DAY,MIDS,POLICE,DISORDERLY CONDUCT,2,Phone,"GOODWIN, SHEENA","DEWBERRY, RE'KEYA",2026-06-14 13:57:58.000,2026-06-14 14:01:05.000,2026-06-14 13:59:07.000,69,67,2,2026-06-14 14:01:12.627,125,125,0,2026-06-14 14:02:12.000,254,252,2,2026-06-14 14:01:14.607,194,194,0,2026-06-14 14:01:14.607,2,1,1,2026-06-14 14:08:40.227,446,445,1,2026-06-14 14:18:42.057,2026-06-14 14:18:47.330,0,NULL,2026-06-14 14:18:47.380,1249,1249,0,NR-No Report
26-047993,2026-06-14 14:00:32.000,25,SUN,14,14,A,DAY,LATE,POLICE,ROBBERY FROM PERSON IN PROG,2,E-911,"JONES, DAESHA",NULL,2026-06-14 14:00:32.000,2026-06-14 14:01:34.000,2026-06-14 14:01:29.000,57,57,0,2026-06-14 14:04:46.370,197,197,0,2026-06-14 14:10:46.000,614,614,0,2026-06-14 14:04:46.443,254,254,0,2026-06-14 14:04:46.443,0,0,0,2026-06-14 14:04:49.287,3,2,1,2026-06-14 14:53:48.423,2026-06-14 17:45:53.057,0,NULL,2026-06-14 17:45:53.180,13521,13521,0,RE-Report
26-014735,2026-06-14 14:02:34.000,25,SUN,14,14,A,DAY,LATE,EMS,FALL BLS,3,E-911,"PICKERAL, LAUREN",Automatic Dispatch,2026-06-14 14:02:33.000,2026-06-14 14:03:50.000,2026-06-14 14:03:16.000,43,42,1,2026-06-14 14:03:18.737,2,2,0,2026-06-14 14:04:14.000,101,100,1,2026-06-14 14:04:09.023,45,45,0,2026-06-14 14:04:09.023,51,50,1,2026-06-14 14:15:10.493,661,661,0,2026-06-14 15:47:49.157,2026-06-14 15:47:49.157,0,NULL,2026-06-14 15:47:49.223,6316,6316,0,UNDEFINED
26-014736,2026-06-14 14:04:04.000,25,SUN,14,14,A,DAY,LATE,EMS,TRAUMATIC INJURIES ALS 1,1,Radio,"GOODWIN, SHEENA",Automatic Dispatch,2026-06-14 14:04:03.000,2026-06-14 14:05:51.000,2026-06-14 14:04:36.000,33,32,1,2026-06-14 14:04:38.867,2,2,0,2026-06-14 14:08:23.000,260,259,1,2026-06-14 14:05:41.827,35,35,0,2026-06-14 14:05:41.827,63,62,1,2026-06-14 14:06:24.977,43,43,0,2026-06-14 14:38:18.037,2026-06-14 15:38:11.743,0,NULL,2026-06-14 15:38:11.773,5648,5648,0,CAD2CAD
26-047994,2026-06-14 14:06:54.000,25,SUN,14,14,A,DAY,LATE,POLICE,DOMESTIC VIOL NO INJ,2,E-911,"DEWBERRY, RE'KEYA","FOSTER, KANESHA",2026-06-14 14:06:54.000,2026-06-14 14:10:22.000,2026-06-14 14:07:22.000,28,28,0,2026-06-14 14:10:29.593,187,187,0,2026-06-14 14:08:49.000,115,115,0,2026-06-14 14:10:43.233,215,215,0,2026-06-14 14:10:43.233,14,5,9,2026-06-14 14:14:22.930,219,219,0,2026-06-14 14:17:52.757,2026-06-14 14:50:14.117,0,NULL,2026-06-14 14:50:14.147,2600,2600,0,NR-No Report
26-047996,2026-06-14 14:09:50.000,25,SUN,14,14,A,DAY,LATE,POLICE,POLICE INFORMATION,4,Phone,"GOODWIN, SHEENA",NULL,2026-06-14 14:09:48.000,2026-06-14 14:10:45.000,2026-06-14 14:10:42.000,54,52,2,2026-06-14 17:48:47.207,13085,13085,0,2026-06-14 14:19:55.000,607,605,2,2026-06-14 17:48:47.207,13139,13139,0,2026-06-14 17:48:47.207,0,0,0,NULL,NULL,-9999,NULL,2026-06-14 19:43:51.947,2026-06-14 19:43:51.947,0,NULL,2026-06-14 19:43:51.993,20043,20043,0,RE-Report
26-014737,2026-06-14 14:09:59.000,25,SUN,14,14,A,DAY,LATE,EMS,SEIZURE ALS 1,1,E-911,"CRUZ, STEPHANIE",Automatic Dispatch,2026-06-14 14:09:59.000,2026-06-14 14:11:22.000,2026-06-14 14:10:51.000,52,52,0,2026-06-14 14:10:53.300,2,2,0,2026-06-14 14:14:02.000,243,243,0,2026-06-14 14:11:37.810,54,54,0,2026-06-14 14:11:37.810,44,44,0,2026-06-14 14:14:21.660,164,163,1,2026-06-14 14:26:59.083,2026-06-14 14:29:51.793,0,NULL,2026-06-14 14:29:51.897,1192,1192,0,UNDEFINED
26-047997,2026-06-14 14:11:40.000,25,SUN,14,14,A,DAY,LATE,POLICE,WALK IN HQ LOBBY,3,Phone,"DEWBERRY, RE'KEYA","FOSTER, KANESHA",2026-06-14 14:11:38.000,2026-06-14 14:19:28.000,2026-06-14 14:12:01.000,23,21,2,2026-06-14 14:47:20.533,2119,2119,0,2026-06-14 14:13:05.000,87,85,2,2026-06-14 14:47:20.593,2142,2142,0,2026-06-14 14:47:20.593,0,0,0,2026-06-14 14:47:22.103,2,1,1,2026-06-14 17:49:06.797,2026-06-14 17:49:06.797,0,NULL,2026-06-14 17:49:06.800,13048,13048,0,NR-No Report
26-014738,2026-06-14 14:17:03.000,25,SUN,14,14,A,DAY,LATE,EMS,TROUBLE BREATHING ALS 1,1,E-911,"JONES, DAESHA",Automatic Dispatch,2026-06-14 14:17:03.000,2026-06-14 14:18:00.000,2026-06-14 14:17:32.000,29,29,0,2026-06-14 14:17:34.693,2,2,0,2026-06-14 14:21:28.000,265,265,0,2026-06-14 14:17:50.880,31,31,0,2026-06-14 14:17:50.880,16,16,0,2026-06-14 14:21:47.640,237,236,1,2026-06-14 14:23:12.740,2026-06-14 15:27:27.070,0,NULL,2026-06-14 15:27:27.137,4224,4224,0,UNDEFINED
26-047999,2026-06-14 14:18:54.000,25,SUN,14,14,A,DAY,LATE,POLICE,MENTAL HEALTH CASE,2,E-911,"PICKERAL, LAUREN",NULL,2026-06-14 14:18:54.000,2026-06-14 14:20:06.000,2026-06-14 14:19:47.000,53,53,0,2026-06-14 14:20:28.853,41,41,0,2026-06-14 14:21:12.000,138,138,0,2026-06-14 14:20:31.617,94,94,0,2026-06-14 14:20:31.617,3,2,1,2026-06-14 14:25:50.173,319,318,1,2026-06-14 15:36:56.110,2026-06-14 15:36:56.110,0,NULL,2026-06-14 15:36:56.167,4682,4682,0,NR-No Report
26-014739,2026-06-14 14:19:26.000,25,SUN,14,14,A,DAY,LATE,FIRE,CO ALARM,2,E-911,"DEWBERRY, RE'KEYA",Automatic Dispatch,2026-06-14 14:19:26.000,2026-06-14 14:20:49.000,2026-06-14 14:19:45.000,19,19,0,2026-06-14 14:19:47.150,2,2,0,2026-06-14 14:20:57.000,91,91,0,2026-06-14 14:20:40.703,21,21,0,2026-06-14 14:20:40.703,53,53,0,2026-06-14 14:26:36.247,356,355,1,2026-06-14 14:46:46.780,2026-06-14 14:46:46.780,0,NULL,2026-06-14 14:46:46.947,1640,1640,0,UNDEFINED
26-014740,2026-06-14 14:20:46.000,25,SUN,14,14,A,DAY,LATE,EMS,HEART PROBLEMS ALS 1,1,E-911,"GOODWIN, SHEENA",Automatic Dispatch,2026-06-14 14:20:46.000,2026-06-14 14:22:22.000,2026-06-14 14:21:55.000,69,69,0,2026-06-14 14:21:56.947,1,1,0,2026-06-14 14:25:15.000,269,269,0,2026-06-14 14:22:58.897,70,70,0,2026-06-14 14:22:58.897,62,61,1,2026-06-14 14:24:57.953,119,119,0,2026-06-14 14:39:48.333,2026-06-14 15:10:53.760,0,NULL,2026-06-14 15:10:53.840,3007,3007,0,UNDEFINED
26-048000,2026-06-14 14:25:07.000,25,SUN,14,14,A,DAY,LATE,POLICE,OFF DUTY DETAIL,8,OFFICER,"SARRACINO, ANDREW W",NULL,2026-06-14 14:25:07.000,NULL,2026-06-14 14:25:07.000,0,1,-1,2026-06-14 14:25:07.000,0,0,0,2026-06-14 14:25:07.000,0,NULL,0,2026-06-14 14:25:07.000,0,0,0,2026-06-14 14:25:07.000,0,0,0,2026-06-14 14:25:07.000,0,0,0,2026-06-14 16:50:16.697,2026-06-14 16:50:16.697,0,NULL,2026-06-14 16:50:16.903,8709,8709,0,NR-No Report
26-048001,2026-06-14 14:28:48.000,25,SUN,14,14,A,DAY,LATE,POLICE,SUSPICIOUS EVENT,2,Phone,"JONES, DAESHA","FOSTER, KANESHA",2026-06-14 14:28:46.000,2026-06-14 14:29:38.000,2026-06-14 14:29:19.000,33,31,2,2026-06-14 14:50:52.267,1293,1293,0,2026-06-14 14:30:57.000,131,129,2,2026-06-14 14:50:52.307,1326,1326,0,2026-06-14 14:50:52.307,0,0,0,2026-06-14 14:51:23.707,31,31,0,NULL,2026-06-14 15:09:34.000,0,NULL,NULL,2448,2448,0,NR-No Report
26-048003,2026-06-14 14:31:31.000,25,SUN,14,14,A,DAY,LATE,POLICE,DEST OF PROP OTH IN PROG,2,Phone,"DEWBERRY, RE'KEYA","FOSTER, KANESHA",2026-06-14 14:31:31.000,2026-06-14 14:31:58.000,2026-06-14 14:31:46.000,15,15,0,2026-06-14 14:32:29.053,43,43,0,2026-06-14 14:33:26.000,115,115,0,2026-06-14 14:32:42.857,58,58,0,2026-06-14 14:32:42.857,13,7,6,2026-06-14 14:38:28.177,346,345,1,2026-06-14 14:44:37.950,2026-06-14 14:50:31.963,0,NULL,2026-06-14 14:50:32.037,1140,1140,0,NR-No Report
26-048004,2026-06-14 14:32:36.000,25,SUN,14,14,A,DAY,LATE,POLICE,MENTAL HEALTH CASE,2,Phone,"PICKERAL, LAUREN",NULL,2026-06-14 14:32:34.000,2026-06-15 13:01:32.000,2026-06-14 14:33:54.000,80,78,2,2026-06-14 15:10:12.240,2178,2178,0,2026-06-14 14:34:19.000,105,103,2,2026-06-14 15:10:16.970,2258,2258,0,2026-06-14 15:10:16.970,4,4,0,2026-06-14 15:45:44.587,2128,2127,1,2026-06-14 16:19:05.863,2026-06-15 09:36:31.927,1,2026-06-15 09:40:46.870,2026-06-22 16:34:05.637,68637,7292,61345,RE-Report
26-014742,2026-06-14 14:36:06.000,25,SUN,14,14,A,DAY,LATE,EMS,FALL BLS,3,E-911,"PICKERAL, LAUREN",Automatic Dispatch,2026-06-14 14:36:06.000,2026-06-14 14:38:38.000,2026-06-14 14:38:05.000,119,119,0,2026-06-14 14:38:07.187,2,2,0,2026-06-14 14:41:32.000,326,326,0,2026-06-14 14:39:58.023,121,121,0,2026-06-14 14:39:58.023,111,110,1,2026-06-14 14:46:04.590,366,366,0,2026-06-14 16:07:05.103,2026-06-14 16:07:05.103,0,NULL,2026-06-14 16:07:05.257,5459,5459,0,UNDEFINED
26-014743,2026-06-14 14:39:23.730,25,SUN,14,14,A,DAY,LATE,EMS,MUTUAL CPR,1,C2C,CAD to CAD Service 1,CAD to CAD Service 1,2026-06-14 14:29:35.000,NULL,2026-06-14 14:39:24.057,589,0,589,2026-06-14 14:39:24.120,0,0,0,NULL,NULL,NULL,NULL,2026-06-14 14:39:24.510,589,-9999,10588,2026-06-14 14:39:24.510,0,0,0,2026-06-14 14:41:35.483,131,130,1,2026-06-14 14:42:55.043,2026-06-14 14:52:22.493,0,NULL,2026-06-14 14:52:22.507,1367,1367,0,CAD2CAD
26-014744,2026-06-14 14:43:10.000,25,SUN,14,14,A,DAY,LATE,EMS,PUBLIC SERVICE EMS,1,Phone,"JONES, DAESHA","GOODWIN, SHEENA",2026-06-14 14:43:09.000,2026-06-14 14:43:42.000,2026-06-14 14:43:29.000,20,19,1,2026-06-14 14:43:31.790,2,2,0,2026-06-14 14:45:11.000,122,121,1,2026-06-14 14:44:26.633,22,22,0,2026-06-14 14:44:26.633,55,54,1,2026-06-14 14:51:00.000,394,393,1,2026-06-14 15:04:34.047,2026-06-14 16:22:55.277,0,NULL,2026-06-14 16:22:55.367,5986,5986,0,UNDEFINED
26-048006,2026-06-14 14:48:10.000,25,SUN,14,14,A,DAY,LATE,POLICE,ASSIST CITIZEN PROMPT,3,E-911,"DEWBERRY, RE'KEYA","FOSTER, KANESHA",2026-06-14 14:48:10.000,2026-06-14 14:51:06.000,2026-06-14 14:50:56.000,166,166,0,2026-06-14 14:51:37.530,41,41,0,2026-06-14 14:53:33.000,323,323,0,2026-06-14 14:51:43.343,207,207,0,2026-06-14 14:51:43.343,6,5,1,NULL,NULL,-9999,NULL,2026-06-14 15:00:36.000,2026-06-14 15:00:36.000,0,NULL,2026-06-14 15:00:36.080,746,745,1,NR-No Report
26-014745,2026-06-14 14:49:11.000,25,SUN,14,14,A,DAY,LATE,EMS,CHEST PAIN ALS 1,1,E-911,"PICKERAL, LAUREN",Automatic Dispatch,2026-06-14 14:49:11.000,2026-06-14 14:50:38.000,2026-06-14 14:49:39.000,28,28,0,2026-06-14 14:49:41.750,2,2,0,2026-06-14 14:49:58.000,47,47,0,2026-06-14 14:50:58.467,30,30,0,2026-06-14 14:50:58.467,77,76,1,2026-06-14 14:54:08.270,190,189,1,2026-06-14 15:03:37.267,2026-06-14 15:07:39.837,0,NULL,2026-06-14 15:07:40.027,1108,1108,0,UNDEFINED
26-048007,2026-06-14 14:56:38.000,25,SUN,14,14,A,DAY,LATE,POLICE,PARKING COMPLAINT,3,Phone,"JONES, DAESHA","FOSTER, KANESHA",2026-06-14 14:56:36.000,2026-06-14 14:59:21.000,2026-06-14 14:57:21.000,45,43,2,2026-06-14 15:03:04.630,343,343,0,2026-06-14 14:59:16.000,160,158,2,2026-06-14 15:03:10.327,388,388,0,2026-06-14 15:03:10.327,6,5,1,2026-06-14 15:12:36.357,566,566,0,2026-06-14 15:37:45.157,2026-06-14 15:37:45.157,0,NULL,2026-06-14 15:37:45.217,2469,2469,0,NR-No Report
26-048008,2026-06-14 14:56:56.000,25,SUN,14,14,A,DAY,LATE,POLICE,LARCENY COMM IN PROG,2,E-911,"HARDING, AUTUMN",NULL,2026-06-14 14:56:56.000,2026-06-14 14:57:57.000,2026-06-14 14:57:40.000,44,44,0,2026-06-14 14:59:02.850,82,82,0,2026-06-14 15:02:02.000,306,306,0,2026-06-14 14:59:02.897,126,126,0,2026-06-14 14:59:02.897,0,0,0,2026-06-14 15:01:03.267,121,120,1,2026-06-14 15:33:11.860,2026-06-15 01:54:14.083,0,NULL,2026-06-15 01:54:14.420,39438,39438,0,RE-Report
26-014746,2026-06-14 14:57:44.000,25,SUN,14,14,A,DAY,LATE,EMS,TROUBLE BREATHING ALS 1,1,Phone,"DEWBERRY, RE'KEYA",Automatic Dispatch,2026-06-14 14:57:44.000,2026-06-14 14:58:41.000,2026-06-14 14:58:10.000,26,26,0,2026-06-14 14:58:12.520,2,2,0,2026-06-14 15:01:01.000,197,197,0,2026-06-14 14:59:52.790,28,28,0,2026-06-14 14:59:52.790,100,100,0,2026-06-14 15:02:42.093,170,169,1,2026-06-14 15:15:38.947,2026-06-14 15:25:11.880,0,NULL,2026-06-14 15:25:11.910,1647,1647,0,CAD2CAD
26-048009,2026-06-14 15:07:13.000,25,SUN,14,15,A,DAY,LATE,POLICE,ESCORT,2,Radio,"FOSTER, KANESHA",NULL,2026-06-14 15:07:11.000,2026-06-14 15:10:11.000,2026-06-14 15:07:42.000,31,29,2,2026-06-14 15:08:05.777,23,23,0,2026-06-14 15:09:24.000,133,131,2,2026-06-14 15:08:05.777,54,54,0,2026-06-14 15:08:05.777,0,-9999,9999,2026-06-14 15:08:12.680,7,6,1,2026-06-14 20:41:34.267,2026-06-14 20:43:27.687,0,NULL,2026-06-14 20:43:27.740,20176,20176,0,NR-No Report
26-048010,2026-06-14 15:09:15.000,25,SUN,14,15,A,DAY,LATE,POLICE,MENTAL HEALTH CASE,2,Phone,"PICKERAL, LAUREN",NULL,2026-06-14 15:09:14.000,2026-06-14 17:47:25.000,2026-06-14 15:10:30.000,76,75,1,2026-06-14 16:15:05.293,3875,3875,0,2026-06-14 15:12:54.000,220,219,1,2026-06-14 16:15:12.617,3951,3951,0,2026-06-14 16:15:12.617,7,7,0,2026-06-14 16:35:09.043,1197,1196,1,2026-06-14 20:17:16.550,2026-06-14 20:17:16.550,0,NULL,2026-06-14 20:17:16.590,18482,18482,0,RE-Report
26-048011,2026-06-14 15:11:46.000,25,SUN,14,15,A,DAY,LATE,POLICE,ANIMAL SICK-INJURED,2,Phone,"HARDING, AUTUMN","FOSTER, KANESHA",2026-06-14 15:11:44.000,2026-06-14 15:16:04.870,2026-06-14 15:12:12.000,28,26,2,2026-06-14 15:16:04.807,232,232,0,2026-06-14 15:12:24.000,40,38,2,NULL,260,260,0,NULL,NULL,-9999,NULL,NULL,NULL,-9999,NULL,NULL,2026-06-14 15:17:20.000,0,NULL,NULL,336,336,0,ACOR-Animal Control Report
26-048014,2026-06-14 15:21:03.000,25,SUN,14,15,A,DAY,LATE,POLICE,FLAG DOWN,2,OFFICER,"BOWLIN, MICHAEL S",NULL,2026-06-14 15:21:03.000,2026-06-14 15:21:22.000,2026-06-14 15:21:03.000,0,1,-1,2026-06-14 15:21:03.000,0,0,0,2026-06-14 15:21:03.000,0,NULL,0,2026-06-14 15:21:03.000,0,0,0,2026-06-14 15:21:03.000,0,0,0,2026-06-14 15:21:03.000,0,0,0,2026-06-14 15:24:10.743,2026-06-14 15:24:10.743,0,NULL,2026-06-14 15:24:10.807,187,187,0,NR-No Report
26-048015,2026-06-14 15:24:54.000,25,SUN,14,15,A,DAY,LATE,POLICE,LARCENY COMM IN PROG,2,E-911,"HARDING, AUTUMN",NULL,2026-06-14 15:24:54.000,2026-06-14 15:25:26.000,2026-06-14 15:25:19.000,25,25,0,2026-06-14 15:26:37.697,78,78,0,2026-06-14 15:27:29.000,155,155,0,2026-06-14 15:26:37.750,103,103,0,2026-06-14 15:26:37.750,0,0,0,2026-06-14 15:36:33.557,596,595,1,2026-06-14 15:45:27.427,2026-06-14 17:44:16.377,0,NULL,2026-06-14 17:44:16.420,8362,8362,0,RE-Report
26-048016,2026-06-14 15:26:51.000,25,SUN,14,15,A,DAY,LATE,POLICE,LARCENY COMM IN PROG,2,Phone,"JONES, DAESHA",NULL,2026-06-14 15:26:50.000,2026-06-14 15:27:31.000,2026-06-14 15:27:24.000,34,33,1,2026-06-14 16:34:09.613,4005,4005,0,2026-06-14 15:28:42.000,112,111,1,2026-06-14 16:34:15.907,4039,4039,0,2026-06-14 16:34:15.907,6,6,0,2026-06-14 16:39:37.960,322,322,0,2026-06-14 23:36:09.587,2026-06-14 23:36:09.587,0,NULL,2026-06-14 23:36:09.677,29359,29359,0,RE-Report
26-048018,2026-06-14 15:27:09.000,25,SUN,14,15,A,DAY,LATE,POLICE,DISORDERLY CONDUCT,2,E-911,"PICKERAL, LAUREN",NULL,2026-06-14 15:27:09.000,2026-06-14 15:28:10.000,2026-06-14 15:27:46.000,37,37,0,2026-06-14 16:06:48.433,2342,2342,0,2026-06-14 15:30:08.000,179,179,0,2026-06-14 16:06:48.433,2379,2379,0,2026-06-14 16:06:48.433,0,0,0,2026-06-14 16:06:50.223,2,1,1,2026-06-14 16:22:14.843,2026-06-14 16:22:14.843,0,NULL,2026-06-14 16:22:14.923,3305,3305,0,NR-No Report
26-048019,2026-06-14 15:27:38.000,25,SUN,14,15,A,DAY,LATE,POLICE,MVC HIT/RUN NO INJURY,2,E-911,"SMITH, TERESA","HARDING, AUTUMN",2026-06-14 15:27:37.000,2026-06-14 15:32:25.000,2026-06-14 15:31:56.000,259,258,1,2026-06-14 16:36:10.467,3854,3854,0,2026-06-14 15:34:43.000,426,425,1,2026-06-14 16:36:14.647,4113,4113,0,2026-06-14 16:36:14.647,4,4,0,NULL,NULL,-9999,NULL,2026-06-14 17:16:56.637,2026-06-14 17:16:56.637,0,NULL,2026-06-14 17:16:56.730,6559,6559,0,NR-No Report
26-014747,2026-06-14 15:34:12.000,25,SUN,14,15,A,DAY,LATE,EMS,ALLERGIC REACTION ALS 2,1,E-911,"HARDING, AUTUMN",Automatic Dispatch,2026-06-14 15:34:12.000,2026-06-14 15:35:18.000,2026-06-14 15:35:03.000,51,51,0,2026-06-14 15:35:05.410,2,2,0,2026-06-14 15:36:58.000,166,166,0,2026-06-14 15:36:11.630,53,53,0,2026-06-14 15:36:11.630,66,66,0,NULL,NULL,-9999,NULL,2026-06-14 15:36:51.740,2026-06-14 15:38:13.657,0,NULL,2026-06-14 15:38:13.720,241,241,0,UNDEFINED
26-048020,2026-06-14 15:36:56.000,25,SUN,14,15,A,DAY,LATE,POLICE,SUSPICIOUS EVENT,2,Phone,"SMITH, TERESA","FOSTER, KANESHA",2026-06-14 15:36:55.000,2026-06-14 15:37:59.000,2026-06-14 15:37:10.000,15,14,1,2026-06-14 15:47:03.583,593,593,0,2026-06-14 15:40:53.000,238,237,1,2026-06-14 15:47:03.640,608,608,0,2026-06-14 15:47:03.640,0,0,0,2026-06-14 15:47:34.413,31,30,1,2026-06-14 16:00:06.300,2026-06-14 16:13:37.823,0,NULL,2026-06-14 16:13:37.887,2202,2202,0,NR-No Report
26-048021,2026-06-14 15:45:07.000,25,SUN,14,15,A,DAY,LATE,POLICE,ANIMAL SICK-INJURED,2,Phone,"HARDING, AUTUMN","FOSTER, KANESHA",2026-06-14 15:45:04.000,2026-06-14 15:47:10.000,2026-06-14 15:45:35.000,31,28,3,2026-06-14 15:47:18.120,103,103,0,2026-06-14 15:46:16.000,72,69,3,2026-06-14 15:47:18.193,134,134,0,2026-06-14 15:47:18.193,0,0,0,NULL,NULL,-9999,NULL,NULL,2026-06-14 15:48:47.000,0,NULL,NULL,223,223,0,ACOR-Animal Control Report
26-048022,2026-06-14 15:49:47.000,25,SUN,14,15,A,DAY,LATE,POLICE,SUSPICIOUS EVENT,2,Phone,"JONES, DAESHA","HARDING, AUTUMN",2026-06-14 15:49:45.000,2026-06-14 15:55:03.000,2026-06-14 15:50:34.000,49,47,2,2026-06-14 16:02:06.607,692,692,0,2026-06-14 15:51:48.000,123,121,2,2026-06-14 16:02:11.933,741,741,0,2026-06-14 16:02:11.933,5,5,0,2026-06-14 16:22:43.377,1232,1231,1,2026-06-14 16:27:58.740,2026-06-14 16:27:58.740,0,NULL,2026-06-14 16:27:58.763,2293,2293,0,NR-No Report
26-014748,2026-06-14 15:50:55.463,25,SUN,14,15,A,DAY,LATE,EMS,MUTUAL ALS,1,C2C,CAD to CAD Service 1,CAD to CAD Service 1,2026-06-14 15:49:28.000,NULL,2026-06-14 15:50:55.697,87,0,87,2026-06-14 15:50:55.743,0,0,0,NULL,NULL,NULL,NULL,2026-06-14 15:52:01.647,87,107,-20,2026-06-14 15:52:01.647,66,46,20,2026-06-14 15:57:40.427,339,338,1,2026-06-14 16:15:20.550,2026-06-14 17:08:43.377,0,NULL,2026-06-14 17:08:43.410,4755,4755,0,CAD2CAD
26-048023,2026-06-14 15:53:36.000,25,SUN,14,15,A,DAY,LATE,POLICE,MVC PROPERTY DAMAGE,2,E-911,"SMITH, TERESA","HARDING, AUTUMN",2026-06-14 15:53:36.000,2026-06-14 15:55:43.000,2026-06-14 15:54:58.000,82,82,0,2026-06-14 17:18:48.240,5030,5030,0,2026-06-14 15:57:00.000,204,204,0,2026-06-14 17:19:04.537,5112,5112,0,2026-06-14 17:19:04.537,16,16,0,NULL,NULL,-9999,NULL,2026-06-14 20:26:09.187,2026-06-14 20:26:09.187,0,NULL,2026-06-14 20:26:09.227,16353,16353,0,NR-No Report
26-048024,2026-06-14 15:57:04.000,25,SUN,14,15,A,DAY,LATE,POLICE,ALARM COMMERCIAL,2,Phone,"SMITH, TERESA","HARDING, AUTUMN",2026-06-14 15:57:02.000,2026-06-14 15:59:23.000,2026-06-14 15:57:20.000,18,16,2,2026-06-14 16:00:56.673,216,216,0,2026-06-14 15:58:51.000,109,107,2,2026-06-14 16:01:06.687,234,234,0,2026-06-14 16:01:06.687,10,10,0,2026-06-14 16:07:13.957,367,367,0,2026-06-14 16:19:32.473,2026-06-14 16:19:32.473,0,NULL,2026-06-14 16:19:32.523,1350,1350,0,FALSE-False Alarm
26-048025,2026-06-14 16:00:18.000,25,SUN,14,16,A,DAY,LATE,POLICE,OFF DUTY DETAIL,8,OFFICER,"SUAREZ, ANGGELO J",NULL,2026-06-14 16:00:18.000,2026-06-14 16:00:32.000,2026-06-14 16:00:18.000,0,1,-1,2026-06-14 16:00:18.000,0,0,0,2026-06-14 16:00:18.000,0,NULL,0,2026-06-14 16:00:18.000,0,0,0,2026-06-14 16:00:18.000,0,0,0,2026-06-14 16:00:18.000,0,0,0,2026-06-14 23:06:13.330,2026-06-14 23:06:13.330,0,NULL,2026-06-14 23:06:13.370,25555,25555,0,NR-No Report
26-048028,2026-06-14 16:09:48.000,25,SUN,14,16,A,DAY,LATE,POLICE,MENTAL HEALTH CASE,2,E-911,"JONES, DAESHA","HARDING, AUTUMN",2026-06-14 16:09:48.000,2026-06-14 16:12:52.000,2026-06-14 16:12:49.000,181,181,0,2026-06-14 16:30:37.477,1068,1068,0,2026-06-14 16:14:38.000,290,290,0,2026-06-14 16:30:41.760,1249,1249,0,2026-06-14 16:30:41.760,4,4,0,2026-06-14 16:39:29.687,528,527,1,2026-06-14 16:57:05.927,2026-06-14 16:57:05.927,0,NULL,2026-06-14 16:57:06.027,2837,2837,0,NR-No Report
26-048031,2026-06-14 16:30:57.000,25,SUN,14,16,A,DAY,LATE,POLICE,HAZARD,2,Phone,"JONES, DAESHA","HARDING, AUTUMN",2026-06-14 16:30:56.000,2026-06-14 16:31:42.000,2026-06-14 16:31:41.000,45,44,1,2026-06-14 16:32:12.460,31,31,0,2026-06-14 16:33:29.000,153,152,1,2026-06-14 16:32:16.653,76,76,0,2026-06-14 16:32:16.653,4,4,0,2026-06-14 16:32:16.653,0,0,0,2026-06-14 17:40:12.497,2026-06-14 17:40:12.497,0,NULL,2026-06-14 17:40:12.530,4156,4156,0,RE-Report
26-048032,2026-06-14 16:31:13.000,25,SUN,14,16,A,DAY,LATE,POLICE,PARKING COMPLAINT,3,Phone,"FOSTER, KANESHA","HARDING, AUTUMN",2026-06-14 16:31:13.000,2026-06-14 16:32:26.000,2026-06-14 16:31:52.000,39,39,0,2026-06-14 17:31:42.717,3590,3590,0,2026-06-14 16:35:35.000,262,262,0,2026-06-14 17:31:47.400,3629,3629,0,2026-06-14 17:31:47.400,5,4,1,2026-06-14 17:44:57.570,790,790,0,2026-06-14 17:47:33.003,2026-06-14 17:47:33.003,0,NULL,2026-06-14 17:47:33.050,4580,4580,0,NR-No Report
26-048033,2026-06-14 16:34:45.000,25,SUN,14,16,A,DAY,LATE,POLICE,MVC HIT/RUN NO INJURY,2,Phone,"PICKERAL, LAUREN","FLOURNOY, ERICKA",2026-06-14 16:34:43.000,2026-06-15 08:32:32.000,2026-06-14 16:35:11.000,28,26,2,2026-06-15 08:51:33.700,58582,1144,57438,2026-06-14 16:35:53.000,70,68,2,2026-06-15 08:51:45.430,58610,58610,0,2026-06-15 08:51:45.430,12,11,1,NULL,NULL,-9999,NULL,2026-06-15 10:41:28.473,2026-06-14 17:30:59.000,1,2026-06-15 08:32:29.270,2026-06-15 10:41:28.543,3376,65205,-61829,RE-Report
26-048035,2026-06-14 16:39:10.000,25,SUN,14,16,A,DAY,LATE,POLICE,TRAFFIC COMPLAINT,2,E-911,"FOSTER, KANESHA","HARDING, AUTUMN",2026-06-14 16:39:10.000,2026-06-14 16:42:49.000,2026-06-14 16:39:41.000,31,31,0,2026-06-14 16:50:40.233,659,659,0,2026-06-14 16:42:23.000,193,193,0,2026-06-14 16:50:49.173,690,690,0,2026-06-14 16:50:49.173,9,8,1,2026-06-14 16:59:29.500,520,520,0,2026-06-14 17:01:30.803,2026-06-14 17:01:30.803,0,NULL,2026-06-14 17:01:30.857,1340,1340,0,NR-No Report
26-014749,2026-06-14 16:52:43.000,25,SUN,14,16,A,DAY,LATE,EMS,TRAUMATIC INJURIES ALS 1,1,E-911,"CRUZ, STEPHANIE","GOODWIN, SHEENA",2026-06-14 16:52:42.000,2026-06-14 16:54:22.000,2026-06-14 16:53:55.000,73,72,1,2026-06-14 16:53:57.773,2,2,0,2026-06-14 16:58:48.000,366,365,1,2026-06-14 16:55:25.043,75,75,0,2026-06-14 16:55:25.043,88,87,1,2026-06-14 17:02:24.860,419,419,0,2026-06-14 17:07:17.870,2026-06-14 18:20:09.543,0,NULL,2026-06-14 18:20:09.623,5247,5247,0,UNDEFINED
26-014750,2026-06-14 16:54:31.000,25,SUN,14,16,A,DAY,LATE,EMS,BLS EMERGENCY,3,E-911,"FOSTER, KANESHA",Automatic Dispatch,2026-06-14 16:54:31.000,2026-06-14 16:56:33.000,2026-06-14 16:55:49.000,78,78,0,2026-06-14 16:55:51.197,2,2,0,2026-06-14 17:14:09.000,1178,1178,0,2026-06-14 16:56:50.507,80,80,0,2026-06-14 16:56:50.507,59,59,0,2026-06-14 17:01:20.873,270,270,0,2026-06-14 18:11:54.067,2026-06-14 18:11:54.067,0,NULL,2026-06-14 18:11:54.200,4643,4643,0,UNDEFINED
26-048037,2026-06-14 16:55:03.000,25,SUN,14,16,A,DAY,LATE,POLICE,LARCENY COMMERCIAL DELAY,4,Radio,"HARDING, AUTUMN",NULL,2026-06-14 16:55:02.000,2026-06-14 17:20:22.000,2026-06-14 16:55:17.000,15,14,1,2026-06-14 17:49:49.650,3272,3272,0,2026-06-14 16:55:32.000,30,29,1,2026-06-14 17:49:49.650,3287,3287,0,2026-06-14 17:49:49.650,0,0,0,NULL,NULL,-9999,NULL,2026-06-14 22:01:46.083,2026-06-14 22:01:46.083,0,NULL,2026-06-14 22:01:46.177,18404,18404,0,RE-Report
26-048039,2026-06-14 17:04:15.000,25,SUN,14,17,A,DAY,LATE,POLICE,HAZARD,2,Radio,"HARDING, AUTUMN",NULL,2026-06-14 17:04:15.000,2026-06-14 17:04:20.000,2026-06-14 17:04:15.000,0,0,0,2026-06-14 17:04:15.000,0,0,0,2026-06-14 17:04:15.000,0,0,0,2026-06-14 20:18:13.353,0,0,0,2026-06-14 17:04:15.000,0,0,0,2026-06-14 17:04:15.000,0,0,0,2026-06-14 22:01:23.077,2026-06-14 22:29:26.367,0,NULL,2026-06-14 22:29:26.393,19511,19511,0,NR-No Report
26-048040,2026-06-14 17:05:01.000,25,SUN,14,17,A,DAY,LATE,POLICE,DISORDERLY CONDUCT,2,Phone,"JONES, DAESHA","HARDING, AUTUMN",2026-06-14 17:05:00.000,2026-06-14 17:06:45.000,2026-06-14 17:06:34.000,94,93,1,2026-06-14 17:10:48.030,254,254,0,2026-06-14 17:08:13.000,193,192,1,2026-06-14 17:12:53.703,348,348,0,2026-06-14 17:12:53.703,125,125,0,2026-06-14 18:06:16.400,3203,3202,1,2026-06-14 18:06:36.123,2026-06-14 18:06:36.123,0,NULL,2026-06-14 18:06:36.143,3696,3696,0,NR-No Report
26-048041,2026-06-14 17:07:06.000,25,SUN,14,17,A,DAY,LATE,POLICE,LARCENY OTHER DELAY,4,Phone,"CRUZ, STEPHANIE","LEWIS, LESLIE",2026-06-14 17:07:04.000,2026-06-15 05:48:23.000,2026-06-14 17:08:34.000,90,88,2,2026-06-15 00:11:37.677,25383,25383,0,2026-06-14 17:14:57.000,473,471,2,2026-06-15 00:12:02.090,25473,25473,0,2026-06-15 00:12:02.090,25,24,1,2026-06-15 00:22:12.557,610,610,0,2026-06-15 00:27:58.600,2026-06-15 00:27:58.600,1,2026-06-15 05:38:19.920,2026-06-15 00:27:58.670,26454,47079,-20625,NR-No Report
26-048042,2026-06-14 17:08:31.000,25,SUN,14,17,A,DAY,LATE,POLICE,TRESPASSING IN PROG,2,E-911,"CRUZ, STEPHANIE","HARDING, AUTUMN",2026-06-14 17:08:31.000,2026-06-14 17:12:58.000,2026-06-14 17:09:46.000,75,75,0,2026-06-14 17:45:04.957,2118,2118,0,2026-06-14 17:12:36.000,245,245,0,2026-06-14 17:45:07.327,2193,2193,0,2026-06-14 17:45:07.327,3,2,1,2026-06-14 17:46:12.300,65,64,1,2026-06-14 17:46:07.983,2026-06-14 17:49:15.527,0,NULL,2026-06-14 17:49:15.567,2444,2444,0,NR-No Report
26-048044,2026-06-14 17:13:52.000,25,SUN,14,17,A,DAY,LATE,POLICE,DISABLED MOTORIST,2,E-911,"SMITH, TERESA","HARDING, AUTUMN",2026-06-14 17:13:52.000,2026-06-14 17:25:29.000,2026-06-14 17:15:50.000,118,118,0,2026-06-14 17:29:30.780,820,820,0,2026-06-14 17:16:44.000,172,172,0,2026-06-14 17:29:37.533,938,938,0,2026-06-14 17:29:37.533,7,6,1,2026-06-14 17:39:20.530,583,582,1,2026-06-14 17:49:41.660,2026-06-14 17:49:41.660,0,NULL,2026-06-14 17:49:41.717,2149,2149,0,NR-No Report
26-048047,2026-06-14 17:16:55.000,25,SUN,14,17,A,DAY,LATE,POLICE,PARKING COMPLAINT,3,Phone,"JONES, DAESHA",NULL,2026-06-14 17:16:53.000,2026-06-15 05:48:09.000,2026-06-14 17:17:38.000,45,43,2,2026-06-15 06:36:02.743,47904,2942,44962,2026-06-14 17:18:49.000,116,114,2,2026-06-15 06:36:02.743,47949,47949,0,2026-06-15 06:36:02.743,0,0,0,2026-06-15 07:16:36.740,2434,2433,1,2026-06-15 08:01:17.907,2026-06-14 23:58:54.000,1,2026-06-15 05:47:00.607,2026-06-15 08:01:17.950,24121,53064,-28943,CI-Citation
26-048048,2026-06-14 17:19:01.000,25,SUN,14,17,A,DAY,LATE,POLICE,MVC PROPERTY DAMAGE,2,Phone,"PICKERAL, LAUREN",NULL,2026-06-14 17:18:59.000,2026-06-14 17:25:06.000,2026-06-14 17:20:03.000,64,62,2,2026-06-14 17:42:55.010,1372,1372,0,2026-06-14 17:21:07.000,128,126,2,2026-06-14 17:43:10.263,1436,1436,0,2026-06-14 17:43:10.263,15,15,0,2026-06-14 17:49:07.580,357,357,0,2026-06-14 22:03:51.947,2026-06-14 22:03:51.947,0,NULL,2026-06-14 22:03:52.053,17092,17092,0,CI-Citation
26-014751,2026-06-14 17:19:09.913,25,SUN,14,17,A,DAY,LATE,EMS,MUTUAL ALS,1,C2C,CAD to CAD Service 1,CAD to CAD Service 1,2026-06-14 17:16:14.000,NULL,2026-06-14 17:19:10.273,176,0,176,2026-06-14 17:19:10.367,0,0,0,NULL,NULL,NULL,NULL,2026-06-14 17:20:20.920,176,-9999,10175,2026-06-14 17:20:20.920,70,70,0,2026-06-14 17:24:27.953,247,247,0,2026-06-14 17:36:21.333,2026-06-14 17:39:18.877,0,NULL,2026-06-14 17:39:18.970,1384,1384,0,UNDEFINED
26-014752,2026-06-14 17:19:48.000,25,SUN,14,17,A,DAY,LATE,FIRE,FIRE ALARM,3,Phone,"JONES, DAESHA",Automatic Dispatch,2026-06-14 17:19:46.000,2026-06-14 17:20:10.000,2026-06-14 17:20:00.000,14,12,2,2026-06-14 17:20:02.353,2,2,0,2026-06-14 17:21:24.000,98,96,2,2026-06-14 17:20:55.043,16,16,0,2026-06-14 17:20:55.043,53,52,1,2026-06-14 17:23:33.547,158,158,0,2026-06-14 17:49:02.287,2026-06-14 17:49:02.287,0,NULL,2026-06-14 17:49:02.397,1756,1756,0,UNDEFINED
26-048049,2026-06-14 17:23:34.000,25,SUN,14,17,A,DAY,LATE,POLICE,ASSIST OUTSIDE AGENCY,3,Phone,"SMITH, TERESA","HARDING, AUTUMN",2026-06-14 17:23:32.000,2026-06-14 17:26:18.000,2026-06-14 17:26:10.000,158,156,2,2026-06-14 17:47:51.753,1301,1301,0,2026-06-14 17:34:43.000,671,669,2,2026-06-14 17:47:55.047,1459,1459,0,2026-06-14 17:47:55.047,4,3,1,2026-06-14 17:55:53.560,478,478,0,2026-06-14 19:06:51.297,2026-06-14 19:06:51.297,0,NULL,2026-06-14 19:06:51.323,6199,6199,0,NR-No Report
26-048050,2026-06-14 17:26:50.000,25,SUN,14,17,A,DAY,LATE,POLICE,DISABLED MOTORIST,2,E-911,"SMITH, TERESA","HARDING, AUTUMN",2026-06-14 17:26:50.000,2026-06-14 17:27:22.000,2026-06-14 17:27:19.000,29,29,0,2026-06-14 17:27:27.017,8,8,0,2026-06-14 17:28:44.000,114,114,0,2026-06-14 17:27:30.600,37,37,0,2026-06-14 17:27:30.600,3,3,0,2026-06-14 17:33:19.633,349,349,0,2026-06-14 17:53:29.223,2026-06-14 17:53:29.223,0,NULL,2026-06-14 17:53:29.267,1599,1599,0,NR-No Report
26-048051,2026-06-14 17:28:01.000,25,SUN,14,17,A,DAY,LATE,POLICE,MVC PROPERTY DAMAGE,2,Radio,"HARDING, AUTUMN",NULL,2026-06-14 17:28:01.000,NULL,2026-06-14 17:28:15.000,14,14,0,2026-06-14 20:17:31.187,10156,10156,0,2026-06-14 17:28:24.000,23,23,0,2026-06-14 20:17:31.187,10170,10170,0,2026-06-14 20:17:31.187,0,-9999,9999,2026-06-14 20:17:41.193,10,10,0,2026-06-14 20:17:41.153,2026-06-14 20:17:41.153,0,NULL,2026-06-14 20:17:41.240,10180,10180,0,RE-Report
26-048052,2026-06-14 17:28:15.000,25,SUN,14,17,A,DAY,LATE,POLICE,TROUBLE UNKNOWN EMS,2,Phone,"JONES, DAESHA","HARDING, AUTUMN",2026-06-14 17:28:14.000,2026-06-14 17:29:44.000,2026-06-14 17:28:41.000,27,26,1,2026-06-14 17:30:03.727,82,82,0,2026-06-14 17:31:12.000,178,177,1,2026-06-14 17:30:05.860,109,109,0,2026-06-14 17:30:05.860,2,2,0,2026-06-14 17:30:18.040,13,12,1,2026-06-14 17:30:48.387,2026-06-14 17:46:08.200,0,NULL,2026-06-14 17:46:08.490,1074,1074,0,NR-No Report
26-014753,2026-06-14 17:28:42.000,25,SUN,14,17,A,DAY,LATE,EMS,UNKNOWN MEDICAL ALS 1,1,E-911,"JONES, DAESHA","GOODWIN, SHEENA",2026-06-14 17:28:42.000,2026-06-14 17:28:53.000,2026-06-14 17:28:42.000,0,NULL,0,2026-06-14 17:28:44.093,2,2,0,2026-06-14 17:28:42.000,0,0,0,2026-06-14 17:29:34.090,2,2,0,2026-06-14 17:29:34.090,50,49,1,2026-06-14 17:31:11.937,97,97,0,2026-06-14 17:30:12.540,2026-06-14 17:34:28.483,0,NULL,2026-06-14 17:34:28.600,346,346,0,UNDEFINED
26-014754,2026-06-14 17:37:12.000,25,SUN,14,17,A,DAY,LATE,FIRE,FIRE ALARM,3,Phone,"SMITH, TERESA",Automatic Dispatch,2026-06-14 17:37:11.000,2026-06-14 17:38:58.000,2026-06-14 17:38:50.000,99,98,1,2026-06-14 17:38:51.957,1,1,0,2026-06-14 17:40:30.000,199,198,1,2026-06-14 17:39:46.110,100,100,0,2026-06-14 17:39:46.110,55,54,1,2026-06-14 17:43:31.863,225,225,0,2026-06-14 18:04:35.540,2026-06-14 18:04:35.540,0,NULL,2026-06-14 18:04:35.687,1644,1644,0,UNDEFINED
26-014755,2026-06-14 17:39:03.927,25,SUN,14,17,A,DAY,LATE,EMS,MUTUAL ALS,1,C2C,CAD to CAD Service 1,CAD to CAD Service 1,2026-06-14 17:36:34.000,2026-06-14 18:04:06.000,2026-06-14 17:39:04.337,150,0,150,2026-06-14 17:39:04.413,0,0,0,NULL,NULL,NULL,NULL,2026-06-14 17:40:25.357,150,1035,-885,2026-06-14 17:40:25.357,81,80,1,2026-06-14 17:43:58.200,213,212,1,2026-06-14 18:25:46.420,2026-06-14 19:37:44.747,0,NULL,2026-06-14 19:37:44.760,7270,7270,0,UNDEFINED
26-048054,2026-06-14 17:52:05.000,25,SUN,14,17,A,DAY,LATE,POLICE,MVC INJURY MOPED/BICYCLE,1,E-911,"FOSTER, KANESHA",NULL,2026-06-14 17:52:05.000,2026-06-14 17:52:40.000,2026-06-14 17:52:35.000,30,30,0,2026-06-14 17:52:47.480,12,12,0,2026-06-14 17:55:37.000,212,212,0,2026-06-14 17:52:59.653,42,42,0,2026-06-14 17:52:59.653,12,12,0,2026-06-14 17:54:50.827,111,111,0,2026-06-14 18:17:04.127,2026-06-14 23:41:54.640,0,NULL,2026-06-14 23:41:54.697,20989,20989,0,RE-Report
26-048055,2026-06-14 17:52:09.000,25,SUN,14,17,A,DAY,LATE,POLICE,ASSIST CITIZEN PROMPT,3,Phone,"JONES, DAESHA",NULL,2026-06-14 17:52:07.000,2026-06-14 17:56:46.000,2026-06-14 17:53:54.000,107,105,2,2026-06-14 18:32:51.710,2337,2337,0,2026-06-14 17:55:48.000,221,219,2,2026-06-14 18:32:51.777,2444,2444,0,2026-06-14 18:32:51.777,0,0,0,2026-06-14 18:33:19.290,28,27,1,2026-06-14 19:44:23.667,2026-06-14 19:44:23.667,0,NULL,2026-06-14 19:44:23.713,6736,6736,0,NR-No Report
26-014756,2026-06-14 17:52:36.000,25,SUN,14,17,A,DAY,LATE,EMS,BICYCLIST STRUCK ALS 1 - SUPV,1,E-911,"FOSTER, KANESHA","LEWIS, LESLIE",2026-06-14 17:52:36.000,2026-06-14 17:52:47.000,2026-06-14 17:52:36.000,0,NULL,0,2026-06-14 17:52:38.407,2,2,0,2026-06-14 17:52:36.000,0,0,0,2026-06-14 17:52:43.587,2,2,0,2026-06-14 17:52:43.587,5,5,0,2026-06-14 17:57:26.480,283,282,1,2026-06-14 17:54:34.100,2026-06-14 18:53:28.170,0,NULL,2026-06-14 18:53:28.247,3652,3652,0,UNDEFINED
26-048057,2026-06-14 17:55:47.000,25,SUN,14,17,A,DAY,LATE,POLICE,OFF DUTY DETAIL,8,OFFICER,"ESCOBAR, STEVEN R",NULL,2026-06-14 17:55:47.000,2026-06-14 17:55:55.000,2026-06-14 17:55:47.000,0,1,-1,2026-06-14 17:55:47.000,0,0,0,2026-06-14 17:55:47.000,0,NULL,0,2026-06-14 17:55:47.000,0,0,0,2026-06-14 17:55:47.000,0,0,0,2026-06-14 17:55:47.000,0,0,0,2026-06-15 00:16:42.017,2026-06-15 00:16:42.017,0,NULL,2026-06-15 00:16:42.080,22855,22855,0,NR-No Report
26-048059,2026-06-14 17:58:36.000,25,SUN,14,17,A,DAY,LATE,POLICE,TRESPASSING IN PROG,2,Radio,"MCLEOD, DOUGLAS",NULL,2026-06-14 17:58:34.000,NULL,2026-06-14 17:59:02.000,28,26,2,2026-06-14 20:45:32.463,9990,9990,0,2026-06-14 17:59:25.000,51,49,2,2026-06-14 20:45:32.463,10018,10018,0,2026-06-14 20:45:32.463,0,0,0,NULL,NULL,-9999,NULL,2026-06-14 20:45:39.467,2026-06-14 20:45:39.467,0,NULL,2026-06-14 20:45:39.547,10025,10025,0,NR-No Report
26-014757,2026-06-14 17:59:43.000,25,SUN,14,17,A,DAY,LATE,FIRE,GAS LEAK - INSIDE,1,E-911,"WATSON, JOANNE",Automatic Dispatch,2026-06-14 17:59:43.000,2026-06-14 18:00:41.000,2026-06-14 18:00:31.000,48,48,0,2026-06-14 18:00:33.417,2,2,0,2026-06-14 18:01:34.000,111,111,0,2026-06-14 18:00:39.460,50,50,0,2026-06-14 18:00:39.460,6,6,0,2026-06-14 18:05:23.067,284,283,1,2026-06-14 18:22:22.310,2026-06-14 18:43:37.830,0,NULL,2026-06-14 18:43:37.953,2634,2634,0,UNDEFINED
26-048060,2026-06-14 18:00:27.000,25,SUN,14,18,A,DAY,EARLY,POLICE,MVC PROPERTY DAMAGE,2,Radio,"MCLEOD, DOUGLAS",NULL,2026-06-14 18:00:26.000,2026-06-14 18:23:27.000,2026-06-14 18:00:44.000,18,17,1,2026-06-14 20:17:55.707,8231,8231,0,2026-06-14 18:00:56.000,30,29,1,2026-06-14 20:17:55.707,8249,8249,0,2026-06-14 20:17:55.707,0,-9999,9999,2026-06-14 20:18:04.567,9,8,1,2026-06-14 20:18:04.563,2026-06-14 20:18:04.563,0,NULL,2026-06-14 20:18:04.660,8258,8258,0,RE-Report
26-048061,2026-06-14 18:03:40.000,25,SUN,14,18,A,DAY,EARLY,POLICE,PARKING COMPLAINT,4,Phone,"MARTINEZ, ESTHER",NULL,2026-06-14 18:03:39.000,2026-06-15 05:48:40.000,2026-06-14 18:04:24.000,45,44,1,2026-06-15 06:32:40.000,44896,2716,42180,2026-06-14 18:04:47.000,68,67,1,2026-06-15 06:32:40.000,44941,44941,0,2026-06-15 06:32:40.000,0,0,0,2026-06-15 06:47:37.940,897,897,0,2026-06-15 06:52:44.553,2026-06-14 23:59:22.000,1,2026-06-15 05:47:23.973,2026-06-15 06:52:44.750,21343,46145,-24802,NR-No Report
26-014758,2026-06-14 18:04:34.000,25,SUN,14,18,A,DAY,EARLY,FIRE,ELEVATOR,3,Phone,"WILLIAMS, DARNELL",Automatic Dispatch,2026-06-14 18:04:34.000,2026-06-14 18:06:28.000,2026-06-14 18:06:23.000,109,109,0,2026-06-14 18:06:24.903,1,1,0,2026-06-14 18:16:11.000,697,697,0,2026-06-14 18:07:49.370,110,110,0,2026-06-14 18:07:49.370,85,84,1,2026-06-14 18:18:14.330,625,624,1,2026-06-14 18:21:02.323,2026-06-14 18:21:02.323,0,NULL,2026-06-14 18:21:02.573,988,988,0,UNDEFINED
26-048063,2026-06-14 18:13:50.000,25,SUN,14,18,A,DAY,EARLY,POLICE,POLICE INFORMATION,4,Phone,"FOSTER, KANESHA",NULL,2026-06-14 18:13:48.000,2026-06-14 18:16:15.000,2026-06-14 18:14:43.000,55,53,2,2026-06-14 18:25:07.653,624,624,0,2026-06-14 18:26:53.000,785,783,2,2026-06-14 18:25:09.793,679,679,0,2026-06-14 18:25:09.793,2,2,0,2026-06-14 18:30:41.243,332,331,1,2026-06-14 23:26:42.230,2026-06-14 23:26:42.230,0,NULL,2026-06-14 23:26:42.293,18774,18774,0,RE-Report
26-014759,2026-06-14 18:18:35.000,25,SUN,14,18,A,DAY,EARLY,EMS,CHEST PAIN ALS 1,1,Phone,"WATSON, JOANNE","FOSTER, KANESHA",2026-06-14 18:18:34.000,2026-06-14 18:21:13.000,2026-06-14 18:19:49.000,75,74,1,2026-06-14 18:19:51.563,2,2,0,2026-06-14 18:19:51.000,77,76,1,2026-06-14 18:20:40.857,77,77,0,2026-06-14 18:20:40.857,49,49,0,2026-06-14 18:28:22.240,462,461,1,2026-06-14 18:58:57.400,2026-06-14 20:00:58.693,0,NULL,2026-06-14 20:00:58.753,6144,6144,0,UNDEFINED
26-014760,2026-06-14 18:23:46.000,25,SUN,14,18,A,DAY,EARLY,EMS,TROUBLE BREATHING ALS 1,1,E-911,"WATSON, JOANNE",Automatic Dispatch,2026-06-14 18:23:45.000,2026-06-14 18:24:37.000,2026-06-14 18:24:17.000,32,31,1,2026-06-14 18:24:19.613,2,2,0,2026-06-14 18:26:58.000,193,192,1,2026-06-14 18:24:37.930,34,34,0,2026-06-14 18:24:37.930,18,18,0,2026-06-14 18:28:07.690,210,209,1,2026-06-14 19:10:22.177,2026-06-14 19:12:01.000,0,NULL,NULL,2896,2896,0,TST-Test Call
26-014762,2026-06-14 18:27:06.000,25,SUN,14,18,A,DAY,EARLY,FIRE,FIRE ALARM,3,Phone,"FOSTER, KANESHA",Automatic Dispatch,2026-06-14 18:27:04.000,2026-06-14 18:28:05.000,2026-06-14 18:27:43.000,39,37,2,2026-06-14 18:27:45.063,2,2,0,2026-06-14 18:29:26.000,142,140,2,2026-06-14 18:28:51.733,41,41,0,2026-06-14 18:28:51.733,66,66,0,2026-06-14 18:30:38.623,107,106,1,2026-06-14 18:55:38.860,2026-06-14 18:55:38.860,0,NULL,2026-06-14 18:55:39.140,1714,1714,0,UNDEFINED
26-048067,2026-06-14 18:28:58.000,25,SUN,14,18,A,DAY,EARLY,POLICE,LARCENY COMM IN PROG,2,E-911,"WATSON, JOANNE",NULL,2026-06-14 18:28:58.000,2026-06-14 18:32:08.000,2026-06-14 18:30:13.000,75,75,0,2026-06-14 18:35:23.527,310,310,0,2026-06-14 18:30:45.000,107,107,0,2026-06-14 18:35:23.603,385,385,0,2026-06-14 18:35:23.603,0,0,0,2026-06-14 18:47:11.497,708,707,1,2026-06-14 19:13:47.820,2026-06-14 23:25:32.000,0,NULL,NULL,17794,17794,0,RE-Report
26-048068,2026-06-14 18:30:24.000,25,SUN,14,18,A,DAY,EARLY,POLICE,FIGHT NO WEAPONS,1,E-911,"FOSTER, KANESHA",NULL,2026-06-14 18:30:23.000,2026-06-14 18:32:15.000,2026-06-14 18:31:20.000,57,56,1,2026-06-14 19:06:25.813,2105,2105,0,2026-06-14 18:33:23.000,180,179,1,2026-06-14 19:06:25.903,2162,2162,0,2026-06-14 19:06:25.903,0,0,0,2026-06-14 19:09:52.633,207,206,1,2026-06-14 19:11:52.443,2026-06-14 19:36:39.197,0,NULL,2026-06-14 19:36:39.350,3976,3976,0,NR-No Report
26-014764,2026-06-14 18:30:52.000,25,SUN,14,18,A,DAY,EARLY,FIRE,ODOR OF SMOKE RESIDENTIAL,1,Phone,"MARTINEZ, ESTHER",Automatic Dispatch,2026-06-14 18:30:51.000,2026-06-14 18:31:52.000,2026-06-14 18:31:45.000,54,53,1,2026-06-14 18:31:47.470,2,2,0,2026-06-14 18:33:01.000,130,129,1,2026-06-14 18:31:58.680,56,56,0,2026-06-14 18:31:58.680,11,11,0,2026-06-14 18:37:08.567,310,309,1,2026-06-14 18:32:44.477,2026-06-14 19:15:43.240,0,NULL,2026-06-14 19:15:43.337,2692,2692,0,UNDEFINED
26-048071,2026-06-14 18:31:25.000,25,SUN,14,18,A,DAY,EARLY,POLICE,MVC HIT/RUN PED STRUCK,4,Phone,"WILLIAMS, DARNELL","MCLEOD, DOUGLAS",2026-06-14 18:31:24.000,2026-06-14 18:38:47.000,2026-06-14 18:36:10.000,286,285,1,2026-06-14 22:55:29.530,15559,15559,0,2026-06-14 18:38:45.000,441,440,1,2026-06-14 22:56:12.987,15845,15845,0,2026-06-14 22:56:12.987,43,43,0,2026-06-14 23:02:19.090,367,366,1,NULL,2026-06-15 03:15:59.000,0,NULL,NULL,31475,31475,0,RE-Report
26-048069,2026-06-14 18:31:46.000,25,SUN,14,18,A,DAY,EARLY,POLICE,TRAFFIC DIRECTION-FIRE,3,NOT CAPTURED,"MARTINEZ, ESTHER",NULL,2026-06-14 18:31:46.000,2026-06-14 18:33:16.000,2026-06-14 18:31:46.000,0,NULL,0,2026-06-14 18:38:30.820,404,404,0,2026-06-14 18:31:46.000,0,0,0,2026-06-14 18:38:30.820,404,404,0,2026-06-14 18:38:30.820,0,-9999,9999,2026-06-14 18:44:58.373,388,387,1,2026-06-14 18:50:50.247,2026-06-14 18:50:50.247,0,NULL,2026-06-14 18:50:50.307,1144,1144,0,NR-No Report
26-014765,2026-06-14 18:42:32.000,25,SUN,14,18,A,DAY,EARLY,EMS,PUBLIC SERVICE EMS,4,E-911,"MARTINEZ, ESTHER",Automatic Dispatch,2026-06-14 18:42:32.000,2026-06-14 18:44:12.000,2026-06-14 18:43:43.000,71,71,0,2026-06-14 18:43:44.883,1,1,0,2026-06-14 18:44:09.000,97,97,0,2026-06-14 18:44:22.137,72,72,0,2026-06-14 18:44:22.137,38,37,1,2026-06-14 18:53:01.307,519,519,0,2026-06-14 19:01:48.470,2026-06-14 19:01:48.470,0,NULL,2026-06-14 19:01:48.517,1156,1156,0,CAD2CAD
26-048075,2026-06-14 18:52:13.000,25,SUN,14,18,A,DAY,EARLY,POLICE,ASSAULT NO INJURY IN PROG,2,E-911,"WATSON, JOANNE","LEWIS, LESLIE",2026-06-14 18:52:13.000,2026-06-14 18:53:59.000,2026-06-14 18:53:10.000,57,57,0,2026-06-14 19:31:14.973,2284,2284,0,2026-06-14 18:56:02.000,229,229,0,2026-06-14 19:31:15.050,2341,2341,0,2026-06-14 19:31:15.050,1,0,1,2026-06-14 19:39:20.617,485,485,0,2026-06-14 22:48:11.703,2026-06-15 02:19:11.377,0,NULL,2026-06-15 02:19:11.423,26818,26818,0,RE-Report
26-014766,2026-06-14 19:00:17.000,25,SUN,14,19,C,NIGHT,EARLY,EMS,BLS EMERGENCY,3,E-911,"MARTINEZ, ESTHER",Automatic Dispatch,2026-06-14 19:00:17.000,2026-06-14 19:01:20.000,2026-06-14 19:00:57.000,40,40,0,2026-06-14 19:00:58.850,1,1,0,2026-06-14 19:03:27.000,190,190,0,2026-06-14 19:01:49.280,41,41,0,2026-06-14 19:01:49.280,51,50,1,2026-06-14 19:07:24.797,335,335,0,2026-06-14 20:17:55.887,2026-06-14 20:17:55.887,0,NULL,2026-06-14 20:17:55.933,4658,4658,0,UNDEFINED
26-048078,2026-06-14 19:05:31.000,25,SUN,14,19,C,NIGHT,EARLY,POLICE,LARCENY FROM AUTO IN PROG,3,E-911,"WATSON, JOANNE","MCLEOD, DOUGLAS",2026-06-14 19:05:31.000,2026-06-14 19:20:14.000,2026-06-14 19:08:26.000,175,175,0,2026-06-14 23:27:22.653,15536,15536,0,2026-06-14 19:08:39.000,188,188,0,2026-06-14 23:27:27.283,15711,15711,0,2026-06-14 23:27:27.283,5,4,1,2026-06-14 23:38:17.927,650,650,0,2026-06-14 23:49:21.250,2026-06-14 23:49:34.490,0,NULL,2026-06-14 23:49:34.560,17043,17043,0,NR-No Report
26-048080,2026-06-14 19:14:43.000,25,SUN,14,19,C,NIGHT,EARLY,POLICE,DOMESTIC VIOL NO INJ,2,Phone,"FOSTER, KANESHA","MCLEOD, DOUGLAS",2026-06-14 19:14:41.000,2026-06-14 19:17:02.000,2026-06-14 19:15:49.000,68,66,2,2026-06-14 19:26:24.273,635,635,0,2026-06-14 19:17:13.000,152,150,2,2026-06-14 19:26:24.357,703,703,0,2026-06-14 19:26:24.357,0,0,0,2026-06-14 19:32:14.043,350,349,1,2026-06-14 20:56:30.150,2026-06-15 01:55:25.027,0,NULL,2026-06-15 01:55:25.073,24044,24044,0,RE-Report
26-048081,2026-06-14 19:15:49.000,25,SUN,14,19,C,NIGHT,EARLY,POLICE,ALARM COMMERCIAL,2,Text,"MCLEOD, DOUGLAS","MCLEOD, DOUGLAS",2026-06-14 19:15:47.000,2026-06-14 19:17:16.850,2026-06-14 19:16:38.000,51,49,2,2026-06-14 19:17:16.803,38,38,0,2026-06-14 19:17:05.000,78,76,2,2026-06-14 19:17:23.150,89,89,0,2026-06-14 19:17:23.150,7,6,1,2026-06-14 19:27:28.513,605,605,0,2026-06-14 19:40:34.407,2026-06-14 19:40:34.407,0,NULL,2026-06-14 19:40:34.477,1487,1487,0,FALSE-False Alarm
26-014767,2026-06-14 19:18:07.000,25,SUN,14,19,C,NIGHT,EARLY,EMS,TROUBLE BREATHING ALS 1,1,E-911,"WILLIAMS, DARNELL","FOSTER, KANESHA",2026-06-14 19:18:07.000,2026-06-14 19:19:17.000,2026-06-14 19:19:01.000,54,54,0,2026-06-14 19:19:03.587,2,2,0,2026-06-14 19:20:56.000,169,169,0,2026-06-14 19:20:18.413,56,56,0,2026-06-14 19:20:18.413,75,74,1,2026-06-14 19:24:28.157,250,249,1,2026-06-14 19:24:44.963,2026-06-14 20:42:24.293,0,NULL,2026-06-14 20:42:24.480,5057,5057,0,UNDEFINED
26-014768,2026-06-14 19:24:50.000,25,SUN,14,19,C,NIGHT,EARLY,EMS,FACILITY BLS,3,E-911,"WILLIAMS, DARNELL",Automatic Dispatch,2026-06-14 19:24:49.000,2026-06-14 19:25:50.000,2026-06-14 19:25:41.000,52,51,1,2026-06-14 19:25:43.507,2,2,0,2026-06-14 19:27:21.000,152,151,1,2026-06-14 19:26:02.907,54,54,0,2026-06-14 19:26:02.907,19,19,0,2026-06-14 19:31:33.883,331,330,1,2026-06-14 19:48:15.323,2026-06-14 20:54:45.907,0,NULL,2026-06-14 20:54:46.053,5396,5396,0,UNDEFINED
26-048084,2026-06-14 19:31:23.000,25,SUN,14,19,C,NIGHT,EARLY,POLICE,RUNAWAY RETURNED,4,Phone,"WILLIAMS, DARNELL","FLOURNOY, ERICKA",2026-06-14 19:31:21.000,2026-06-15 05:48:35.000,2026-06-14 19:31:36.000,15,13,2,2026-06-15 08:05:55.697,45259,8373,36886,2026-06-14 19:33:28.000,127,125,2,2026-06-15 08:06:27.837,45274,45274,0,2026-06-15 08:06:27.837,32,32,0,2026-06-15 08:26:06.883,1179,1179,0,2026-06-15 11:08:22.200,2026-06-14 22:57:45.000,1,2026-06-15 05:46:21.790,2026-06-15 11:08:22.273,12384,56221,-43837,NR-No Report
26-048087,2026-06-14 19:39:49.000,25,SUN,14,19,C,NIGHT,EARLY,POLICE,MENTAL HEALTH CASE,2,Phone,"MARTINEZ, ESTHER",NULL,2026-06-14 19:39:47.000,2026-06-14 19:43:29.000,2026-06-14 19:42:37.000,170,168,2,2026-06-14 21:47:48.800,7511,7511,0,2026-06-14 19:42:52.000,185,183,2,2026-06-14 21:47:48.800,7681,7681,0,2026-06-14 21:47:48.800,0,0,0,2026-06-14 22:05:15.827,1047,1047,0,2026-06-14 21:59:29.600,2026-06-15 08:22:30.673,0,NULL,2026-06-15 08:22:30.713,45763,45763,0,RE-Report
26-048089,2026-06-14 19:52:03.000,25,SUN,14,19,C,NIGHT,EARLY,POLICE,ALARM COMMERCIAL,2,Phone,"MCLEOD, DOUGLAS","MCLEOD, DOUGLAS",2026-06-14 19:52:01.000,2026-06-14 19:53:24.250,2026-06-14 19:52:39.000,38,36,2,2026-06-14 19:53:24.187,45,45,0,2026-06-14 19:53:38.000,97,95,2,2026-06-14 19:53:43.790,83,83,0,2026-06-14 19:53:43.790,19,19,0,NULL,NULL,-9999,NULL,2026-06-14 19:56:44.207,2026-06-14 19:56:44.207,0,NULL,2026-06-14 19:56:44.263,283,283,0,NR-No Report
26-048092,2026-06-14 20:03:09.000,25,SUN,14,20,C,NIGHT,EARLY,POLICE,SUSPICIOUS EVENT,2,Phone,"FOSTER, KANESHA",NULL,2026-06-14 20:03:07.000,2026-06-14 20:04:25.000,2026-06-14 20:04:12.000,65,63,2,2026-06-14 20:20:07.230,955,955,0,2026-06-14 20:08:00.000,293,291,2,2026-06-14 20:20:07.297,1020,1020,0,2026-06-14 20:20:07.297,0,0,0,2026-06-14 20:22:50.100,163,162,1,2026-06-14 20:25:46.403,2026-06-14 20:26:00.820,0,NULL,2026-06-14 20:26:00.900,1373,1373,0,NR-No Report
26-048091,2026-06-14 20:03:38.000,25,SUN,14,20,C,NIGHT,EARLY,POLICE,MVC HIT/RUN NO INJURY,2,Radio,"MCLEOD, DOUGLAS","MCLEOD, DOUGLAS",2026-06-14 20:03:38.000,2026-06-14 20:19:10.000,2026-06-14 20:03:38.000,0,0,0,2026-06-14 20:03:38.000,0,0,0,2026-06-14 20:03:38.000,0,0,0,2026-06-14 20:17:08.210,0,0,0,2026-06-14 20:03:38.000,0,0,0,2026-06-14 20:03:38.000,0,0,0,2026-06-14 22:12:10.403,2026-06-15 01:58:45.393,0,NULL,2026-06-15 01:58:45.437,21307,21307,0,RE-Report
26-048095,2026-06-14 20:10:11.000,25,SUN,14,20,C,NIGHT,EARLY,POLICE,SUSPICIOUS EVENT,2,E-911,"FOSTER, KANESHA","MCLEOD, DOUGLAS",2026-06-14 20:10:11.000,2026-06-14 20:18:28.000,2026-06-14 20:12:09.000,118,118,0,2026-06-14 23:13:47.050,10898,10898,0,2026-06-14 20:15:43.000,332,332,0,2026-06-14 23:13:50.130,11016,11016,0,2026-06-14 23:13:50.130,3,3,0,2026-06-14 23:20:02.330,372,372,0,2026-06-14 23:22:34.283,2026-06-14 23:22:34.283,0,NULL,2026-06-14 23:22:34.330,11543,11543,0,NR-No Report
26-014769,2026-06-14 20:34:16.000,25,SUN,14,20,C,NIGHT,EARLY,FIRE,ELEVATOR,3,E-911,"WILLIAMS, DARNELL",Automatic Dispatch,2026-06-14 20:34:16.000,2026-06-14 20:34:59.000,2026-06-14 20:34:42.000,26,26,0,2026-06-14 20:34:43.500,1,1,0,2026-06-14 20:34:42.000,26,NULL,26,NULL,27,27,0,NULL,NULL,-9999,NULL,NULL,NULL,-9999,NULL,NULL,2026-06-14 20:38:03.000,0,NULL,NULL,227,227,0,CN-Call Canceled by Caller
26-048103,2026-06-14 21:12:44.000,25,SUN,14,21,C,NIGHT,EARLY,POLICE,TRESPASSING IN PROG,2,Radio,"MCLEOD, DOUGLAS","LEWIS, LESLIE",2026-06-14 21:12:42.000,2026-06-14 21:47:08.000,2026-06-14 21:12:57.000,15,13,2,2026-06-15 01:14:41.757,14504,14504,0,2026-06-14 21:13:20.000,38,36,2,2026-06-15 01:14:41.817,14519,14519,0,2026-06-15 01:14:41.817,0,0,0,2026-06-15 01:14:43.940,2,2,0,2026-06-15 01:14:48.907,2026-06-15 01:14:48.907,0,NULL,2026-06-15 01:14:48.977,14526,14526,0,RE-Report
26-048105,2026-06-14 21:45:52.000,25,SUN,14,21,C,NIGHT,EARLY,POLICE,PROTECTIVE ORDER ISSUED,4,Phone,"FOSTER, KANESHA","LEWIS, LESLIE",2026-06-14 21:45:50.000,2026-06-14 21:47:29.000,2026-06-14 21:47:07.000,77,75,2,2026-06-15 00:37:01.280,10194,10194,0,2026-06-14 21:47:55.000,125,123,2,2026-06-15 00:37:07.703,10271,10271,0,2026-06-15 00:37:07.703,6,6,0,2026-06-15 00:46:59.390,592,591,1,2026-06-15 01:29:52.080,2026-06-15 02:08:30.270,0,NULL,2026-06-15 02:08:30.293,15760,15760,0,NR-No Report
26-048106,2026-06-14 21:50:29.000,25,SUN,14,21,C,NIGHT,EARLY,POLICE,PARKING COMPLAINT,4,Phone,"MARTINEZ, ESTHER",NULL,2026-06-14 21:50:27.000,2026-06-15 05:48:45.000,2026-06-14 21:51:00.000,33,31,2,2026-06-15 06:07:41.947,29801,1191,28610,2026-06-14 21:51:25.000,58,56,2,2026-06-15 06:07:41.947,29834,29834,0,2026-06-15 06:07:41.947,0,0,0,2026-06-15 06:21:57.413,856,855,1,2026-06-15 06:32:32.497,2026-06-14 23:59:47.000,1,2026-06-15 05:47:50.467,2026-06-15 06:32:32.707,7760,31325,-23565,CI-Citation
26-048107,2026-06-14 22:06:02.000,25,SUN,14,22,C,NIGHT,MIDS,POLICE,OFF DUTY DETAIL,8,OFFICER,"FELIX, BRUCE",NULL,2026-06-14 22:06:02.000,2026-06-14 22:06:10.000,2026-06-14 22:06:02.000,0,1,-1,2026-06-14 22:06:02.000,0,0,0,2026-06-14 22:06:02.000,0,NULL,0,2026-06-14 22:06:02.000,0,0,0,2026-06-14 22:06:02.000,0,0,0,2026-06-14 22:06:02.000,0,0,0,2026-06-15 04:39:29.420,2026-06-15 04:39:29.420,0,NULL,2026-06-15 04:39:29.463,23607,23607,0,NR-No Report
26-048109,2026-06-14 22:09:58.000,25,SUN,14,22,C,NIGHT,MIDS,POLICE,SUSPICIOUS EVENT,2,E-911,"LEWIS, LESLIE","MCLEOD, DOUGLAS",2026-06-14 22:09:58.000,2026-06-14 22:12:13.000,2026-06-14 22:11:54.000,116,116,0,2026-06-14 22:23:48.307,714,714,0,2026-06-14 22:12:41.000,163,163,0,2026-06-14 22:23:51.997,830,830,0,2026-06-14 22:23:51.997,3,3,0,2026-06-14 22:31:31.947,460,459,1,2026-06-14 22:33:56.050,2026-06-14 22:37:36.923,0,NULL,2026-06-14 22:37:36.950,1658,1658,0,NR-No Report
26-014770,2026-06-14 22:11:00.000,25,SUN,14,22,C,NIGHT,MIDS,EMS,TROUBLE BREATHING ALS 1,1,E-911,"WATSON, JOANNE",Automatic Dispatch,2026-06-14 22:11:00.000,2026-06-14 22:12:22.000,2026-06-14 22:12:05.000,65,65,0,2026-06-14 22:12:25.507,20,20,0,2026-06-14 22:16:05.000,305,305,0,2026-06-14 22:13:38.537,85,85,0,2026-06-14 22:13:38.537,73,73,0,2026-06-14 22:17:46.797,248,248,0,2026-06-14 22:29:41.187,2026-06-14 22:29:57.867,0,NULL,2026-06-14 22:29:57.907,1137,1137,0,UNDEFINED
26-048110,2026-06-14 22:15:15.000,25,SUN,14,22,C,NIGHT,MIDS,POLICE,ADMINISTRATIVE TASK,2,Phone,"LEWIS, LESLIE","MCLEOD, DOUGLAS",2026-06-14 22:15:13.000,2026-06-14 22:34:08.000,2026-06-14 22:17:34.000,141,139,2,2026-06-14 23:24:10.327,3996,3996,0,2026-06-14 22:18:04.000,171,169,2,2026-06-14 23:24:19.137,4137,4137,0,2026-06-14 23:24:19.137,9,8,1,NULL,NULL,-9999,NULL,2026-06-14 23:26:22.003,2026-06-14 23:57:12.553,0,NULL,2026-06-14 23:57:12.593,6119,6119,0,NR-No Report
26-014771,2026-06-14 22:19:25.000,25,SUN,14,22,C,NIGHT,MIDS,EMS,TROUBLE BREATHING ALS 1,1,E-911,"MARTINEZ, ESTHER",Automatic Dispatch,2026-06-14 22:19:25.000,2026-06-14 22:20:55.000,2026-06-14 22:20:43.000,78,78,0,2026-06-14 22:20:45.447,2,2,0,2026-06-14 22:23:33.000,248,248,0,2026-06-14 22:22:04.373,80,80,0,2026-06-14 22:22:04.373,79,78,1,2026-06-14 22:27:14.560,310,310,0,2026-06-14 22:40:13.880,2026-06-14 23:12:56.603,0,NULL,2026-06-14 23:12:56.680,3211,3211,0,UNDEFINED
26-014772,2026-06-14 22:23:25.000,25,SUN,14,22,C,NIGHT,MIDS,FIRE,FIRE ALARM,3,E-911,"LEWIS, LESLIE",Automatic Dispatch,2026-06-14 22:23:23.000,2026-06-14 22:24:45.000,2026-06-14 22:24:15.000,52,50,2,2026-06-14 22:24:17.570,2,2,0,2026-06-14 22:25:00.000,97,95,2,2026-06-14 22:25:01.473,54,54,0,2026-06-14 22:25:01.473,44,43,1,2026-06-14 22:29:42.470,281,280,1,2026-06-14 23:00:08.953,2026-06-14 23:00:08.953,0,NULL,2026-06-14 23:00:09.063,2205,2205,0,UNDEFINED
26-048112,2026-06-14 22:26:35.000,25,SUN,14,22,C,NIGHT,MIDS,POLICE,SUSPICIOUS EVENT,2,Phone,"LEWIS, LESLIE","MCLEOD, DOUGLAS",2026-06-14 22:26:35.000,2026-06-14 22:28:20.000,2026-06-14 22:28:14.000,99,99,0,2026-06-14 22:39:05.073,651,651,0,2026-06-14 22:28:18.000,103,103,0,2026-06-14 22:39:08.427,750,750,0,2026-06-14 22:39:08.427,3,3,0,2026-06-14 22:47:18.793,490,490,0,2026-06-14 22:51:08.657,2026-06-14 22:53:42.510,0,NULL,2026-06-14 22:53:42.557,1627,1627,0,NR-No Report
26-048115,2026-06-14 22:32:17.000,25,SUN,14,22,C,NIGHT,MIDS,POLICE,SUSPICIOUS EVENT,2,Phone,"LEWIS, LESLIE","MCLEOD, DOUGLAS",2026-06-14 22:32:15.000,2026-06-14 22:45:36.000,2026-06-14 22:43:43.000,688,686,2,2026-06-14 22:51:35.433,472,472,0,2026-06-14 22:45:33.000,798,796,2,2026-06-14 22:51:38.217,1160,1160,0,2026-06-14 22:51:38.217,3,2,1,2026-06-14 22:56:54.227,316,316,0,2026-06-14 22:54:17.933,2026-06-14 23:05:24.013,0,NULL,2026-06-14 23:05:24.073,1989,1989,0,NR-No Report
26-048113,2026-06-14 22:37:28.000,25,SUN,14,22,C,NIGHT,MIDS,POLICE,TRAFFIC STOP,2,Radio,"MCLEOD, DOUGLAS","MCLEOD, DOUGLAS",2026-06-14 22:37:28.000,2026-06-14 22:45:46.000,2026-06-14 22:37:28.000,0,0,0,2026-06-14 22:37:28.000,0,0,0,2026-06-14 22:37:28.000,0,0,0,2026-06-14 22:39:48.153,0,0,0,2026-06-14 22:37:28.000,0,0,0,2026-06-14 22:37:28.000,0,0,0,2026-06-14 22:39:54.503,2026-06-14 23:01:23.700,0,NULL,2026-06-14 23:01:23.730,1435,1435,0,RE-Report
26-048114,2026-06-14 22:41:20.000,25,SUN,14,22,C,NIGHT,MIDS,POLICE,FLAG DOWN,2,OFFICER,"MCLEOD, DOUGLAS",NULL,2026-06-14 22:41:20.000,2026-06-14 23:18:51.000,2026-06-14 22:41:20.000,0,0,0,2026-06-14 22:41:20.000,0,0,0,2026-06-14 22:41:20.000,0,0,0,2026-06-14 22:47:16.027,0,0,0,2026-06-14 22:41:20.000,0,0,0,2026-06-14 22:41:20.000,0,0,0,2026-06-14 23:44:22.097,2026-06-15 02:07:17.237,0,NULL,2026-06-15 02:07:17.327,12357,12357,0,NR-No Report
26-014773,2026-06-14 22:43:42.000,25,SUN,14,22,C,NIGHT,MIDS,FIRE,GAS LEAK - INSIDE,1,E-911,"WATSON, JOANNE",Automatic Dispatch,2026-06-14 22:43:42.000,2026-06-14 22:44:47.000,2026-06-14 22:44:37.000,55,55,0,2026-06-14 22:44:38.867,1,1,0,2026-06-14 22:45:31.000,109,109,0,2026-06-14 22:44:53.390,56,56,0,2026-06-14 22:44:53.390,15,14,1,2026-06-14 22:50:13.427,320,320,0,2026-06-14 23:17:24.277,2026-06-14 23:33:29.567,0,NULL,2026-06-14 23:33:29.913,2987,2987,0,UNDEFINED
26-014774,2026-06-14 22:47:09.000,25,SUN,14,22,C,NIGHT,MIDS,FIRE,INVESTIGATION,3,Phone,"MARTINEZ, ESTHER",Automatic Dispatch,2026-06-14 22:47:09.000,2026-06-14 22:48:15.000,2026-06-14 22:48:10.000,61,61,0,2026-06-14 22:48:12.040,2,2,0,2026-06-14 22:49:11.000,122,122,0,2026-06-14 22:49:42.450,63,63,0,2026-06-14 22:49:42.450,90,90,0,2026-06-14 22:52:55.027,193,192,1,2026-06-14 23:01:23.873,2026-06-14 23:01:23.873,0,NULL,2026-06-14 23:01:23.983,854,854,0,UNDEFINED
26-048116,2026-06-14 22:48:20.000,25,SUN,14,22,C,NIGHT,MIDS,POLICE,NOISE COMPLAINT IN PROG,4,Phone,"WATSON, JOANNE","LEWIS, LESLIE",2026-06-14 22:48:18.000,2026-06-15 00:42:29.000,2026-06-14 22:49:08.000,50,48,2,2026-06-15 02:12:15.450,12187,5404,6783,2026-06-14 22:49:20.000,62,60,2,2026-06-15 02:12:19.537,12237,12237,0,2026-06-15 02:12:19.537,4,4,0,NULL,NULL,-9999,NULL,2026-06-15 02:16:11.293,2026-06-14 23:53:08.000,1,2026-06-15 00:42:10.907,NULL,3890,12484,-8594,CN-Cancellation
26-048121,2026-06-14 22:53:14.000,25,SUN,14,22,C,NIGHT,MIDS,POLICE,MISSING PERSON IMMEDIATE,2,Phone,"LEWIS, LESLIE",NULL,2026-06-14 22:53:12.000,2026-06-14 23:10:12.000,2026-06-14 23:01:25.000,493,491,2,2026-06-14 23:10:45.970,560,560,0,2026-06-14 23:01:27.000,495,493,2,2026-06-14 23:10:56.010,1053,1053,0,2026-06-14 23:10:56.010,11,10,1,NULL,NULL,-9999,NULL,2026-06-15 02:15:50.690,2026-06-15 12:45:47.683,0,NULL,2026-06-15 12:45:47.740,49955,49955,0,RE-Report
26-048119,2026-06-14 22:56:11.000,25,SUN,14,22,C,NIGHT,MIDS,POLICE,ALARM COMMERCIAL,2,Phone,"WATSON, JOANNE","MCLEOD, DOUGLAS",2026-06-14 22:56:09.000,2026-06-14 23:03:49.000,2026-06-14 22:57:15.000,66,64,2,2026-06-14 23:07:24.997,609,609,0,2026-06-14 22:57:35.000,86,84,2,2026-06-14 23:08:00.447,675,675,0,2026-06-14 23:08:00.447,36,35,1,2026-06-14 23:15:47.933,467,467,0,2026-06-14 23:23:24.230,2026-06-14 23:23:25.017,0,NULL,2026-06-14 23:23:25.050,1636,1636,0,NR-No Report
26-014775,2026-06-14 23:04:16.000,25,SUN,14,23,C,NIGHT,MIDS,EMS,TROUBLE BREATHING ALS 1,1,E-911,"LEWIS, LESLIE",Automatic Dispatch,2026-06-14 23:04:16.000,2026-06-14 23:04:58.000,2026-06-14 23:04:49.000,33,33,0,2026-06-14 23:04:51.697,2,2,0,2026-06-14 23:06:13.000,117,117,0,2026-06-14 23:06:02.683,35,35,0,2026-06-14 23:06:02.683,71,70,1,2026-06-14 23:09:37.480,215,214,1,2026-06-14 23:16:12.343,2026-06-14 23:45:49.823,0,NULL,2026-06-14 23:45:49.903,2493,2493,0,UNDEFINED
26-048124,2026-06-14 23:09:13.000,25,SUN,14,23,C,NIGHT,MIDS,POLICE,PUBLIC SERVICE MULTI OFFICER,4,Phone,"MARTINEZ, ESTHER","LEWIS, LESLIE",2026-06-14 23:09:13.000,2026-06-14 23:12:19.000,2026-06-14 23:10:14.000,61,61,0,2026-06-15 00:12:27.867,3733,3733,0,2026-06-14 23:14:10.000,297,297,0,2026-06-15 00:12:42.460,3794,3794,0,2026-06-15 00:12:42.460,15,14,1,2026-06-15 00:25:56.853,794,794,0,2026-06-15 00:36:14.263,2026-06-15 00:36:18.220,0,NULL,2026-06-15 00:36:18.247,5225,5225,0,NR-No Report
26-048127,2026-06-14 23:19:47.000,25,SUN,14,23,C,NIGHT,MIDS,POLICE,RUNAWAY RETURNED,4,E-911,"MARTINEZ, ESTHER","MCLEOD, DOUGLAS",2026-06-14 23:19:47.000,2026-06-14 23:47:34.000,2026-06-14 23:21:14.000,87,87,0,2026-06-14 23:47:58.633,1604,1604,0,2026-06-14 23:21:30.000,103,103,0,2026-06-14 23:48:00.960,1691,1691,0,2026-06-14 23:48:00.960,2,2,0,2026-06-14 23:56:20.233,500,499,1,2026-06-15 01:57:55.327,2026-06-15 01:57:55.327,0,NULL,2026-06-15 01:57:55.343,9488,9488,0,SUP-Supplement
26-048129,2026-06-14 23:36:35.000,25,SUN,14,23,C,NIGHT,MIDS,POLICE,DISABLED MOTORIST,2,Phone,"LEWIS, LESLIE",NULL,2026-06-14 23:36:33.000,2026-06-14 23:38:13.000,2026-06-14 23:37:22.000,49,47,2,2026-06-14 23:57:17.727,1195,1195,0,2026-06-14 23:37:55.000,82,80,2,2026-06-14 23:57:17.727,1244,1244,0,2026-06-14 23:57:17.727,0,0,0,NULL,NULL,-9999,NULL,2026-06-14 23:58:17.557,2026-06-14 23:58:17.557,0,NULL,2026-06-14 23:58:17.617,1304,1315,-11,CN-Cancellation
26-014776,2026-06-14 23:46:05.417,25,SUN,14,23,C,NIGHT,MIDS,FIRE,MUTUAL AID,1,C2C,CAD to CAD Service 1,CAD to CAD Service 1,2026-06-14 23:42:29.000,2026-06-14 23:46:13.000,2026-06-14 23:46:05.807,216,0,216,2026-06-14 23:46:05.853,0,0,0,NULL,NULL,NULL,NULL,2026-06-14 23:47:07.810,216,-9999,10215,2026-06-14 23:47:07.810,62,61,1,2026-06-14 23:53:02.093,355,354,1,2026-06-14 23:58:14.910,2026-06-14 23:58:14.910,0,NULL,2026-06-14 23:58:15.093,945,945,0,UNDEFINED
26-014777,2026-06-14 23:48:51.000,25,SUN,14,23,C,NIGHT,MIDS,EMS,STROKE ALS 2,1,E-911,"LEWIS, LESLIE",Automatic Dispatch,2026-06-14 23:48:51.000,2026-06-14 23:49:51.000,2026-06-14 23:49:46.000,55,55,0,2026-06-14 23:49:48.900,2,2,0,2026-06-14 23:53:12.000,261,261,0,2026-06-14 23:50:17.503,57,57,0,2026-06-14 23:50:17.503,29,28,1,2026-06-14 23:54:36.833,259,259,0,2026-06-14 23:55:46.320,2026-06-14 23:57:50.710,0,NULL,2026-06-14 23:57:50.797,539,539,0,UNDEFINED
26-048132,2026-06-14 23:52:41.000,25,SUN,14,23,C,NIGHT,MIDS,POLICE,DOMESTIC VIOL NO INJ,2,Phone,"MARTINEZ, ESTHER","MCLEOD, DOUGLAS",2026-06-14 23:52:41.000,2026-06-14 23:55:08.000,2026-06-14 23:53:42.000,61,61,0,2026-06-14 23:55:34.610,112,112,0,2026-06-14 23:56:14.000,213,213,0,2026-06-14 23:55:39.197,173,173,0,2026-06-14 23:55:39.197,5,4,1,2026-06-14 23:58:12.273,153,153,0,2026-06-14 23:57:40.790,2026-06-15 06:22:35.000,0,NULL,NULL,23394,23394,0,NR-No Report
26-014778,2026-06-14 23:58:47.000,25,SUN,14,23,C,NIGHT,MIDS,FIRE,ELEVATOR,3,E-911,"MARTINEZ, ESTHER","SWINTON, LATOYA",2026-06-14 23:58:47.000,2026-06-15 00:00:12.000,2026-06-15 00:00:05.000,78,78,0,2026-06-15 00:00:06.483,1,1,0,2026-06-15 00:01:34.000,167,167,0,2026-06-15 00:00:12.043,79,79,0,2026-06-15 00:00:12.043,6,5,1,NULL,NULL,-9999,NULL,2026-06-15 00:01:41.703,2026-06-15 00:02:57.990,0,NULL,2026-06-15 00:02:58.190,250,250,0,UNDEFINED
26-014779,2026-06-14 23:59:21.000,25,SUN,14,23,C,NIGHT,MIDS,EMS,FALL BLS,3,E-911,"WATSON, JOANNE",Automatic Dispatch,2026-06-14 23:59:21.000,2026-06-15 00:00:20.000,2026-06-15 00:00:12.000,51,51,0,2026-06-15 00:00:14.547,2,2,0,2026-06-15 00:01:52.000,151,151,0,2026-06-15 00:01:27.223,53,53,0,2026-06-15 00:01:27.223,73,72,1,2026-06-15 00:05:31.533,244,244,0,2026-06-15 00:49:30.067,2026-06-15 00:49:30.067,0,NULL,2026-06-15 00:49:30.113,3009,3009,0,UNDEFINED
26-048133,2026-06-15 00:00:26.000,25,MON,15,0,D,NIGHT,MIDS,POLICE,SUBJECT STOP,2,Radio,"MCLEOD, DOUGLAS","MCLEOD, DOUGLAS",2026-06-15 00:00:26.000,2026-06-15 00:00:34.000,2026-06-15 00:00:26.000,0,0,0,2026-06-15 00:00:26.000,0,0,0,2026-06-15 00:00:26.000,0,0,0,2026-06-15 00:00:47.837,0,0,0,2026-06-15 00:00:26.000,0,0,0,2026-06-15 00:00:26.000,0,0,0,2026-06-15 00:11:58.473,2026-06-15 00:12:02.503,0,NULL,2026-06-15 00:12:02.520,696,696,0,NR-No Report
26-048135,2026-06-15 00:10:10.000,25,MON,15,0,D,NIGHT,MIDS,POLICE,ASSAULT NO INJURY IN PROG,2,OFFICER,"LEWIS, LESLIE",NULL,2026-06-15 00:10:08.000,NULL,2026-06-15 00:10:31.000,23,21,2,2026-06-15 01:54:43.893,6252,6252,0,2026-06-15 00:10:42.000,34,32,2,2026-06-15 01:54:43.893,6275,6275,0,2026-06-15 01:54:43.893,0,-9999,9999,NULL,NULL,-9999,NULL,2026-06-15 03:08:38.213,2026-06-15 03:08:38.213,0,NULL,2026-06-15 03:08:38.250,10710,10710,0,RE-Report
26-014780,2026-06-15 00:10:46.000,25,MON,15,0,D,NIGHT,MIDS,EMS,PUBLIC SERVICE EMS,4,E-911,"MARTINEZ, ESTHER","SWINTON, LATOYA",2026-06-15 00:10:46.000,2026-06-15 00:12:12.000,2026-06-15 00:11:34.000,48,48,0,2026-06-15 00:11:36.443,2,2,0,2026-06-15 00:12:06.000,80,80,0,2026-06-15 00:13:10.423,50,50,0,2026-06-15 00:13:10.423,94,93,1,2026-06-15 00:18:43.803,333,333,0,2026-06-15 01:00:28.733,2026-06-15 01:57:45.427,0,NULL,2026-06-15 01:57:45.470,6419,6419,0,UNDEFINED
26-048136,2026-06-15 00:13:53.000,25,MON,15,0,D,NIGHT,MIDS,POLICE,SUSPICIOUS EVENT,2,E-911,"MARTINEZ, ESTHER","LEWIS, LESLIE",2026-06-15 00:13:53.000,2026-06-15 00:15:31.000,2026-06-15 00:15:01.000,68,68,0,2026-06-15 00:15:46.513,45,45,0,2026-06-15 00:15:35.000,102,102,0,2026-06-15 00:15:49.743,113,113,0,2026-06-15 00:15:49.743,3,3,0,2026-06-15 00:17:51.873,122,122,0,2026-06-15 00:21:56.600,2026-06-15 00:22:17.950,0,NULL,2026-06-15 00:22:17.980,504,504,0,NR-No Report
26-014781,2026-06-15 00:16:04.000,25,MON,15,0,D,NIGHT,MIDS,EMS,BLS EMERGENCY,3,E-911,"WATSON, JOANNE",Automatic Dispatch,2026-06-15 00:16:04.000,2026-06-15 00:17:58.000,2026-06-15 00:17:52.000,108,108,0,2026-06-15 00:17:54.727,2,2,0,2026-06-15 00:20:40.000,276,276,0,2026-06-15 00:20:43.360,110,110,0,2026-06-15 00:20:43.360,169,168,1,2026-06-15 00:28:11.470,448,448,0,2026-06-15 01:24:38.780,2026-06-15 01:24:38.780,0,NULL,2026-06-15 01:24:38.870,4114,4114,0,UNDEFINED
26-014782,2026-06-15 00:18:27.453,25,MON,15,0,D,NIGHT,MIDS,FIRE,FIRE ALARM,3,NOT CAPTURED,"LEWIS, LESLIE",Automatic Dispatch,2026-06-15 00:18:27.453,2026-06-15 00:18:33.000,2026-06-15 00:18:27.453,0,0,0,2026-06-15 00:18:29.733,2,2,0,2026-06-15 00:18:27.453,0,NULL,0,NULL,2,2,0,NULL,NULL,-9999,NULL,NULL,NULL,-9999,NULL,2026-06-15 00:20:05.963,2026-06-15 00:20:05.963,0,NULL,2026-06-15 00:20:06.087,98,98,0,UNDEFINED
26-048139,2026-06-15 00:29:27.000,25,MON,15,0,D,NIGHT,MIDS,POLICE,ALARM COMMERCIAL,2,Phone,"MCLEOD, DOUGLAS","LEWIS, LESLIE",2026-06-15 00:29:25.000,2026-06-15 00:30:25.000,2026-06-15 00:30:08.000,43,41,2,2026-06-15 00:30:21.977,13,13,0,2026-06-15 00:32:09.000,164,162,2,2026-06-15 00:30:22.020,56,56,0,2026-06-15 00:30:22.020,1,0,1,2026-06-15 00:44:51.420,869,869,0,2026-06-15 00:54:08.803,2026-06-15 00:54:08.803,0,NULL,2026-06-15 00:54:08.867,1483,1483,0,FALSE-False Alarm
26-048140,2026-06-15 00:30:39.000,25,MON,15,0,D,NIGHT,MIDS,POLICE,DISABLED MOTORIST,2,Phone,"WATSON, JOANNE","LEWIS, LESLIE",2026-06-15 00:30:38.000,2026-06-15 00:32:16.000,2026-06-15 00:31:50.000,72,71,1,2026-06-15 00:32:44.873,54,54,0,2026-06-15 00:33:44.000,186,185,1,2026-06-15 00:32:47.817,126,126,0,2026-06-15 00:32:47.817,3,2,1,2026-06-15 00:37:09.637,262,261,1,2026-06-15 00:33:57.890,2026-06-15 06:23:18.000,0,NULL,NULL,21160,21160,0,NR-No Report
26-048143,2026-06-15 01:34:34.000,25,MON,15,1,D,NIGHT,MIDS,POLICE,NOISE COMPLAINT DELAY,4,Phone,"MARTINEZ, ESTHER","LEWIS, LESLIE",2026-06-15 01:34:33.000,2026-06-15 01:36:00.000,2026-06-15 01:35:32.000,59,58,1,2026-06-15 02:09:10.433,2018,2018,0,2026-06-15 01:36:01.000,88,87,1,2026-06-15 02:09:22.173,2077,2077,0,2026-06-15 02:09:22.173,12,11,1,2026-06-15 02:11:09.547,107,107,0,2026-06-15 02:11:53.130,2026-06-15 02:12:06.500,0,NULL,2026-06-15 02:12:06.573,2253,2253,0,NR-No Report
26-014783,2026-06-15 01:34:56.647,25,MON,15,1,D,NIGHT,MIDS,EMS,MUTUAL ALS,1,C2C,CAD to CAD Service 1,CAD to CAD Service 1,2026-06-15 01:34:01.000,2026-06-15 01:35:06.000,2026-06-15 01:34:56.880,55,0,55,2026-06-15 01:34:56.943,0,0,0,NULL,NULL,NULL,NULL,2026-06-15 01:36:26.297,55,-9999,10054,2026-06-15 01:36:26.297,90,89,1,2026-06-15 01:43:12.333,406,406,0,2026-06-15 01:47:19.433,2026-06-15 01:47:21.310,0,NULL,2026-06-15 01:47:21.377,800,800,0,UNDEFINED
26-048144,2026-06-15 01:42:49.000,25,MON,15,1,D,NIGHT,MIDS,POLICE,TRAFFIC STOP,2,OFFICER,"LEWIS, LESLIE","LEWIS, LESLIE",2026-06-15 01:42:49.000,2026-06-15 01:43:00.790,2026-06-15 01:42:49.000,0,0,0,2026-06-15 01:42:49.000,0,0,0,2026-06-15 01:42:49.000,0,0,0,2026-06-15 01:43:02.690,0,0,0,2026-06-15 01:42:49.000,0,0,0,2026-06-15 01:42:49.000,0,0,0,2026-06-15 01:48:20.457,2026-06-15 01:52:15.157,0,NULL,2026-06-15 01:52:15.217,566,566,0,NR-No Report
26-014784,2026-06-15 01:49:51.000,25,MON,15,1,D,NIGHT,MIDS,EMS,ABDOMINAL PAIN BLS,3,E-911,"MARTINEZ, ESTHER",Automatic Dispatch,2026-06-15 01:49:51.000,2026-06-15 01:50:41.000,2026-06-15 01:50:32.000,41,41,0,2026-06-15 01:50:34.317,2,2,0,2026-06-15 01:53:58.000,247,247,0,2026-06-15 01:53:05.510,43,43,0,2026-06-15 01:53:05.510,151,151,0,2026-06-15 02:02:33.227,568,567,1,2026-06-15 03:39:42.613,2026-06-15 03:39:42.613,0,NULL,2026-06-15 03:39:42.760,6591,6591,0,UNDEFINED
26-048146,2026-06-15 01:57:18.000,25,MON,15,1,D,NIGHT,MIDS,POLICE,DWI - DRUNK/INTOX DRIVER,2,Radio,"LEWIS, LESLIE","LEWIS, LESLIE",2026-06-15 01:57:18.000,2026-06-15 01:57:40.740,2026-06-15 01:57:18.000,0,0,0,2026-06-15 01:57:18.000,0,0,0,2026-06-15 01:57:18.000,0,0,0,2026-06-15 01:57:42.180,0,0,0,2026-06-15 01:57:18.000,0,0,0,2026-06-15 01:57:18.000,0,0,0,2026-06-15 02:14:35.580,2026-06-15 09:24:00.193,0,NULL,2026-06-15 09:24:00.200,26802,26802,0,RE-Report
26-014785,2026-06-15 02:28:26.000,25,MON,15,2,D,NIGHT,LATE,EMS,MEDICAL ALARM - BLS,3,Phone,"MARTINEZ, ESTHER",Automatic Dispatch,2026-06-15 02:28:26.000,2026-06-15 02:29:48.000,2026-06-15 02:29:43.000,77,77,0,2026-06-15 02:29:45.277,2,2,0,2026-06-15 02:31:38.000,192,192,0,2026-06-15 02:31:27.743,79,79,0,2026-06-15 02:31:27.743,102,102,0,2026-06-15 02:42:03.573,636,635,1,2026-06-15 03:13:45.900,2026-06-15 03:13:45.900,0,NULL,2026-06-15 03:13:45.957,2719,2719,0,UNDEFINED
26-048149,2026-06-15 02:58:08.000,25,MON,15,2,D,NIGHT,LATE,POLICE,TRAFFIC STOP,2,Radio,"MCLEOD, DOUGLAS",NULL,2026-06-15 02:58:08.000,2026-06-15 02:59:12.000,2026-06-15 02:58:08.000,0,0,0,2026-06-15 02:58:08.000,0,0,0,2026-06-15 02:58:08.000,0,0,0,2026-06-15 02:58:19.807,0,0,0,2026-06-15 02:58:08.000,0,0,0,2026-06-15 02:58:08.000,0,0,0,2026-06-15 03:12:10.310,2026-06-15 04:58:54.743,0,NULL,2026-06-15 04:58:54.810,7246,7246,0,NR-No Report
26-048150,2026-06-15 03:08:58.000,25,MON,15,3,D,NIGHT,LATE,POLICE,MENTAL HEALTH CASE,2,E-911,"MARTINEZ, ESTHER",NULL,2026-06-15 03:08:58.000,2026-06-15 03:09:43.000,2026-06-15 03:09:36.000,38,38,0,2026-06-15 03:09:54.717,18,18,0,2026-06-15 03:11:00.000,122,122,0,2026-06-15 03:09:58.793,56,56,0,2026-06-15 03:09:58.793,4,4,0,2026-06-15 03:13:34.423,216,215,1,2026-06-15 06:47:52.360,2026-06-15 20:17:53.730,0,NULL,2026-06-15 20:17:53.803,61735,61735,0,RE-Report
26-048152,2026-06-15 03:19:17.000,25,MON,15,3,D,NIGHT,LATE,POLICE,ALARM RESIDENTIAL NIGHTIME,1,Text,"MARTINEZ, ESTHER",NULL,2026-06-15 03:19:17.000,2026-06-15 03:19:53.000,2026-06-15 03:19:43.000,26,26,0,2026-06-15 03:20:11.037,28,28,0,2026-06-15 03:20:59.000,102,102,0,2026-06-15 03:20:16.760,54,54,0,2026-06-15 03:20:16.760,5,5,0,2026-06-15 03:23:37.990,201,201,0,2026-06-15 03:21:05.997,2026-06-15 04:50:07.370,0,NULL,2026-06-15 04:50:07.393,5450,5450,0,FALSE-False Alarm
26-048153,2026-06-15 03:23:26.000,25,MON,15,3,D,NIGHT,LATE,POLICE,NOISE COMPLAINT IN PROG,4,Phone,"MCLEOD, DOUGLAS","LEWIS, LESLIE",2026-06-15 03:23:24.000,2026-06-15 03:24:53.000,2026-06-15 03:24:18.000,54,52,2,2026-06-15 05:26:38.607,7340,7340,0,2026-06-15 03:24:48.000,84,82,2,2026-06-15 05:26:43.247,7394,7394,0,2026-06-15 05:26:43.247,5,4,1,2026-06-15 05:26:44.530,1,1,0,2026-06-15 05:26:50.783,2026-06-15 05:26:50.783,0,NULL,2026-06-15 05:26:50.823,7406,7406,0,NR-No Report
26-014786,2026-06-15 03:33:13.967,25,MON,15,3,D,NIGHT,LATE,EMS,BLS EMERGENCY,3,Radio,"LEWIS, LESLIE","SWINTON, LATOYA",2026-06-15 03:33:13.967,2026-06-15 03:41:11.000,2026-06-15 03:33:13.967,0,0,0,2026-06-15 03:33:17.503,4,3,1,2026-06-15 03:33:13.967,0,NULL,0,2026-06-15 03:39:53.190,4,3,1,2026-06-15 03:39:53.190,396,97,299,2026-06-15 03:47:54.070,481,480,1,2026-06-15 03:40:29.773,2026-06-15 03:40:29.773,1,2026-06-15 03:40:54.517,2026-06-15 04:02:05.687,436,1731,-1295,UNDEFINED
26-048154,2026-06-15 03:34:19.000,25,MON,15,3,D,NIGHT,LATE,POLICE,SUSPICIOUS EVENT,2,E-911,"MARTINEZ, ESTHER","LEWIS, LESLIE",2026-06-15 03:34:19.000,2026-06-15 03:35:37.000,2026-06-15 03:35:15.000,56,56,0,2026-06-15 03:37:19.247,124,124,0,2026-06-15 03:36:20.000,121,121,0,2026-06-15 03:37:24.890,180,180,0,2026-06-15 03:37:24.890,5,5,0,2026-06-15 03:44:35.217,431,430,1,2026-06-15 03:50:50.470,2026-06-15 04:01:05.347,0,NULL,2026-06-15 04:01:05.403,1606,1606,0,NR-No Report
26-048155,2026-06-15 03:42:13.000,25,MON,15,3,D,NIGHT,LATE,POLICE,ALARM COMMERCIAL,2,Phone,"MARTINEZ, ESTHER",NULL,2026-06-15 03:42:11.000,2026-06-15 03:43:29.000,2026-06-15 03:42:49.000,38,36,2,2026-06-15 03:46:00.467,191,191,0,2026-06-15 03:43:34.000,83,81,2,2026-06-15 03:50:53.283,229,229,0,2026-06-15 03:50:53.283,293,0,293,2026-06-15 03:55:16.080,263,262,1,2026-06-15 05:07:43.797,2026-06-15 05:10:21.607,0,NULL,2026-06-15 05:10:21.667,5290,5290,0,NR-No Report
26-048156,2026-06-15 03:42:52.000,25,MON,15,3,D,NIGHT,LATE,POLICE,ALARM RESIDENTIAL NIGHTIME,1,Phone,"MCLEOD, DOUGLAS","LEWIS, LESLIE",2026-06-15 03:42:50.000,2026-06-15 03:44:08.000,2026-06-15 03:44:03.000,73,71,2,2026-06-15 03:45:18.970,75,75,0,2026-06-15 03:44:40.000,110,108,2,2026-06-15 03:45:21.670,148,148,0,2026-06-15 03:45:21.670,3,2,1,2026-06-15 03:47:51.927,150,150,0,2026-06-15 03:45:58.060,2026-06-15 04:56:44.437,0,NULL,2026-06-15 04:56:44.533,4434,4434,0,NR-No Report
26-014787,2026-06-15 03:56:02.000,25,MON,15,3,D,NIGHT,LATE,FIRE,ODOR OF SMOKE COMMERCIAL,1,E-911,"MCLEOD, DOUGLAS",Automatic Dispatch,2026-06-15 03:56:02.000,2026-06-15 03:58:02.000,2026-06-15 03:57:54.000,112,112,0,2026-06-15 03:57:56.390,2,2,0,2026-06-15 04:00:18.000,256,256,0,2026-06-15 03:59:17.473,114,114,0,2026-06-15 03:59:17.473,81,81,0,2026-06-15 04:03:32.567,255,255,0,2026-06-15 03:59:27.243,2026-06-15 05:29:21.160,0,NULL,2026-06-15 05:29:21.290,5599,5599,0,UNDEFINED
26-014788,2026-06-15 03:58:35.000,25,MON,15,3,D,NIGHT,LATE,EMS,TROUBLE BREATHING ALS 1,1,E-911,"MARTINEZ, ESTHER",Automatic Dispatch,2026-06-15 03:58:35.000,2026-06-15 03:59:30.000,2026-06-15 03:59:26.000,51,51,0,2026-06-15 03:59:29.053,3,3,0,2026-06-15 04:02:17.000,222,222,0,2026-06-15 04:01:22.833,54,54,0,2026-06-15 04:01:22.833,113,113,0,2026-06-15 04:07:53.690,391,390,1,2026-06-15 04:10:39.653,2026-06-15 05:07:56.363,0,NULL,2026-06-15 05:07:56.427,4161,4161,0,UNDEFINED
26-014789,2026-06-15 04:01:09.000,25,MON,15,4,D,NIGHT,LATE,EMS,TROUBLE BREATHING ALS 1,1,E-911,"MCLEOD, DOUGLAS",Automatic Dispatch,2026-06-15 04:01:09.000,2026-06-15 04:05:08.000,2026-06-15 04:01:57.000,48,48,0,2026-06-15 04:02:00.233,3,3,0,2026-06-15 04:03:28.000,139,139,0,2026-06-15 04:04:16.220,51,51,0,2026-06-15 04:04:16.220,136,135,1,2026-06-15 04:07:46.010,210,209,1,2026-06-15 04:09:49.353,2026-06-15 04:36:22.770,0,NULL,2026-06-15 04:36:22.847,2113,2113,0,UNDEFINED
26-014790,2026-06-15 04:49:29.000,25,MON,15,4,D,NIGHT,LATE,EMS,ABDOMINAL PAIN BLS,3,E-911,"MCLEOD, DOUGLAS",Automatic Dispatch,2026-06-15 04:49:29.000,2026-06-15 04:50:13.000,2026-06-15 04:50:03.000,34,34,0,2026-06-15 04:50:06.230,3,3,0,2026-06-15 04:51:33.000,124,124,0,2026-06-15 04:51:54.947,37,37,0,2026-06-15 04:51:54.947,108,108,0,2026-06-15 05:00:03.340,489,488,1,2026-06-15 06:05:42.597,2026-06-15 06:05:42.597,0,NULL,2026-06-15 06:05:42.670,4573,4573,0,UNDEFINED
26-014791,2026-06-15 04:58:52.000,25,MON,15,4,D,NIGHT,LATE,EMS,CARDIAC ARREST ALS 2- SUPV,1,E-911,"MARTINEZ, ESTHER",Automatic Dispatch,2026-06-15 04:58:52.000,2026-06-15 04:59:49.000,2026-06-15 04:59:42.000,50,50,0,2026-06-15 04:59:44.567,2,2,0,2026-06-15 05:02:29.000,217,217,0,2026-06-15 05:01:31.770,52,52,0,2026-06-15 05:01:31.770,107,107,0,2026-06-15 05:03:28.293,117,116,1,2026-06-15 05:01:50.720,2026-06-15 05:37:41.337,0,NULL,2026-06-15 05:37:41.433,2329,2329,0,UNDEFINED
26-048157,2026-06-15 04:59:42.000,25,MON,15,4,D,NIGHT,LATE,POLICE,ASSIST FIRE - EMERGENCY,1,NOT CAPTURED,"MARTINEZ, ESTHER",NULL,2026-06-15 04:59:42.000,2026-06-15 04:59:55.000,2026-06-15 04:59:42.000,0,NULL,0,2026-06-15 05:00:04.440,22,22,0,2026-06-15 04:59:42.000,0,0,0,2026-06-15 05:00:15.523,22,22,0,2026-06-15 05:00:15.523,11,11,0,2026-06-15 05:05:21.633,306,306,0,2026-06-15 07:47:53.547,2026-06-15 09:01:35.903,0,NULL,2026-06-15 09:01:35.993,14513,14513,0,RE-Report
26-048158,2026-06-15 05:01:28.000,25,MON,15,5,D,NIGHT,LATE,POLICE,DOMESTIC VIOL NO INJ,1,E-911,"MCLEOD, DOUGLAS","FLOURNOY, ERICKA",2026-06-15 05:01:28.000,2026-06-15 12:48:01.000,2026-06-15 05:02:59.000,91,91,0,2026-06-15 05:07:56.233,297,297,0,2026-06-15 05:04:07.000,159,159,0,2026-06-15 05:08:02.397,388,388,0,2026-06-15 05:08:02.397,6,6,0,2026-06-15 05:10:46.417,164,164,0,2026-06-15 08:34:46.863,2026-06-15 09:16:09.667,1,2026-06-15 12:47:17.080,2026-06-15 14:34:22.503,15281,34374,-19093,RE-Report
26-014792,2026-06-15 05:07:25.250,25,MON,15,5,D,NIGHT,LATE,EMS,INJURED PERSON BLS,3,E-911,"WATSON, JOANNE",Automatic Dispatch,2026-06-15 05:07:25.250,2026-06-15 05:07:30.000,2026-06-15 05:07:25.250,0,1,-1,2026-06-15 05:07:27.937,2,2,0,2026-06-15 05:07:25.250,0,NULL,0,2026-06-15 05:09:28.340,2,2,0,2026-06-15 05:09:28.340,121,120,1,2026-06-15 05:17:42.243,494,493,1,2026-06-15 05:47:04.983,2026-06-15 05:47:04.983,0,NULL,2026-06-15 05:47:05.027,2379,2379,0,UNDEFINED
26-048159,2026-06-15 05:22:45.000,25,MON,15,5,D,NIGHT,LATE,POLICE,ADMINISTRATIVE TASK,3,Phone,"MCLEOD, DOUGLAS","WALKER, JUANITA",2026-06-15 05:22:43.000,2026-06-15 05:24:24.000,2026-06-15 05:23:50.000,67,65,2,2026-06-15 06:09:56.263,2766,2766,0,2026-06-15 05:24:08.000,85,83,2,2026-06-15 06:10:33.987,2833,2833,0,2026-06-15 06:10:33.987,37,37,0,2026-06-15 06:16:57.123,384,383,1,NULL,2026-06-15 06:48:54.000,0,NULL,NULL,5171,5171,0,NR-No Report
26-048160,2026-06-15 05:24:01.000,25,MON,15,5,D,NIGHT,LATE,POLICE,ALARM COMMERCIAL,2,Phone,"MARTINEZ, ESTHER","LEWIS, LESLIE",2026-06-15 05:24:00.000,2026-06-15 05:26:52.000,2026-06-15 05:24:37.000,37,36,1,2026-06-15 05:26:55.790,138,138,0,2026-06-15 05:25:35.000,95,94,1,2026-06-15 05:26:58.873,175,175,0,2026-06-15 05:26:58.873,3,3,0,2026-06-15 05:43:01.240,963,962,1,2026-06-15 05:52:18.270,2026-06-15 05:52:18.270,0,NULL,2026-06-15 05:52:18.297,1698,1698,0,NR-No Report
26-014793,2026-06-15 06:11:11.000,25,MON,15,6,B,DAY,EARLY,FIRE,OUTSIDE FIRE,3,E-911,"FLOURNOY, ERICKA",Automatic Dispatch,2026-06-15 06:11:10.000,2026-06-15 06:13:13.000,2026-06-15 06:12:34.000,84,83,1,2026-06-15 06:12:35.760,1,1,0,2026-06-15 06:17:05.000,355,354,1,2026-06-15 06:13:46.720,85,85,0,2026-06-15 06:13:46.720,71,70,1,2026-06-15 06:16:19.543,153,152,1,2026-06-15 06:22:17.827,2026-06-15 06:22:17.827,0,NULL,2026-06-15 06:22:18.187,667,667,0,UNDEFINED
26-014794,2026-06-15 06:16:05.000,25,MON,15,6,B,DAY,EARLY,EMS,CHEST PAIN ALS 1,1,E-911,"WALKER, KAREN",Automatic Dispatch,2026-06-15 06:16:05.000,2026-06-15 06:16:53.000,2026-06-15 06:16:48.000,43,43,0,2026-06-15 06:16:50.053,2,2,0,2026-06-15 06:19:04.000,179,179,0,2026-06-15 06:17:59.297,45,45,0,2026-06-15 06:17:59.297,69,69,0,2026-06-15 06:24:06.617,367,367,0,2026-06-15 06:39:55.363,2026-06-15 07:26:26.420,0,NULL,2026-06-15 07:26:26.523,4221,4221,0,UNDEFINED
26-014795,2026-06-15 06:30:28.000,25,MON,15,6,B,DAY,EARLY,EMS,FALL BLS,3,E-911,"GARCIA, VILMA",Automatic Dispatch,2026-06-15 06:30:27.000,2026-06-15 06:31:34.000,2026-06-15 06:31:07.000,40,39,1,2026-06-15 06:31:09.633,2,2,0,2026-06-15 06:33:03.000,156,155,1,2026-06-15 06:32:48.703,42,42,0,2026-06-15 06:32:48.703,99,99,0,2026-06-15 06:38:38.300,350,349,1,2026-06-15 07:02:31.427,2026-06-15 07:02:31.427,0,NULL,2026-06-15 07:02:31.480,1924,1924,0,UNDEFINED
26-048161,2026-06-15 06:46:33.000,25,MON,15,6,B,DAY,EARLY,POLICE,ALARM RESIDENTIAL,2,Text,"GARCIA, VILMA","WALKER, JUANITA",2026-06-15 06:46:30.000,2026-06-15 06:47:40.000,2026-06-15 06:47:13.000,43,40,3,2026-06-15 06:47:49.100,36,36,0,2026-06-15 06:47:45.000,75,72,3,2026-06-15 06:48:15.293,79,79,0,2026-06-15 06:48:15.293,26,26,0,2026-06-15 06:58:32.247,617,616,1,2026-06-15 07:10:13.627,2026-06-15 07:10:13.627,0,NULL,2026-06-15 07:10:13.667,1423,1423,0,FALSE-False Alarm
26-048162,2026-06-15 06:46:52.000,25,MON,15,6,B,DAY,EARLY,POLICE,ASSAULT NO INJURY DELAY,4,Radio,"WALKER, JUANITA",NULL,2026-06-15 06:46:50.000,2026-06-20 02:51:45.000,2026-06-15 06:47:17.000,27,25,2,2026-06-15 06:47:55.000,38,38,0,2026-06-15 06:47:28.000,38,36,2,2026-06-15 06:47:55.000,65,65,0,2026-06-15 06:47:55.000,0,0,0,NULL,NULL,-9999,NULL,2026-06-15 07:56:26.837,2026-06-15 07:56:26.837,1,2026-06-20 02:51:35.600,2026-06-15 07:56:26.873,4176,-9999,14175,SUP-Supplement
26-014796,2026-06-15 06:58:20.000,25,MON,15,6,B,DAY,EARLY,EMS,FALL BLS,3,E-911,"GARCIA, VILMA",Automatic Dispatch,2026-06-15 06:58:20.000,2026-06-15 06:59:31.000,2026-06-15 06:59:17.000,57,57,0,2026-06-15 06:59:19.483,2,2,0,2026-06-15 07:00:55.000,155,155,0,2026-06-15 07:01:15.323,59,59,0,2026-06-15 07:01:15.323,116,115,1,2026-06-15 07:10:14.990,539,539,0,2026-06-15 08:29:05.727,2026-06-15 08:29:05.727,0,NULL,2026-06-15 08:29:05.803,5445,5445,0,UNDEFINED
26-014797,2026-06-15 07:02:13.000,25,MON,15,7,B,DAY,EARLY,EMS,CARDIAC ARREST ALS 2- SUPV,1,E-911,"WALKER, KAREN","GOODWIN, SHEENA",2026-06-15 07:02:13.000,2026-06-15 07:03:02.000,2026-06-15 07:02:51.000,38,38,0,2026-06-15 07:02:54.590,3,3,0,2026-06-15 07:04:49.000,156,156,0,2026-06-15 07:03:53.947,41,41,0,2026-06-15 07:03:53.947,59,59,0,2026-06-15 07:08:26.660,273,272,1,2026-06-15 07:04:21.277,2026-06-15 08:00:01.747,0,NULL,2026-06-15 08:00:01.913,3468,3468,0,UNDEFINED
26-048163,2026-06-15 07:02:52.000,25,MON,15,7,B,DAY,EARLY,POLICE,ASSIST FIRE - EMERGENCY,1,E-911,"WALKER, KAREN",NULL,2026-06-15 07:02:52.000,2026-06-15 07:02:58.000,2026-06-15 07:02:52.000,0,NULL,0,2026-06-15 07:03:09.883,17,17,0,2026-06-15 07:02:52.000,0,0,0,2026-06-15 07:03:15.903,17,17,0,2026-06-15 07:03:15.903,6,6,0,2026-06-15 07:08:13.043,298,297,1,2026-06-15 10:06:23.793,2026-06-15 15:34:12.580,0,NULL,2026-06-15 15:34:12.633,30680,30680,0,RE-Report
26-014798,2026-06-15 07:06:16.000,25,MON,15,7,B,DAY,EARLY,EMS,UNCONSCIOUS ALS 2,1,E-911,"GARCIA, VILMA",Automatic Dispatch,2026-06-15 07:06:15.000,2026-06-15 07:07:53.000,2026-06-15 07:07:21.000,66,65,1,2026-06-15 07:07:23.643,2,2,0,2026-06-15 07:10:59.000,284,283,1,2026-06-15 07:08:25.850,68,68,0,2026-06-15 07:08:25.850,62,62,0,2026-06-15 07:11:01.787,156,155,1,2026-06-15 07:23:24.770,2026-06-15 08:55:58.957,0,NULL,2026-06-15 08:55:59.043,6583,6583,0,UNDEFINED
26-014799,2026-06-15 07:12:33.000,25,MON,15,7,B,DAY,EARLY,FIRE,FIRE ALARM,3,Phone,"GARCIA, VILMA",Automatic Dispatch,2026-06-15 07:12:31.000,2026-06-15 07:14:41.000,2026-06-15 07:13:13.000,42,40,2,2026-06-15 07:13:15.380,2,2,0,2026-06-15 07:15:01.000,150,148,2,2026-06-15 07:14:37.943,44,44,0,2026-06-15 07:14:37.943,82,82,0,2026-06-15 07:17:59.140,202,201,1,2026-06-15 07:21:37.920,2026-06-15 07:21:37.920,0,NULL,2026-06-15 07:21:37.977,546,546,0,UNDEFINED
26-048165,2026-06-15 07:20:22.000,25,MON,15,7,B,DAY,EARLY,POLICE,PARKING COMPLAINT,4,Phone,"GARCIA, VILMA",NULL,2026-06-15 07:20:21.000,2026-06-15 07:32:08.000,2026-06-15 07:21:20.000,59,58,1,2026-06-15 08:01:25.583,2405,2405,0,2026-06-15 07:22:06.000,105,104,1,2026-06-15 08:01:25.583,2464,2464,0,2026-06-15 08:01:25.583,0,-9999,9999,2026-06-15 08:44:02.120,2557,2556,1,2026-06-15 08:45:26.227,2026-06-15 08:45:26.227,0,NULL,2026-06-15 08:45:26.287,5105,5105,0,NR-No Report
26-048167,2026-06-15 07:20:44.000,25,MON,15,7,B,DAY,EARLY,POLICE,SUSPICIOUS EVENT,2,Phone,"FLOURNOY, ERICKA","FLOURNOY, ERICKA",2026-06-15 07:20:42.000,2026-06-15 07:29:12.000,2026-06-15 07:26:02.000,320,318,2,2026-06-15 08:17:50.810,3108,3108,0,2026-06-15 07:26:04.000,322,320,2,2026-06-15 08:17:54.147,3428,3428,0,2026-06-15 08:17:54.147,4,3,1,2026-06-15 08:19:38.230,104,104,0,2026-06-15 08:49:01.900,2026-06-15 08:49:01.900,0,NULL,2026-06-15 08:49:01.937,5299,5299,0,NR-No Report
26-048166,2026-06-15 07:24:25.000,25,MON,15,7,B,DAY,EARLY,POLICE,MVC PROPERTY DAMAGE,2,E-911,"GARCIA, VILMA","WALKER, JUANITA",2026-06-15 07:24:24.000,2026-06-15 07:27:30.000,2026-06-15 07:25:35.000,71,70,1,2026-06-15 07:27:56.470,141,141,0,2026-06-15 07:27:51.000,207,206,1,2026-06-15 07:28:11.593,212,212,0,2026-06-15 07:28:11.593,15,15,0,2026-06-15 07:34:16.740,365,365,0,2026-06-15 08:17:26.753,2026-06-15 08:17:50.627,0,NULL,2026-06-15 08:17:50.627,3206,3206,0,NR-No Report
26-014800,2026-06-15 07:41:42.973,25,MON,15,7,B,DAY,EARLY,FIRE,MVC AUTO,2,NOT CAPTURED,"WALKER, JUANITA",Automatic Dispatch,2026-06-15 07:41:42.973,2026-06-15 07:42:44.000,2026-06-15 07:41:42.973,0,1,-1,2026-06-15 07:41:45.697,3,2,1,2026-06-15 07:41:42.973,0,NULL,0,2026-06-15 07:42:43.460,3,2,1,2026-06-15 07:42:43.460,58,57,1,2026-06-15 07:45:55.823,192,192,0,2026-06-15 07:54:02.973,2026-06-15 07:54:55.120,0,NULL,2026-06-15 07:54:55.183,793,792,1,UNDEFINED
26-048169,2026-06-15 07:44:03.000,25,MON,15,7,B,DAY,EARLY,POLICE,ESCORT,2,Radio,"WALKER, JUANITA","WALKER, JUANITA",2026-06-15 07:44:01.000,2026-06-15 07:44:27.443,2026-06-15 07:44:20.000,19,17,2,2026-06-15 07:44:27.393,7,7,0,2026-06-15 07:44:38.000,37,35,2,2026-06-15 07:44:33.873,26,26,0,2026-06-15 07:44:33.873,6,6,0,2026-06-15 07:44:33.873,0,0,0,2026-06-15 12:31:58.970,2026-06-15 12:45:59.113,0,NULL,2026-06-15 12:45:59.177,18118,18118,0,NR-No Report
26-048170,2026-06-15 07:47:37.000,25,MON,15,7,B,DAY,EARLY,POLICE,TRAFFIC STOP,2,OFFICER,"HAMED, HOSSAM R",NULL,2026-06-15 07:47:37.000,NULL,2026-06-15 07:47:37.000,0,1,-1,2026-06-15 07:47:37.000,0,0,0,2026-06-15 07:47:37.000,0,NULL,0,2026-06-15 07:47:37.000,0,0,0,2026-06-15 07:47:37.000,0,0,0,2026-06-15 07:47:37.000,0,0,0,2026-06-15 07:53:17.240,2026-06-15 07:53:17.240,0,NULL,2026-06-15 07:53:17.313,340,340,0,CI-Citation
26-048173,2026-06-15 07:56:17.000,25,MON,15,7,B,DAY,EARLY,POLICE,TRNSPORT PRISONER JAIL TO JAIL,4,Radio,"WALKER, JUANITA","WALKER, JUANITA",2026-06-15 07:56:17.000,2026-06-15 07:56:36.933,2026-06-15 07:56:17.000,0,0,0,2026-06-15 07:56:17.000,0,0,0,2026-06-15 07:56:17.000,0,0,0,NULL,0,0,0,2026-06-15 07:56:17.000,0,0,0,2026-06-15 07:56:17.000,0,0,0,2026-06-15 11:36:39.530,2026-06-15 12:09:47.203,0,NULL,2026-06-15 12:09:47.253,15210,15210,0,NR-No Report
26-048174,2026-06-15 07:57:46.000,25,MON,15,7,B,DAY,EARLY,POLICE,ANIMAL COMPLAINT,4,Phone,"FLOURNOY, ERICKA","VALENTIN, EMERITA",2026-06-15 07:57:45.000,2026-06-15 08:02:00.000,2026-06-15 07:59:20.000,95,94,1,2026-06-15 08:02:12.110,172,172,0,2026-06-15 07:59:22.000,97,96,1,NULL,267,267,0,NULL,NULL,-9999,NULL,NULL,NULL,-9999,NULL,NULL,2026-06-15 08:02:29.000,0,NULL,NULL,284,284,0,ACOR-Animal Control Report
26-014801,2026-06-15 07:58:52.000,25,MON,15,7,B,DAY,EARLY,FIRE,HAZARD,3,Phone,"GARCIA, VILMA",Automatic Dispatch,2026-06-15 07:58:51.000,2026-06-15 07:59:44.000,2026-06-15 07:59:18.000,27,26,1,2026-06-15 07:59:20.710,2,2,0,2026-06-15 07:59:50.000,59,58,1,2026-06-15 07:59:53.340,29,29,0,2026-06-15 07:59:53.340,33,32,1,NULL,NULL,-9999,NULL,2026-06-15 08:12:55.223,2026-06-15 08:12:55.223,0,NULL,2026-06-15 08:12:55.413,844,844,0,UNDEFINED
26-014802,2026-06-15 08:01:25.000,25,MON,15,8,B,DAY,EARLY,EMS,FALL BLS,3,E-911,"WALKER, KAREN",Automatic Dispatch,2026-06-15 08:01:25.000,2026-06-15 08:04:14.000,2026-06-15 08:02:10.000,45,45,0,2026-06-15 08:02:12.857,2,2,0,2026-06-15 08:18:20.000,1015,1015,0,2026-06-15 08:03:46.720,47,47,0,2026-06-15 08:03:46.720,94,93,1,2026-06-15 08:10:17.707,391,390,1,2026-06-15 09:04:20.383,2026-06-15 09:04:20.383,0,NULL,2026-06-15 09:04:20.483,3775,3775,0,UNDEFINED
26-048178,2026-06-15 08:07:22.000,25,MON,15,8,B,DAY,EARLY,POLICE,TRAFFIC STOP,2,OFFICER,"HAMED, HOSSAM R",NULL,2026-06-15 08:07:22.000,2026-06-15 08:08:00.000,2026-06-15 08:07:22.000,0,1,-1,2026-06-15 08:07:22.000,0,0,0,2026-06-15 08:07:22.000,0,NULL,0,2026-06-15 08:07:22.000,0,0,0,2026-06-15 08:07:22.000,0,0,0,2026-06-15 08:07:22.000,0,0,0,2026-06-15 08:17:11.550,2026-06-15 08:17:11.550,0,NULL,2026-06-15 08:17:11.687,589,589,0,CI-Citation
26-048180,2026-06-15 08:07:25.000,25,MON,15,8,B,DAY,EARLY,POLICE,PARKING COMPLAINT,3,Phone,"GARCIA, VILMA",NULL,2026-06-15 08:07:23.000,NULL,2026-06-15 08:09:32.000,129,127,2,2026-06-15 08:10:34.233,62,62,0,2026-06-15 08:10:19.000,176,174,2,2026-06-15 08:10:34.233,191,191,0,2026-06-15 08:10:34.233,0,0,0,2026-06-15 08:21:57.963,683,683,0,2026-06-15 08:35:06.230,2026-06-15 08:35:06.230,0,NULL,2026-06-15 08:35:07.257,1663,1663,0,CI-Citation
26-048183,2026-06-15 08:08:35.000,25,MON,15,8,B,DAY,EARLY,POLICE,MVC PROPERTY DAMAGE,2,E-911,"WALKER, KAREN","FLOURNOY, ERICKA",2026-06-15 08:08:35.000,2026-06-15 08:18:12.877,2026-06-15 08:12:34.000,239,239,0,2026-06-15 08:18:12.837,338,338,0,2026-06-15 08:18:19.000,584,584,0,2026-06-15 08:18:18.010,577,577,0,2026-06-15 08:18:18.010,6,5,1,2026-06-15 08:18:18.030,0,0,0,NULL,2026-06-15 08:56:05.000,0,NULL,NULL,2850,2850,0,NR-No Report
26-014803,2026-06-15 08:13:31.000,25,MON,15,8,B,DAY,EARLY,FIRE,FIRE ALARM,3,E-911,"WALKER, JUANITA",Automatic Dispatch,2026-06-15 08:13:31.000,2026-06-15 08:14:58.000,2026-06-15 08:14:07.000,36,36,0,2026-06-15 08:14:09.573,2,2,0,2026-06-15 08:14:53.000,82,82,0,2026-06-15 08:15:28.320,38,38,0,2026-06-15 08:15:28.320,79,78,1,2026-06-15 08:18:19.863,171,171,0,2026-06-15 08:51:53.580,2026-06-15 08:51:53.580,0,NULL,2026-06-15 08:51:53.703,2302,2302,0,UNDEFINED
26-014804,2026-06-15 08:14:00.000,25,MON,15,8,B,DAY,EARLY,EMS,ALTERED LOC ALS 1,1,E-911,"WALKER, KAREN","GOODWIN, SHEENA",2026-06-15 08:14:00.000,2026-06-15 08:15:56.000,2026-06-15 08:14:53.000,53,53,0,2026-06-15 08:14:55.467,2,2,0,2026-06-15 08:18:23.000,263,263,0,2026-06-15 08:15:03.133,55,55,0,2026-06-15 08:15:03.133,8,7,1,2026-06-15 08:23:07.033,484,483,1,2026-06-15 08:18:27.710,2026-06-15 09:33:21.107,0,NULL,2026-06-15 09:33:21.167,4761,4761,0,UNDEFINED
26-014805,2026-06-15 08:15:14.000,25,MON,15,8,B,DAY,EARLY,EMS,ABDOMINAL PAIN BLS,3,E-911,"GARCIA, VILMA","GOODWIN, SHEENA",2026-06-15 08:15:14.000,2026-06-15 08:18:58.000,2026-06-15 08:15:56.000,42,42,0,2026-06-15 08:15:58.397,2,2,0,2026-06-15 08:19:53.000,279,279,0,2026-06-15 08:16:08.173,44,44,0,2026-06-15 08:16:08.173,10,9,1,2026-06-15 08:27:44.067,696,695,1,2026-06-15 08:17:53.517,2026-06-15 09:13:34.253,0,NULL,2026-06-15 09:13:34.300,3500,3500,0,CAD2CAD
26-014806,2026-06-15 08:16:12.000,25,MON,15,8,B,DAY,EARLY,EMS,UNKNOWN MEDICAL ALS 1,1,E-911,"VALENTIN, EMERITA",Automatic Dispatch,2026-06-15 08:16:12.000,2026-06-15 08:20:24.000,2026-06-15 08:16:12.000,0,NULL,0,2026-06-15 08:16:14.710,2,2,0,2026-06-15 08:16:12.000,0,0,0,2026-06-15 08:17:07.377,2,2,0,2026-06-15 08:17:07.377,53,52,1,2026-06-15 08:21:21.347,254,253,1,2026-06-15 08:28:40.777,2026-06-15 08:56:26.073,0,NULL,2026-06-15 08:56:26.170,2414,2414,0,UNDEFINED
26-048186,2026-06-15 08:16:56.000,25,MON,15,8,B,DAY,EARLY,POLICE,OFF DUTY DETAIL,8,OFFICER,"FERRER, DARRYL D",NULL,2026-06-15 08:16:56.000,NULL,2026-06-15 08:16:56.000,0,0,0,2026-06-15 08:16:56.000,0,0,0,2026-06-15 08:16:56.000,0,NULL,0,2026-06-15 08:16:56.000,0,0,0,2026-06-15 08:16:56.000,0,0,0,2026-06-15 08:16:56.000,0,0,0,2026-06-15 12:28:11.430,2026-06-15 12:28:11.430,0,NULL,2026-06-15 12:28:11.467,15075,15075,0,NR-No Report
26-048188,2026-06-15 08:18:17.000,25,MON,15,8,B,DAY,EARLY,POLICE,PARKING COMPLAINT,4,Phone,"PATTERSON, JAHAIRA",NULL,2026-06-15 08:18:16.000,NULL,2026-06-15 08:20:03.000,107,106,1,2026-06-15 08:24:06.150,243,243,0,2026-06-15 08:20:26.000,130,129,1,2026-06-15 08:24:06.150,350,350,0,2026-06-15 08:24:06.150,0,-9999,9999,2026-06-15 08:38:25.837,859,859,0,2026-06-15 08:44:00.740,2026-06-15 08:44:00.740,0,NULL,2026-06-15 08:44:00.837,1544,1544,0,CI-Citation
26-048187,2026-06-15 08:18:19.000,25,MON,15,8,B,DAY,EARLY,POLICE,ALARM COMMERCIAL,2,Text,"WALKER, JUANITA","FLOURNOY, ERICKA",2026-06-15 08:18:17.000,2026-06-15 08:18:53.000,2026-06-15 08:18:43.000,26,24,2,2026-06-15 08:19:29.950,46,46,0,2026-06-15 08:20:16.000,119,117,2,2026-06-15 08:20:33.577,72,72,0,2026-06-15 08:20:33.577,64,63,1,NULL,NULL,-9999,NULL,2026-06-15 08:29:10.343,2026-06-15 08:29:10.343,0,NULL,2026-06-15 08:29:10.387,653,653,0,NR-No Report
26-048190,2026-06-15 08:22:13.000,25,MON,15,8,B,DAY,EARLY,POLICE,TRAFFIC STOP,2,OFFICER,"HAMED, HOSSAM R",NULL,2026-06-15 08:22:13.000,2026-06-15 08:22:27.000,2026-06-15 08:22:13.000,0,1,-1,2026-06-15 08:22:13.000,0,0,0,2026-06-15 08:22:13.000,0,NULL,0,2026-06-15 08:22:13.000,0,0,0,2026-06-15 08:22:13.000,0,0,0,2026-06-15 08:22:13.000,0,0,0,2026-06-15 08:27:28.810,2026-06-15 08:27:28.810,0,NULL,2026-06-15 08:27:28.887,315,315,0,CI-Citation
26-048191,2026-06-15 08:23:27.000,25,MON,15,8,B,DAY,EARLY,POLICE,PARKING COMPLAINT,3,Phone,"GARCIA, VILMA",NULL,2026-06-15 08:23:25.000,NULL,2026-06-15 08:23:39.000,14,12,2,2026-06-15 08:45:32.883,1313,1313,0,2026-06-15 08:24:34.000,69,67,2,2026-06-15 08:45:32.883,1327,1327,0,2026-06-15 08:45:32.883,0,-9999,9999,2026-06-15 09:05:28.880,1196,1195,1,2026-06-15 09:15:41.487,2026-06-15 09:15:41.487,0,NULL,2026-06-15 09:15:41.610,3136,3136,0,NR-No Report
26-014807,2026-06-15 08:26:54.513,25,MON,15,8,B,DAY,EARLY,FIRE,MUTUAL MVC,1,C2C,CAD to CAD Service 1,CAD to CAD Service 1,2026-06-15 08:24:11.000,NULL,2026-06-15 08:26:54.810,163,0,163,2026-06-15 08:26:54.840,0,0,0,NULL,NULL,NULL,NULL,2026-06-15 08:27:44.007,163,833,-670,2026-06-15 08:27:44.007,50,37,13,2026-06-15 08:34:41.930,417,417,0,2026-06-15 08:35:28.750,2026-06-15 08:57:00.823,0,NULL,2026-06-15 08:57:00.883,1969,1969,0,CAD2CAD
26-048194,2026-06-15 08:28:17.000,25,MON,15,8,B,DAY,EARLY,POLICE,MVC PROPERTY DAMAGE,2,E-911,"WALKER, JUANITA","FLOURNOY, ERICKA",2026-06-15 08:28:17.000,2026-06-15 08:32:47.000,2026-06-15 08:31:10.000,173,173,0,2026-06-15 08:32:44.527,94,94,0,2026-06-15 08:32:41.000,264,264,0,2026-06-15 08:32:49.950,267,267,0,2026-06-15 08:32:49.950,5,5,0,2026-06-15 08:41:05.150,496,495,1,2026-06-15 08:43:13.210,2026-06-15 09:23:18.920,0,NULL,2026-06-15 09:23:18.980,3301,3301,0,NR-No Report
26-048198,2026-06-15 08:32:35.000,25,MON,15,8,B,DAY,EARLY,POLICE,ALARM COMMERCIAL,2,Text,"WALKER, KAREN",NULL,2026-06-15 08:32:33.000,2026-06-15 08:35:32.000,2026-06-15 08:34:56.000,143,141,2,2026-06-15 08:45:32.637,636,636,0,2026-06-15 08:35:51.000,198,196,2,2026-06-15 08:45:32.637,779,779,0,2026-06-15 08:45:32.637,0,0,0,2026-06-15 08:45:34.770,2,2,0,2026-06-15 08:45:57.290,2026-06-15 08:45:57.290,0,NULL,2026-06-15 08:45:57.363,804,804,0,FALSE-False Alarm
26-048196,2026-06-15 08:33:18.000,25,MON,15,8,B,DAY,EARLY,POLICE,PARKING COMPLAINT,4,Phone,"PATTERSON, JAHAIRA",NULL,2026-06-15 08:33:17.000,NULL,2026-06-15 08:33:43.000,26,25,1,2026-06-15 08:35:26.237,103,103,0,2026-06-15 08:33:52.000,35,34,1,2026-06-15 08:35:26.237,129,129,0,2026-06-15 08:35:26.237,0,-9999,9999,2026-06-15 08:48:13.250,767,767,0,2026-06-15 09:03:54.320,2026-06-15 09:03:54.320,0,NULL,2026-06-15 09:03:54.507,1837,1837,0,NR-No Report
26-048199,2026-06-15 08:35:13.000,25,MON,15,8,B,DAY,EARLY,POLICE,TRAFFIC STOP,2,OFFICER,"HAMED, HOSSAM R",NULL,2026-06-15 08:35:13.000,2026-06-15 08:35:26.000,2026-06-15 08:35:13.000,0,1,-1,2026-06-15 08:35:13.000,0,0,0,2026-06-15 08:35:13.000,0,NULL,0,2026-06-15 08:35:13.000,0,0,0,2026-06-15 08:35:13.000,0,0,0,2026-06-15 08:35:13.000,0,0,0,2026-06-15 08:39:09.950,2026-06-15 08:39:09.950,0,NULL,2026-06-15 08:39:10.007,236,236,0,CI-Citation
26-014808,2026-06-15 08:39:42.000,25,MON,15,8,B,DAY,EARLY,FIRE,MUTUAL AID,2,CAD2CAD,"GOODWIN, SHEENA","GOODWIN, SHEENA",2026-06-15 08:39:40.000,2026-06-15 08:40:51.000,2026-06-15 08:40:23.000,43,41,2,2026-06-15 08:40:50.893,27,27,0,2026-06-15 08:42:29.000,169,167,2,2026-06-15 08:41:29.553,70,70,0,2026-06-15 08:41:29.553,39,38,1,2026-06-15 08:48:59.213,450,449,1,2026-06-15 08:51:28.293,2026-06-15 08:51:28.293,0,NULL,2026-06-15 08:51:28.517,708,708,0,UNDEFINED
26-048200,2026-06-15 08:42:59.000,25,MON,15,8,B,DAY,EARLY,POLICE,ANIMAL COMPLAINT,4,Phone,"PATTERSON, JAHAIRA","FLOURNOY, ERICKA",2026-06-15 08:42:57.000,2026-06-15 08:52:40.000,2026-06-15 08:43:47.000,50,48,2,2026-06-15 08:50:30.610,403,403,0,2026-06-15 08:43:48.000,51,49,2,NULL,453,453,0,NULL,NULL,-9999,NULL,NULL,NULL,-9999,NULL,2026-06-15 08:53:21.080,2026-06-15 08:53:21.080,0,NULL,2026-06-15 08:53:21.160,624,624,0,ACOR-Animal Control Report
26-048202,2026-06-15 08:47:05.000,25,MON,15,8,B,DAY,EARLY,POLICE,WALK IN HQ LOBBY,3,Radio,"VALENTIN, EMERITA","FLOURNOY, ERICKA",2026-06-15 08:47:03.000,2026-06-15 08:49:55.000,2026-06-15 08:47:36.000,33,31,2,2026-06-15 08:52:54.993,318,318,0,2026-06-15 08:58:10.000,667,665,2,2026-06-15 08:52:57.700,351,351,0,2026-06-15 08:52:57.700,3,2,1,2026-06-15 09:09:41.067,1004,1003,1,2026-06-15 13:42:44.920,2026-06-15 13:42:44.920,0,NULL,2026-06-15 13:42:44.970,17741,17741,0,RE-Report
26-048204,2026-06-15 08:48:57.000,25,MON,15,8,B,DAY,EARLY,POLICE,TRAFFIC STOP,2,OFFICER,"HAMED, HOSSAM R",NULL,2026-06-15 08:48:57.000,2026-06-15 08:49:24.000,2026-06-15 08:48:57.000,0,1,-1,2026-06-15 08:48:57.000,0,0,0,2026-06-15 08:48:57.000,0,NULL,0,2026-06-15 08:48:57.000,0,0,0,2026-06-15 08:48:57.000,0,0,0,2026-06-15 08:48:57.000,0,0,0,2026-06-15 08:55:11.177,2026-06-15 08:55:11.177,0,NULL,2026-06-15 08:55:11.240,374,374,0,CI-Citation
26-048205,2026-06-15 08:49:37.000,25,MON,15,8,B,DAY,EARLY,POLICE,ASSIST OUTSIDE AGENCY,2,Phone,"GARCIA, VILMA","FLOURNOY, ERICKA",2026-06-15 08:49:35.000,2026-06-15 08:52:05.000,2026-06-15 08:51:26.000,111,109,2,2026-06-15 08:58:55.947,449,449,0,2026-06-15 08:52:33.000,178,176,2,2026-06-15 08:58:59.860,560,560,0,2026-06-15 08:58:59.860,4,3,1,2026-06-15 09:15:33.780,994,993,1,2026-06-15 08:59:36.730,2026-06-15 10:46:20.467,0,NULL,2026-06-15 10:46:20.570,7005,7005,0,NR-No Report
26-048206,2026-06-15 08:51:38.000,25,MON,15,8,B,DAY,EARLY,POLICE,MVC CITY PROPERTY DAMAGE,2,E-911,"WALKER, KAREN","FLOURNOY, ERICKA",2026-06-15 08:51:37.000,2026-06-15 08:54:32.000,2026-06-15 08:53:57.000,140,139,1,2026-06-15 08:56:29.513,152,152,0,2026-06-15 08:59:57.000,500,499,1,2026-06-15 08:56:32.017,292,292,0,2026-06-15 08:56:32.017,3,2,1,2026-06-15 09:09:29.380,777,777,0,2026-06-15 10:31:51.053,2026-06-15 10:31:51.053,0,NULL,2026-06-15 10:31:51.093,6014,6014,0,RE-Report
26-014809,2026-06-15 08:51:45.517,25,MON,15,8,B,DAY,EARLY,EMS,MUTUAL CPR,1,C2C,CAD to CAD Service 1,CAD to CAD Service 1,2026-06-15 08:45:27.000,NULL,2026-06-15 08:51:45.877,378,0,378,2026-06-15 08:51:45.940,0,0,0,NULL,NULL,NULL,NULL,2026-06-15 08:51:47.830,378,-9999,10377,2026-06-15 08:51:47.830,2,0,2,2026-06-15 08:52:36.337,49,48,1,2026-06-15 08:57:19.310,2026-06-15 09:13:53.223,0,NULL,2026-06-15 09:13:53.253,1706,1706,0,CAD2CAD
26-014810,2026-06-15 08:55:17.000,25,MON,15,8,B,DAY,EARLY,EMS,PUBLIC SERVICE EMS,4,E-911,"GARCIA, VILMA",Automatic Dispatch,2026-06-15 08:55:17.000,2026-06-15 08:57:00.000,2026-06-15 08:56:31.000,74,74,0,2026-06-15 08:56:33.487,2,2,0,2026-06-15 08:57:37.000,140,140,0,2026-06-15 08:57:09.580,76,76,0,2026-06-15 08:57:09.580,36,36,0,2026-06-15 09:03:24.180,375,374,1,2026-06-15 09:16:17.863,2026-06-15 09:16:17.863,0,NULL,2026-06-15 09:16:17.923,1260,1260,0,UNDEFINED
26-048209,2026-06-15 08:59:42.000,25,MON,15,8,B,DAY,EARLY,POLICE,PARKING COMPLAINT,4,Phone,"VALENTIN, EMERITA",NULL,2026-06-15 08:59:40.000,NULL,2026-06-15 09:00:08.000,28,26,2,2026-06-15 09:04:01.673,233,233,0,2026-06-15 09:01:04.000,84,82,2,2026-06-15 09:04:01.673,261,261,0,2026-06-15 09:04:01.673,0,0,0,2026-06-15 09:25:17.417,1276,1275,1,2026-06-15 09:43:17.147,2026-06-15 09:43:17.147,0,NULL,2026-06-15 09:43:18.130,2617,2617,0,CI-Citation
26-014811,2026-06-15 09:00:27.000,25,MON,15,9,B,DAY,EARLY,EMS,HEART PROBLEMS ALS 1,1,E-911,"GARCIA, VILMA",Automatic Dispatch,2026-06-15 09:00:27.000,2026-06-15 09:02:37.000,2026-06-15 09:01:27.000,60,60,0,2026-06-15 09:01:29.580,2,2,0,2026-06-15 09:03:03.000,156,156,0,2026-06-15 09:02:30.317,62,62,0,2026-06-15 09:02:30.317,61,60,1,2026-06-15 09:05:48.853,198,198,0,2026-06-15 09:11:48.660,2026-06-15 10:47:57.010,0,NULL,2026-06-15 10:47:57.097,6450,6450,0,UNDEFINED
26-014812,2026-06-15 09:21:37.000,25,MON,15,9,B,DAY,EARLY,FIRE,FIRE ALARM,3,Phone,"PATTERSON, JAHAIRA",Automatic Dispatch,2026-06-15 09:21:35.000,2026-06-15 09:22:03.000,2026-06-15 09:21:51.000,16,14,2,2026-06-15 09:21:53.460,2,2,0,2026-06-15 09:22:38.000,63,61,2,2026-06-15 09:23:03.327,18,18,0,2026-06-15 09:23:03.327,70,69,1,2026-06-15 09:26:50.270,227,226,1,2026-06-15 09:32:32.123,2026-06-15 09:32:32.123,0,NULL,2026-06-15 09:32:32.400,657,657,0,UNDEFINED
26-048216,2026-06-15 09:30:28.000,25,MON,15,9,B,DAY,EARLY,POLICE,OFF DUTY DETAIL,8,OFFICER,"ESCOBAR, STEVEN R",NULL,2026-06-15 09:30:28.000,NULL,2026-06-15 09:30:28.000,0,1,-1,2026-06-15 09:30:28.000,0,0,0,2026-06-15 09:30:28.000,0,NULL,0,2026-06-15 09:30:28.000,0,0,0,2026-06-15 09:30:28.000,0,0,0,2026-06-15 09:30:28.000,0,0,0,2026-06-15 17:00:02.087,2026-06-15 17:00:02.087,0,NULL,2026-06-15 17:00:02.160,26974,26974,0,NR-No Report
26-048218,2026-06-15 09:48:27.000,25,MON,15,9,B,DAY,EARLY,POLICE,TRAFFIC STOP,2,OFFICER,"HAMED, HOSSAM R",NULL,2026-06-15 09:48:27.000,2026-06-15 09:49:01.000,2026-06-15 09:48:27.000,0,1,-1,2026-06-15 09:48:27.000,0,0,0,2026-06-15 09:48:27.000,0,NULL,0,2026-06-15 09:48:27.000,0,0,0,2026-06-15 09:48:27.000,0,0,0,2026-06-15 09:48:27.000,0,0,0,2026-06-15 09:58:43.663,2026-06-15 09:58:43.663,0,NULL,2026-06-15 09:58:43.723,616,616,0,CI-Citation
26-048219,2026-06-15 09:51:11.000,25,MON,15,9,B,DAY,EARLY,POLICE,LARCENY COMMERCIAL DELAY,4,Phone,"WALKER, KAREN","WALKER, JUANITA",2026-06-15 09:51:09.000,2026-06-15 10:27:24.000,2026-06-15 09:52:56.000,107,105,2,2026-06-15 10:43:43.977,3047,3047,0,2026-06-15 10:05:43.000,874,872,2,2026-06-15 10:43:52.050,3154,3154,0,2026-06-15 10:43:52.050,9,8,1,2026-06-15 10:56:16.490,744,744,0,2026-06-15 14:23:43.177,2026-06-15 14:23:43.177,0,NULL,2026-06-15 14:23:43.257,16354,16354,0,RE-Report
26-048221,2026-06-15 10:07:46.000,25,MON,15,10,B,DAY,MIDS,POLICE,ASSIST CITIZEN DELAY,2,E-911,"GARCIA, VILMA","WALKER, JUANITA",2026-06-15 10:07:45.000,2026-06-15 10:30:03.000,2026-06-15 10:12:19.000,274,273,1,2026-06-15 10:33:06.370,1247,190,1057,2026-06-15 10:13:23.000,338,337,1,2026-06-15 10:35:19.037,1521,1521,0,2026-06-15 10:35:19.037,133,122,11,2026-06-15 10:44:25.420,546,546,0,2026-06-15 11:19:22.230,2026-06-15 10:26:49.000,1,2026-06-15 10:29:56.050,2026-06-15 11:19:22.633,1144,4297,-3153,NR-No Report
26-014813,2026-06-15 10:10:34.000,25,MON,15,10,B,DAY,MIDS,EMS,PUBLIC SERVICE EMS,4,E-911,"WALKER, KAREN","GOODWIN, SHEENA",2026-06-15 10:10:34.000,2026-06-15 10:13:18.000,2026-06-15 10:12:51.000,137,137,0,2026-06-15 10:12:53.500,2,2,0,2026-06-15 10:20:48.000,614,614,0,2026-06-15 10:16:49.263,139,139,0,2026-06-15 10:16:49.263,236,235,1,2026-06-15 10:25:58.757,549,549,0,2026-06-15 12:07:07.203,2026-06-15 13:57:00.783,0,NULL,2026-06-15 13:57:00.843,13586,13586,0,UNDEFINED
26-014814,2026-06-15 10:15:28.407,25,MON,15,10,B,DAY,MIDS,FIRE,MUTUAL MVC,1,C2C,CAD to CAD Service 1,CAD to CAD Service 1,2026-06-15 10:14:51.000,NULL,2026-06-15 10:15:28.673,37,0,37,2026-06-15 10:15:28.720,0,0,0,NULL,NULL,NULL,NULL,2026-06-15 10:16:54.693,37,-9999,10036,2026-06-15 10:16:54.693,86,85,1,2026-06-15 10:19:06.123,132,131,1,2026-06-15 10:32:42.853,2026-06-15 12:11:30.027,0,NULL,2026-06-15 12:11:30.120,6999,6999,0,UNDEFINED
26-014815,2026-06-15 10:17:29.680,25,MON,15,10,B,DAY,MIDS,EMS,MUTUAL ALS,1,C2C,CAD to CAD Service 1,CAD to CAD Service 1,2026-06-15 10:16:17.000,NULL,2026-06-15 10:17:29.960,72,0,72,2026-06-15 10:17:30.007,1,0,1,NULL,NULL,NULL,NULL,2026-06-15 10:17:40.397,73,206,-133,2026-06-15 10:17:40.397,10,0,10,2026-06-15 10:21:06.927,206,206,0,2026-06-15 10:19:25.000,2026-06-15 11:23:33.207,0,NULL,2026-06-15 11:23:33.270,4036,4036,0,CAD2CAD
26-048222,2026-06-15 10:17:43.000,25,MON,15,10,B,DAY,MIDS,POLICE,PARKING COMPLAINT,4,Phone,"PATTERSON, JAHAIRA",NULL,2026-06-15 10:17:43.000,NULL,2026-06-15 10:17:51.000,8,8,0,2026-06-15 11:17:45.590,3594,3594,0,2026-06-15 10:18:25.000,42,42,0,2026-06-15 11:17:45.590,3602,3602,0,2026-06-15 11:17:45.590,0,0,0,2026-06-15 11:21:28.197,223,222,1,2026-06-15 11:26:51.373,2026-06-15 11:26:51.373,0,NULL,2026-06-15 11:26:51.667,4148,4148,0,NR-No Report
26-048223,2026-06-15 10:19:45.000,25,MON,15,10,B,DAY,MIDS,POLICE,PARKING COMPLAINT,4,Phone,"PATTERSON, JAHAIRA",NULL,2026-06-15 10:19:44.000,2026-06-15 11:10:26.000,2026-06-15 10:20:06.000,22,21,1,2026-06-15 10:34:57.180,891,891,0,2026-06-15 10:20:25.000,41,40,1,2026-06-15 10:34:57.180,913,913,0,2026-06-15 10:34:57.180,0,0,0,2026-06-15 10:45:58.990,661,661,0,2026-06-15 11:17:42.217,2026-06-15 11:17:42.217,0,NULL,2026-06-15 11:17:42.713,3478,3478,0,CI-Citation
26-014816,2026-06-15 10:22:00.000,25,MON,15,10,B,DAY,MIDS,EMS,TROUBLE BREATHING ALS 1,1,E-911,"WALKER, KAREN",Automatic Dispatch,2026-06-15 10:22:00.000,2026-06-15 10:23:31.000,2026-06-15 10:22:56.000,56,56,0,2026-06-15 10:22:58.953,2,2,0,2026-06-15 10:25:30.000,210,210,0,2026-06-15 10:24:07.683,58,58,0,2026-06-15 10:24:07.683,69,68,1,2026-06-15 10:28:10.673,243,242,1,2026-06-15 10:37:33.070,2026-06-15 11:27:37.580,0,NULL,2026-06-15 11:27:37.687,3937,3937,0,UNDEFINED
26-014817,2026-06-15 10:26:44.483,25,MON,15,10,B,DAY,MIDS,FIRE,MUTUAL GAS LEAK,1,CAD2CAD,CAD to CAD Service 1,CAD to CAD Service 1,2026-06-15 10:24:18.000,2026-06-15 10:28:42.000,2026-06-15 10:26:44.717,146,0,146,2026-06-15 10:26:44.750,0,0,0,NULL,NULL,NULL,NULL,2026-06-15 10:27:53.883,146,-9999,10145,2026-06-15 10:27:53.883,69,64,5,2026-06-15 10:33:49.977,356,356,0,2026-06-15 10:35:47.310,2026-06-15 11:14:42.063,0,NULL,2026-06-15 11:14:42.110,3024,3024,0,CAD2CAD
26-014818,2026-06-15 10:27:22.000,25,MON,15,10,B,DAY,MIDS,EMS,TROUBLE BREATHING ALS 1,1,E-911,"GARCIA, VILMA",Automatic Dispatch,2026-06-15 10:27:22.000,2026-06-15 10:30:20.000,2026-06-15 10:28:36.000,74,74,0,2026-06-15 10:28:38.170,2,2,0,2026-06-15 10:33:37.000,375,375,0,2026-06-15 10:29:41.253,76,76,0,2026-06-15 10:29:41.253,63,63,0,2026-06-15 10:32:48.737,187,187,0,2026-06-15 10:44:03.230,2026-06-15 11:25:05.883,0,NULL,2026-06-15 11:25:05.957,3463,3463,0,UNDEFINED
26-014819,2026-06-15 10:34:58.000,25,MON,15,10,B,DAY,MIDS,EMS,SEIZURE ALS 1,1,E-911,"FLOURNOY, ERICKA",Automatic Dispatch,2026-06-15 10:34:58.000,2026-06-15 10:35:50.000,2026-06-15 10:35:32.000,34,34,0,2026-06-15 10:35:34.817,2,2,0,2026-06-15 10:35:32.000,34,NULL,34,2026-06-15 10:36:48.333,36,36,0,2026-06-15 10:36:48.333,74,73,1,NULL,NULL,-9999,NULL,2026-06-15 10:36:44.830,2026-06-15 10:37:45.640,0,NULL,2026-06-15 10:37:45.783,167,167,0,UNDEFINED
26-048225,2026-06-15 10:35:08.000,25,MON,15,10,B,DAY,MIDS,POLICE,PARKING COMPLAINT,4,Phone,"VALENTIN, EMERITA",NULL,2026-06-15 10:35:07.000,NULL,2026-06-15 10:35:23.000,16,15,1,2026-06-15 10:55:56.023,1233,1233,0,2026-06-15 10:36:04.000,57,56,1,2026-06-15 10:55:56.023,1249,1249,0,2026-06-15 10:55:56.023,0,-9999,9999,2026-06-15 11:25:28.900,1772,1772,0,2026-06-15 11:34:03.700,2026-06-15 11:34:03.700,0,NULL,2026-06-15 11:34:03.757,3536,3536,0,NR-No Report
26-048226,2026-06-15 10:36:08.000,25,MON,15,10,B,DAY,MIDS,POLICE,SUSPICIOUS EVENT,4,Phone,"PEREZ, CARLOS","WALKER, JUANITA",2026-06-15 10:36:06.000,2026-06-15 10:40:54.000,2026-06-15 10:38:42.000,156,154,2,2026-06-15 10:57:25.083,1123,1123,0,2026-06-15 10:39:40.000,214,212,2,2026-06-15 10:57:29.133,1279,1279,0,2026-06-15 10:57:29.133,4,4,0,2026-06-15 11:11:38.480,849,849,0,2026-06-15 12:02:25.233,2026-06-15 12:02:25.233,0,NULL,2026-06-15 12:02:25.313,5179,5179,0,NR-No Report
26-014820,2026-06-15 10:44:07.000,25,MON,15,10,B,DAY,MIDS,EMS,BLS EMERGENCY,3,E-911,"WALKER, KAREN",Automatic Dispatch,2026-06-15 10:44:07.000,2026-06-15 10:45:22.000,2026-06-15 10:44:59.000,52,52,0,2026-06-15 10:45:01.737,2,2,0,2026-06-15 10:47:49.000,222,222,0,2026-06-15 10:49:30.760,54,54,0,2026-06-15 10:49:30.760,269,269,0,2026-06-15 11:00:23.793,653,653,0,2026-06-15 13:57:29.980,2026-06-15 13:57:29.980,0,NULL,2026-06-15 13:57:30.040,11602,11602,0,UNDEFINED
26-048230,2026-06-15 10:46:04.000,25,MON,15,10,B,DAY,MIDS,POLICE,ANIMAL COMPLAINT,4,Phone,"VALENTIN, EMERITA","VALENTIN, EMERITA",2026-06-15 10:46:02.000,2026-06-15 10:50:00.000,2026-06-15 10:47:26.000,84,82,2,2026-06-15 10:50:34.897,188,188,0,2026-06-15 10:47:40.000,98,96,2,NULL,272,272,0,NULL,NULL,-9999,NULL,NULL,NULL,-9999,NULL,NULL,2026-06-15 10:51:05.000,0,NULL,NULL,303,303,0,ACOR-Animal Control Report
26-014821,2026-06-15 10:48:04.000,25,MON,15,10,B,DAY,MIDS,EMS,UNCONSCIOUS ALS 2,1,E-911,"PEREZ, CARLOS","GOODWIN, SHEENA",2026-06-15 10:48:04.000,2026-06-15 10:51:08.000,2026-06-15 10:49:40.000,96,96,0,2026-06-15 10:49:43.050,3,3,0,2026-06-15 10:51:36.000,212,212,0,2026-06-15 10:50:39.873,99,99,0,2026-06-15 10:50:39.873,56,0,56,2026-06-15 10:55:19.437,280,279,1,2026-06-15 10:50:45.390,2026-06-15 10:58:28.247,0,NULL,2026-06-15 10:58:28.303,624,624,0,UNDEFINED
26-048233,2026-06-15 10:58:19.000,25,MON,15,10,B,DAY,MIDS,POLICE,ON VIEW,2,NOT CAPTURED,"WALKER, JUANITA","WALKER, JUANITA",2026-06-15 10:58:19.000,2026-06-15 10:58:28.877,2026-06-15 10:58:19.000,0,0,0,2026-06-15 10:58:19.000,0,0,0,2026-06-15 10:58:19.000,0,0,0,2026-06-15 10:58:34.363,0,0,0,2026-06-15 10:58:19.000,0,0,0,2026-06-15 10:58:19.000,0,0,0,2026-06-15 11:43:12.707,2026-06-15 12:56:32.317,0,NULL,2026-06-15 12:56:32.380,7093,7093,0,NR-No Report
26-048235,2026-06-15 11:00:50.000,25,MON,15,11,B,DAY,MIDS,POLICE,SEXUAL OFFENSE DELAY,4,Phone,"PATTERSON, JAHAIRA","FLOURNOY, ERICKA",2026-06-15 11:00:48.000,2026-06-15 11:03:03.000,2026-06-15 11:02:40.000,112,110,2,2026-06-15 12:21:28.727,4728,4728,0,2026-06-15 11:08:25.000,457,455,2,2026-06-15 12:22:11.480,4840,4840,0,2026-06-15 12:22:11.480,43,42,1,2026-06-15 12:42:38.883,1227,1227,0,2026-06-15 13:32:08.560,2026-06-15 13:32:08.560,0,NULL,2026-06-15 13:32:08.633,9080,9080,0,NR-No Report
26-014822,2026-06-15 11:08:29.000,25,MON,15,11,B,DAY,MIDS,EMS,MEDICAL ALARM - BLS,3,Phone,"PATTERSON, JAHAIRA",Automatic Dispatch,2026-06-15 11:08:27.000,2026-06-15 11:09:26.000,2026-06-15 11:09:02.000,35,33,2,2026-06-15 11:09:04.533,2,2,0,2026-06-15 11:13:47.000,320,318,2,2026-06-15 11:09:26.700,37,37,0,2026-06-15 11:09:26.700,22,22,0,2026-06-15 11:13:13.433,227,226,1,2026-06-15 11:30:33.140,2026-06-15 11:30:33.140,0,NULL,2026-06-15 11:30:33.220,1326,1326,0,UNDEFINED
26-048238,2026-06-15 11:13:28.000,25,MON,15,11,B,DAY,MIDS,POLICE,SUSPICIOUS EVENT,2,Phone,"VALENTIN, EMERITA","WALKER, JUANITA",2026-06-15 11:13:27.000,2026-06-15 11:16:11.000,2026-06-15 11:15:17.000,110,109,1,2026-06-15 11:16:43.570,86,86,0,2026-06-15 11:15:17.000,110,NULL,110,2026-06-15 11:16:51.387,196,196,0,2026-06-15 11:16:51.387,8,7,1,NULL,NULL,-9999,NULL,2026-06-15 11:18:42.343,2026-06-15 11:18:46.000,0,NULL,NULL,319,319,0,NR-No Report
26-048239,2026-06-15 11:14:06.000,25,MON,15,11,B,DAY,MIDS,POLICE,MVC PROPERTY DAMAGE,2,E-911,"WALKER, KAREN","WALKER, JUANITA",2026-06-15 11:14:06.000,2026-06-15 11:18:09.410,2026-06-15 11:16:32.000,146,146,0,2026-06-15 11:18:09.367,97,97,0,2026-06-15 11:54:35.000,2429,2429,0,2026-06-15 11:18:11.477,243,243,0,2026-06-15 11:18:11.477,2,2,0,2026-06-15 11:35:15.797,1024,1024,0,2026-06-15 12:47:43.210,2026-06-15 12:47:43.210,0,NULL,2026-06-15 12:47:43.227,5617,5617,0,NR-No Report
26-048241,2026-06-15 11:23:05.000,25,MON,15,11,B,DAY,MIDS,POLICE,ADMINISTRATIVE TASK,2,Phone,"GARCIA, VILMA","WALKER, JUANITA",2026-06-15 11:23:03.000,2026-06-15 11:31:47.000,2026-06-15 11:26:54.000,231,229,2,2026-06-15 11:35:53.263,539,539,0,2026-06-15 11:26:58.000,235,233,2,2026-06-15 11:36:58.933,770,770,0,2026-06-15 11:36:58.933,65,65,0,2026-06-15 11:54:48.763,1070,1069,1,2026-06-15 12:38:12.833,2026-06-15 12:38:12.833,0,NULL,2026-06-15 12:38:12.930,4509,4509,0,NR-No Report
26-014823,2026-06-15 11:26:48.000,25,MON,15,11,B,DAY,MIDS,EMS,TROUBLE BREATHING ALS 1,1,E-911,"GARCIA, VILMA","GOODWIN, SHEENA",2026-06-15 11:26:48.000,2026-06-15 11:29:12.000,2026-06-15 11:28:53.000,125,125,0,2026-06-15 11:28:55.413,2,2,0,2026-06-15 11:31:14.000,266,266,0,2026-06-15 11:30:00.687,127,127,0,2026-06-15 11:30:00.687,65,65,0,2026-06-15 11:33:08.667,188,187,1,2026-06-15 11:55:26.723,2026-06-15 12:55:37.263,0,NULL,2026-06-15 12:55:37.330,5329,5329,0,UNDEFINED
26-048244,2026-06-15 11:30:20.000,25,MON,15,11,B,DAY,MIDS,POLICE,PARKING COMPLAINT,4,Phone,"FLOURNOY, ERICKA",NULL,2026-06-15 11:30:19.000,NULL,2026-06-15 11:31:37.000,78,77,1,2026-06-15 11:34:29.133,172,172,0,2026-06-15 11:32:21.000,122,121,1,2026-06-15 11:34:29.133,250,250,0,2026-06-15 11:34:29.133,0,0,0,2026-06-15 12:12:49.940,2300,2300,0,2026-06-15 12:30:11.673,2026-06-15 12:30:11.673,0,NULL,2026-06-15 12:30:11.697,3592,3592,0,NR-No Report
26-048245,2026-06-15 11:31:06.000,25,MON,15,11,B,DAY,MIDS,POLICE,ANIMAL WILDLIFE,3,Phone,"PEREZ, CARLOS","VALENTIN, EMERITA",2026-06-15 11:31:05.000,2026-06-15 11:35:23.000,2026-06-15 11:31:47.000,42,41,1,2026-06-15 11:43:48.213,721,721,0,2026-06-15 11:32:02.000,57,56,1,NULL,763,763,0,NULL,NULL,-9999,NULL,NULL,NULL,-9999,NULL,NULL,2026-06-15 11:43:59.000,0,NULL,NULL,774,774,0,ACOR-Animal Control Report
26-014824,2026-06-15 11:34:43.000,25,MON,15,11,B,DAY,MIDS,EMS,ALTERED LOC ALS 1,1,E-911,"GARCIA, VILMA",Automatic Dispatch,2026-06-15 11:34:42.000,2026-06-15 11:36:49.000,2026-06-15 11:36:13.000,91,90,1,2026-06-15 11:36:15.800,2,2,0,2026-06-15 11:41:28.000,406,405,1,2026-06-15 11:36:39.530,93,93,0,2026-06-15 11:36:39.530,24,23,1,2026-06-15 11:40:58.020,259,258,1,2026-06-15 12:06:26.363,2026-06-15 12:08:39.993,0,NULL,2026-06-15 12:08:40.120,2037,2037,0,UNDEFINED
26-048247,2026-06-15 11:34:49.000,25,MON,15,11,B,DAY,MIDS,POLICE,TRESPASSING IN PROG,2,Phone,"PATTERSON, JAHAIRA","WALKER, JUANITA",2026-06-15 11:34:47.000,2026-06-15 11:37:07.000,2026-06-15 11:35:54.000,67,65,2,2026-06-15 11:38:26.770,152,152,0,2026-06-15 11:42:49.000,482,480,2,2026-06-15 11:38:31.663,219,219,0,2026-06-15 11:38:31.663,5,4,1,2026-06-15 11:50:09.047,698,697,1,2026-06-15 12:43:46.443,2026-06-15 15:55:14.083,0,NULL,2026-06-15 15:55:14.147,15627,15627,0,RE-Report
26-048248,2026-06-15 11:38:36.503,25,MON,15,11,B,DAY,MIDS,POLICE,MENTAL HEALTH CASE,2,Radio,"GOODWIN, SHEENA",NULL,2026-06-15 11:38:36.503,2026-06-15 23:14:51.000,2026-06-15 11:38:36.503,0,0,0,2026-06-15 11:47:49.167,553,552,1,2026-06-15 11:38:36.503,0,NULL,0,2026-06-15 11:47:58.913,553,552,1,2026-06-15 11:47:58.913,9,9,0,2026-06-15 11:55:14.247,436,435,1,2026-06-15 11:57:53.503,2026-06-19 00:09:05.133,0,NULL,2026-06-19 00:09:05.187,304229,45028,259201,RE-Report
26-014825,2026-06-15 11:40:31.000,25,MON,15,11,B,DAY,MIDS,EMS,ABDOMINAL PAIN BLS,3,E-911,"FLOURNOY, ERICKA","GOODWIN, SHEENA",2026-06-15 11:40:31.000,2026-06-15 11:41:36.000,2026-06-15 11:41:20.000,49,49,0,2026-06-15 11:41:22.753,2,2,0,2026-06-15 11:44:09.000,218,218,0,2026-06-15 11:42:58.183,51,51,0,2026-06-15 11:42:58.183,96,95,1,2026-06-15 11:46:27.127,209,208,1,2026-06-15 12:02:02.500,2026-06-15 12:51:52.850,0,NULL,2026-06-15 12:51:52.913,4281,4281,0,CAD2CAD
26-048252,2026-06-15 11:48:38.000,25,MON,15,11,B,DAY,MIDS,POLICE,PARKING COMPLAINT,3,Phone,"VALENTIN, EMERITA","FLOURNOY, ERICKA",2026-06-15 11:48:36.000,2026-06-15 12:04:40.717,2026-06-15 11:49:06.000,30,28,2,2026-06-15 12:04:40.660,934,934,0,2026-06-15 11:49:39.000,63,61,2,2026-06-15 12:07:09.290,964,964,0,2026-06-15 12:07:09.290,149,148,1,2026-06-15 12:07:10.467,1,1,0,2026-06-15 12:07:38.777,2026-06-15 12:07:38.777,0,NULL,2026-06-15 12:07:38.800,1142,1142,0,NR-No Report
26-014827,2026-06-15 11:59:20.000,25,MON,15,11,B,DAY,MIDS,FIRE,ELEVATOR,3,E-911,"PEREZ, CARLOS",Automatic Dispatch,2026-06-15 11:59:20.000,2026-06-15 12:00:35.000,2026-06-15 12:00:10.000,50,50,0,2026-06-15 12:00:11.440,1,1,0,2026-06-15 12:01:03.000,103,103,0,NULL,51,51,0,NULL,NULL,-9999,NULL,NULL,NULL,-9999,NULL,2026-06-15 12:01:24.150,2026-06-15 12:01:24.150,0,NULL,2026-06-15 12:01:24.177,124,124,0,UNDEFINED
26-048257,2026-06-15 12:04:18.000,25,MON,15,12,B,DAY,MIDS,POLICE,PARKING COMPLAINT,4,Phone,"VALENTIN, EMERITA",NULL,2026-06-15 12:04:17.000,NULL,2026-06-15 12:05:04.000,47,46,1,2026-06-15 12:06:59.077,115,115,0,2026-06-15 12:06:12.000,115,114,1,2026-06-15 12:06:59.077,162,162,0,2026-06-15 12:06:59.077,0,-9999,9999,2026-06-15 12:07:00.147,1,1,0,2026-06-15 12:07:21.560,2026-06-15 12:07:21.560,0,NULL,2026-06-15 12:07:22.833,184,184,0,NR-No Report
26-048263,2026-06-15 12:35:18.000,25,MON,15,12,B,DAY,MIDS,POLICE,POLICE INFORMATION,4,Phone,"VALENTIN, EMERITA","FLOURNOY, ERICKA",2026-06-15 12:35:16.000,2026-06-15 12:58:45.000,2026-06-15 12:38:30.000,194,192,2,2026-06-15 13:09:50.630,1880,1880,0,2026-06-15 12:39:03.000,227,225,2,2026-06-15 13:09:54.753,2074,2074,0,2026-06-15 13:09:54.753,4,4,0,2026-06-15 13:20:28.810,634,634,0,2026-06-15 17:44:20.070,2026-06-15 17:44:20.070,0,NULL,2026-06-15 17:44:20.127,18544,18544,0,RE-Report
26-048264,2026-06-15 12:39:19.000,25,MON,15,12,B,DAY,MIDS,POLICE,TELEPHONE COMPLAINT,4,Phone,"VALENTIN, EMERITA","FLOURNOY, ERICKA",2026-06-15 12:39:17.000,2026-06-15 12:59:03.000,2026-06-15 12:39:52.000,35,33,2,2026-06-15 12:59:27.633,1175,1175,0,2026-06-15 12:40:32.000,75,73,2,2026-06-15 12:59:31.143,1210,1210,0,2026-06-15 12:59:31.143,4,3,1,NULL,NULL,-9999,NULL,2026-06-15 15:36:59.097,2026-06-15 15:36:59.097,0,NULL,2026-06-15 15:36:59.233,10662,10662,0,RE-Report
26-048265,2026-06-15 12:40:35.000,25,MON,15,12,B,DAY,MIDS,POLICE,OFF DUTY DETAIL,8,OFFICER,"ELAM, ERIK J",NULL,2026-06-15 12:40:35.000,NULL,2026-06-15 12:40:35.000,0,1,-1,2026-06-15 12:40:35.000,0,0,0,2026-06-15 12:40:35.000,0,NULL,0,2026-06-15 12:40:35.000,0,0,0,2026-06-15 12:40:35.000,0,0,0,2026-06-15 12:40:35.000,0,0,0,2026-06-15 14:48:46.020,2026-06-15 14:48:46.020,0,NULL,2026-06-15 14:48:46.087,7691,7691,0,NR-No Report
26-048266,2026-06-15 12:40:39.000,25,MON,15,12,B,DAY,MIDS,POLICE,MENTAL HEALTH CASE,2,OFFICER,"FLOURNOY, ERICKA",NULL,2026-06-15 12:40:37.000,2026-06-15 17:34:22.000,2026-06-15 12:41:30.000,53,51,2,2026-06-15 12:43:47.530,137,137,0,2026-06-15 12:42:51.000,134,132,2,2026-06-15 12:43:47.530,190,190,0,2026-06-15 12:43:47.530,0,0,0,2026-06-15 12:44:16.853,29,29,0,2026-06-15 14:09:32.573,2026-06-16 01:16:45.427,0,NULL,2026-06-16 01:16:45.433,45368,45368,0,RE-Report
26-048267,2026-06-15 12:40:40.000,25,MON,15,12,B,DAY,MIDS,POLICE,TROUBLE UNKNOWN NO EMS,2,Phone,"GARCIA, VILMA","FLOURNOY, ERICKA",2026-06-15 12:40:38.000,2026-06-15 12:43:16.000,2026-06-15 12:42:49.000,131,129,2,2026-06-15 12:44:03.427,74,74,0,2026-06-15 12:43:37.000,179,177,2,2026-06-15 12:44:12.917,205,205,0,2026-06-15 12:44:12.917,9,9,0,2026-06-15 12:47:13.567,181,180,1,2026-06-15 13:06:39.543,2026-06-15 13:06:50.463,0,NULL,2026-06-15 13:06:50.567,1572,1572,0,NR-No Report
26-048268,2026-06-15 12:45:33.000,25,MON,15,12,B,DAY,MIDS,POLICE,ASSIST CITIZEN DELAY,4,Phone,"VALENTIN, EMERITA","FLOURNOY, ERICKA",2026-06-15 12:45:31.000,2026-06-15 12:59:30.000,2026-06-15 12:46:39.000,68,66,2,2026-06-15 13:00:25.987,826,826,0,2026-06-15 12:47:56.000,145,143,2,2026-06-15 13:00:29.407,894,894,0,2026-06-15 13:00:29.407,4,3,1,NULL,NULL,-9999,NULL,2026-06-15 13:12:51.873,2026-06-15 13:12:51.873,0,NULL,2026-06-15 13:12:51.880,1640,1640,0,NR-No Report
26-014828,2026-06-15 12:47:19.000,25,MON,15,12,B,DAY,MIDS,EMS,ALTERED LOC ALS 1,1,E-911,"GOODWIN, SHEENA",Automatic Dispatch,2026-06-15 12:47:18.000,2026-06-15 12:48:27.000,2026-06-15 12:48:21.000,63,62,1,2026-06-15 12:48:24.097,3,3,0,2026-06-15 12:51:55.000,277,276,1,2026-06-15 12:48:30.827,66,66,0,2026-06-15 12:48:30.827,6,6,0,2026-06-15 12:52:37.920,247,247,0,2026-06-15 13:19:45.417,2026-06-15 14:32:18.513,0,NULL,2026-06-15 14:32:18.587,6300,6300,0,UNDEFINED
26-014829,2026-06-15 12:49:13.000,25,MON,15,12,B,DAY,MIDS,EMS,FALL BLS,3,E-911,"PEREZ, CARLOS","WALKER, JUANITA",2026-06-15 12:49:13.000,2026-06-15 12:50:40.000,2026-06-15 12:50:33.000,80,80,0,2026-06-15 12:50:35.900,2,2,0,2026-06-15 12:53:24.000,251,251,0,2026-06-15 12:52:20.920,82,82,0,2026-06-15 12:52:20.920,105,105,0,2026-06-15 12:59:00.050,400,399,1,2026-06-15 13:06:00.977,2026-06-15 15:26:36.850,0,NULL,2026-06-15 15:26:36.903,9443,9443,0,UNDEFINED
26-048269,2026-06-15 12:51:39.333,25,MON,15,12,B,DAY,MIDS,POLICE,ASSIST FIRE - IMMEDIATE,2,E-911,"WALKER, JUANITA","FLOURNOY, ERICKA",2026-06-15 12:51:39.333,2026-06-15 13:00:05.000,2026-06-15 12:51:39.333,0,0,0,2026-06-15 13:02:47.713,668,668,0,2026-06-15 12:51:39.333,0,NULL,0,2026-06-15 13:02:51.460,668,668,0,2026-06-15 13:02:51.460,4,3,1,NULL,NULL,-9999,NULL,2026-06-15 13:05:44.983,2026-06-15 13:07:02.627,0,NULL,2026-06-15 13:07:02.770,923,923,0,NR-No Report
26-048273,2026-06-15 12:58:24.000,25,MON,15,12,B,DAY,MIDS,POLICE,ESCORT,2,OFFICER,"FLOURNOY, ERICKA",NULL,2026-06-15 12:58:24.000,2026-06-15 12:58:28.000,2026-06-15 12:58:24.000,0,0,0,2026-06-15 12:58:24.000,0,0,0,2026-06-15 12:58:24.000,0,0,0,2026-06-15 12:58:52.353,0,0,0,2026-06-15 12:58:24.000,0,0,0,2026-06-15 12:58:24.000,0,0,0,2026-06-15 14:50:29.123,2026-06-15 14:50:46.210,0,NULL,2026-06-15 14:50:46.223,6742,6742,0,NR-No Report
26-048276,2026-06-15 13:10:00.000,25,MON,15,13,B,DAY,MIDS,POLICE,LARCENY COMM IN PROG,2,Phone,"PATTERSON, JAHAIRA","FLOURNOY, ERICKA",2026-06-15 13:09:58.000,2026-06-15 13:12:59.000,2026-06-15 13:10:22.000,24,22,2,2026-06-15 13:13:52.583,210,210,0,2026-06-15 13:24:03.000,845,843,2,2026-06-15 13:13:55.363,234,234,0,2026-06-15 13:13:55.363,3,2,1,2026-06-15 13:29:39.853,944,944,0,2026-06-15 13:58:32.303,2026-06-15 14:04:44.600,0,NULL,2026-06-15 14:04:44.713,3286,3286,0,RE-Report
26-048279,2026-06-15 13:16:02.000,25,MON,15,13,B,DAY,MIDS,POLICE,WALK IN HQ LOBBY,3,Phone,"VALENTIN, EMERITA","LEWIS, LESLIE",2026-06-15 13:16:00.000,2026-06-15 13:17:38.000,2026-06-15 13:16:48.000,48,46,2,2026-06-15 14:10:57.427,3249,3249,0,2026-06-15 13:16:48.000,48,NULL,48,2026-06-15 14:11:04.427,3297,3297,0,2026-06-15 14:11:04.427,7,6,1,NULL,NULL,-9999,NULL,2026-06-15 16:09:48.130,2026-06-15 16:09:48.130,0,NULL,2026-06-15 16:09:48.143,10428,10428,0,RE-Report
26-048278,2026-06-15 13:16:25.000,25,MON,15,13,B,DAY,MIDS,POLICE,MVC PROPERTY DAMAGE,2,Radio,"FLOURNOY, ERICKA","FLOURNOY, ERICKA",2026-06-15 13:16:25.000,2026-06-15 13:16:28.000,2026-06-15 13:16:25.000,0,0,0,2026-06-15 13:16:25.000,0,0,0,2026-06-15 13:16:25.000,0,0,0,2026-06-15 13:17:16.107,0,0,0,2026-06-15 13:16:25.000,0,0,0,2026-06-15 13:16:25.000,0,0,0,2026-06-15 13:41:41.457,2026-06-15 15:34:45.540,0,NULL,2026-06-15 15:34:45.593,8300,8300,0,NR-No Report
26-014830,2026-06-15 13:19:31.000,25,MON,15,13,B,DAY,MIDS,EMS,BLS EMERGENCY,3,E-911,"PEREZ, CARLOS",Automatic Dispatch,2026-06-15 13:19:31.000,2026-06-15 13:20:29.000,2026-06-15 13:20:16.000,45,45,0,2026-06-15 13:20:18.290,2,2,0,2026-06-15 13:22:27.000,176,176,0,2026-06-15 13:21:39.660,47,47,0,2026-06-15 13:21:39.660,81,81,0,2026-06-15 13:28:14.203,395,394,1,2026-06-15 14:09:32.150,2026-06-15 14:09:32.150,0,NULL,2026-06-15 14:09:32.177,3001,3001,0,UNDEFINED
26-048284,2026-06-15 13:53:19.000,25,MON,15,13,B,DAY,MIDS,POLICE,ASSIST OUTSIDE AGENCY,2,Phone,"PEREZ, CARLOS","FLOURNOY, ERICKA",2026-06-15 13:53:17.000,2026-06-15 13:57:14.000,2026-06-15 13:54:28.000,71,69,2,2026-06-15 14:02:30.990,482,482,0,2026-06-15 13:54:29.000,72,70,2,2026-06-15 14:02:40.497,553,553,0,2026-06-15 14:02:40.497,10,9,1,2026-06-15 14:09:01.420,381,380,1,2026-06-15 14:39:06.013,2026-06-15 16:48:10.460,0,NULL,2026-06-15 16:48:10.510,10493,10493,0,RE-Report
26-048286,2026-06-15 13:58:11.000,25,MON,15,13,B,DAY,MIDS,POLICE,PARKING COMPLAINT,4,Phone,"PATTERSON, JAHAIRA",NULL,2026-06-15 13:58:09.000,NULL,2026-06-15 13:58:43.000,34,32,2,2026-06-15 14:01:14.777,151,151,0,2026-06-15 13:59:26.000,77,75,2,2026-06-15 14:01:14.777,185,185,0,2026-06-15 14:01:14.777,0,0,0,2026-06-15 14:22:08.693,1254,1253,1,2026-06-15 14:42:06.310,2026-06-15 14:42:06.310,0,NULL,2026-06-15 14:42:06.953,2637,2637,0,CI-Citation
26-048288,2026-06-15 14:13:14.000,25,MON,15,14,B,DAY,LATE,POLICE,PROTECTIVE ORDER ISSUED,4,Phone,"VALENTIN, EMERITA","LEWIS, LESLIE",2026-06-15 14:13:13.000,2026-06-15 14:17:54.000,2026-06-15 14:16:07.000,174,173,1,2026-06-15 15:08:28.923,3141,3141,0,2026-06-15 14:17:06.000,233,232,1,2026-06-15 15:08:32.720,3315,3315,0,2026-06-15 15:08:32.720,4,3,1,2026-06-15 15:22:20.243,828,827,1,2026-06-15 15:43:13.027,2026-06-15 15:44:30.857,0,NULL,2026-06-15 15:44:30.930,5477,5477,0,NR-No Report
26-014831,2026-06-15 14:27:08.000,25,MON,15,14,B,DAY,LATE,EMS,HEART PROBLEMS ALS 1,1,E-911,"PEREZ, CARLOS",Automatic Dispatch,2026-06-15 14:27:08.000,2026-06-15 14:28:55.000,2026-06-15 14:28:21.000,73,73,0,2026-06-15 14:28:23.733,2,2,0,2026-06-15 14:30:41.000,213,213,0,2026-06-15 14:29:08.537,75,75,0,2026-06-15 14:29:08.537,45,44,1,2026-06-15 14:34:30.870,322,322,0,2026-06-15 14:54:22.280,2026-06-15 16:03:12.117,0,NULL,2026-06-15 16:03:12.177,5764,5764,0,UNDEFINED
26-048289,2026-06-15 14:29:42.000,25,MON,15,14,B,DAY,LATE,POLICE,BOOT REMOVAL,3,Phone,"PATTERSON, JAHAIRA",NULL,2026-06-15 14:29:40.000,2026-06-15 14:54:48.000,2026-06-15 14:30:37.000,57,55,2,2026-06-15 14:55:45.277,1508,1508,0,2026-06-15 14:30:42.000,62,60,2,2026-06-15 14:55:45.277,1565,1565,0,2026-06-15 14:55:45.277,0,-9999,9999,2026-06-15 15:53:04.353,3439,3439,0,2026-06-15 16:05:26.837,2026-06-15 16:05:26.837,0,NULL,2026-06-15 16:05:27.403,5746,5746,0,NR-No Report
26-014832,2026-06-15 14:30:32.000,25,MON,15,14,B,DAY,LATE,EMS,ABDOMINAL PAIN BLS,3,E-911,"PEREZ, CARLOS",Automatic Dispatch,2026-06-15 14:30:32.000,2026-06-15 14:32:07.000,2026-06-15 14:31:38.000,66,66,0,2026-06-15 14:31:39.967,1,1,0,2026-06-15 14:39:03.000,511,511,0,2026-06-15 14:32:53.737,67,67,0,2026-06-15 14:32:53.737,74,73,1,2026-06-15 14:38:02.413,309,308,1,2026-06-15 16:02:10.673,2026-06-15 16:02:10.673,0,NULL,2026-06-15 16:02:11.283,5498,5498,0,UNDEFINED
26-014833,2026-06-15 14:35:45.000,25,MON,15,14,B,DAY,LATE,FIRE,MVC AUTO,2,E-911,"PEREZ, CARLOS",Automatic Dispatch,2026-06-15 14:35:45.000,2026-06-15 14:39:05.000,2026-06-15 14:36:48.000,63,63,0,2026-06-15 14:36:50.890,2,2,0,2026-06-15 14:40:09.000,264,264,0,2026-06-15 14:37:00.410,65,65,0,2026-06-15 14:37:00.410,10,9,1,NULL,NULL,-9999,NULL,2026-06-15 14:50:32.947,2026-06-15 14:57:27.260,0,NULL,2026-06-15 14:57:27.333,1302,1302,0,RAF-Reassign FD Call
26-014834,2026-06-15 14:37:13.000,25,MON,15,14,B,DAY,LATE,FIRE,L.A.R. SECONDARY RESPONSE,2,Phone,"WALKER, JUANITA",Automatic Dispatch,2026-06-15 14:37:11.000,NULL,2026-06-15 14:38:18.000,67,65,2,2026-06-15 14:38:19.463,1,1,0,2026-06-15 14:40:13.000,182,180,2,2026-06-15 14:38:28.213,68,68,0,2026-06-15 14:38:28.213,9,8,1,NULL,NULL,-9999,NULL,2026-06-15 14:50:55.010,2026-06-15 14:50:55.010,0,NULL,2026-06-15 14:50:55.080,824,824,0,UNDEFINED
26-048290,2026-06-15 14:42:46.000,25,MON,15,14,B,DAY,LATE,POLICE,TELEPHONE COMPLAINT,4,Phone,"PATTERSON, JAHAIRA","MCLEOD, DOUGLAS",2026-06-15 14:42:43.000,2026-06-16 10:50:31.000,2026-06-15 14:44:00.000,77,74,3,2026-06-16 10:50:39.907,72399,3343,69056,2026-06-15 14:45:08.000,145,142,3,2026-06-16 10:50:39.950,72476,72476,0,2026-06-16 10:50:39.950,0,0,0,2026-06-16 11:00:33.187,594,593,1,2026-06-16 11:32:04.163,2026-06-15 14:45:08.000,1,2026-06-15 15:21:07.053,2026-06-16 11:32:04.217,145,74961,-74816,NR-No Report
26-014835,2026-06-15 14:45:37.000,25,MON,15,14,B,DAY,LATE,FIRE,FIRE ALARM,3,Phone,"WALKER, JUANITA","WALKER, JUANITA",2026-06-15 14:45:35.000,2026-06-15 14:47:21.613,2026-06-15 14:47:04.000,89,87,2,2026-06-15 14:47:21.553,17,17,0,2026-06-15 14:48:09.000,154,152,2,2026-06-15 14:48:17.483,106,106,0,2026-06-15 14:48:17.483,56,55,1,NULL,NULL,-9999,NULL,2026-06-15 14:54:19.590,2026-06-15 14:54:19.590,0,NULL,2026-06-15 14:54:19.690,524,524,0,UNDEFINED
26-048293,2026-06-15 14:46:53.000,25,MON,15,14,B,DAY,LATE,POLICE,DISORDERLY CONDUCT,4,Phone,"PATTERSON, JAHAIRA",NULL,2026-06-15 14:46:51.000,2026-06-15 14:53:43.000,2026-06-15 14:52:17.000,326,324,2,2026-06-15 15:14:18.767,1321,1321,0,2026-06-15 14:54:05.000,434,432,2,2026-06-15 15:14:31.250,1647,1647,0,2026-06-15 15:14:31.250,13,12,1,2026-06-15 15:36:55.627,1344,1344,0,2026-06-15 16:54:30.477,2026-06-15 16:54:30.477,0,NULL,2026-06-15 16:54:30.507,7659,7659,0,NR-No Report
26-048292,2026-06-15 14:49:34.000,25,MON,15,14,B,DAY,LATE,POLICE,OFF DUTY DETAIL,8,OFFICER,"ELAM, ERIK J",NULL,2026-06-15 14:49:34.000,NULL,2026-06-15 14:49:34.000,0,1,-1,2026-06-15 14:49:34.000,0,0,0,2026-06-15 14:49:34.000,0,NULL,0,2026-06-15 14:49:34.000,0,0,0,2026-06-15 14:49:34.000,0,0,0,2026-06-15 14:49:34.000,0,0,0,2026-06-15 19:15:39.987,2026-06-15 19:15:39.987,0,NULL,2026-06-15 19:15:40.020,15965,15965,0,NR-No Report
26-014836,2026-06-15 14:50:18.000,25,MON,15,14,B,DAY,LATE,EMS,HEART PROBLEMS ALS 1,1,E-911,"PEREZ, CARLOS","WALKER, KAREN",2026-06-15 14:50:18.000,2026-06-15 14:51:48.000,2026-06-15 14:51:30.000,72,72,0,2026-06-15 14:51:33.000,3,3,0,2026-06-15 14:54:01.000,223,223,0,2026-06-15 14:53:19.363,75,75,0,2026-06-15 14:53:19.363,106,106,0,2026-06-15 14:56:19.617,180,180,0,2026-06-15 15:05:17.443,2026-06-15 16:53:26.357,0,NULL,2026-06-15 16:53:26.393,7388,7388,0,UNDEFINED
26-014837,2026-06-15 15:01:15.377,25,MON,15,15,B,DAY,LATE,EMS,MUTUAL CPR,1,C2C,CAD to CAD Service 1,CAD to CAD Service 1,2026-06-15 14:59:40.000,NULL,2026-06-15 15:01:15.690,95,0,95,2026-06-15 15:01:15.800,0,0,0,NULL,NULL,NULL,NULL,2026-06-15 15:01:55.500,95,-9999,10094,2026-06-15 15:01:55.500,40,39,1,2026-06-15 15:06:25.760,270,270,0,2026-06-15 15:03:14.327,2026-06-15 15:25:06.510,0,NULL,2026-06-15 15:25:06.543,1526,1526,0,CAD2CAD
26-014838,2026-06-15 15:01:40.000,25,MON,15,15,B,DAY,LATE,FIRE,CO ALARM,2,Phone,"PATTERSON, JAHAIRA",Automatic Dispatch,2026-06-15 15:01:38.000,2026-06-15 15:03:03.000,2026-06-15 15:02:32.000,54,52,2,2026-06-15 15:02:34.130,2,2,0,2026-06-15 15:02:32.000,54,NULL,54,2026-06-15 15:03:06.440,56,56,0,2026-06-15 15:03:06.440,32,32,0,2026-06-15 15:09:21.577,375,375,0,2026-06-15 15:13:15.110,2026-06-15 15:13:15.110,0,NULL,2026-06-15 15:13:15.183,697,697,0,UNDEFINED
26-048297,2026-06-15 15:02:04.000,25,MON,15,15,B,DAY,LATE,POLICE,ANIMAL STRAY,2,Phone,"FLOURNOY, ERICKA","LEWIS, LESLIE",2026-06-15 15:02:02.000,2026-06-15 15:05:26.000,2026-06-15 15:03:49.000,107,105,2,2026-06-15 15:05:03.997,74,74,0,2026-06-15 15:04:45.000,163,161,2,2026-06-15 15:05:53.150,181,181,0,2026-06-15 15:05:53.150,50,49,1,2026-06-15 15:05:57.633,4,4,0,2026-06-15 15:06:04.310,2026-06-15 15:06:04.310,0,NULL,2026-06-15 15:06:04.387,242,242,0,ACOR-Animal Control Report
26-048300,2026-06-15 15:12:37.000,25,MON,15,15,B,DAY,LATE,POLICE,SUSPICIOUS EVENT,2,Phone,"ANDERSON, MARILYN",NULL,2026-06-15 15:12:36.000,2026-06-15 15:13:59.000,2026-06-15 15:13:25.000,49,48,1,2026-06-15 15:17:48.693,263,263,0,2026-06-15 15:17:54.000,318,317,1,2026-06-15 15:17:51.193,312,312,0,2026-06-15 15:17:51.193,3,2,1,2026-06-15 15:22:41.977,290,290,0,2026-06-15 15:58:14.387,2026-06-15 18:31:55.347,0,NULL,2026-06-15 18:31:55.420,11959,11959,0,NR-No Report
26-048302,2026-06-15 15:16:31.000,25,MON,15,15,B,DAY,LATE,POLICE,WARRANT SERVICE,2,Phone,"PATTERSON, JAHAIRA",NULL,2026-06-15 15:16:29.000,2026-06-15 15:17:30.000,2026-06-15 15:16:59.000,30,28,2,2026-06-15 15:51:16.893,2057,2057,0,2026-06-15 15:17:39.000,70,68,2,2026-06-15 15:51:26.797,2087,2087,0,2026-06-15 15:51:26.797,10,9,1,2026-06-15 16:46:31.963,3305,3305,0,2026-06-15 16:10:55.243,2026-06-15 17:30:54.283,0,NULL,2026-06-15 17:30:54.363,8065,8065,0,NR-No Report
26-048303,2026-06-15 15:16:45.000,25,MON,15,15,B,DAY,LATE,POLICE,ASSAULT NO INJURY IN PROG,2,Phone,"FLOURNOY, ERICKA","LEWIS, LESLIE",2026-06-15 15:16:43.000,2026-06-15 15:18:57.000,2026-06-15 15:18:52.000,129,127,2,2026-06-15 15:19:17.087,25,25,0,2026-06-15 15:23:02.000,379,377,2,2026-06-15 15:19:21.310,154,154,0,2026-06-15 15:19:21.310,4,4,0,2026-06-15 15:20:13.057,52,51,1,2026-06-15 16:09:28.933,2026-06-15 18:14:32.000,0,NULL,NULL,10669,10669,0,CN-Cancellation
26-014839,2026-06-15 15:21:11.000,25,MON,15,15,B,DAY,LATE,FIRE,GAS LEAK - OUTSIDE,2,E-911,"GARCIA, VILMA",Automatic Dispatch,2026-06-15 15:21:11.000,2026-06-15 15:22:37.000,2026-06-15 15:22:16.000,65,65,0,2026-06-15 15:22:17.963,1,1,0,2026-06-15 15:23:43.000,152,152,0,2026-06-15 15:23:12.563,66,66,0,2026-06-15 15:23:12.563,55,54,1,2026-06-15 15:25:53.963,161,161,0,2026-06-15 15:37:10.790,2026-06-15 16:46:11.423,0,NULL,2026-06-15 16:46:11.460,5100,5100,0,UNDEFINED
26-014840,2026-06-15 15:26:56.000,25,MON,15,15,B,DAY,LATE,EMS,SEIZURE ALS 1,1,E-911,"GARCIA, VILMA",Automatic Dispatch,2026-06-15 15:26:55.000,2026-06-15 15:27:45.000,2026-06-15 15:27:31.000,36,35,1,2026-06-15 15:27:33.767,2,2,0,2026-06-15 15:30:51.000,236,235,1,2026-06-15 15:28:42.893,38,38,0,2026-06-15 15:28:42.893,69,69,0,NULL,NULL,-9999,NULL,2026-06-15 15:31:33.730,2026-06-15 15:31:37.817,0,NULL,2026-06-15 15:31:37.910,282,282,0,UNDEFINED
26-048306,2026-06-15 15:30:58.000,25,MON,15,15,B,DAY,LATE,POLICE,911 HANG UP,2,E-911,"GARCIA, VILMA",NULL,2026-06-15 15:30:58.000,2026-06-15 15:33:06.000,2026-06-15 15:31:27.000,29,29,0,2026-06-15 15:33:54.180,147,147,0,2026-06-15 15:31:37.000,39,39,0,2026-06-15 15:33:56.507,176,176,0,2026-06-15 15:33:56.507,2,2,0,2026-06-15 16:26:43.033,3167,3166,1,2026-06-15 16:37:20.333,2026-06-15 16:37:20.333,0,NULL,2026-06-15 16:37:20.433,3982,3982,0,NR-No Report
26-014841,2026-06-15 15:31:49.000,25,MON,15,15,B,DAY,LATE,EMS,UNKNOWN MEDICAL ALS 1,1,E-911,"ANDERSON, MARILYN","WALKER, JUANITA",2026-06-15 15:31:48.000,2026-06-15 15:34:37.000,2026-06-15 15:32:10.000,22,21,1,2026-06-15 15:32:12.597,2,2,0,2026-06-15 15:34:20.000,152,151,1,2026-06-15 15:33:58.287,24,24,0,2026-06-15 15:33:58.287,106,105,1,2026-06-15 15:42:07.307,489,489,0,2026-06-15 15:37:36.817,2026-06-15 16:51:22.080,0,NULL,2026-06-15 16:51:22.157,4774,4774,0,UNDEFINED
26-048307,2026-06-15 15:35:09.000,25,MON,15,15,B,DAY,LATE,POLICE,RUNAWAY RETURNED,4,Phone,"GARCIA, VILMA","LEWIS, LESLIE",2026-06-15 15:35:09.000,2026-06-15 15:40:10.000,2026-06-15 15:37:13.000,124,124,0,2026-06-15 16:44:19.107,4026,4026,0,2026-06-15 15:38:01.000,172,172,0,2026-06-15 16:44:31.367,4150,4150,0,2026-06-15 16:44:31.367,12,12,0,2026-06-15 16:53:09.287,518,517,1,2026-06-15 18:00:26.010,2026-06-15 18:00:26.010,0,NULL,2026-06-15 18:00:26.077,8717,8717,0,NR-No Report
26-048308,2026-06-15 15:41:17.000,25,MON,15,15,B,DAY,LATE,POLICE,ADMINISTRATIVE TASK,3,Phone,"GARCIA, VILMA","LEWIS, LESLIE",2026-06-15 15:41:15.000,2026-06-15 15:42:24.000,2026-06-15 15:42:16.000,61,59,2,2026-06-15 15:44:05.840,109,109,0,2026-06-15 15:42:33.000,78,76,2,2026-06-15 15:44:16.900,170,170,0,2026-06-15 15:44:16.900,11,11,0,2026-06-15 15:51:42.370,446,445,1,2026-06-15 16:23:15.313,2026-06-15 16:23:15.313,0,NULL,2026-06-15 16:23:15.360,2520,2520,0,NR-No Report
26-048309,2026-06-15 15:42:38.000,25,MON,15,15,B,DAY,LATE,POLICE,TROUBLE UNKNOWN EMS,2,E-911,"PEREZ, CARLOS","LEWIS, LESLIE",2026-06-15 15:42:37.000,2026-06-15 15:46:29.000,2026-06-15 15:46:25.000,228,227,1,2026-06-15 15:47:38.207,73,73,0,2026-06-15 15:46:25.000,228,NULL,228,2026-06-15 15:47:42.303,301,301,0,2026-06-15 15:47:42.303,4,4,0,2026-06-15 15:47:49.627,7,7,0,2026-06-15 15:52:14.690,2026-06-15 15:52:14.690,0,NULL,2026-06-15 15:52:14.730,577,577,0,NR-No Report
26-014842,2026-06-15 15:46:26.000,25,MON,15,15,B,DAY,LATE,EMS,UNKNOWN MEDICAL ALS 1,1,NOT CAPTURED,"PEREZ, CARLOS",Automatic Dispatch,2026-06-15 15:46:26.000,2026-06-15 15:46:33.000,2026-06-15 15:46:26.000,0,NULL,0,2026-06-15 15:46:28.177,2,2,0,2026-06-15 15:46:26.000,0,0,0,2026-06-15 15:47:20.207,2,2,0,2026-06-15 15:47:20.207,52,52,0,NULL,NULL,-9999,NULL,2026-06-15 15:49:24.120,2026-06-15 15:49:35.370,0,NULL,2026-06-15 15:49:35.493,189,189,0,UNDEFINED
26-048311,2026-06-15 15:47:42.000,25,MON,15,15,B,DAY,LATE,POLICE,SUICIDE IN PROG NO INJ,1,E-911,"PEREZ, CARLOS","LEWIS, LESLIE",2026-06-15 15:47:41.000,2026-06-15 15:51:33.000,2026-06-15 15:51:19.000,218,217,1,2026-06-15 15:55:39.890,260,260,0,2026-06-15 16:03:04.000,923,922,1,2026-06-15 15:57:36.983,478,478,0,2026-06-15 15:57:36.983,117,117,0,2026-06-15 16:00:08.197,152,151,1,2026-06-15 16:39:15.557,2026-06-15 17:53:27.207,0,NULL,2026-06-15 17:53:27.267,7546,7546,0,NR-No Report
26-048310,2026-06-15 15:48:13.000,25,MON,15,15,B,DAY,LATE,POLICE,PARKING COMPLAINT,4,Phone,"ANDERSON, MARILYN",NULL,2026-06-15 15:48:11.000,NULL,2026-06-15 15:49:25.000,74,72,2,2026-06-15 15:56:10.503,405,405,0,2026-06-15 15:49:29.000,78,76,2,2026-06-15 15:56:10.503,479,479,0,2026-06-15 15:56:10.503,0,0,0,2026-06-15 16:01:47.463,337,336,1,2026-06-15 16:06:22.127,2026-06-15 16:06:22.127,0,NULL,2026-06-15 16:06:22.510,1091,1091,0,NR-No Report
26-048312,2026-06-15 15:53:12.000,25,MON,15,15,B,DAY,LATE,POLICE,OFF DUTY DETAIL,8,OFFICER,"GUERRA, JACQUELINE S",NULL,2026-06-15 15:53:12.000,2026-06-15 22:59:00.000,2026-06-15 15:53:12.000,0,1,-1,2026-06-15 15:53:12.000,0,0,0,2026-06-15 15:53:12.000,0,NULL,0,2026-06-15 15:53:12.000,0,0,0,2026-06-15 15:53:12.000,0,0,0,2026-06-15 15:53:12.000,0,0,0,2026-06-15 19:55:40.383,2026-06-16 00:17:57.440,0,NULL,2026-06-16 00:17:57.560,30285,30285,0,NR-No Report
26-014843,2026-06-15 15:53:13.000,25,MON,15,15,B,DAY,LATE,EMS,BLS EMERGENCY,3,E-911,"ANDERSON, MARILYN",Automatic Dispatch,2026-06-15 15:53:13.000,2026-06-15 15:54:12.000,2026-06-15 15:53:51.000,38,38,0,2026-06-15 15:53:53.050,2,2,0,2026-06-15 15:55:34.000,141,141,0,2026-06-15 15:55:15.033,40,40,0,2026-06-15 15:55:15.033,82,81,1,2026-06-15 16:05:24.980,609,609,0,2026-06-15 17:00:20.427,2026-06-15 17:00:20.427,0,NULL,2026-06-15 17:00:20.493,4027,4027,0,UNDEFINED
26-048313,2026-06-15 15:53:32.000,25,MON,15,15,B,DAY,LATE,POLICE,WARRANT SERVICE,2,OFFICER,"LEWIS, LESLIE","LEWIS, LESLIE",2026-06-15 15:53:32.000,2026-06-15 15:54:19.000,2026-06-15 15:54:09.000,37,37,0,2026-06-15 15:54:17.073,8,8,0,2026-06-15 15:54:10.000,38,38,0,2026-06-15 15:54:57.477,45,45,0,2026-06-15 15:54:57.477,40,40,0,2026-06-15 15:54:57.507,0,0,0,2026-06-15 16:56:19.417,2026-06-15 19:42:04.147,0,NULL,2026-06-15 19:42:04.200,13712,13712,0,SUP-Supplement
26-048314,2026-06-15 15:53:58.000,25,MON,15,15,B,DAY,LATE,POLICE,TROUBLE UNKNOWN EMS,2,E-911,"GARCIA, VILMA","LEWIS, LESLIE",2026-06-15 15:53:58.000,2026-06-15 15:58:33.000,2026-06-15 15:57:09.000,191,191,0,2026-06-15 15:59:27.817,138,138,0,2026-06-15 15:57:52.000,234,234,0,2026-06-15 15:59:30.217,329,329,0,2026-06-15 15:59:30.217,3,2,1,2026-06-15 16:04:13.290,283,283,0,2026-06-15 16:06:48.027,2026-06-15 16:09:56.737,0,NULL,2026-06-15 16:09:56.893,958,958,0,NR-No Report
26-014844,2026-06-15 15:57:09.000,25,MON,15,15,B,DAY,LATE,EMS,UNKNOWN MEDICAL ALS 1,1,NOT CAPTURED,"GARCIA, VILMA",Automatic Dispatch,2026-06-15 15:57:09.000,2026-06-15 15:57:21.000,2026-06-15 15:57:09.000,0,NULL,0,2026-06-15 15:57:11.827,2,2,0,2026-06-15 15:57:09.000,0,0,0,2026-06-15 15:58:06.027,2,2,0,2026-06-15 15:58:06.027,55,54,1,2026-06-15 16:02:33.317,267,267,0,2026-06-15 16:07:01.087,2026-06-15 16:07:02.100,0,NULL,2026-06-15 16:07:02.250,593,593,0,UNDEFINED
26-048316,2026-06-15 15:57:47.000,25,MON,15,15,B,DAY,LATE,POLICE,ASSAULT MINOR INJ IN PROG,2,E-911,"PEREZ, CARLOS","LEWIS, LESLIE",2026-06-15 15:57:47.000,2026-06-15 16:02:39.000,2026-06-15 16:00:48.000,181,181,0,2026-06-15 16:11:09.267,621,621,0,2026-06-15 16:03:00.000,313,313,0,2026-06-15 16:11:14.860,802,802,0,2026-06-15 16:11:14.860,5,5,0,2026-06-15 16:24:14.000,780,779,1,2026-06-15 16:47:28.110,2026-06-15 18:36:37.030,0,NULL,2026-06-15 18:36:37.117,9530,9530,0,RE-Report
26-048315,2026-06-15 15:58:10.000,25,MON,15,15,B,DAY,LATE,POLICE,ANIMAL COMPLAINT,4,Phone,"ANDERSON, MARILYN","LEWIS, LESLIE",2026-06-15 15:58:09.000,2026-06-15 16:08:55.000,2026-06-15 15:58:40.000,31,30,1,2026-06-15 16:03:16.410,276,276,0,2026-06-15 15:59:46.000,97,96,1,2026-06-15 16:09:48.390,307,307,0,2026-06-15 16:09:48.390,392,391,1,2026-06-15 16:09:51.117,3,2,1,2026-06-15 16:09:56.557,2026-06-15 16:09:56.557,0,NULL,2026-06-15 16:09:56.603,707,707,0,ACOR-Animal Control Report
26-014845,2026-06-15 16:03:10.000,25,MON,15,16,B,DAY,LATE,FIRE,OUTSIDE FIRE,3,E-911,"PEREZ, CARLOS","WALKER, JUANITA",2026-06-15 16:03:10.000,2026-06-15 16:05:15.000,2026-06-15 16:04:54.000,104,104,0,2026-06-15 16:04:56.067,2,2,0,2026-06-15 16:06:07.000,177,177,0,2026-06-15 16:05:55.300,106,106,0,2026-06-15 16:05:55.300,59,59,0,2026-06-15 16:12:20.930,385,385,0,2026-06-15 16:09:12.683,2026-06-15 16:18:51.373,0,NULL,2026-06-15 16:18:51.373,941,941,0,UNDEFINED
26-014846,2026-06-15 16:04:16.000,25,MON,15,16,B,DAY,LATE,EMS,CHEST PAIN ALS 1,1,E-911,"GARCIA, VILMA",Automatic Dispatch,2026-06-15 16:04:16.000,2026-06-15 16:05:31.000,2026-06-15 16:04:57.000,41,41,0,2026-06-15 16:04:59.740,2,2,0,2026-06-15 16:08:01.000,225,225,0,2026-06-15 16:05:55.457,43,43,0,2026-06-15 16:05:55.457,56,55,1,2026-06-15 16:11:29.340,334,333,1,2026-06-15 16:32:20.527,2026-06-15 17:03:50.257,0,NULL,2026-06-15 17:03:50.333,3574,3574,0,CAD2CAD
26-048318,2026-06-15 16:06:24.000,25,MON,15,16,B,DAY,LATE,POLICE,WALK IN HQ LOBBY,3,Phone,"PEREZ, CARLOS","LEWIS, LESLIE",2026-06-15 16:06:22.000,2026-06-15 16:10:30.000,2026-06-15 16:07:30.000,68,66,2,2026-06-15 16:18:55.690,685,685,0,2026-06-15 16:07:58.000,96,94,2,2026-06-15 16:18:59.007,753,753,0,2026-06-15 16:18:59.007,4,3,1,2026-06-15 16:50:01.240,1862,1862,0,2026-06-15 18:50:38.813,2026-06-15 18:50:38.813,0,NULL,2026-06-15 18:50:38.847,9856,9856,0,SUP-Supplement
26-014847,2026-06-15 16:06:34.563,25,MON,15,16,B,DAY,LATE,EMS,LACERATION BLS,3,NOT CAPTURED,"LEWIS, LESLIE",Automatic Dispatch,2026-06-15 16:06:34.563,2026-06-15 16:07:31.000,2026-06-15 16:06:34.563,0,0,0,2026-06-15 16:06:36.740,2,2,0,2026-06-15 16:06:34.563,0,NULL,0,2026-06-15 16:07:24.170,2,2,0,2026-06-15 16:07:24.170,48,47,1,2026-06-15 16:18:21.720,657,657,0,2026-06-15 16:35:47.763,2026-06-15 16:35:47.763,0,NULL,2026-06-15 16:35:47.833,1753,1753,0,UNDEFINED
26-048319,2026-06-15 16:12:13.000,25,MON,15,16,B,DAY,LATE,POLICE,PROTECTIVE ORDER ISSUED,4,Phone,"VALENTIN, EMERITA",NULL,2026-06-15 16:12:11.000,2026-06-15 16:19:25.000,2026-06-15 16:13:48.000,97,95,2,2026-06-16 00:48:27.747,30879,30879,0,2026-06-15 16:19:13.000,422,420,2,2026-06-16 00:48:27.830,30976,30976,0,2026-06-16 00:48:27.830,0,0,0,2026-06-16 01:03:25.057,898,897,1,2026-06-16 00:54:53.477,2026-06-16 02:09:27.167,0,NULL,2026-06-16 02:09:27.233,35836,35836,0,NR-No Report
26-048321,2026-06-15 16:13:33.000,25,MON,15,16,B,DAY,LATE,POLICE,PARKING COMPLAINT,4,Phone,"GARCIA, VILMA",NULL,2026-06-15 16:13:31.000,NULL,2026-06-15 16:14:24.000,53,51,2,2026-06-15 16:22:05.723,461,461,0,2026-06-15 16:14:47.000,76,74,2,2026-06-15 16:22:05.723,514,514,0,2026-06-15 16:22:05.723,0,0,0,2026-06-15 16:46:10.197,1445,1444,1,2026-06-15 16:51:42.443,2026-06-15 16:51:42.443,0,NULL,2026-06-15 16:51:42.710,2291,2291,0,NR-No Report
26-048320,2026-06-15 16:14:02.000,25,MON,15,16,B,DAY,LATE,POLICE,TRESPASSING IN PROG,2,Phone,"VALENTIN, EMERITA","LEWIS, LESLIE",2026-06-15 16:14:02.000,2026-06-15 16:14:30.000,2026-06-15 16:14:13.000,11,11,0,2026-06-15 16:23:39.690,566,566,0,2026-06-15 16:19:12.000,310,310,0,2026-06-15 16:23:43.527,577,577,0,2026-06-15 16:23:43.527,4,3,1,NULL,NULL,-9999,NULL,2026-06-15 16:24:42.750,2026-06-15 16:24:47.497,0,NULL,2026-06-15 16:24:47.567,645,645,0,NR-No Report
26-014848,2026-06-15 16:16:49.097,25,MON,15,16,B,DAY,LATE,EMS,ASSAULT ALS 1,3,Phone,"GARCIA, VILMA","WALKER, KAREN",2026-06-15 16:16:49.097,2026-06-15 16:17:16.000,2026-06-15 16:16:49.097,0,0,0,2026-06-15 16:16:51.223,2,2,0,2026-06-15 16:16:49.097,0,NULL,0,2026-06-15 16:17:38.647,2,2,0,2026-06-15 16:17:38.647,47,47,0,2026-06-15 16:28:27.173,649,648,1,2026-06-15 16:31:02.187,2026-06-15 17:20:04.650,0,NULL,2026-06-15 17:20:04.727,3795,3795,0,UNDEFINED
26-048322,2026-06-15 16:19:08.000,25,MON,15,16,B,DAY,LATE,POLICE,DISORDERLY CONDUCT,2,Phone,"ANDERSON, MARILYN","LEWIS, LESLIE",2026-06-15 16:19:08.000,2026-06-15 16:21:12.000,2026-06-15 16:19:40.000,32,32,0,2026-06-15 16:21:39.867,119,119,0,2026-06-15 16:21:28.000,140,140,0,2026-06-15 16:21:42.417,151,151,0,2026-06-15 16:21:42.417,3,2,1,2026-06-15 16:30:13.947,511,511,0,2026-06-15 16:51:50.037,2026-06-15 16:51:52.500,0,NULL,2026-06-15 16:51:52.553,1964,1964,0,NR-No Report
26-048324,2026-06-15 16:23:57.000,25,MON,15,16,B,DAY,LATE,POLICE,DISORDERLY CONDUCT,2,E-911,"ANDERSON, MARILYN","LEWIS, LESLIE",2026-06-15 16:23:56.000,2026-06-15 16:24:54.000,2026-06-15 16:24:45.000,49,48,1,2026-06-15 16:25:25.167,40,40,0,2026-06-15 16:27:45.000,229,228,1,2026-06-15 16:25:29.043,89,89,0,2026-06-15 16:25:29.043,4,3,1,2026-06-15 16:28:48.227,199,199,0,2026-06-15 16:26:02.237,2026-06-15 16:40:47.623,0,NULL,2026-06-15 16:40:47.703,1011,1011,0,NR-No Report
26-048325,2026-06-15 16:25:47.000,25,MON,15,16,B,DAY,LATE,POLICE,ANIMAL COMPLAINT,4,Phone,"VALENTIN, EMERITA","LEWIS, LESLIE",2026-06-15 16:25:45.000,2026-06-15 16:31:26.000,2026-06-15 16:26:47.000,62,60,2,2026-06-15 16:31:32.640,285,285,0,2026-06-15 16:27:17.000,92,90,2,2026-06-15 16:32:30.220,347,347,0,2026-06-15 16:32:30.220,58,57,1,NULL,NULL,-9999,NULL,NULL,2026-06-15 16:40:54.000,0,NULL,NULL,909,909,0,ACOR-Animal Control Report
26-048326,2026-06-15 16:32:53.000,25,MON,15,16,B,DAY,LATE,POLICE,DISORDERLY CONDUCT,2,Phone,"VALENTIN, EMERITA","FLOURNOY, ERICKA",2026-06-15 16:32:51.000,2026-06-15 16:35:33.000,2026-06-15 16:35:20.000,149,147,2,2026-06-15 16:37:45.393,145,145,0,2026-06-15 16:41:08.000,497,495,2,2026-06-15 16:37:52.920,294,294,0,2026-06-15 16:37:52.920,7,7,0,2026-06-15 16:44:45.417,413,412,1,2026-06-15 17:07:35.637,2026-06-15 19:11:06.557,0,NULL,2026-06-15 19:11:06.587,9495,9495,0,NR-No Report
26-048327,2026-06-15 16:37:25.000,25,MON,15,16,B,DAY,LATE,POLICE,LARCENY OTHER DELAY,4,Phone,"ANDERSON, MARILYN","ALLEN, TIANA",2026-06-15 16:37:24.000,2026-06-16 05:55:58.000,2026-06-15 16:37:45.000,21,20,1,2026-06-16 06:35:55.027,50290,2402,47888,2026-06-15 16:38:45.000,81,80,1,2026-06-16 06:36:06.920,50311,50311,0,2026-06-16 06:36:06.920,11,11,0,2026-06-16 06:36:06.920,0,0,0,2026-06-16 08:09:27.183,2026-06-15 16:39:26.000,1,2026-06-15 18:48:46.517,2026-06-16 08:09:27.230,122,55923,-55801,RE-Report
26-014849,2026-06-15 16:37:34.000,25,MON,15,16,B,DAY,LATE,FIRE,FIRE ALARM,3,Phone,"GARCIA, VILMA",Automatic Dispatch,2026-06-15 16:37:32.000,2026-06-15 16:39:14.000,2026-06-15 16:39:00.000,88,86,2,2026-06-15 16:39:02.797,2,2,0,2026-06-15 16:39:43.000,131,129,2,2026-06-15 16:40:05.860,90,90,0,2026-06-15 16:40:05.860,63,63,0,2026-06-15 16:44:13.903,248,248,0,2026-06-15 17:01:12.200,2026-06-15 17:01:12.200,0,NULL,2026-06-15 17:01:12.527,1420,1420,0,UNDEFINED
26-014850,2026-06-15 16:40:23.000,25,MON,15,16,B,DAY,LATE,EMS,UNKNOWN MEDICAL ALS 1,1,E-911,"GARCIA, VILMA",Automatic Dispatch,2026-06-15 16:40:22.000,2026-06-15 16:42:55.000,2026-06-15 16:42:47.000,145,144,1,2026-06-15 16:42:49.020,2,2,0,2026-06-15 16:47:11.000,409,408,1,2026-06-15 16:43:08.967,147,147,0,2026-06-15 16:43:08.967,19,19,0,2026-06-15 16:47:02.527,234,233,1,2026-06-15 17:12:47.363,2026-06-15 18:17:58.150,0,NULL,2026-06-15 18:17:58.263,5856,5856,0,UNDEFINED
26-048329,2026-06-15 16:48:39.000,25,MON,15,16,B,DAY,LATE,POLICE,DISORDERLY CONDUCT,2,E-911,"ANDERSON, MARILYN","LEWIS, LESLIE",2026-06-15 16:48:39.000,2026-06-15 16:50:27.000,2026-06-15 16:50:22.000,103,103,0,2026-06-15 16:52:13.360,111,111,0,2026-06-15 16:53:12.000,273,273,0,2026-06-15 16:52:15.097,214,214,0,2026-06-15 16:52:15.097,2,1,1,2026-06-15 17:16:29.280,1454,1454,0,2026-06-15 18:00:03.100,2026-06-15 18:01:21.837,0,NULL,2026-06-15 18:01:21.890,4362,4362,0,NR-No Report
26-048331,2026-06-15 16:49:24.000,25,MON,15,16,B,DAY,LATE,POLICE,PUBLIC SERVICE MULTI OFFICER,4,Phone,"VALENTIN, EMERITA","LEWIS, LESLIE",2026-06-15 16:49:22.000,2026-06-15 16:55:06.000,2026-06-15 16:54:02.000,280,278,2,2026-06-15 17:04:06.560,604,604,0,2026-06-15 17:03:51.000,869,867,2,2026-06-15 17:04:09.727,884,884,0,2026-06-15 17:04:09.727,3,3,0,2026-06-15 17:24:49.170,1240,1239,1,2026-06-15 18:59:12.527,2026-06-15 18:59:12.527,0,NULL,2026-06-15 18:59:12.557,7790,7790,0,NR-No Report
26-048330,2026-06-15 16:50:01.000,25,MON,15,16,B,DAY,LATE,POLICE,ANIMAL COMPLAINT,4,Phone,"GARCIA, VILMA","LEWIS, LESLIE",2026-06-15 16:49:59.000,2026-06-15 16:52:54.000,2026-06-15 16:52:18.000,139,137,2,2026-06-15 16:54:49.333,151,151,0,2026-06-15 16:58:17.000,498,496,2,2026-06-15 16:54:49.377,290,290,0,2026-06-15 16:54:49.377,0,0,0,NULL,NULL,-9999,NULL,NULL,2026-06-15 17:18:24.000,0,NULL,NULL,1705,1705,0,ACOR-Animal Control Report
26-048332,2026-06-15 16:54:49.000,25,MON,15,16,B,DAY,LATE,POLICE,TRAFFIC STOP,2,OFFICER,"JOHNSON, TIAZ J.",NULL,2026-06-15 16:54:49.000,NULL,2026-06-15 16:54:49.000,0,1,-1,2026-06-15 16:54:49.000,0,0,0,2026-06-15 16:54:49.000,0,NULL,0,2026-06-15 16:54:49.000,0,0,0,2026-06-15 16:54:49.000,0,0,0,2026-06-15 16:54:49.000,0,0,0,2026-06-15 17:14:57.220,2026-06-15 17:14:57.220,0,NULL,2026-06-15 17:14:57.310,1208,1208,0,CI-Citation
26-048333,2026-06-15 16:58:24.000,25,MON,15,16,B,DAY,LATE,POLICE,ANIMAL WILDLIFE,3,Phone,"PEREZ, CARLOS","VALENTIN, EMERITA",2026-06-15 16:58:22.000,2026-06-15 17:01:28.000,2026-06-15 17:00:58.000,156,154,2,2026-06-15 17:19:19.983,1101,1101,0,2026-06-15 17:01:01.000,159,157,2,NULL,1257,1257,0,NULL,NULL,-9999,NULL,NULL,NULL,-9999,NULL,NULL,2026-06-15 17:19:25.000,0,NULL,NULL,1263,1263,0,ACOR-Animal Control Report
26-048335,2026-06-15 17:00:21.000,25,MON,15,17,B,DAY,LATE,POLICE,MVC PROPERTY DAMAGE,2,E-911,"GARCIA, VILMA","LEWIS, LESLIE",2026-06-15 17:00:20.000,2026-06-15 17:02:21.000,2026-06-15 17:02:10.000,110,109,1,2026-06-15 17:02:29.833,19,19,0,2026-06-15 17:04:09.000,229,228,1,2026-06-15 17:02:33.460,129,129,0,2026-06-15 17:02:33.460,4,3,1,2026-06-15 17:12:00.610,567,567,0,2026-06-15 17:58:01.470,2026-06-15 17:58:01.470,0,NULL,2026-06-15 17:58:01.563,3461,3461,0,NR-No Report
26-048336,2026-06-15 17:01:42.000,25,MON,15,17,B,DAY,LATE,POLICE,PARKING COMPLAINT,4,Phone,"PEREZ, CARLOS",NULL,2026-06-15 17:01:41.000,NULL,2026-06-15 17:02:24.000,43,42,1,2026-06-15 17:20:27.110,1083,1083,0,2026-06-15 17:02:47.000,66,65,1,2026-06-15 17:20:27.110,1126,1126,0,2026-06-15 17:20:27.110,0,-9999,9999,2026-06-15 17:52:49.983,1942,1942,0,2026-06-15 18:02:40.203,2026-06-15 18:02:40.203,0,NULL,2026-06-15 18:02:40.797,3659,3659,0,NR-No Report
26-048337,2026-06-15 17:03:05.000,25,MON,15,17,B,DAY,LATE,POLICE,TRESPASSING IN PROG,2,E-911,"ANDERSON, MARILYN","LEWIS, LESLIE",2026-06-15 17:03:05.000,2026-06-15 17:04:37.000,2026-06-15 17:03:50.000,45,45,0,2026-06-15 17:39:24.723,2134,2134,0,2026-06-15 17:05:25.000,140,140,0,2026-06-15 17:39:27.883,2179,2179,0,2026-06-15 17:39:27.883,3,3,0,2026-06-15 17:46:34.840,427,426,1,2026-06-15 17:59:27.240,2026-06-15 17:59:45.763,0,NULL,2026-06-15 17:59:45.890,3400,3400,0,NR-No Report
26-048338,2026-06-15 17:03:59.000,25,MON,15,17,B,DAY,LATE,POLICE,PROPERTY FOUND,4,Phone,"VALENTIN, EMERITA",NULL,2026-06-15 17:03:57.000,2026-06-15 17:05:09.000,2026-06-15 17:04:10.000,13,11,2,2026-06-15 20:52:01.110,13671,13671,0,2026-06-15 17:08:38.000,281,279,2,2026-06-15 20:52:01.110,13684,13684,0,2026-06-15 20:52:01.110,0,-9999,9999,2026-06-15 21:00:20.923,499,499,0,2026-06-15 21:12:50.727,2026-06-15 21:12:50.727,0,NULL,2026-06-15 21:12:50.807,14933,14933,0,NR-No Report
26-048340,2026-06-15 17:06:40.000,25,MON,15,17,B,DAY,LATE,POLICE,MVC PROPERTY DAMAGE,2,E-911,"ANDERSON, MARILYN","LEWIS, LESLIE",2026-06-15 17:06:39.000,2026-06-15 17:07:47.000,2026-06-15 17:07:30.000,51,50,1,2026-06-15 17:16:06.053,516,516,0,2026-06-15 17:08:33.000,114,113,1,2026-06-15 17:16:10.620,567,567,0,2026-06-15 17:16:10.620,4,4,0,2026-06-15 17:28:18.987,728,728,0,2026-06-15 17:56:31.790,2026-06-15 17:56:31.790,0,NULL,2026-06-15 17:56:31.873,2992,2992,0,NR-No Report
26-048341,2026-06-15 17:07:57.000,25,MON,15,17,B,DAY,LATE,POLICE,DISORDERLY CONDUCT,2,E-911,"GARCIA, VILMA","LEWIS, LESLIE",2026-06-15 17:07:57.000,2026-06-15 17:10:25.000,2026-06-15 17:09:06.000,69,69,0,2026-06-15 17:10:45.103,99,99,0,2026-06-15 17:11:24.000,207,207,0,2026-06-15 17:10:47.940,168,168,0,2026-06-15 17:10:47.940,2,2,0,2026-06-15 17:14:40.810,233,232,1,2026-06-15 17:32:48.973,2026-06-15 17:33:51.633,0,NULL,2026-06-15 17:33:51.800,1554,1554,0,NR-No Report
26-048343,2026-06-15 17:09:02.000,25,MON,15,17,B,DAY,LATE,POLICE,TRESPASSING IN PROG,2,Phone,"ANDERSON, MARILYN","LEWIS, LESLIE",2026-06-15 17:09:01.000,2026-06-15 17:11:31.000,2026-06-15 17:09:32.000,31,30,1,2026-06-15 17:21:38.857,726,726,0,2026-06-15 17:12:48.000,227,226,1,2026-06-15 17:21:41.647,757,757,0,2026-06-15 17:21:41.647,3,2,1,2026-06-15 17:32:44.457,663,662,1,2026-06-15 18:00:53.073,2026-06-15 18:09:45.233,0,NULL,2026-06-15 18:09:45.323,3644,3644,0,NR-No Report
26-048344,2026-06-15 17:11:01.000,25,MON,15,17,B,DAY,LATE,POLICE,ANIMAL WILDLIFE,3,Phone,"PEREZ, CARLOS","VALENTIN, EMERITA",2026-06-15 17:10:59.000,2026-06-15 17:14:57.000,2026-06-15 17:13:02.000,123,121,2,2026-06-15 17:19:56.050,414,414,0,2026-06-15 17:13:16.000,137,135,2,NULL,537,537,0,NULL,NULL,-9999,NULL,NULL,NULL,-9999,NULL,NULL,2026-06-15 17:20:06.000,0,NULL,NULL,547,547,0,ACOR-Animal Control Report
26-048345,2026-06-15 17:19:59.000,25,MON,15,17,B,DAY,LATE,POLICE,WALK IN HQ LOBBY,3,Phone,"ANDERSON, MARILYN","LEWIS, LESLIE",2026-06-15 17:19:57.000,2026-06-15 17:22:10.000,2026-06-15 17:20:18.000,21,19,2,2026-06-15 17:58:39.827,2301,2301,0,2026-06-15 17:21:22.000,85,83,2,2026-06-15 17:58:47.917,2322,2322,0,2026-06-15 17:58:47.917,8,8,0,2026-06-15 18:45:13.770,2786,2785,1,2026-06-15 18:49:37.970,2026-06-15 18:49:37.970,0,NULL,2026-06-15 18:49:38.097,5380,5380,0,NR-No Report
26-048346,2026-06-15 17:20:54.000,25,MON,15,17,B,DAY,LATE,POLICE,ANIMAL COMPLAINT,4,Phone,"GARCIA, VILMA","LEWIS, LESLIE",2026-06-15 17:20:51.000,2026-06-15 17:22:40.000,2026-06-15 17:21:15.000,24,21,3,2026-06-15 17:22:58.207,103,103,0,2026-06-15 17:21:52.000,61,58,3,2026-06-15 17:25:39.080,127,127,0,2026-06-15 17:25:39.080,161,160,1,2026-06-15 17:37:18.703,699,699,0,2026-06-15 17:37:24.230,2026-06-15 17:37:24.230,0,NULL,2026-06-15 17:37:24.287,993,993,0,ACOR-Animal Control Report
26-048347,2026-06-15 17:21:35.000,25,MON,15,17,B,DAY,LATE,POLICE,MENTAL HEALTH CASE,2,Phone,"PEREZ, CARLOS","LEWIS, LESLIE",2026-06-15 17:21:33.000,2026-06-15 17:27:14.000,2026-06-15 17:24:14.000,161,159,2,2026-06-15 17:32:25.647,491,491,0,2026-06-15 17:27:04.000,331,329,2,2026-06-15 17:32:25.690,652,652,0,2026-06-15 17:32:25.690,0,0,0,2026-06-15 17:35:12.250,167,166,1,2026-06-15 17:38:26.017,2026-06-15 17:40:09.110,0,NULL,2026-06-15 17:40:09.157,1116,1116,0,NR-No Report
26-014851,2026-06-15 17:29:33.660,25,MON,15,17,B,DAY,LATE,EMS,BLS EMERGENCY,3,NOT CAPTURED,"PEREZ, CARLOS",Automatic Dispatch,2026-06-15 17:29:33.660,2026-06-15 17:29:44.000,2026-06-15 17:29:33.660,0,0,0,2026-06-15 17:29:35.900,2,2,0,2026-06-15 17:29:33.660,0,NULL,0,2026-06-15 17:31:19.590,2,2,0,2026-06-15 17:31:19.590,104,103,1,2026-06-15 17:36:39.353,320,319,1,2026-06-15 17:40:20.140,2026-06-15 17:40:20.140,0,NULL,2026-06-15 17:40:20.190,647,646,1,UNDEFINED
26-014852,2026-06-15 17:30:35.000,25,MON,15,17,B,DAY,LATE,FIRE,FIRE ALARM,3,Phone,"VALENTIN, EMERITA","WALKER, KAREN",2026-06-15 17:30:33.000,2026-06-15 17:31:14.000,2026-06-15 17:30:49.000,16,14,2,2026-06-15 17:30:51.983,2,2,0,2026-06-15 17:41:29.000,656,654,2,2026-06-15 17:34:37.027,18,18,0,2026-06-15 17:34:37.027,226,97,129,2026-06-15 17:38:06.213,209,209,0,2026-06-15 17:33:44.287,2026-06-15 17:49:42.230,0,NULL,2026-06-15 17:49:42.407,1149,1149,0,UNDEFINED
26-048349,2026-06-15 17:33:25.000,25,MON,15,17,B,DAY,LATE,POLICE,TROUBLE UNKNOWN NO EMS,2,E-911,"GARCIA, VILMA","LEWIS, LESLIE",2026-06-15 17:33:25.000,2026-06-15 17:37:26.000,2026-06-15 17:36:22.000,177,177,0,2026-06-15 17:46:06.747,584,584,0,2026-06-15 17:36:22.000,177,NULL,177,2026-06-15 17:46:15.663,761,761,0,2026-06-15 17:46:15.663,9,8,1,NULL,NULL,-9999,NULL,2026-06-15 17:54:15.157,2026-06-15 17:55:59.827,0,NULL,2026-06-15 17:55:59.887,1354,1354,0,NR-No Report
26-014853,2026-06-15 17:41:33.000,25,MON,15,17,B,DAY,LATE,EMS,DIABETIC EMERGENCY ALS 1,1,E-911,"ANDERSON, MARILYN",Automatic Dispatch,2026-06-15 17:41:32.000,2026-06-15 17:42:50.000,2026-06-15 17:42:35.000,63,62,1,2026-06-15 17:42:37.700,2,2,0,2026-06-15 17:50:27.000,535,534,1,2026-06-15 17:43:49.893,65,65,0,2026-06-15 17:43:49.893,72,72,0,2026-06-15 17:47:00.963,191,191,0,2026-06-15 17:56:45.497,2026-06-15 18:50:19.367,0,NULL,2026-06-15 18:50:19.447,4127,4127,0,UNDEFINED
26-014854,2026-06-15 17:49:53.000,25,MON,15,17,B,DAY,LATE,FIRE,FIRE ALARM,3,Phone,"VALENTIN, EMERITA",Automatic Dispatch,2026-06-15 17:49:51.000,2026-06-15 17:51:16.000,2026-06-15 17:51:04.000,73,71,2,2026-06-15 17:51:06.167,2,2,0,2026-06-15 18:00:08.000,617,615,2,2026-06-15 17:52:26.940,75,75,0,2026-06-15 17:52:26.940,80,80,0,NULL,NULL,-9999,NULL,2026-06-15 18:04:31.410,2026-06-15 18:04:31.410,0,NULL,2026-06-15 18:04:31.563,880,880,0,UNDEFINED
26-014856,2026-06-15 17:56:37.000,25,MON,15,17,B,DAY,LATE,EMS,TROUBLE BREATHING ALS 1,1,E-911,"ANDERSON, MARILYN","GRAVES, CHRISTINA",2026-06-15 17:56:37.000,2026-06-15 18:02:35.000,2026-06-15 17:59:16.000,159,159,0,2026-06-15 17:59:18.323,2,2,0,2026-06-15 18:02:00.000,323,323,0,2026-06-15 18:00:33.853,161,161,0,2026-06-15 18:00:33.853,75,75,0,2026-06-15 18:03:48.710,195,194,1,2026-06-15 18:04:46.590,2026-06-15 18:58:00.647,0,NULL,2026-06-15 18:58:00.710,3683,3683,0,UNDEFINED
26-014855,2026-06-15 17:58:20.000,25,MON,15,17,B,DAY,LATE,FIRE,ELEVATOR,3,Phone,"WILLIAMS, DARNELL","GRAVES, CHRISTINA",2026-06-15 17:58:18.000,2026-06-15 18:02:19.000,2026-06-15 17:59:01.000,43,41,2,2026-06-15 17:59:02.900,1,1,0,2026-06-15 18:00:57.000,159,157,2,2026-06-15 18:00:16.310,44,44,0,2026-06-15 18:00:16.310,74,73,1,NULL,NULL,-9999,NULL,2026-06-15 18:08:37.073,2026-06-15 18:22:17.600,0,NULL,2026-06-15 18:22:17.907,1439,1439,0,UNDEFINED
26-048352,2026-06-15 18:04:50.000,25,MON,15,18,B,DAY,EARLY,POLICE,OFF DUTY DETAIL,8,OFFICER,"GARDIZI, LEMAR",NULL,2026-06-15 18:04:50.000,2026-06-15 18:04:59.000,2026-06-15 18:04:50.000,0,1,-1,2026-06-15 18:04:50.000,0,0,0,2026-06-15 18:04:50.000,0,NULL,0,2026-06-15 18:04:50.000,0,0,0,2026-06-15 18:04:50.000,0,0,0,2026-06-15 18:04:50.000,0,0,0,2026-06-15 22:04:38.627,2026-06-15 22:04:38.627,0,NULL,2026-06-15 22:04:38.683,14388,14388,0,NR-No Report
26-048353,2026-06-15 18:06:41.000,25,MON,15,18,B,DAY,EARLY,POLICE,ASSIST CITIZEN DELAY,4,Phone,"WILLIAMS, DARNELL",NULL,2026-06-15 18:06:39.000,2026-06-15 18:08:42.000,2026-06-15 18:07:03.000,24,22,2,2026-06-15 20:52:18.620,9915,9915,0,2026-06-15 18:08:41.000,122,120,2,2026-06-15 20:52:18.620,9939,9939,0,2026-06-15 20:52:18.620,0,0,0,NULL,NULL,-9999,NULL,2026-06-15 20:55:54.317,2026-06-15 20:55:54.317,0,NULL,2026-06-15 20:55:54.360,10155,10155,0,NR-No Report
26-048355,2026-06-15 18:11:48.000,25,MON,15,18,B,DAY,EARLY,POLICE,ASSAULT NO INJURY IN PROG,2,Phone,"ANDERSON, MARILYN","WALKER, LATITIA",2026-06-15 18:11:46.000,2026-06-15 18:14:17.000,2026-06-15 18:12:57.000,71,69,2,2026-06-15 18:39:49.493,1612,1612,0,2026-06-15 18:17:44.000,358,356,2,2026-06-15 18:39:52.503,1683,1683,0,2026-06-15 18:39:52.503,3,3,0,2026-06-15 18:45:42.267,350,349,1,2026-06-15 19:01:04.753,2026-06-15 19:01:19.983,0,NULL,2026-06-15 19:01:20.040,2973,2973,0,NR-No Report
26-048356,2026-06-15 18:12:49.000,25,MON,15,18,B,DAY,EARLY,POLICE,DISORDERLY CONDUCT,2,E-911,"WILLIAMS, DARNELL","WALKER, LATITIA",2026-06-15 18:12:49.000,2026-06-15 18:15:11.000,2026-06-15 18:13:24.000,35,35,0,2026-06-15 18:15:34.950,130,130,0,2026-06-15 18:15:51.000,182,182,0,2026-06-15 18:15:37.427,165,165,0,2026-06-15 18:15:37.427,3,2,1,2026-06-15 18:25:08.520,571,571,0,2026-06-15 18:37:11.520,2026-06-15 18:38:02.487,0,NULL,2026-06-15 18:38:02.553,1513,1513,0,NR-No Report
26-014858,2026-06-15 18:23:13.000,25,MON,15,18,B,DAY,EARLY,EMS,ALTERED LOC ALS 1,1,E-911,"DOGAN, KYLAH",Automatic Dispatch,2026-06-15 18:23:13.000,2026-06-15 18:24:40.000,2026-06-15 18:24:24.000,71,71,0,2026-06-15 18:24:26.527,2,2,0,2026-06-15 18:29:09.000,356,356,0,2026-06-15 18:25:24.833,73,73,0,2026-06-15 18:25:24.833,58,58,0,2026-06-15 18:28:16.480,172,171,1,2026-06-15 18:33:38.663,2026-06-15 19:21:22.417,0,NULL,2026-06-15 19:21:22.467,3489,3489,0,UNDEFINED
26-014859,2026-06-15 18:27:45.000,25,MON,15,18,B,DAY,EARLY,EMS,TROUBLE BREATHING ALS 1,1,E-911,"WILLIAMS, DARNELL",Automatic Dispatch,2026-06-15 18:27:45.000,2026-06-15 18:29:25.000,2026-06-15 18:28:24.000,39,39,0,2026-06-15 18:28:26.317,2,2,0,2026-06-15 18:31:30.000,225,225,0,2026-06-15 18:28:57.863,41,41,0,2026-06-15 18:28:57.863,31,31,0,2026-06-15 18:33:53.987,296,296,0,2026-06-15 18:35:54.617,2026-06-15 20:05:54.543,0,NULL,2026-06-15 20:05:54.590,5889,5889,0,UNDEFINED
26-014860,2026-06-15 18:35:09.000,25,MON,15,18,B,DAY,EARLY,EMS,ALTERED LOC ALS 1,1,E-911,"ANDERSON, MARILYN","GRAVES, CHRISTINA",2026-06-15 18:35:08.000,2026-06-15 18:36:43.000,2026-06-15 18:36:23.000,75,74,1,2026-06-15 18:36:25.300,2,2,0,2026-06-15 18:39:22.000,254,253,1,2026-06-15 18:38:09.827,77,77,0,2026-06-15 18:38:09.827,104,104,0,2026-06-15 18:42:03.790,234,233,1,2026-06-15 18:44:02.987,2026-06-15 18:46:23.743,0,NULL,2026-06-15 18:46:23.793,675,675,0,UNDEFINED
26-014861,2026-06-15 18:45:35.000,25,MON,15,18,B,DAY,EARLY,EMS,ABDOMINAL PAIN BLS,3,E-911,"DOGAN, KYLAH",Automatic Dispatch,2026-06-15 18:45:35.000,2026-06-15 18:47:04.000,2026-06-15 18:46:20.000,45,45,0,2026-06-15 18:46:22.747,2,2,0,2026-06-15 19:03:09.000,1054,1054,0,2026-06-15 18:49:00.593,47,47,0,2026-06-15 18:49:00.593,158,157,1,2026-06-15 18:55:58.177,418,417,1,2026-06-15 19:54:42.343,2026-06-15 19:54:42.343,0,NULL,2026-06-15 19:54:42.373,4147,4147,0,CAD2CAD
26-014862,2026-06-15 18:49:43.000,25,MON,15,18,B,DAY,EARLY,EMS,FALL BLS,3,E-911,"ANDERSON, MARILYN",Automatic Dispatch,2026-06-15 18:49:42.000,2026-06-15 18:50:53.000,2026-06-15 18:50:10.000,28,27,1,2026-06-15 18:50:12.907,2,2,0,2026-06-15 18:51:59.000,137,136,1,2026-06-15 18:50:29.970,30,30,0,2026-06-15 18:50:29.970,17,17,0,2026-06-15 18:53:46.760,197,196,1,2026-06-15 20:06:35.690,2026-06-15 20:06:35.690,0,NULL,2026-06-15 20:06:35.777,4613,4613,0,UNDEFINED
26-048360,2026-06-15 18:52:05.000,25,MON,15,18,B,DAY,EARLY,POLICE,VEHICLE ACTIVATION/ONSTAR,2,E-911,"WILLIAMS, DARNELL","WALKER, LATITIA",2026-06-15 18:52:05.000,2026-06-15 18:58:30.000,2026-06-15 18:58:17.000,372,372,0,2026-06-15 19:01:19.863,182,182,0,2026-06-15 19:06:54.000,889,889,0,2026-06-15 19:01:19.927,554,554,0,2026-06-15 19:01:19.927,0,0,0,2026-06-15 19:08:56.620,457,456,1,2026-06-15 19:57:07.297,2026-06-15 19:57:07.297,0,NULL,2026-06-15 19:57:07.353,3902,3902,0,NR-No Report
26-048359,2026-06-15 18:54:32.000,25,MON,15,18,B,DAY,EARLY,POLICE,PARKING COMPLAINT,4,Phone,"ANDERSON, MARILYN",NULL,2026-06-15 18:54:31.000,NULL,2026-06-15 18:55:44.000,73,72,1,2026-06-15 18:56:30.493,46,46,0,2026-06-15 18:56:07.000,96,95,1,2026-06-15 18:56:30.493,119,119,0,2026-06-15 18:56:30.493,0,-9999,9999,2026-06-15 19:20:06.450,1416,1415,1,2026-06-15 19:36:03.513,2026-06-15 19:36:03.513,0,NULL,2026-06-15 19:36:04.250,2492,2492,0,CI-Citation
26-048361,2026-06-15 18:58:40.000,25,MON,15,18,B,DAY,EARLY,POLICE,PARKING COMPLAINT,3,Phone,"JACKSON, MALIKA",NULL,2026-06-15 18:58:38.000,2026-06-15 19:20:14.000,2026-06-15 19:00:03.000,85,83,2,2026-06-15 19:00:28.227,25,25,0,2026-06-15 19:01:32.000,174,172,2,2026-06-15 19:00:28.227,110,110,0,2026-06-15 19:00:28.227,0,0,0,2026-06-15 19:12:58.417,750,750,0,2026-06-15 19:35:10.663,2026-06-15 19:35:10.663,0,NULL,2026-06-15 19:35:11.733,2192,2192,0,CI-Citation
26-048362,2026-06-15 19:02:57.000,25,MON,15,19,D,NIGHT,EARLY,POLICE,LARCENY COMM IN PROG,2,Phone,"MACK, BRIANA","WALKER, LATITIA",2026-06-15 19:02:55.000,NULL,2026-06-15 19:03:11.000,16,14,2,2026-06-15 19:06:18.580,187,187,0,2026-06-15 19:06:03.000,188,186,2,2026-06-15 19:06:21.553,203,203,0,2026-06-15 19:06:21.553,3,2,1,2026-06-15 19:10:36.853,255,255,0,2026-06-15 19:55:52.930,2026-06-15 19:55:52.930,0,NULL,2026-06-15 19:55:52.993,3177,3177,0,RE-Report
26-014863,2026-06-15 19:04:05.833,25,MON,15,19,D,NIGHT,EARLY,EMS,MUTUAL BLS,1,C2C,CAD to CAD Service 1,CAD to CAD Service 1,2026-06-15 19:01:54.000,NULL,2026-06-15 19:04:06.210,132,0,132,2026-06-15 19:04:06.257,0,0,0,NULL,NULL,NULL,NULL,2026-06-15 19:04:52.827,132,-9999,10131,2026-06-15 19:04:52.827,46,46,0,2026-06-15 19:07:07.540,135,134,1,2026-06-15 19:19:26.557,2026-06-15 20:04:50.090,0,NULL,2026-06-15 20:04:50.183,3776,3776,0,UNDEFINED
26-014864,2026-06-15 19:09:52.000,25,MON,15,19,D,NIGHT,EARLY,FIRE,FIRE ALARM,3,Phone,"MACK, BRIANA",Automatic Dispatch,2026-06-15 19:09:52.000,2026-06-15 19:14:24.000,2026-06-15 19:10:05.000,13,13,0,2026-06-15 19:10:07.620,2,2,0,2026-06-15 19:11:06.000,74,74,0,2026-06-15 19:11:21.690,15,15,0,2026-06-15 19:11:21.690,74,74,0,2026-06-15 19:15:03.817,222,222,0,2026-06-15 19:27:05.087,2026-06-15 19:27:04.843,0,NULL,2026-06-15 19:27:04.843,1032,1033,-1,UNDEFINED
26-048364,2026-06-15 19:13:36.000,25,MON,15,19,D,NIGHT,EARLY,POLICE,ADMINISTRATIVE TASK,2,Phone,"ANDERSON, MARILYN","PRIESTLY, SHAVAUGHN",2026-06-15 19:13:34.000,NULL,2026-06-15 19:14:41.000,67,65,2,2026-06-15 19:18:01.883,200,200,0,2026-06-15 19:15:14.000,100,98,2,2026-06-15 19:18:01.963,267,267,0,2026-06-15 19:18:01.963,0,0,0,2026-06-15 19:57:48.240,2387,2386,1,2026-06-15 20:06:59.263,2026-06-15 20:06:59.263,0,NULL,2026-06-15 20:06:59.400,3205,3205,0,NR-No Report
26-048365,2026-06-15 19:23:28.000,25,MON,15,19,D,NIGHT,EARLY,POLICE,DRUG COMPLAINT IN PROG,2,Phone,"ANDERSON, MARILYN",NULL,2026-06-15 19:23:26.000,2026-06-15 19:24:19.000,2026-06-15 19:24:00.000,34,32,2,2026-06-15 19:25:21.617,81,81,0,2026-06-15 19:27:14.000,228,226,2,2026-06-15 19:25:23.600,115,115,0,2026-06-15 19:25:23.600,2,1,1,2026-06-15 19:25:42.807,19,19,0,2026-06-15 21:33:36.707,2026-06-16 03:23:25.183,0,NULL,2026-06-16 03:23:25.280,28799,28799,0,RE-Report
26-014865,2026-06-15 19:33:28.000,25,MON,15,19,D,NIGHT,EARLY,EMS,TROUBLE BREATHING ALS 1,1,E-911,"WILLIAMS, DARNELL",Automatic Dispatch,2026-06-15 19:33:28.000,2026-06-15 19:36:54.000,2026-06-15 19:34:10.000,42,42,0,2026-06-15 19:34:13.030,3,3,0,2026-06-15 19:43:58.000,630,630,0,2026-06-15 19:34:20.873,45,45,0,2026-06-15 19:34:20.873,7,7,0,2026-06-15 19:38:15.353,235,234,1,2026-06-15 19:55:03.487,2026-06-15 20:43:41.100,0,NULL,2026-06-15 20:43:41.143,4213,4213,0,UNDEFINED
26-014866,2026-06-15 19:40:31.000,25,MON,15,19,D,NIGHT,EARLY,EMS,CHEST PAIN ALS 1,1,E-911,"JACKSON, MALIKA","GRAVES, CHRISTINA",2026-06-15 19:40:31.000,2026-06-15 19:43:36.000,2026-06-15 19:43:08.000,157,157,0,2026-06-15 19:43:10.350,2,2,0,2026-06-15 19:46:52.000,381,381,0,2026-06-15 19:46:03.947,159,159,0,2026-06-15 19:46:03.947,173,60,113,2026-06-15 19:50:53.633,290,289,1,2026-06-15 20:10:20.793,2026-06-15 20:50:14.950,0,NULL,2026-06-15 20:50:15.063,4183,4183,0,UNDEFINED
26-048368,2026-06-15 19:40:56.000,25,MON,15,19,D,NIGHT,EARLY,POLICE,ON VIEW,2,Phone,"WALKER, LATITIA","WALKER, LATITIA",2026-06-15 19:40:56.000,2026-06-15 19:41:56.000,2026-06-15 19:40:56.000,0,0,0,2026-06-15 19:40:56.000,0,0,0,2026-06-15 19:40:56.000,0,0,0,2026-06-15 19:41:32.457,0,0,0,2026-06-15 19:40:56.000,0,0,0,2026-06-15 19:40:56.000,0,0,0,2026-06-15 21:27:12.810,2026-06-15 23:17:02.910,0,NULL,2026-06-15 23:17:03.000,12966,12966,0,NR-No Report
26-048370,2026-06-15 19:48:46.000,25,MON,15,19,D,NIGHT,EARLY,POLICE,WALK IN HQ LOBBY,3,Phone,"MACK, BRIANA",NULL,2026-06-15 19:48:44.000,2026-06-15 19:52:15.000,2026-06-15 19:50:20.000,96,94,2,2026-06-15 21:08:08.557,4668,4668,0,2026-06-15 19:53:43.000,299,297,2,2026-06-15 21:08:08.557,4764,4764,0,2026-06-15 21:08:08.557,0,0,0,NULL,NULL,-9999,NULL,2026-06-15 22:23:28.670,2026-06-15 22:23:37.267,0,NULL,2026-06-15 22:23:37.353,9293,9293,0,NR-No Report
26-014867,2026-06-15 19:49:52.000,25,MON,15,19,D,NIGHT,EARLY,FIRE,FLAM LIQ SPILL <5,3,E-911,"JACKSON, MALIKA",Automatic Dispatch,2026-06-15 19:49:52.000,2026-06-15 19:53:23.000,2026-06-15 19:53:12.000,200,200,0,2026-06-15 19:53:14.320,2,2,0,2026-06-15 19:59:38.000,586,586,0,2026-06-15 19:54:07.220,202,202,0,2026-06-15 19:54:07.220,53,52,1,NULL,NULL,-9999,NULL,2026-06-15 20:10:01.120,2026-06-15 20:10:01.120,0,NULL,2026-06-15 20:10:01.237,1209,1209,0,UNDEFINED
26-014868,2026-06-15 19:53:32.000,25,MON,15,19,D,NIGHT,EARLY,FIRE,L.A.R. SECONDARY RESPONSE,2,Radio,"GRAVES, CHRISTINA",Automatic Dispatch,2026-06-15 19:53:30.000,2026-06-15 20:19:32.000,2026-06-15 19:53:49.000,19,17,2,2026-06-15 19:53:51.250,2,2,0,2026-06-15 19:54:06.000,36,34,2,2026-06-15 19:54:34.057,21,21,0,2026-06-15 19:54:34.057,43,42,1,2026-06-15 20:07:11.920,757,757,0,2026-06-15 20:19:55.577,2026-06-15 20:19:55.577,0,NULL,2026-06-15 20:19:55.730,1585,1585,0,UNDEFINED
26-048371,2026-06-15 19:55:38.000,25,MON,15,19,D,NIGHT,EARLY,POLICE,DISORDERLY CONDUCT,2,E-911,"WILLIAMS, DARNELL",NULL,2026-06-15 19:55:38.000,2026-06-15 20:01:41.000,2026-06-15 19:56:25.000,47,47,0,2026-06-15 20:17:36.527,1271,1271,0,2026-06-15 19:59:46.000,248,248,0,2026-06-15 20:17:36.527,1318,1318,0,2026-06-15 20:17:36.527,0,0,0,2026-06-15 20:29:37.110,721,720,1,2026-06-15 20:44:17.360,2026-06-15 20:44:22.623,0,NULL,2026-06-15 20:44:22.670,2924,2924,0,NR-No Report
26-014869,2026-06-15 20:01:15.000,25,MON,15,20,D,NIGHT,EARLY,FIRE,PUBLIC SERVICE FIRE,4,Phone,"MACK, BRIANA",Automatic Dispatch,2026-06-15 20:01:13.000,2026-06-15 20:03:14.000,2026-06-15 20:01:58.000,45,43,2,2026-06-15 20:02:00.380,2,2,0,2026-06-15 20:03:12.000,119,117,2,2026-06-15 20:02:50.317,47,47,0,2026-06-15 20:02:50.317,50,49,1,2026-06-15 20:10:55.363,485,485,0,2026-06-15 20:27:06.777,2026-06-15 20:27:06.777,0,NULL,2026-06-15 20:27:07.027,1553,1553,0,UNDEFINED
26-048372,2026-06-15 20:07:26.000,25,MON,15,20,D,NIGHT,EARLY,POLICE,PARKING COMPLAINT,4,Phone,"JACKSON, MALIKA",NULL,2026-06-15 20:07:26.000,2026-06-15 20:30:00.000,2026-06-15 20:08:26.000,60,60,0,2026-06-15 20:21:59.587,813,813,0,2026-06-15 20:10:26.000,180,180,0,2026-06-15 20:21:59.587,873,873,0,2026-06-15 20:21:59.587,0,-9999,9999,2026-06-15 20:31:22.187,563,562,1,2026-06-15 20:44:29.443,2026-06-15 20:44:29.443,0,NULL,2026-06-15 20:44:29.750,2223,2223,0,NR-No Report
26-048374,2026-06-15 20:25:21.000,25,MON,15,20,D,NIGHT,EARLY,POLICE,DOMESTIC VIOL MINOR INJ,2,E-911,"MACK, BRIANA",NULL,2026-06-15 20:25:21.000,2026-06-15 20:26:40.000,2026-06-15 20:26:32.000,71,71,0,2026-06-15 20:27:39.787,67,67,0,2026-06-15 20:29:20.000,239,239,0,2026-06-15 20:27:49.923,138,138,0,2026-06-15 20:27:49.923,10,10,0,2026-06-15 20:27:49.923,0,0,0,2026-06-15 23:56:59.860,2026-06-16 03:31:50.963,0,NULL,2026-06-16 03:31:51.027,25589,25589,0,RE-Report
26-014871,2026-06-15 20:25:29.000,25,MON,15,20,D,NIGHT,EARLY,EMS,ALTERED LOC ALS 1,1,E-911,"JACKSON, MALIKA","GRAVES, CHRISTINA",2026-06-15 20:25:29.000,2026-06-15 20:27:30.000,2026-06-15 20:26:46.000,77,77,0,2026-06-15 20:26:48.160,2,2,0,2026-06-15 20:28:10.000,161,161,0,2026-06-15 20:27:49.603,79,79,0,2026-06-15 20:27:49.603,61,61,0,2026-06-15 20:32:02.853,253,253,0,2026-06-15 20:58:37.937,2026-06-15 21:48:05.107,0,NULL,2026-06-15 21:48:05.390,4956,4956,0,UNDEFINED
26-014870,2026-06-15 20:26:32.000,25,MON,15,20,D,NIGHT,EARLY,EMS,ASSAULT ALS 1,3,E-911,"MACK, BRIANA","GRAVES, CHRISTINA",2026-06-15 20:26:32.000,2026-06-15 20:26:52.000,2026-06-15 20:26:32.000,0,NULL,0,2026-06-15 20:26:34.830,2,2,0,2026-06-15 20:26:32.000,0,0,0,2026-06-15 20:26:56.157,2,2,0,2026-06-15 20:26:56.157,22,21,1,2026-06-15 20:37:30.847,634,634,0,2026-06-15 20:28:08.780,2026-06-15 20:51:05.713,0,NULL,2026-06-15 20:51:05.783,1473,1473,0,UNDEFINED
26-048378,2026-06-15 20:49:38.000,25,MON,15,20,D,NIGHT,EARLY,POLICE,DISORDERLY CONDUCT,4,E-911,"WILLIAMS, DARNELL","LEWIS, LESLIE",2026-06-15 20:49:38.000,2026-06-17 13:40:27.000,2026-06-15 20:53:20.000,222,222,0,2026-06-16 22:13:27.023,91207,27800,63407,2026-06-15 20:55:28.000,350,350,0,2026-06-16 22:13:29.893,91429,-9999,101428,2026-06-16 22:13:29.893,2,2,0,2026-06-16 22:25:48.407,739,738,1,2026-06-16 23:00:14.173,2026-06-15 22:26:47.000,1,2026-06-16 14:30:06.280,2026-06-17 18:19:03.723,5829,77365,-71536,NR-No Report
26-048377,2026-06-15 20:50:04.000,25,MON,15,20,D,NIGHT,EARLY,POLICE,RUNAWAY NOT ON SCENE,2,Phone,"JACKSON, MALIKA","DOGAN, KYLAH",2026-06-15 20:50:02.000,2026-06-15 22:22:20.000,2026-06-15 20:52:53.000,171,169,2,2026-06-15 22:41:06.170,6493,1949,4544,2026-06-15 20:57:39.000,457,455,2,2026-06-15 22:41:09.727,6664,6664,0,2026-06-15 22:41:09.727,3,3,0,2026-06-15 22:43:24.420,135,134,1,2026-06-16 00:47:33.240,2026-06-15 21:06:46.000,1,2026-06-15 22:08:36.783,2026-06-16 00:47:33.283,1004,14251,-13247,RE-Report
26-048379,2026-06-15 20:56:38.000,25,MON,15,20,D,NIGHT,EARLY,POLICE,ASSAULT MINOR INJ IN PROG,2,Phone,"DOGAN, KYLAH",NULL,2026-06-15 20:56:37.000,2026-06-15 20:57:26.000,2026-06-15 20:56:51.000,14,13,1,2026-06-15 20:59:26.090,155,155,0,2026-06-15 20:59:05.000,148,147,1,2026-06-15 20:59:29.290,169,169,0,2026-06-15 20:59:29.290,3,3,0,2026-06-15 21:04:34.770,305,305,0,2026-06-15 23:51:14.800,2026-06-15 23:51:14.800,0,NULL,2026-06-15 23:51:14.810,10477,10477,0,RE-Report
26-048380,2026-06-15 21:00:35.000,25,MON,15,21,D,NIGHT,EARLY,POLICE,POLICE INFORMATION,4,Radio,"WALKER, LATITIA",NULL,2026-06-15 21:00:33.000,2026-06-15 21:53:27.000,2026-06-15 21:00:51.000,18,16,2,2026-06-15 21:54:42.007,3231,3231,0,2026-06-15 21:00:52.000,19,17,2,2026-06-15 21:54:42.007,3249,3249,0,2026-06-15 21:54:42.007,0,-9999,9999,2026-06-15 21:55:05.327,23,23,0,2026-06-15 21:55:38.053,2026-06-16 02:13:56.987,0,NULL,2026-06-16 02:13:57.017,18803,18803,0,RE-Report
26-014872,2026-06-15 21:17:27.533,25,MON,15,21,D,NIGHT,EARLY,EMS,BLS EMERGENCY,3,NOT CAPTURED,"DOGAN, KYLAH",Automatic Dispatch,2026-06-15 21:17:27.533,2026-06-15 21:19:04.000,2026-06-15 21:17:27.533,0,0,0,2026-06-15 21:17:29.727,2,2,0,2026-06-15 21:17:27.533,0,NULL,0,2026-06-15 21:19:45.460,2,2,0,2026-06-15 21:19:45.460,136,135,1,2026-06-15 21:24:45.537,300,300,0,2026-06-15 23:15:57.367,2026-06-15 23:15:57.367,0,NULL,2026-06-15 23:15:57.433,7110,7109,1,UNDEFINED
26-048381,2026-06-15 21:25:28.000,25,MON,15,21,D,NIGHT,EARLY,POLICE,DISORDERLY CONDUCT,2,E-911,"WALKER, LATITIA","DOGAN, KYLAH",2026-06-15 21:25:28.000,2026-06-15 21:26:51.000,2026-06-15 21:25:48.000,20,20,0,2026-06-15 22:10:44.770,2696,2696,0,2026-06-15 21:26:32.000,64,64,0,2026-06-15 22:10:44.820,2716,2716,0,2026-06-15 22:10:44.820,0,0,0,2026-06-15 22:20:39.103,595,594,1,2026-06-15 22:30:08.673,2026-06-15 22:30:08.673,0,NULL,2026-06-15 22:30:08.740,3880,3880,0,NR-No Report
26-048383,2026-06-15 21:26:07.000,25,MON,15,21,D,NIGHT,EARLY,POLICE,ASSAULT MINOR INJ IN PROG,2,E-911,"WILLIAMS, DARNELL",NULL,2026-06-15 21:26:06.000,2026-06-15 21:27:03.000,2026-06-15 21:26:55.000,49,48,1,2026-06-15 21:27:19.703,24,24,0,2026-06-15 21:30:51.000,285,284,1,2026-06-15 21:27:36.173,73,73,0,2026-06-15 21:27:36.173,17,16,1,2026-06-15 21:33:54.577,378,378,0,2026-06-15 22:54:40.317,2026-06-16 05:42:00.000,0,NULL,NULL,29754,29754,0,RE-Report
26-048386,2026-06-15 21:26:54.000,25,MON,15,21,D,NIGHT,EARLY,POLICE,DOMESTIC VIOL NO INJ,2,E-911,"JACKSON, MALIKA",NULL,2026-06-15 21:26:54.000,2026-06-17 00:15:57.000,2026-06-15 21:29:56.000,182,182,0,2026-06-15 22:50:09.457,4813,4813,0,2026-06-15 21:32:27.000,333,333,0,2026-06-15 22:50:15.047,4995,4995,0,2026-06-15 22:50:15.047,6,5,1,2026-06-15 22:51:37.840,82,82,0,2026-06-15 23:10:34.573,2026-06-16 08:03:54.960,1,2026-06-16 23:46:49.777,2026-06-17 00:33:22.540,38220,11188,27032,RE-Report
26-014873,2026-06-15 21:26:55.000,25,MON,15,21,D,NIGHT,EARLY,EMS,ASSAULT ALS 1,3,E-911,"WILLIAMS, DARNELL",Automatic Dispatch,2026-06-15 21:26:55.000,2026-06-15 21:28:11.000,2026-06-15 21:26:55.000,0,NULL,0,2026-06-15 21:26:57.207,2,2,0,2026-06-15 21:26:55.000,0,0,0,2026-06-15 21:28:03.863,2,2,0,2026-06-15 21:28:03.863,66,66,0,2026-06-15 21:33:13.280,310,309,1,2026-06-15 21:52:31.090,2026-06-15 22:52:03.530,0,NULL,2026-06-15 22:52:03.683,5108,5108,0,UNDEFINED
26-048388,2026-06-15 21:34:12.000,25,MON,15,21,D,NIGHT,EARLY,POLICE,PUBLIC SERVICE MULTI OFFICER,3,Phone,"PRIESTLY, SHAVAUGHN","PRIESTLY, SHAVAUGHN",2026-06-15 21:34:10.000,2026-06-15 21:41:49.000,2026-06-15 21:38:52.000,282,280,2,2026-06-16 02:25:10.793,17178,17178,0,2026-06-15 21:41:45.000,455,453,2,2026-06-16 02:25:18.060,17460,17460,0,2026-06-16 02:25:18.060,8,7,1,2026-06-16 08:53:48.737,23310,23310,0,2026-06-16 10:00:35.050,2026-06-16 10:08:27.180,0,NULL,2026-06-16 10:08:27.220,45257,45257,0,NR-No Report
26-048389,2026-06-15 21:39:19.000,25,MON,15,21,D,NIGHT,EARLY,POLICE,DISORDERLY CONDUCT,2,Phone,"WILLIAMS, DARNELL","DOGAN, KYLAH",2026-06-15 21:39:18.000,2026-06-15 21:40:59.000,2026-06-15 21:39:32.000,14,13,1,2026-06-15 22:35:28.897,3356,3356,0,2026-06-15 21:40:57.000,99,98,1,2026-06-15 22:35:28.943,3370,3370,0,2026-06-15 22:35:28.943,0,0,0,2026-06-15 22:36:21.727,53,52,1,2026-06-15 22:47:00.920,2026-06-15 22:47:23.227,0,NULL,2026-06-15 22:47:23.233,4085,4085,0,NR-No Report
26-014874,2026-06-15 21:39:55.513,25,MON,15,21,D,NIGHT,EARLY,EMS,BLS EMERGENCY,3,NOT CAPTURED,"DOGAN, KYLAH",Automatic Dispatch,2026-06-15 21:39:55.513,2026-06-15 21:40:23.000,2026-06-15 21:39:55.513,0,0,0,2026-06-15 21:39:57.933,2,2,0,2026-06-15 21:39:55.513,0,NULL,0,2026-06-15 21:41:25.993,2,2,0,2026-06-15 21:41:25.993,88,88,0,2026-06-15 21:53:35.880,730,729,1,2026-06-15 23:16:01.253,2026-06-15 23:16:01.253,0,NULL,2026-06-15 23:16:01.310,5766,5765,1,UNDEFINED
26-048395,2026-06-15 22:10:18.000,25,MON,15,22,D,NIGHT,MIDS,POLICE,DISORDERLY CONDUCT,2,Phone,"WILLIAMS, DARNELL",NULL,2026-06-15 22:10:17.000,2026-06-15 22:11:31.000,2026-06-15 22:10:36.000,19,18,1,2026-06-15 22:30:21.250,1185,1185,0,2026-06-15 22:12:12.000,115,114,1,2026-06-15 22:30:21.290,1204,1204,0,2026-06-15 22:30:21.290,0,0,0,2026-06-15 22:36:44.757,383,383,0,2026-06-15 23:17:31.217,2026-06-15 23:17:31.217,0,NULL,2026-06-15 23:17:31.247,4034,4034,0,NR-No Report
26-048397,2026-06-15 22:13:14.000,25,MON,15,22,D,NIGHT,MIDS,POLICE,ALARM COMMERCIAL,2,Phone,"JACKSON, MALIKA","DOGAN, KYLAH",2026-06-15 22:13:12.000,2026-06-15 22:24:37.000,2026-06-15 22:14:25.000,73,71,2,2026-06-15 22:24:46.967,621,621,0,2026-06-15 22:15:27.000,135,133,2,2026-06-15 22:25:35.973,694,694,0,2026-06-15 22:25:35.973,49,49,0,2026-06-15 22:30:49.990,314,314,0,2026-06-15 22:37:32.173,2026-06-15 22:58:25.113,0,NULL,2026-06-15 22:58:25.253,2713,2713,0,NR-No Report
26-048398,2026-06-15 22:15:24.000,25,MON,15,22,D,NIGHT,MIDS,POLICE,ALARM COMMERCIAL,2,Phone,"WALKER, LATITIA",NULL,2026-06-15 22:15:22.000,2026-06-15 22:27:14.000,2026-06-15 22:15:49.000,27,25,2,2026-06-15 22:22:08.563,379,379,0,2026-06-15 22:16:55.000,93,91,2,2026-06-15 22:22:08.620,406,406,0,2026-06-15 22:22:08.620,0,0,0,2026-06-15 22:22:17.057,9,8,1,2026-06-15 22:26:19.703,2026-06-15 22:27:30.000,0,NULL,NULL,728,728,0,NR-No Report
26-048399,2026-06-15 22:21:39.000,25,MON,15,22,D,NIGHT,MIDS,POLICE,DISORDERLY CONDUCT,2,E-911,"WALKER, LATITIA","DOGAN, KYLAH",2026-06-15 22:21:39.000,2026-06-15 22:23:00.000,2026-06-15 22:22:41.000,62,62,0,2026-06-15 22:23:08.493,27,27,0,2026-06-15 22:23:50.000,131,131,0,2026-06-15 22:23:12.337,89,89,0,2026-06-15 22:23:12.337,4,3,1,2026-06-15 22:27:38.587,266,266,0,2026-06-15 22:34:26.423,2026-06-15 22:35:25.023,0,NULL,2026-06-15 22:35:25.023,826,826,0,NR-No Report
26-014875,2026-06-15 22:22:31.190,25,MON,15,22,D,NIGHT,MIDS,EMS,MUTUAL ALS,1,C2C,CAD to CAD Service 1,CAD to CAD Service 1,2026-06-15 22:21:09.000,2026-06-15 23:33:23.000,2026-06-15 22:22:31.457,82,0,82,2026-06-15 22:22:31.503,0,0,0,NULL,NULL,NULL,NULL,2026-06-15 22:23:48.120,82,-9999,10081,2026-06-15 22:23:48.120,77,76,1,2026-06-15 22:28:38.887,290,290,0,2026-06-15 22:39:41.477,2026-06-16 00:28:08.073,0,NULL,2026-06-16 00:28:08.173,7619,7619,0,UNDEFINED
26-048401,2026-06-15 22:24:58.000,25,MON,15,22,D,NIGHT,MIDS,POLICE,TRESPASSING IN PROG,2,E-911,"JACKSON, MALIKA","DOGAN, KYLAH",2026-06-15 22:24:58.000,2026-06-15 22:26:55.000,2026-06-15 22:25:44.000,46,46,0,2026-06-15 22:53:04.357,1640,1640,0,2026-06-15 22:35:02.000,604,604,0,2026-06-15 22:53:04.397,1686,1686,0,2026-06-15 22:53:04.397,0,0,0,2026-06-15 22:53:37.323,33,32,1,2026-06-15 23:14:07.783,2026-06-15 23:14:07.783,0,NULL,2026-06-15 23:14:07.897,2949,2949,0,NR-No Report
26-048402,2026-06-15 22:27:00.000,25,MON,15,22,D,NIGHT,MIDS,POLICE,SUSPICIOUS EVENT,3,Phone,"PRIESTLY, SHAVAUGHN","DOGAN, KYLAH",2026-06-15 22:26:59.000,2026-06-15 22:27:47.000,2026-06-15 22:27:19.000,20,19,1,2026-06-15 22:58:49.760,1890,1890,0,2026-06-15 22:29:19.000,140,139,1,2026-06-15 22:58:49.803,1910,1910,0,2026-06-15 22:58:49.803,0,0,0,2026-06-15 22:58:55.473,6,5,1,2026-06-15 23:35:15.620,2026-06-15 23:35:15.620,0,NULL,2026-06-15 23:35:15.713,4096,4096,0,NR-No Report
26-048403,2026-06-15 22:31:39.000,25,MON,15,22,D,NIGHT,MIDS,POLICE,ON VIEW,2,NOT CAPTURED,"DOGAN, KYLAH","DOGAN, KYLAH",2026-06-15 22:31:39.000,NULL,2026-06-15 22:31:39.000,0,0,0,2026-06-15 22:31:39.000,0,0,0,2026-06-15 22:31:39.000,0,0,0,2026-06-15 22:31:45.770,0,0,0,2026-06-15 22:31:39.000,0,0,0,2026-06-15 22:31:39.000,0,0,0,2026-06-15 22:42:21.760,2026-06-15 22:42:35.160,0,NULL,2026-06-15 22:42:35.263,656,656,0,NR-No Report
26-048407,2026-06-15 22:35:33.000,25,MON,15,22,D,NIGHT,MIDS,POLICE,TROUBLE UNKNOWN NO EMS,2,E-911,"WILLIAMS, DARNELL","DOGAN, KYLAH",2026-06-15 22:35:33.000,2026-06-15 22:37:08.000,2026-06-15 22:36:57.000,84,84,0,2026-06-15 22:37:18.820,21,21,0,2026-06-15 22:38:49.000,196,196,0,2026-06-15 22:37:56.363,105,105,0,2026-06-15 22:37:56.363,38,37,1,2026-06-15 22:40:17.670,141,141,0,2026-06-15 22:51:31.640,2026-06-15 23:16:03.677,0,NULL,2026-06-15 23:16:03.720,2430,2430,0,NR-No Report
26-014876,2026-06-15 22:57:09.913,25,MON,15,22,D,NIGHT,MIDS,EMS,PSYCHIATRIC EMERGENCY ALS 1,2,NOT CAPTURED,"DOGAN, KYLAH",Automatic Dispatch,2026-06-15 22:57:09.913,2026-06-15 22:57:20.000,2026-06-15 22:57:09.913,0,0,0,2026-06-15 22:57:12.370,3,2,1,2026-06-15 22:57:09.913,0,NULL,0,2026-06-15 22:58:17.067,3,2,1,2026-06-15 22:58:17.067,65,64,1,2026-06-15 23:01:32.353,195,195,0,2026-06-15 23:05:57.337,2026-06-15 23:55:56.497,0,NULL,2026-06-15 23:55:56.613,3527,3526,1,UNDEFINED
26-048411,2026-06-15 22:58:08.000,25,MON,15,22,D,NIGHT,MIDS,POLICE,OFF DUTY DETAIL,8,OFFICER,"FELIX, BRUCE",NULL,2026-06-15 22:58:08.000,2026-06-15 22:58:37.000,2026-06-15 22:58:08.000,0,1,-1,2026-06-15 22:58:08.000,0,0,0,2026-06-15 22:58:08.000,0,NULL,0,2026-06-15 22:58:08.000,0,0,0,2026-06-15 22:58:08.000,0,0,0,2026-06-15 22:58:08.000,0,0,0,2026-06-16 02:45:40.997,2026-06-16 02:45:40.997,0,NULL,2026-06-16 02:45:41.067,13652,13652,0,NR-No Report
26-048412,2026-06-15 22:59:26.000,25,MON,15,22,D,NIGHT,MIDS,POLICE,TRESPASSING IN PROG,2,Radio,"DOGAN, KYLAH","DOGAN, KYLAH",2026-06-15 22:59:26.000,2026-06-15 22:59:47.000,2026-06-15 22:59:26.000,0,0,0,2026-06-15 22:59:26.000,0,0,0,2026-06-15 22:59:26.000,0,0,0,2026-06-15 22:59:34.173,0,0,0,2026-06-15 22:59:26.000,0,0,0,2026-06-15 22:59:26.000,0,0,0,2026-06-15 23:14:37.457,2026-06-16 01:49:51.787,0,NULL,2026-06-16 01:49:51.807,10225,10225,0,RE-Report
26-048413,2026-06-15 23:00:34.000,25,MON,15,23,D,NIGHT,MIDS,POLICE,TROUBLE UNKNOWN NO EMS,3,E-911,"WILLIAMS, DARNELL",NULL,2026-06-15 23:00:33.000,2026-06-15 23:10:18.000,2026-06-15 23:01:39.000,66,65,1,2026-06-15 23:17:14.397,935,935,0,2026-06-15 23:04:47.000,254,253,1,2026-06-15 23:17:14.397,1001,1001,0,2026-06-15 23:17:14.397,0,0,0,NULL,NULL,-9999,NULL,2026-06-15 23:32:34.420,2026-06-15 23:32:34.420,0,NULL,2026-06-15 23:32:34.483,1921,1921,0,NR-No Report
26-048415,2026-06-15 23:36:50.000,25,MON,15,23,D,NIGHT,MIDS,POLICE,DISORDERLY CONDUCT,2,Phone,"WILLIAMS, DARNELL",NULL,2026-06-15 23:36:48.000,NULL,2026-06-15 23:37:09.000,21,19,2,2026-06-15 23:47:33.203,624,624,0,2026-06-15 23:40:25.000,217,215,2,2026-06-15 23:47:33.203,645,645,0,2026-06-15 23:47:33.203,0,-9999,9999,2026-06-15 23:47:34.957,1,1,0,2026-06-15 23:47:50.723,2026-06-15 23:47:50.723,0,NULL,2026-06-15 23:47:50.800,662,662,0,NR-No Report
26-048416,2026-06-15 23:40:48.000,25,MON,15,23,D,NIGHT,MIDS,POLICE,SUICIDE IN PROG NO INJ,1,E-911,"WILLIAMS, DARNELL","DOGAN, KYLAH",2026-06-15 23:40:47.000,2026-06-15 23:42:17.000,2026-06-15 23:42:10.000,83,82,1,2026-06-15 23:43:08.283,58,58,0,2026-06-15 23:57:47.000,1020,1019,1,2026-06-15 23:43:44.610,141,141,0,2026-06-15 23:43:44.610,36,36,0,2026-06-15 23:49:19.373,335,334,1,2026-06-16 00:24:41.027,2026-06-16 00:24:43.913,0,NULL,2026-06-16 00:24:43.913,2636,2636,0,NR-No Report
26-014877,2026-06-15 23:53:54.000,25,MON,15,23,D,NIGHT,MIDS,EMS,LACERATION BLS,3,E-911,"JACKSON, MALIKA",Automatic Dispatch,2026-06-15 23:53:54.000,2026-06-16 00:06:13.000,2026-06-15 23:55:33.000,99,99,0,2026-06-15 23:55:35.610,2,2,0,2026-06-15 23:57:39.000,225,225,0,2026-06-15 23:57:41.173,101,101,0,2026-06-15 23:57:41.173,126,125,1,2026-06-16 00:08:34.647,653,653,0,2026-06-16 00:08:37.187,2026-06-16 00:08:37.187,0,NULL,2026-06-16 00:08:37.230,883,883,0,UNDEFINED
26-014878,2026-06-16 00:07:18.000,25,TUE,16,0,D,NIGHT,MIDS,EMS,FALL BLS,3,E-911,"DOGAN, KYLAH",Automatic Dispatch,2026-06-16 00:07:18.000,2026-06-16 00:08:37.000,2026-06-16 00:07:56.000,38,38,0,2026-06-16 00:07:58.323,2,2,0,2026-06-16 00:14:42.000,444,444,0,2026-06-16 00:09:00.383,40,40,0,2026-06-16 00:09:00.383,62,62,0,2026-06-16 00:20:03.387,663,663,0,2026-06-16 00:34:55.340,2026-06-16 01:06:49.120,0,NULL,2026-06-16 01:06:49.307,3571,3571,0,CAD2CAD
26-048421,2026-06-16 00:28:06.000,25,TUE,16,0,D,NIGHT,MIDS,POLICE,CREDIT CARD FRAUD DELAY,4,Phone,"GRAVES, CHRISTINA","MCLEOD, DOUGLAS",2026-06-16 00:28:04.000,2026-06-16 06:50:46.000,2026-06-16 00:31:38.000,214,212,2,2026-06-16 10:24:30.963,35572,12832,22740,2026-06-16 00:31:38.000,214,NULL,214,2026-06-16 10:24:41.033,35786,35786,0,2026-06-16 10:24:41.033,11,10,1,2026-06-16 10:32:50.537,489,489,0,2026-06-16 13:50:12.043,2026-06-16 00:36:18.000,1,2026-06-16 06:50:38.900,2026-06-16 13:50:12.120,494,48128,-47634,RE-Report
26-048420,2026-06-16 00:30:35.000,25,TUE,16,0,D,NIGHT,MIDS,POLICE,ALARM HOLDUP,1,Text,"DOGAN, KYLAH","WALKER, LATITIA",2026-06-16 00:30:33.000,2026-06-16 00:31:03.000,2026-06-16 00:30:59.000,26,24,2,2026-06-16 00:31:17.280,18,18,0,2026-06-16 00:30:59.000,26,NULL,26,2026-06-16 00:31:19.803,44,44,0,2026-06-16 00:31:19.803,2,2,0,2026-06-16 00:33:19.417,120,119,1,2026-06-16 00:34:36.937,2026-06-16 00:36:20.023,0,NULL,2026-06-16 00:36:20.070,347,347,0,NR-No Report
26-014880,2026-06-16 00:52:05.000,25,TUE,16,0,D,NIGHT,MIDS,EMS,HEART PROBLEMS ALS 1,1,E-911,"GRAVES, CHRISTINA","MACK, BRIANA",2026-06-16 00:52:05.000,2026-06-16 00:52:59.000,2026-06-16 00:52:52.000,47,47,0,2026-06-16 00:52:54.240,2,2,0,2026-06-16 01:04:30.000,745,745,0,2026-06-16 00:55:09.270,49,49,0,2026-06-16 00:55:09.270,135,135,0,2026-06-16 00:58:07.193,178,177,1,2026-06-16 01:03:30.433,2026-06-16 02:06:52.947,0,NULL,2026-06-16 02:06:52.987,4487,4487,0,UNDEFINED
26-014879,2026-06-16 00:52:07.360,25,TUE,16,0,D,NIGHT,MIDS,EMS,ABDOMINAL PAIN BLS,3,E-911,"WILLIAMS, DARNELL",Automatic Dispatch,2026-06-16 00:52:07.360,2026-06-16 00:52:13.000,2026-06-16 00:52:07.360,0,0,0,2026-06-16 00:52:09.750,2,2,0,2026-06-16 00:52:07.360,0,NULL,0,2026-06-16 00:54:24.813,2,2,0,2026-06-16 00:54:24.813,135,135,0,2026-06-16 01:01:52.733,448,447,1,2026-06-16 02:07:24.050,2026-06-16 02:07:24.050,0,NULL,2026-06-16 02:07:24.143,4517,4516,1,UNDEFINED
26-048423,2026-06-16 01:06:02.000,25,TUE,16,1,D,NIGHT,MIDS,POLICE,DRUG COMPLAINT IN PROG,2,Phone,"GRAVES, CHRISTINA","WALKER, LATITIA",2026-06-16 01:06:00.000,2026-06-16 01:08:07.000,2026-06-16 01:07:29.000,89,87,2,2026-06-16 01:14:33.970,424,424,0,2026-06-16 01:25:25.000,1165,1163,2,2026-06-16 01:15:03.753,513,513,0,2026-06-16 01:15:03.753,30,29,1,2026-06-16 01:19:18.907,255,255,0,2026-06-16 01:38:45.280,2026-06-16 01:43:42.197,0,NULL,2026-06-16 01:43:42.253,2262,2262,0,NR-No Report
26-048424,2026-06-16 01:08:41.000,25,TUE,16,1,D,NIGHT,MIDS,POLICE,OCCUPIED VEHICLE CHECK,2,Radio,"WALKER, LATITIA","WALKER, LATITIA",2026-06-16 01:08:41.000,2026-06-16 01:09:03.000,2026-06-16 01:08:41.000,0,0,0,2026-06-16 01:08:41.000,0,0,0,2026-06-16 01:08:41.000,0,0,0,2026-06-16 01:09:57.293,0,0,0,2026-06-16 01:08:41.000,0,0,0,2026-06-16 01:08:41.000,0,0,0,2026-06-16 01:20:59.100,2026-06-16 01:21:08.430,0,NULL,2026-06-16 01:21:08.450,747,747,0,NR-No Report
26-048426,2026-06-16 01:12:40.000,25,TUE,16,1,D,NIGHT,MIDS,POLICE,NOISE COMPLAINT DELAY,4,Phone,"WILLIAMS, DARNELL","WALKER, LATITIA",2026-06-16 01:12:38.000,2026-06-16 01:15:53.000,2026-06-16 01:14:21.000,103,101,2,2026-06-16 01:22:48.917,507,507,0,2026-06-16 01:15:49.000,191,189,2,2026-06-16 01:24:20.937,610,610,0,2026-06-16 01:24:20.937,92,92,0,2026-06-16 01:24:20.937,0,0,0,2026-06-16 01:30:10.207,2026-06-16 01:30:10.207,0,NULL,2026-06-16 01:30:10.243,1052,1052,0,NR-No Report
26-014881,2026-06-16 01:14:43.000,25,TUE,16,1,D,NIGHT,MIDS,EMS,TROUBLE BREATHING ALS 1,1,E-911,"JACKSON, MALIKA",Automatic Dispatch,2026-06-16 01:14:42.000,2026-06-16 01:16:25.000,2026-06-16 01:16:14.000,92,91,1,2026-06-16 01:16:16.407,2,2,0,2026-06-16 01:18:03.000,201,200,1,2026-06-16 01:17:01.867,94,94,0,2026-06-16 01:17:01.867,45,45,0,2026-06-16 01:22:44.683,343,342,1,2026-06-16 01:40:34.357,2026-06-16 02:18:05.463,0,NULL,2026-06-16 02:18:05.507,3803,3803,0,UNDEFINED
26-048427,2026-06-16 01:22:12.000,25,TUE,16,1,D,NIGHT,MIDS,POLICE,OCCUPIED VEHICLE CHECK,2,Radio,"WALKER, LATITIA","WALKER, LATITIA",2026-06-16 01:22:12.000,2026-06-16 01:22:15.000,2026-06-16 01:22:12.000,0,0,0,2026-06-16 01:22:12.000,0,0,0,2026-06-16 01:22:12.000,0,0,0,2026-06-16 01:30:21.780,0,0,0,2026-06-16 01:22:12.000,0,0,0,2026-06-16 01:22:12.000,0,0,0,2026-06-16 02:41:38.970,2026-06-16 02:41:38.970,0,NULL,2026-06-16 02:41:39.027,4766,4766,0,NR-No Report
26-048428,2026-06-16 01:52:09.000,25,TUE,16,1,D,NIGHT,MIDS,POLICE,ALARM RESIDENTIAL NIGHTIME,1,Phone,"WILLIAMS, DARNELL","WALKER, LATITIA",2026-06-16 01:52:07.000,2026-06-16 01:53:25.000,2026-06-16 01:53:19.000,72,70,2,2026-06-16 01:54:07.287,48,48,0,2026-06-16 01:54:36.000,149,147,2,2026-06-16 01:54:07.333,120,120,0,2026-06-16 01:54:07.333,0,0,0,2026-06-16 02:00:21.190,374,373,1,2026-06-16 01:56:07.437,2026-06-16 02:10:54.247,0,NULL,2026-06-16 02:10:54.327,1127,1127,0,NR-No Report
26-048429,2026-06-16 01:54:24.000,25,TUE,16,1,D,NIGHT,MIDS,POLICE,SUBJECT STOP,2,Radio,"WALKER, LATITIA",NULL,2026-06-16 01:54:24.000,2026-06-16 02:08:28.000,2026-06-16 01:54:24.000,0,0,0,2026-06-16 01:54:24.000,0,0,0,2026-06-16 01:54:24.000,0,0,0,2026-06-16 01:54:43.403,0,0,0,2026-06-16 01:54:24.000,0,0,0,2026-06-16 01:54:24.000,0,0,0,2026-06-16 02:32:20.683,2026-06-16 08:04:37.040,0,NULL,2026-06-16 08:04:37.040,22213,22213,0,RE-Report
26-048430,2026-06-16 01:56:09.000,25,TUE,16,1,D,NIGHT,MIDS,POLICE,TROUBLE UNKNOWN NO EMS,2,E-911,"JACKSON, MALIKA","GRAVES, CHRISTINA",2026-06-16 01:56:09.000,2026-06-16 01:57:55.000,2026-06-16 01:56:49.000,40,40,0,2026-06-16 01:58:30.643,101,101,0,2026-06-16 01:58:44.000,155,155,0,2026-06-16 01:58:48.673,141,141,0,2026-06-16 01:58:48.673,18,0,18,2026-06-16 02:01:04.740,136,136,0,2026-06-16 02:01:09.450,2026-06-16 02:05:02.467,0,NULL,2026-06-16 02:05:02.527,533,533,0,NR-No Report
26-048433,2026-06-16 02:06:12.000,25,TUE,16,2,D,NIGHT,LATE,POLICE,ASSAULT NO INJURY IN PROG,2,E-911,"DOGAN, KYLAH",NULL,2026-06-16 02:06:12.000,2026-06-16 02:09:50.000,2026-06-16 02:06:48.000,36,36,0,2026-06-16 02:11:58.963,310,310,0,2026-06-16 02:08:35.000,143,143,0,2026-06-16 02:12:01.633,346,346,0,2026-06-16 02:12:01.633,3,2,1,2026-06-16 02:14:39.963,158,158,0,2026-06-16 03:28:03.357,2026-06-16 05:06:58.637,0,NULL,2026-06-16 05:06:58.673,10846,10846,0,RE-Report
26-014882,2026-06-16 02:10:23.440,25,TUE,16,2,D,NIGHT,LATE,EMS,BLS EMERGENCY,3,Radio,"GRAVES, CHRISTINA",Automatic Dispatch,2026-06-16 02:10:23.440,2026-06-16 02:13:16.000,2026-06-16 02:10:23.440,0,0,0,2026-06-16 02:10:25.977,2,2,0,2026-06-16 02:10:23.440,0,NULL,0,2026-06-16 02:12:19.193,2,2,0,2026-06-16 02:12:19.193,114,113,1,2026-06-16 02:18:03.337,344,344,0,2026-06-16 03:32:30.750,2026-06-16 03:32:30.750,0,NULL,2026-06-16 03:33:01.567,4927,4927,0,UNDEFINED
26-014883,2026-06-16 02:32:18.870,25,TUE,16,2,D,NIGHT,LATE,EMS,BACK PAIN BLS,3,NOT CAPTURED,"GRAVES, CHRISTINA",Automatic Dispatch,2026-06-16 02:32:18.870,2026-06-16 02:40:03.000,2026-06-16 02:32:18.870,0,0,0,2026-06-16 02:32:21.223,3,2,1,2026-06-16 02:32:18.870,0,NULL,0,2026-06-16 02:35:15.950,3,2,1,2026-06-16 02:35:15.950,174,174,0,2026-06-16 02:40:06.640,291,290,1,2026-06-16 03:38:29.960,2026-06-16 03:38:29.960,0,NULL,2026-06-16 03:38:30.083,3971,3971,0,UNDEFINED
26-048434,2026-06-16 02:34:47.000,25,TUE,16,2,D,NIGHT,LATE,POLICE,MENTAL HEALTH CASE,2,Phone,"JACKSON, MALIKA",NULL,2026-06-16 02:34:45.000,2026-06-16 02:38:48.000,2026-06-16 02:37:33.000,168,166,2,2026-06-16 02:39:47.937,134,134,0,2026-06-16 02:40:20.000,335,333,2,2026-06-16 02:39:51.857,302,302,0,2026-06-16 02:39:51.857,4,3,1,2026-06-16 02:51:57.827,726,725,1,2026-06-16 02:41:43.157,2026-06-16 11:04:16.793,0,NULL,2026-06-16 11:04:16.857,30571,30571,0,RE-Report
26-048435,2026-06-16 03:02:08.000,25,TUE,16,3,D,NIGHT,LATE,POLICE,WARRANT SERVICE,2,Phone,"PRIESTLY, SHAVAUGHN","GRAVES, CHRISTINA",2026-06-16 03:02:07.000,2026-06-16 03:05:40.000,2026-06-16 03:02:21.000,14,13,1,2026-06-16 03:05:46.477,205,205,0,2026-06-16 03:08:58.000,411,410,1,2026-06-16 03:05:59.520,219,219,0,2026-06-16 03:05:59.520,13,13,0,2026-06-16 03:06:20.087,21,20,1,2026-06-16 04:11:32.097,2026-06-16 04:11:32.097,0,NULL,2026-06-16 04:11:32.173,4165,4165,0,RE-Report
26-048437,2026-06-16 03:02:23.000,25,TUE,16,3,D,NIGHT,LATE,POLICE,ADMINISTRATIVE TASK,2,Phone,"DOGAN, KYLAH","GRAVES, CHRISTINA",2026-06-16 03:02:21.000,2026-06-16 03:03:45.000,2026-06-16 03:03:08.000,47,45,2,2026-06-16 03:03:41.557,33,33,0,2026-06-16 03:03:53.000,92,90,2,2026-06-16 03:03:41.647,80,80,0,2026-06-16 03:03:41.647,0,0,0,2026-06-16 03:03:41.673,0,0,0,2026-06-16 03:33:08.167,2026-06-16 03:33:08.167,0,NULL,2026-06-16 03:33:08.440,1847,1847,0,NR-No Report
26-048439,2026-06-16 03:54:06.000,25,TUE,16,3,D,NIGHT,LATE,POLICE,NOISE COMPLAINT DELAY,4,Phone,"PRIESTLY, SHAVAUGHN","GRAVES, CHRISTINA",2026-06-16 03:54:05.000,2026-06-16 03:55:48.000,2026-06-16 03:54:49.000,44,43,1,2026-06-16 03:56:42.600,113,113,0,2026-06-16 03:55:24.000,79,78,1,2026-06-16 03:57:00.973,157,157,0,2026-06-16 03:57:00.973,18,18,0,2026-06-16 04:02:03.247,303,302,1,2026-06-16 04:13:39.800,2026-06-16 04:16:54.593,0,NULL,2026-06-16 04:16:54.683,1369,1369,0,NR-No Report
26-048441,2026-06-16 04:29:49.000,25,TUE,16,4,D,NIGHT,LATE,POLICE,ALARM COMMERCIAL,2,Phone,"WALKER, LATITIA","DOGAN, KYLAH",2026-06-16 04:29:47.000,2026-06-16 04:36:02.000,2026-06-16 04:30:45.000,58,56,2,2026-06-16 04:36:40.020,355,355,0,2026-06-16 04:31:34.000,107,105,2,2026-06-16 04:36:45.613,413,413,0,2026-06-16 04:36:45.613,5,5,0,2026-06-16 04:49:01.823,736,736,0,2026-06-16 04:55:58.310,2026-06-16 04:55:58.310,0,NULL,2026-06-16 04:55:58.380,1571,1571,0,FALSE-False Alarm
26-014885,2026-06-16 04:36:45.000,25,TUE,16,4,D,NIGHT,LATE,FIRE,FIRE ALARM,3,E-911,"JACKSON, MALIKA",Automatic Dispatch,2026-06-16 04:36:45.000,2026-06-16 04:37:33.000,2026-06-16 04:37:08.000,23,23,0,2026-06-16 04:37:12.137,4,4,0,2026-06-16 04:37:34.000,49,49,0,2026-06-16 04:39:07.970,27,27,0,2026-06-16 04:39:07.970,115,115,0,2026-06-16 04:41:31.040,144,143,1,2026-06-16 04:52:11.760,2026-06-16 04:52:11.760,0,NULL,2026-06-16 04:52:12.107,926,926,0,UNDEFINED
26-014886,2026-06-16 05:39:38.000,25,TUE,16,5,D,NIGHT,LATE,EMS,FALL BLS,3,E-911,"WALKER, LATITIA",Automatic Dispatch,2026-06-16 05:39:38.000,2026-06-16 05:40:24.000,2026-06-16 05:40:17.000,39,39,0,2026-06-16 05:40:37.137,20,20,0,2026-06-16 05:42:18.000,160,160,0,2026-06-16 05:42:29.193,59,59,0,2026-06-16 05:42:29.193,112,112,0,2026-06-16 05:45:43.890,194,194,0,2026-06-16 06:15:47.823,2026-06-16 06:55:01.660,0,NULL,2026-06-16 06:55:01.737,4523,4523,0,UNDEFINED
26-014887,2026-06-16 05:58:55.567,25,TUE,16,5,D,NIGHT,LATE,FIRE,MUTUAL AID,1,C2C,CAD to CAD Service 1,CAD to CAD Service 1,2026-06-16 05:56:47.000,2026-06-16 06:30:25.000,2026-06-16 05:58:55.850,128,0,128,2026-06-16 05:58:55.910,0,0,0,NULL,NULL,NULL,NULL,2026-06-16 05:59:36.470,128,150,-22,2026-06-16 05:59:36.470,41,18,23,2026-06-16 06:04:00.647,264,264,0,2026-06-16 06:27:42.430,2026-06-16 06:30:30.000,0,NULL,NULL,2023,2023,0,CC-Call Completed
26-014888,2026-06-16 06:32:36.000,25,TUE,16,6,B,DAY,EARLY,EMS,UNKNOWN MEDICAL ALS 1,1,E-911,"WALKER, KAREN",Automatic Dispatch,2026-06-16 06:32:36.000,2026-06-16 06:35:00.000,2026-06-16 06:34:47.000,131,131,0,2026-06-16 06:34:50.037,3,3,0,2026-06-16 06:46:40.000,844,844,0,2026-06-16 06:35:09.137,134,134,0,2026-06-16 06:35:09.137,19,19,0,2026-06-16 06:40:49.690,340,340,0,2026-06-16 06:36:55.717,2026-06-16 07:25:36.473,0,NULL,2026-06-16 07:25:36.553,3180,3180,0,UNDEFINED
26-048448,2026-06-16 06:45:27.000,25,TUE,16,6,B,DAY,EARLY,POLICE,ASSIST OUTSIDE AGENCY,2,Phone,"PRIESTLY, SHAVAUGHN","ALLEN, TIANA",2026-06-16 06:45:25.000,2026-06-16 06:47:29.000,2026-06-16 06:45:43.000,18,16,2,2026-06-16 06:55:30.000,587,586,1,2026-06-16 06:45:43.000,18,NULL,18,2026-06-16 06:55:33.930,605,604,1,2026-06-16 06:55:33.930,3,3,0,2026-06-16 07:16:46.813,1273,1272,1,2026-06-16 08:21:58.267,2026-06-16 08:21:58.267,0,NULL,2026-06-16 08:21:58.297,5793,5793,0,NR-No Report
26-048449,2026-06-16 06:49:36.000,25,TUE,16,6,B,DAY,EARLY,POLICE,ANIMAL DECEASED,3,Phone,"GARCIA, VILMA","VALENTIN, EMERITA",2026-06-16 06:49:34.000,2026-06-16 06:50:22.000,2026-06-16 06:49:58.000,24,22,2,2026-06-16 07:59:26.247,4168,4168,0,2026-06-16 06:51:33.000,119,117,2,NULL,4192,4192,0,NULL,NULL,-9999,NULL,NULL,NULL,-9999,NULL,NULL,2026-06-16 07:59:59.000,0,NULL,NULL,4225,4225,0,ACOR-Animal Control Report
26-014889,2026-06-16 06:51:58.000,25,TUE,16,6,B,DAY,EARLY,EMS,FALL BLS,3,E-911,"WALKER, KAREN",Automatic Dispatch,2026-06-16 06:51:56.000,2026-06-16 06:54:12.000,2026-06-16 06:53:59.000,123,121,2,2026-06-16 06:54:01.853,2,2,0,2026-06-16 07:02:41.000,645,643,2,2026-06-16 06:55:57.960,125,125,0,2026-06-16 06:55:57.960,116,116,0,2026-06-16 07:00:41.390,284,283,1,2026-06-16 07:58:23.723,2026-06-16 07:58:23.723,0,NULL,2026-06-16 07:58:23.753,3987,3987,0,UNDEFINED
26-048451,2026-06-16 07:03:58.000,25,TUE,16,7,B,DAY,EARLY,POLICE,ALARM COMMERCIAL,2,Phone,"PATTERSON, JAHAIRA","ALLEN, TIANA",2026-06-16 07:03:56.000,2026-06-16 07:04:44.000,2026-06-16 07:04:20.000,24,22,2,2026-06-16 07:04:54.687,34,34,0,2026-06-16 07:05:31.000,95,93,2,2026-06-16 07:05:03.513,58,58,0,2026-06-16 07:05:03.513,9,8,1,2026-06-16 07:08:25.707,202,202,0,2026-06-16 07:11:06.883,2026-06-16 07:11:26.650,0,NULL,2026-06-16 07:11:26.693,450,450,0,NR-No Report
26-048452,2026-06-16 07:20:55.000,25,TUE,16,7,B,DAY,EARLY,POLICE,DOMESTIC VIOL NO INJ,2,E-911,"WALKER, KAREN",NULL,2026-06-16 07:20:55.000,2026-06-16 07:21:51.000,2026-06-16 07:21:32.000,37,37,0,2026-06-16 07:22:27.307,55,55,0,2026-06-16 07:38:43.000,1068,1068,0,2026-06-16 07:23:47.390,92,92,0,2026-06-16 07:23:47.390,80,80,0,2026-06-16 07:37:19.000,812,811,1,2026-06-16 15:42:25.303,2026-06-16 15:42:25.303,0,NULL,2026-06-16 15:42:25.327,30090,30090,0,RE-Report
26-048453,2026-06-16 07:23:17.000,25,TUE,16,7,B,DAY,EARLY,POLICE,TRAFFIC STOP,2,OFFICER,"YOUNG, JAMES K",NULL,2026-06-16 07:23:17.000,2026-06-16 07:23:42.000,2026-06-16 07:23:17.000,0,1,-1,2026-06-16 07:23:17.000,0,0,0,2026-06-16 07:23:17.000,0,NULL,0,2026-06-16 07:23:17.000,0,0,0,2026-06-16 07:23:17.000,0,0,0,2026-06-16 07:23:17.000,0,0,0,2026-06-16 07:30:20.293,2026-06-16 07:30:20.293,0,NULL,2026-06-16 07:30:20.293,423,423,0,CI-Citation
26-048455,2026-06-16 07:43:23.000,25,TUE,16,7,B,DAY,EARLY,POLICE,PARKING COMPLAINT,3,Phone,"VALENTIN, EMERITA",NULL,2026-06-16 07:43:21.000,NULL,2026-06-16 07:43:50.000,29,27,2,2026-06-16 07:44:29.560,39,39,0,2026-06-16 08:00:01.000,1000,998,2,2026-06-16 07:44:29.560,68,68,0,2026-06-16 07:44:29.560,0,0,0,2026-06-16 08:05:22.667,1253,1253,0,2026-06-16 08:06:17.527,2026-06-16 08:06:17.527,0,NULL,2026-06-16 08:06:17.963,1376,1376,0,NR-No Report
26-048456,2026-06-16 07:53:47.000,25,TUE,16,7,B,DAY,EARLY,POLICE,TRAFFIC STOP,2,OFFICER,"YOUNG, JAMES K",NULL,2026-06-16 07:53:47.000,2026-06-16 07:54:03.000,2026-06-16 07:53:47.000,0,1,-1,2026-06-16 07:53:47.000,0,0,0,2026-06-16 07:53:47.000,0,NULL,0,2026-06-16 07:53:47.000,0,0,0,2026-06-16 07:53:47.000,0,0,0,2026-06-16 07:53:47.000,0,0,0,2026-06-16 08:01:30.633,2026-06-16 08:01:30.623,0,NULL,2026-06-16 08:01:30.623,463,463,0,CI-Citation
26-014890,2026-06-16 07:56:43.000,25,TUE,16,7,B,DAY,EARLY,EMS,ABDOMINAL PAIN BLS,3,E-911,"GARCIA, VILMA",Automatic Dispatch,2026-06-16 07:56:43.000,2026-06-16 08:00:11.000,2026-06-16 07:59:03.000,140,140,0,2026-06-16 07:59:05.770,2,2,0,2026-06-16 08:00:33.000,230,230,0,2026-06-16 08:00:34.950,142,142,0,2026-06-16 08:00:34.950,89,89,0,2026-06-16 08:06:52.310,378,377,1,2026-06-16 08:34:45.640,2026-06-16 08:34:45.510,0,NULL,2026-06-16 08:34:45.510,2282,2282,0,UNDEFINED
26-048464,2026-06-16 08:04:44.000,25,TUE,16,8,B,DAY,EARLY,POLICE,POLICE INFORMATION,4,Phone,"VALENTIN, EMERITA","MCLEOD, DOUGLAS",2026-06-16 08:04:42.000,2026-06-16 08:13:59.000,2026-06-16 08:11:40.000,418,416,2,2026-06-16 10:04:00.793,6740,6740,0,2026-06-16 08:33:16.000,1714,1712,2,2026-06-16 10:04:46.860,7158,7158,0,2026-06-16 10:04:46.860,46,46,0,2026-06-16 10:12:52.173,486,485,1,2026-06-16 10:05:19.023,2026-06-16 13:44:54.683,0,NULL,2026-06-16 13:44:54.710,20412,20412,0,RE-Report
26-048463,2026-06-16 08:07:06.000,25,TUE,16,8,B,DAY,EARLY,POLICE,PARKING COMPLAINT,4,Phone,"WALKER, KAREN",NULL,2026-06-16 08:07:04.000,NULL,2026-06-16 08:08:49.000,105,103,2,2026-06-16 08:20:43.403,714,714,0,2026-06-16 08:12:53.000,349,347,2,2026-06-16 08:20:43.403,819,819,0,2026-06-16 08:20:43.403,0,0,0,NULL,NULL,-9999,NULL,2026-06-16 08:37:58.353,2026-06-16 08:37:58.353,0,NULL,2026-06-16 08:37:58.450,1854,1854,0,NR-No Report
26-048466,2026-06-16 08:12:59.000,25,TUE,16,8,B,DAY,EARLY,POLICE,PARKING COMPLAINT,4,Phone,"PEREZ, CARLOS",NULL,2026-06-16 08:12:56.000,2026-06-16 08:44:34.000,2026-06-16 08:14:26.000,90,87,3,2026-06-16 08:39:35.663,1509,1509,0,2026-06-16 08:14:37.000,101,98,3,2026-06-16 08:39:35.663,1599,1599,0,2026-06-16 08:39:35.663,0,-9999,9999,2026-06-16 08:43:05.447,210,209,1,2026-06-16 09:42:07.293,2026-06-16 09:42:07.293,0,NULL,2026-06-16 09:42:08.110,5351,5351,0,CI-Citation
26-048468,2026-06-16 08:14:14.000,25,TUE,16,8,B,DAY,EARLY,POLICE,PARKING COMPLAINT,4,Phone,"WALKER, KAREN",NULL,2026-06-16 08:14:12.000,NULL,2026-06-16 08:15:11.000,59,57,2,2026-06-16 08:23:00.903,469,469,0,2026-06-16 08:15:15.000,63,61,2,2026-06-16 08:23:00.903,528,528,0,2026-06-16 08:23:00.903,0,-9999,9999,2026-06-16 08:42:33.527,1173,1172,1,2026-06-16 08:50:49.510,2026-06-16 08:50:49.510,0,NULL,2026-06-16 08:50:50.597,2197,2197,0,CI-Citation
26-048467,2026-06-16 08:14:43.000,25,TUE,16,8,B,DAY,EARLY,POLICE,TRAFFIC STOP,2,OFFICER,"LEACH, JOSHUA C",NULL,2026-06-16 08:14:43.000,2026-06-16 08:14:49.000,2026-06-16 08:14:43.000,0,0,0,2026-06-16 08:14:43.000,0,0,0,2026-06-16 08:14:43.000,0,NULL,0,2026-06-16 08:14:43.000,0,0,0,2026-06-16 08:14:43.000,0,0,0,2026-06-16 08:14:43.000,0,0,0,2026-06-16 08:18:33.717,2026-06-16 08:18:33.717,0,NULL,2026-06-16 08:18:33.727,230,230,0,CI-Citation
26-048470,2026-06-16 08:19:38.000,25,TUE,16,8,B,DAY,EARLY,POLICE,ASSIST CITIZEN PROMPT,3,Phone,"GARCIA, VILMA","MCLEOD, DOUGLAS",2026-06-16 08:19:36.000,2026-06-16 08:27:06.000,2026-06-16 08:20:42.000,66,64,2,2026-06-16 11:19:38.127,10736,10736,0,2026-06-16 08:23:28.000,232,230,2,2026-06-16 11:19:38.200,10802,10802,0,2026-06-16 11:19:38.200,0,0,0,2026-06-16 11:19:38.227,0,0,0,2026-06-16 13:37:03.667,2026-06-16 13:37:03.667,0,NULL,2026-06-16 13:37:03.700,19047,19047,0,NR-No Report
26-048472,2026-06-16 08:22:33.000,25,TUE,16,8,B,DAY,EARLY,POLICE,TRAFFIC STOP,2,OFFICER,"YOUNG, JAMES K",NULL,2026-06-16 08:22:33.000,2026-06-16 08:22:42.000,2026-06-16 08:22:33.000,0,1,-1,2026-06-16 08:22:33.000,0,0,0,2026-06-16 08:22:33.000,0,NULL,0,2026-06-16 08:22:33.000,0,0,0,2026-06-16 08:22:33.000,0,0,0,2026-06-16 08:22:33.000,0,0,0,2026-06-16 08:30:38.300,2026-06-16 08:30:38.300,0,NULL,2026-06-16 08:30:38.343,485,485,0,CI-Citation
26-048473,2026-06-16 08:27:58.000,25,TUE,16,8,B,DAY,EARLY,POLICE,TRNSPORT PRISONER JAIL TO JAIL,4,Phone,"PRIESTLY, SHAVAUGHN","PRIESTLY, SHAVAUGHN",2026-06-16 08:27:57.000,2026-06-16 10:37:21.000,2026-06-16 08:28:16.000,19,18,1,2026-06-16 08:28:26.990,10,10,0,2026-06-16 08:28:41.000,44,43,1,2026-06-16 08:28:27.037,29,29,0,2026-06-16 08:28:27.037,1,0,1,2026-06-16 09:20:54.303,3147,3147,0,NULL,2026-06-16 11:34:38.000,0,NULL,NULL,11201,11201,0,NR-No Report
26-048474,2026-06-16 08:30:02.000,25,TUE,16,8,B,DAY,EARLY,POLICE,DEST OF PROP OTH DELAY,4,Phone,"VALENTIN, EMERITA","PRIESTLY, SHAVAUGHN",2026-06-16 08:30:00.000,2026-06-16 08:31:39.000,2026-06-16 08:31:08.000,68,66,2,2026-06-16 08:31:44.020,36,36,0,2026-06-16 08:31:28.000,88,86,2,2026-06-16 08:31:48.970,104,104,0,2026-06-16 08:31:48.970,4,4,0,2026-06-16 08:42:25.323,637,636,1,2026-06-16 08:33:06.580,2026-06-16 10:19:07.177,0,NULL,2026-06-16 10:19:07.277,6547,6547,0,RE-Report
26-048475,2026-06-16 08:33:28.000,25,TUE,16,8,B,DAY,EARLY,POLICE,MVC HIT/RUN NO INJURY,2,Phone,"VALENTIN, EMERITA","PRIESTLY, SHAVAUGHN",2026-06-16 08:33:28.000,2026-06-16 08:36:11.000,2026-06-16 08:34:57.000,89,89,0,2026-06-16 08:40:27.790,330,330,0,2026-06-16 08:37:08.000,220,220,0,2026-06-16 08:40:36.667,419,419,0,2026-06-16 08:40:36.667,9,8,1,2026-06-16 08:40:36.667,0,0,0,2026-06-16 08:41:11.587,2026-06-16 09:59:39.343,0,NULL,2026-06-16 09:59:39.360,5171,5171,0,NR-No Report
26-048476,2026-06-16 08:35:01.000,25,TUE,16,8,B,DAY,EARLY,POLICE,TRAFFIC STOP,2,OFFICER,"LEACH, JOSHUA C",NULL,2026-06-16 08:35:01.000,2026-06-16 08:35:09.000,2026-06-16 08:35:01.000,0,1,-1,2026-06-16 08:35:01.000,0,0,0,2026-06-16 08:35:01.000,0,NULL,0,2026-06-16 08:35:01.000,0,0,0,2026-06-16 08:35:01.000,0,0,0,2026-06-16 08:35:01.000,0,0,0,2026-06-16 08:39:20.793,2026-06-16 08:39:20.793,0,NULL,2026-06-16 08:39:20.807,259,259,0,CI-Citation
26-048477,2026-06-16 08:37:12.000,25,TUE,16,8,B,DAY,EARLY,POLICE,HAZARD,2,Phone,"VALENTIN, EMERITA","MCLEOD, DOUGLAS",2026-06-16 08:37:10.000,2026-06-16 08:38:36.000,2026-06-16 08:38:27.000,77,75,2,2026-06-16 09:44:27.700,3960,3960,0,2026-06-16 08:47:41.000,631,629,2,2026-06-16 09:44:27.770,4037,4037,0,2026-06-16 09:44:27.770,0,0,0,2026-06-16 09:52:52.760,505,504,1,2026-06-16 10:10:53.320,2026-06-16 10:10:53.320,0,NULL,2026-06-16 10:10:53.360,5623,5623,0,NR-No Report
26-014891,2026-06-16 08:42:19.000,25,TUE,16,8,B,DAY,EARLY,EMS,INJURED PERSON BLS,3,E-911,"WALKER, KAREN",Automatic Dispatch,2026-06-16 08:42:19.000,2026-06-16 08:45:20.000,2026-06-16 08:44:41.000,142,142,0,2026-06-16 08:44:43.623,2,2,0,2026-06-16 08:57:11.000,892,892,0,2026-06-16 08:45:05.897,144,144,0,2026-06-16 08:45:05.897,22,22,0,2026-06-16 08:48:32.820,207,206,1,2026-06-16 08:49:34.533,2026-06-16 09:43:06.873,0,NULL,2026-06-16 09:43:07.017,3647,3647,0,RAF-Reassign FD Call
26-048478,2026-06-16 08:45:20.833,25,TUE,16,8,B,DAY,EARLY,POLICE,MVC HIT/RUN INJURY,2,E-911,"WALKER, KAREN","MCLEOD, DOUGLAS",2026-06-16 08:45:20.833,2026-06-16 08:45:42.000,2026-06-16 08:45:20.833,0,0,0,2026-06-16 08:48:13.310,173,172,1,2026-06-16 08:45:20.833,0,NULL,0,2026-06-16 08:48:21.833,173,172,1,2026-06-16 08:48:21.833,8,8,0,NULL,NULL,-9999,NULL,NULL,2026-06-16 12:22:40.880,0,NULL,NULL,13040,13040,0,RE-Report
26-048479,2026-06-16 08:46:07.000,25,TUE,16,8,B,DAY,EARLY,POLICE,POLICE INFORMATION,4,Phone,"PEREZ, CARLOS",NULL,2026-06-16 08:46:05.000,2026-06-16 09:46:42.000,2026-06-16 08:46:21.000,16,14,2,2026-06-16 12:21:51.703,12930,12930,0,2026-06-16 08:46:44.000,39,37,2,2026-06-16 12:21:51.703,12946,12946,0,2026-06-16 12:21:51.703,0,0,0,2026-06-16 12:21:53.477,2,1,1,2026-06-16 12:22:43.803,2026-06-16 12:22:43.803,0,NULL,2026-06-16 12:22:43.867,12998,12998,0,RE-Report
26-048484,2026-06-16 09:01:03.000,25,TUE,16,9,B,DAY,EARLY,POLICE,ANIMAL COMPLAINT,4,Phone,"GARCIA, VILMA","ALLEN, TIANA",2026-06-16 09:01:03.000,2026-06-16 09:06:57.000,2026-06-16 09:04:42.000,219,219,0,2026-06-16 09:09:09.307,267,267,0,2026-06-16 09:05:34.000,271,271,0,NULL,486,486,0,NULL,NULL,-9999,NULL,NULL,NULL,-9999,NULL,NULL,2026-06-16 09:09:28.000,0,NULL,NULL,505,505,0,ACOR-Animal Control Report
26-014892,2026-06-16 09:01:27.000,25,TUE,16,9,B,DAY,EARLY,FIRE,ELEVATOR,3,E-911,"FOSTER, KANESHA","WALKER, KAREN",2026-06-16 09:01:26.000,2026-06-16 09:02:37.000,2026-06-16 09:02:31.000,65,64,1,2026-06-16 09:02:32.723,1,1,0,2026-06-16 09:03:33.000,127,126,1,2026-06-16 09:03:37.227,66,66,0,2026-06-16 09:03:37.227,65,2,63,2026-06-16 09:13:46.607,609,609,0,2026-06-16 09:03:44.357,2026-06-16 09:26:53.680,0,NULL,2026-06-16 09:26:53.810,1527,1527,0,RAF-Reassign FD Call
26-048482,2026-06-16 09:03:05.000,25,TUE,16,9,B,DAY,EARLY,POLICE,TRAFFIC STOP,2,OFFICER,"LEACH, JOSHUA C",NULL,2026-06-16 09:03:05.000,2026-06-16 09:03:17.000,2026-06-16 09:03:05.000,0,0,0,2026-06-16 09:03:05.000,0,0,0,2026-06-16 09:03:05.000,0,NULL,0,2026-06-16 09:03:05.000,0,0,0,2026-06-16 09:03:05.000,0,0,0,2026-06-16 09:03:05.000,0,0,0,2026-06-16 09:07:39.757,2026-06-16 09:07:39.757,0,NULL,2026-06-16 09:07:39.780,274,274,0,CI-Citation
26-048483,2026-06-16 09:03:28.000,25,TUE,16,9,B,DAY,EARLY,POLICE,PARKING COMPLAINT,4,Phone,"PICKERAL, LAUREN",NULL,2026-06-16 09:03:27.000,NULL,2026-06-16 09:03:48.000,21,20,1,2026-06-16 09:10:42.623,414,414,0,2026-06-16 09:04:38.000,71,70,1,2026-06-16 09:10:42.623,435,435,0,2026-06-16 09:10:42.623,0,-9999,9999,2026-06-16 09:27:52.383,1030,1029,1,2026-06-16 09:37:45.340,2026-06-16 09:37:45.340,0,NULL,2026-06-16 09:37:45.390,2058,2058,0,CI-Citation
26-048487,2026-06-16 09:07:42.000,25,TUE,16,9,B,DAY,EARLY,POLICE,ASSIST OUTSIDE AGENCY,3,VCIN,"PEREZ, CARLOS","MCLEOD, DOUGLAS",2026-06-16 09:07:41.000,2026-06-16 09:11:28.000,2026-06-16 09:10:59.000,198,197,1,2026-06-16 10:12:00.123,3661,3661,0,2026-06-16 09:11:22.000,221,220,1,2026-06-16 10:12:10.183,3859,3859,0,2026-06-16 10:12:10.183,10,10,0,2026-06-16 10:20:13.147,483,482,1,2026-06-16 10:13:48.053,2026-06-16 12:43:31.793,0,NULL,2026-06-16 12:43:31.847,12950,12950,0,NR-No Report
26-048488,2026-06-16 09:15:38.000,25,TUE,16,9,B,DAY,EARLY,POLICE,TRAFFIC STOP,2,OFFICER,"LEACH, JOSHUA C",NULL,2026-06-16 09:15:38.000,2026-06-16 09:15:49.000,2026-06-16 09:15:38.000,0,0,0,2026-06-16 09:15:38.000,0,0,0,2026-06-16 09:15:38.000,0,NULL,0,2026-06-16 09:15:38.000,0,0,0,2026-06-16 09:15:38.000,0,0,0,2026-06-16 09:15:38.000,0,0,0,2026-06-16 09:21:20.773,2026-06-16 09:21:20.773,0,NULL,2026-06-16 09:21:20.810,342,342,0,CI-Citation
26-014894,2026-06-16 09:30:13.000,25,TUE,16,9,B,DAY,EARLY,EMS,ALTERED LOC ALS 1,1,Phone,"ALLEN, TIANA",Automatic Dispatch,2026-06-16 09:30:11.000,2026-06-16 09:30:57.000,2026-06-16 09:30:43.000,32,30,2,2026-06-16 09:30:46.150,3,3,0,2026-06-16 09:34:49.000,278,276,2,2026-06-16 09:31:31.710,35,35,0,2026-06-16 09:31:31.710,45,45,0,2026-06-16 09:35:00.273,209,208,1,2026-06-16 09:53:11.337,2026-06-16 09:54:05.437,0,NULL,2026-06-16 09:54:05.483,1434,1434,0,CAD2CAD
26-048489,2026-06-16 09:30:16.000,25,TUE,16,9,B,DAY,EARLY,POLICE,ALARM RESIDENTIAL,2,Text,"GARCIA, VILMA","MCLEOD, DOUGLAS",2026-06-16 09:30:15.000,2026-06-16 09:31:48.000,2026-06-16 09:31:06.000,51,50,1,2026-06-16 09:40:56.310,590,590,0,2026-06-16 09:31:58.000,103,102,1,2026-06-16 09:40:56.373,641,641,0,2026-06-16 09:40:56.373,0,0,0,2026-06-16 09:40:56.407,0,0,0,2026-06-16 09:56:20.687,2026-06-16 09:56:20.687,0,NULL,2026-06-16 09:56:20.713,1565,1565,0,FALSE-False Alarm
26-014895,2026-06-16 09:32:56.000,25,TUE,16,9,B,DAY,EARLY,EMS,STROKE ALS 2,1,E-911,"PEREZ, CARLOS",Automatic Dispatch,2026-06-16 09:32:56.000,2026-06-16 09:34:47.000,2026-06-16 09:34:27.000,91,91,0,2026-06-16 09:34:29.393,2,2,0,2026-06-16 09:36:23.000,207,207,0,2026-06-16 09:35:56.593,93,93,0,2026-06-16 09:35:56.593,87,87,0,2026-06-16 09:42:28.057,392,391,1,2026-06-16 09:51:49.927,2026-06-16 10:48:11.347,0,NULL,2026-06-16 10:48:11.450,4515,4515,0,UNDEFINED
26-048491,2026-06-16 09:34:14.000,25,TUE,16,9,B,DAY,EARLY,POLICE,OFF DUTY DETAIL,8,OFFICER,"ESCOBAR, STEVEN R",NULL,2026-06-16 09:34:14.000,2026-06-16 09:34:25.000,2026-06-16 09:34:14.000,0,1,-1,2026-06-16 09:34:14.000,0,0,0,2026-06-16 09:34:14.000,0,NULL,0,2026-06-16 09:34:14.000,0,0,0,2026-06-16 09:34:14.000,0,0,0,2026-06-16 09:34:14.000,0,0,0,2026-06-16 17:01:04.617,2026-06-16 17:01:04.617,0,NULL,2026-06-16 17:01:04.720,26810,26810,0,NR-No Report
26-048492,2026-06-16 09:35:03.000,25,TUE,16,9,B,DAY,EARLY,POLICE,PARKING COMPLAINT,4,Phone,"ALLEN, TIANA",NULL,2026-06-16 09:35:01.000,NULL,2026-06-16 09:35:30.000,29,27,2,2026-06-16 10:13:39.837,2289,2289,0,2026-06-16 09:36:14.000,73,71,2,2026-06-16 10:13:39.837,2318,2318,0,2026-06-16 10:13:39.837,0,-9999,9999,2026-06-16 10:19:01.310,322,321,1,2026-06-16 10:27:03.887,2026-06-16 10:27:03.887,0,NULL,2026-06-16 10:27:04.953,3122,3122,0,NR-No Report
26-014896,2026-06-16 09:37:09.000,25,TUE,16,9,B,DAY,EARLY,EMS,PUBLIC SERVICE EMS,4,Phone,"GARCIA, VILMA","WALKER, KAREN",2026-06-16 09:37:07.000,2026-06-16 09:38:28.000,2026-06-16 09:38:18.000,71,69,2,2026-06-16 09:38:20.733,2,2,0,2026-06-16 09:42:42.000,335,333,2,2026-06-16 09:42:30.517,73,73,0,2026-06-16 09:42:30.517,250,157,93,2026-06-16 09:50:21.297,471,470,1,2026-06-16 09:45:17.540,2026-06-16 10:19:15.350,0,NULL,2026-06-16 10:19:15.413,2528,2528,0,UNDEFINED
26-048493,2026-06-16 09:39:08.000,25,TUE,16,9,B,DAY,EARLY,POLICE,PARKING COMPLAINT,4,Phone,"VALENTIN, EMERITA",NULL,2026-06-16 09:39:05.000,2026-06-16 09:41:13.000,2026-06-16 09:39:40.000,35,32,3,2026-06-16 09:51:37.937,717,717,0,2026-06-16 10:01:24.000,1339,1336,3,2026-06-16 09:51:37.937,752,752,0,2026-06-16 09:51:37.937,0,0,0,2026-06-16 09:57:04.727,327,326,1,2026-06-16 10:13:22.657,2026-06-16 10:13:22.657,0,NULL,2026-06-16 10:13:23.750,2057,2057,0,NR-No Report
26-014897,2026-06-16 09:43:51.000,25,TUE,16,9,B,DAY,EARLY,EMS,PEDESTRIAN STRUCK ALS 1 - SUPV,1,E-911,"GARCIA, VILMA","WALKER, KAREN",2026-06-16 09:43:51.000,2026-06-16 09:44:47.000,2026-06-16 09:44:34.000,43,43,0,2026-06-16 09:44:36.027,2,2,0,2026-06-16 09:49:20.000,329,329,0,2026-06-16 09:45:57.250,45,45,0,2026-06-16 09:45:57.250,81,81,0,2026-06-16 09:47:40.333,103,103,0,2026-06-16 09:45:48.220,2026-06-16 09:57:18.353,0,NULL,2026-06-16 09:57:18.363,807,807,0,UNDEFINED
26-048494,2026-06-16 09:45:50.000,25,TUE,16,9,B,DAY,EARLY,POLICE,PARKING COMPLAINT,4,Phone,"PEREZ, CARLOS",NULL,2026-06-16 09:45:48.000,2026-06-16 12:17:03.000,2026-06-16 09:47:04.000,76,74,2,2026-06-16 11:49:44.223,7360,7360,0,2026-06-16 09:47:05.000,77,75,2,2026-06-16 11:49:44.223,7436,7436,0,2026-06-16 11:49:44.223,0,0,0,2026-06-16 11:56:31.877,407,407,0,2026-06-16 12:45:26.110,2026-06-16 12:45:26.110,0,NULL,2026-06-16 12:45:26.140,10778,10778,0,CI-Citation
26-048495,2026-06-16 09:47:52.907,25,TUE,16,9,B,DAY,EARLY,POLICE,MVC HIT/RUN PED STRUCK,2,E-911,"GARCIA, VILMA","MCLEOD, DOUGLAS",2026-06-16 09:47:52.907,2026-06-16 09:47:59.000,2026-06-16 09:47:52.907,0,0,0,2026-06-16 09:50:35.710,163,162,1,2026-06-16 09:47:52.907,0,NULL,0,2026-06-16 09:50:35.753,163,162,1,2026-06-16 09:50:35.753,0,0,0,2026-06-16 09:54:58.837,263,263,0,2026-06-16 09:51:53.080,2026-06-16 12:16:27.453,0,NULL,2026-06-16 12:16:27.490,8915,8914,1,RE-Report
26-014898,2026-06-16 09:49:31.000,25,TUE,16,9,B,DAY,EARLY,EMS,MEDICAL ALARM - BLS,3,Phone,"PEREZ, CARLOS",Automatic Dispatch,2026-06-16 09:49:29.000,2026-06-16 09:50:41.000,2026-06-16 09:50:32.000,63,61,2,2026-06-16 09:50:34.757,2,2,0,2026-06-16 09:56:25.000,416,414,2,2026-06-16 09:51:56.983,65,65,0,2026-06-16 09:51:56.983,82,82,0,2026-06-16 09:56:15.447,259,258,1,2026-06-16 09:58:27.763,2026-06-16 09:58:27.630,0,NULL,2026-06-16 09:58:27.630,538,538,0,UNDEFINED
26-048497,2026-06-16 09:51:04.000,25,TUE,16,9,B,DAY,EARLY,POLICE,PARKING COMPLAINT,3,Phone,"VALENTIN, EMERITA",NULL,2026-06-16 09:51:04.000,NULL,2026-06-16 09:51:29.000,25,25,0,2026-06-16 09:59:59.773,510,510,0,2026-06-16 09:51:54.000,50,50,0,2026-06-16 09:59:59.773,535,535,0,2026-06-16 09:59:59.773,0,0,0,2026-06-16 10:24:35.300,1476,1475,1,2026-06-16 10:26:37.380,2026-06-16 10:26:37.380,0,NULL,2026-06-16 10:26:37.907,2133,2133,0,NR-No Report
26-048499,2026-06-16 09:53:50.000,25,TUE,16,9,B,DAY,EARLY,POLICE,ASSIST CITIZEN DELAY,4,Phone,"VALENTIN, EMERITA","MCLEOD, DOUGLAS",2026-06-16 09:53:48.000,2026-06-16 10:54:08.000,2026-06-16 09:54:18.000,30,28,2,2026-06-16 10:54:05.053,3587,3587,0,2026-06-16 09:58:30.000,282,280,2,2026-06-16 10:54:05.103,3617,3617,0,2026-06-16 10:54:05.103,0,0,0,2026-06-16 11:00:42.793,397,397,0,2026-06-16 13:21:22.577,2026-06-16 13:21:22.540,0,NULL,2026-06-16 13:21:22.540,12454,12454,0,NR-No Report
26-014899,2026-06-16 10:02:19.000,25,TUE,16,10,B,DAY,MIDS,EMS,BLS EMERGENCY,3,E-911,"GARCIA, VILMA",Automatic Dispatch,2026-06-16 10:02:18.000,2026-06-16 10:03:31.000,2026-06-16 10:03:22.000,64,63,1,2026-06-16 10:03:24.300,2,2,0,2026-06-16 10:05:37.000,199,198,1,2026-06-16 10:04:03.467,66,66,0,2026-06-16 10:04:03.467,39,39,0,2026-06-16 10:11:44.810,461,461,0,2026-06-16 11:27:01.697,2026-06-16 11:27:01.697,0,NULL,2026-06-16 11:27:01.743,5083,5083,0,CAD2CAD
26-048501,2026-06-16 10:06:00.000,25,TUE,16,10,B,DAY,MIDS,POLICE,PARKING COMPLAINT,4,Radio,"MCLEOD, DOUGLAS",NULL,2026-06-16 10:06:00.000,2026-06-16 10:06:05.000,2026-06-16 10:06:00.000,0,0,0,2026-06-16 10:06:00.000,0,0,0,2026-06-16 10:06:00.000,0,0,0,2026-06-16 10:19:14.080,0,0,0,2026-06-16 10:06:00.000,0,0,0,2026-06-16 10:06:00.000,0,0,0,2026-06-16 10:34:17.290,2026-06-16 10:35:06.203,0,NULL,2026-06-16 10:35:06.380,1746,1746,0,CI-Citation
26-048504,2026-06-16 10:10:10.000,25,TUE,16,10,B,DAY,MIDS,POLICE,CIVIL PROCESS EVICTION,4,Radio,"MCLEOD, DOUGLAS","MCLEOD, DOUGLAS",2026-06-16 10:10:08.000,NULL,2026-06-16 10:10:47.000,39,37,2,2026-06-16 10:10:59.583,12,12,0,2026-06-16 10:11:04.000,56,54,2,2026-06-16 10:10:59.627,51,51,0,2026-06-16 10:10:59.627,0,0,0,2026-06-16 10:10:59.650,0,0,0,2026-06-16 10:20:46.360,2026-06-16 10:20:54.037,0,NULL,2026-06-16 10:20:54.067,646,646,0,NR-No Report
26-014900,2026-06-16 10:11:41.000,25,TUE,16,10,B,DAY,MIDS,FIRE,FIRE ALARM,3,Phone,"VALENTIN, EMERITA","WALKER, KAREN",2026-06-16 10:11:39.000,2026-06-16 10:12:11.000,2026-06-16 10:11:59.000,20,18,2,2026-06-16 10:12:01.000,2,2,0,2026-06-16 10:12:45.000,66,64,2,2026-06-16 10:13:45.643,22,22,0,2026-06-16 10:13:45.643,104,24,80,2026-06-16 10:18:08.917,263,263,0,2026-06-16 10:13:26.940,2026-06-16 10:22:28.683,0,NULL,2026-06-16 10:22:28.710,649,649,0,UNDEFINED
26-048505,2026-06-16 10:16:21.000,25,TUE,16,10,B,DAY,MIDS,POLICE,PARKING COMPLAINT,4,Phone,"FOSTER, KANESHA",NULL,2026-06-16 10:16:19.000,NULL,2026-06-16 10:17:47.000,88,86,2,2026-06-16 12:46:17.160,8910,8910,0,2026-06-16 10:17:49.000,90,88,2,2026-06-16 12:46:17.160,8998,8998,0,2026-06-16 12:46:17.160,0,0,0,2026-06-16 12:58:48.477,751,751,0,2026-06-16 13:06:53.247,2026-06-16 13:06:53.247,0,NULL,2026-06-16 13:06:53.313,10234,10234,0,NR-No Report
26-014901,2026-06-16 10:19:19.000,25,TUE,16,10,B,DAY,MIDS,EMS,MEDICAL ALARM ALS 1,3,Phone,"VALENTIN, EMERITA",Automatic Dispatch,2026-06-16 10:19:16.000,2026-06-16 10:20:09.000,2026-06-16 10:19:50.000,34,31,3,2026-06-16 10:19:52.983,2,2,0,2026-06-16 10:21:11.000,115,112,3,2026-06-16 10:19:59.943,36,36,0,2026-06-16 10:19:59.943,7,6,1,2026-06-16 10:23:31.423,212,211,1,2026-06-16 10:24:57.013,2026-06-16 10:27:19.607,0,NULL,2026-06-16 10:27:19.693,483,483,0,UNDEFINED
26-048506,2026-06-16 10:23:19.000,25,TUE,16,10,B,DAY,MIDS,POLICE,MVC HIT/RUN NO INJ DELAY,4,Phone,"WELCH, KIMBERLY","WELCH, KIMBERLY",2026-06-16 10:23:16.000,2026-06-16 13:03:43.000,2026-06-16 10:24:54.000,98,95,3,2026-06-16 16:30:18.007,21924,21924,0,2026-06-16 10:27:44.000,268,265,3,2026-06-16 16:30:32.230,22022,22022,0,2026-06-16 16:30:32.230,14,14,0,2026-06-16 16:45:10.643,878,878,0,2026-06-16 17:20:32.133,2026-06-16 17:20:32.133,0,NULL,2026-06-16 17:20:32.150,25036,25036,0,RE-Report
26-014902,2026-06-16 10:24:39.000,25,TUE,16,10,B,DAY,MIDS,EMS,ALTERED LOC ALS 1,1,E-911,"PEREZ, CARLOS",Automatic Dispatch,2026-06-16 10:24:38.000,2026-06-16 10:26:10.000,2026-06-16 10:25:16.000,38,37,1,2026-06-16 10:25:18.820,2,2,0,2026-06-16 10:27:33.000,175,174,1,2026-06-16 10:26:27.630,40,40,0,2026-06-16 10:26:27.630,69,68,1,2026-06-16 10:28:41.903,134,134,0,2026-06-16 10:47:58.950,2026-06-16 11:56:41.297,0,NULL,2026-06-16 11:56:41.370,5523,5523,0,UNDEFINED
26-048508,2026-06-16 10:31:16.000,25,TUE,16,10,B,DAY,MIDS,POLICE,PARKING COMPLAINT,4,Phone,"GARCIA, VILMA",NULL,2026-06-16 10:31:14.000,NULL,2026-06-16 10:32:06.000,52,50,2,2026-06-16 11:12:39.120,2433,2433,0,2026-06-16 10:32:16.000,62,60,2,2026-06-16 11:12:39.120,2485,2485,0,2026-06-16 11:12:39.120,0,0,0,2026-06-16 11:28:15.970,936,936,0,2026-06-16 11:51:17.493,2026-06-16 11:51:17.493,0,NULL,2026-06-16 11:51:17.550,4803,4803,0,NR-No Report
26-048509,2026-06-16 10:35:18.000,25,TUE,16,10,B,DAY,MIDS,POLICE,MVC PROPERTY DAMAGE,2,Phone,"GARCIA, VILMA","MCLEOD, DOUGLAS",2026-06-16 10:35:16.000,2026-06-16 10:41:32.000,2026-06-16 10:36:43.000,87,85,2,2026-06-16 10:41:43.480,300,300,0,2026-06-16 10:36:54.000,98,96,2,2026-06-16 10:41:49.670,387,387,0,2026-06-16 10:41:49.670,6,6,0,2026-06-16 10:50:13.483,504,503,1,2026-06-16 10:42:12.637,2026-06-16 11:19:54.647,0,NULL,2026-06-16 11:19:54.810,2678,2678,0,NR-No Report
26-014903,2026-06-16 10:39:36.307,25,TUE,16,10,B,DAY,MIDS,EMS,MUTUAL ALS,1,C2C,CAD to CAD Service 1,CAD to CAD Service 1,2026-06-16 10:38:17.000,NULL,2026-06-16 10:39:36.700,79,0,79,2026-06-16 10:39:36.747,0,0,0,NULL,NULL,NULL,NULL,2026-06-16 10:40:23.287,79,-9999,10078,2026-06-16 10:40:23.287,47,46,1,2026-06-16 10:44:37.890,254,254,0,2026-06-16 10:53:20.177,2026-06-16 11:40:37.980,0,NULL,2026-06-16 11:40:38.090,3740,3740,0,UNDEFINED
26-014904,2026-06-16 10:46:04.850,25,TUE,16,10,B,DAY,MIDS,EMS,TRAUMATIC INJURIES ALS 1,1,NOT CAPTURED,"MCLEOD, DOUGLAS","WALKER, KAREN",2026-06-16 10:46:04.850,2026-06-16 10:46:10.000,2026-06-16 10:46:04.850,0,0,0,2026-06-16 10:46:06.900,2,2,0,2026-06-16 10:46:04.850,0,NULL,0,2026-06-16 10:46:46.337,2,2,0,2026-06-16 10:46:46.337,40,39,1,2026-06-16 10:48:53.797,127,127,0,2026-06-16 10:48:19.827,2026-06-16 11:52:07.677,0,NULL,2026-06-16 11:52:07.707,3963,3962,1,CAD2CAD
26-048517,2026-06-16 10:49:04.000,25,TUE,16,10,B,DAY,MIDS,POLICE,ASSAULT MINOR INJ DELAY,4,OFFICER,"WELCH, KIMBERLY","WELCH, KIMBERLY",2026-06-16 10:49:03.000,2026-06-16 10:49:39.000,2026-06-16 10:49:21.000,18,17,1,2026-06-16 10:49:56.927,35,35,0,2026-06-16 10:49:34.000,31,30,1,2026-06-16 10:49:57.023,53,53,0,2026-06-16 10:49:57.023,1,0,1,2026-06-16 10:49:57.060,0,0,0,2026-06-16 10:50:35.423,2026-06-16 10:50:35.423,0,NULL,2026-06-16 10:50:35.537,92,92,0,RE-Report
26-014905,2026-06-16 10:49:39.000,25,TUE,16,10,B,DAY,MIDS,EMS,TROUBLE BREATHING ALS 1,1,E-911,"FOSTER, KANESHA",Automatic Dispatch,2026-06-16 10:49:39.000,2026-06-16 10:50:46.000,2026-06-16 10:50:23.000,44,44,0,2026-06-16 10:50:25.477,2,2,0,2026-06-16 11:05:29.000,950,950,0,2026-06-16 10:50:30.657,46,46,0,2026-06-16 10:50:30.657,5,5,0,2026-06-16 10:53:50.323,200,199,1,2026-06-16 10:52:18.023,2026-06-16 11:32:16.397,0,NULL,2026-06-16 11:32:16.530,2557,2557,0,UNDEFINED
26-048521,2026-06-16 10:49:40.000,25,TUE,16,10,B,DAY,MIDS,POLICE,MVC HIT/RUN NO INJ DELAY,4,Phone,"FOSTER, KANESHA","WELCH, KIMBERLY",2026-06-16 10:49:38.000,2026-06-16 11:09:19.000,2026-06-16 11:07:40.000,1082,1080,2,2026-06-16 12:01:21.340,3221,3221,0,2026-06-16 11:08:55.000,1157,1155,2,2026-06-16 12:01:26.087,4303,4303,0,2026-06-16 12:01:26.087,5,4,1,2026-06-16 13:17:40.777,4574,4574,0,2026-06-16 13:58:09.017,2026-06-16 13:58:09.017,0,NULL,2026-06-16 13:58:09.043,11311,11311,0,NR-No Report
26-048518,2026-06-16 10:51:21.000,25,TUE,16,10,B,DAY,MIDS,POLICE,FLAG DOWN,2,OFFICER,"MCILVAINE, WESTRICK J",NULL,2026-06-16 10:51:21.000,2026-06-16 10:51:34.000,2026-06-16 10:51:21.000,0,1,-1,2026-06-16 10:51:21.000,0,0,0,2026-06-16 10:51:21.000,0,NULL,0,2026-06-16 10:51:21.000,0,0,0,2026-06-16 10:51:21.000,0,0,0,2026-06-16 10:51:21.000,0,0,0,2026-06-16 10:51:45.767,2026-06-16 10:51:45.767,0,NULL,2026-06-16 10:51:45.907,24,24,0,NR-No Report
26-014906,2026-06-16 10:56:12.000,25,TUE,16,10,B,DAY,MIDS,FIRE,FIRE ALARM,3,Phone,"PICKERAL, LAUREN",Automatic Dispatch,2026-06-16 10:56:11.000,2026-06-16 10:56:36.000,2026-06-16 10:56:30.000,19,18,1,2026-06-16 10:56:32.820,2,2,0,2026-06-16 10:57:01.000,50,49,1,2026-06-16 10:57:30.183,21,21,0,2026-06-16 10:57:30.183,58,57,1,2026-06-16 11:01:34.593,244,244,0,2026-06-16 11:05:05.593,2026-06-16 11:05:05.593,0,NULL,2026-06-16 11:05:05.597,534,534,0,UNDEFINED
26-014907,2026-06-16 10:58:53.000,25,TUE,16,10,B,DAY,MIDS,FIRE,FIRE ALARM,3,Phone,"PEREZ, CARLOS","WALKER, KAREN",2026-06-16 10:58:51.000,2026-06-16 11:00:11.000,2026-06-16 11:00:01.000,70,68,2,2026-06-16 11:00:03.677,2,2,0,2026-06-16 11:00:33.000,102,100,2,2026-06-16 11:03:17.040,72,72,0,2026-06-16 11:03:17.040,194,97,97,NULL,NULL,-9999,NULL,2026-06-16 11:01:48.933,2026-06-16 11:11:28.867,0,NULL,2026-06-16 11:11:29.120,757,757,0,UNDEFINED
26-014908,2026-06-16 11:00:33.000,25,TUE,16,11,B,DAY,MIDS,EMS,MEDICAL ALARM - BLS,3,Phone,"GARCIA, VILMA",Automatic Dispatch,2026-06-16 11:00:31.000,2026-06-16 11:05:26.000,2026-06-16 11:05:02.000,271,269,2,2026-06-16 11:05:04.603,2,2,0,2026-06-16 11:08:54.000,503,501,2,2026-06-16 11:06:19.277,273,273,0,2026-06-16 11:06:19.277,75,74,1,NULL,NULL,-9999,NULL,2026-06-16 11:15:37.307,2026-06-16 11:15:37.210,0,NULL,2026-06-16 11:15:37.210,906,906,0,UNDEFINED
26-048522,2026-06-16 11:08:21.000,25,TUE,16,11,B,DAY,MIDS,POLICE,WALK IN HQ LOBBY,2,Phone,"WELCH, KIMBERLY","MCLEOD, DOUGLAS",2026-06-16 11:08:18.000,2026-06-16 11:09:52.000,2026-06-16 11:09:20.000,62,59,3,2026-06-16 11:20:42.050,682,682,0,2026-06-16 11:09:39.000,81,78,3,2026-06-16 11:20:42.097,744,744,0,2026-06-16 11:20:42.097,0,0,0,2026-06-16 11:20:58.277,16,16,0,2026-06-16 12:46:43.170,2026-06-16 12:46:43.157,0,NULL,2026-06-16 12:46:43.157,5905,5905,0,NR-No Report
26-014909,2026-06-16 11:11:22.000,25,TUE,16,11,B,DAY,MIDS,FIRE,FIRE ALARM,3,E-911,"GARCIA, VILMA",Automatic Dispatch,2026-06-16 11:11:22.000,2026-06-16 11:13:08.000,2026-06-16 11:12:59.000,97,97,0,2026-06-16 11:13:01.453,2,2,0,2026-06-16 11:13:40.000,138,138,0,2026-06-16 11:14:12.600,99,99,0,2026-06-16 11:14:12.600,71,71,0,2026-06-16 11:16:47.570,155,154,1,2026-06-16 11:25:35.057,2026-06-16 11:25:35.057,0,NULL,2026-06-16 11:25:35.237,853,853,0,UNDEFINED
26-014910,2026-06-16 11:17:35.000,25,TUE,16,11,B,DAY,MIDS,FIRE,OUTSIDE FIRE,3,Phone,"GARCIA, VILMA",Automatic Dispatch,2026-06-16 11:17:34.000,2026-06-16 11:18:44.000,2026-06-16 11:18:34.000,60,59,1,2026-06-16 11:18:36.203,2,2,0,2026-06-16 11:19:17.000,103,102,1,2026-06-16 11:19:49.473,62,62,0,2026-06-16 11:19:49.473,73,73,0,2026-06-16 11:21:42.367,113,112,1,2026-06-16 11:24:33.547,2026-06-16 11:24:33.547,0,NULL,2026-06-16 11:24:33.847,419,419,0,UNDEFINED
26-048528,2026-06-16 11:27:23.000,25,TUE,16,11,B,DAY,MIDS,POLICE,SUSPICIOUS EVENT,2,E-911,"GARCIA, VILMA","MCLEOD, DOUGLAS",2026-06-16 11:27:22.000,2026-06-16 11:30:00.000,2026-06-16 11:29:43.000,141,140,1,2026-06-16 11:31:21.723,98,98,0,2026-06-16 11:31:00.000,218,217,1,2026-06-16 11:31:44.317,239,239,0,2026-06-16 11:31:44.317,23,22,1,2026-06-16 11:33:34.810,110,110,0,2026-06-16 11:32:31.407,2026-06-16 11:57:27.030,0,NULL,2026-06-16 11:57:27.090,1805,1805,0,NR-No Report
26-048529,2026-06-16 11:28:09.000,25,TUE,16,11,B,DAY,MIDS,POLICE,IDENTITY FRAUD DELAY,4,Phone,"WELCH, KIMBERLY","MCLEOD, DOUGLAS",2026-06-16 11:28:07.000,2026-06-16 11:31:23.000,2026-06-16 11:30:05.000,118,116,2,2026-06-16 11:49:55.810,1190,1190,0,2026-06-16 11:31:20.000,193,191,2,2026-06-16 11:49:55.850,1308,1308,0,2026-06-16 11:49:55.850,0,0,0,2026-06-16 11:50:12.300,17,16,1,2026-06-16 12:17:11.023,2026-06-16 12:17:11.023,0,NULL,2026-06-16 12:17:11.100,2944,2944,0,NR-No Report
26-048530,2026-06-16 11:30:19.000,25,TUE,16,11,B,DAY,MIDS,POLICE,DEST OF PROP COM DELAY,4,Phone,"VALENTIN, EMERITA","WELCH, KIMBERLY",2026-06-16 11:30:17.000,2026-06-16 13:43:01.000,2026-06-16 11:30:47.000,30,28,2,2026-06-16 12:17:30.263,2803,2803,0,2026-06-16 12:53:59.000,5022,5020,2,2026-06-16 12:17:33.337,2833,2833,0,2026-06-16 12:17:33.337,3,3,0,2026-06-16 12:31:28.287,835,834,1,2026-06-16 15:26:15.437,2026-06-16 15:26:15.437,0,NULL,2026-06-16 15:26:15.460,14158,14158,0,RE-Report
26-048531,2026-06-16 11:31:27.000,25,TUE,16,11,B,DAY,MIDS,POLICE,TRAFFIC STOP,2,OFFICER,"LEACH, JOSHUA C",NULL,2026-06-16 11:31:27.000,2026-06-16 11:31:38.000,2026-06-16 11:31:27.000,0,1,-1,2026-06-16 11:31:27.000,0,0,0,2026-06-16 11:31:27.000,0,NULL,0,2026-06-16 11:31:27.000,0,0,0,2026-06-16 11:31:27.000,0,0,0,2026-06-16 11:31:27.000,0,0,0,2026-06-16 11:36:34.490,2026-06-16 11:36:34.490,0,NULL,2026-06-16 11:36:34.527,307,307,0,CI-Citation
26-048534,2026-06-16 11:41:22.000,25,TUE,16,11,B,DAY,MIDS,POLICE,TRAFFIC STOP,2,OFFICER,"LEACH, JOSHUA C",NULL,2026-06-16 11:41:22.000,2026-06-16 11:41:33.000,2026-06-16 11:41:22.000,0,1,-1,2026-06-16 11:41:22.000,0,0,0,2026-06-16 11:41:22.000,0,NULL,0,2026-06-16 11:41:22.000,0,0,0,2026-06-16 11:41:22.000,0,0,0,2026-06-16 11:41:22.000,0,0,0,2026-06-16 11:45:39.977,2026-06-16 11:45:39.977,0,NULL,2026-06-16 11:45:39.977,257,257,0,CI-Citation
26-014911,2026-06-16 11:42:57.000,25,TUE,16,11,B,DAY,MIDS,FIRE,AFD TEST CALL,10,Phone,"Bellomo, Timothy","Bellomo, Timothy",2026-06-16 11:42:55.000,2026-06-16 11:43:38.000,2026-06-16 11:43:33.000,38,36,2,2026-06-16 11:44:14.107,41,41,0,2026-06-16 11:43:34.000,39,37,2,2026-06-16 11:44:17.610,79,79,0,2026-06-16 11:44:17.610,3,3,0,2026-06-16 11:44:20.447,3,2,1,2026-06-16 11:44:41.637,2026-06-16 11:44:41.637,0,NULL,2026-06-16 11:44:41.660,106,106,0,TST-Test Call
26-048535,2026-06-16 11:46:11.000,25,TUE,16,11,B,DAY,MIDS,POLICE,TRAFFIC STOP,2,OFFICER,"LEACH, JOSHUA C",NULL,2026-06-16 11:46:11.000,2026-06-16 11:46:17.000,2026-06-16 11:46:11.000,0,1,-1,2026-06-16 11:46:11.000,0,0,0,2026-06-16 11:46:11.000,0,NULL,0,2026-06-16 11:46:11.000,0,0,0,2026-06-16 11:46:11.000,0,0,0,2026-06-16 11:46:11.000,0,0,0,2026-06-16 11:50:34.400,2026-06-16 11:50:34.400,0,NULL,2026-06-16 11:50:34.427,263,263,0,CI-Citation
26-048536,2026-06-16 11:47:18.000,25,TUE,16,11,B,DAY,MIDS,POLICE,PARKING COMPLAINT,4,Phone,"VALENTIN, EMERITA",NULL,2026-06-16 11:47:16.000,NULL,2026-06-16 11:47:32.000,16,14,2,2026-06-16 11:53:17.063,345,345,0,2026-06-16 11:48:22.000,66,64,2,2026-06-16 11:53:17.063,361,361,0,2026-06-16 11:53:17.063,0,0,0,2026-06-16 12:16:42.317,1405,1405,0,2026-06-16 12:18:55.667,2026-06-16 12:18:55.667,0,NULL,2026-06-16 12:18:55.890,1899,1899,0,NR-No Report
26-048537,2026-06-16 11:48:45.000,25,TUE,16,11,B,DAY,MIDS,POLICE,PARKING COMPLAINT,4,Phone,"GARCIA, VILMA",NULL,2026-06-16 11:48:43.000,NULL,2026-06-16 11:50:14.000,91,89,2,2026-06-16 11:56:45.290,391,391,0,2026-06-16 11:50:51.000,128,126,2,2026-06-16 11:56:45.290,482,482,0,2026-06-16 11:56:45.290,0,-9999,9999,2026-06-16 12:34:41.440,2276,2276,0,2026-06-16 12:43:17.150,2026-06-16 12:43:17.150,0,NULL,2026-06-16 12:43:17.363,3274,3274,0,NR-No Report
26-048538,2026-06-16 11:49:52.000,25,TUE,16,11,B,DAY,MIDS,POLICE,MVC HIT/RUN NO INJURY,2,E-911,"FOSTER, KANESHA","WELCH, KIMBERLY",2026-06-16 11:49:52.000,2026-06-16 11:52:38.000,2026-06-16 11:50:36.000,44,44,0,2026-06-16 11:57:28.927,412,412,0,2026-06-16 11:52:32.000,160,160,0,2026-06-16 11:57:33.103,456,456,0,2026-06-16 11:57:33.103,5,4,1,2026-06-16 12:02:48.933,315,315,0,2026-06-16 11:59:38.180,2026-06-16 12:55:17.060,0,NULL,2026-06-16 12:55:17.127,3925,3925,0,NR-No Report
26-048540,2026-06-16 11:53:30.000,25,TUE,16,11,B,DAY,MIDS,POLICE,WALK IN HQ LOBBY,3,Phone,"VALENTIN, EMERITA","WELCH, KIMBERLY",2026-06-16 11:53:27.000,2026-06-16 12:14:50.000,2026-06-16 11:54:33.000,66,63,3,2026-06-16 12:47:08.583,3155,3155,0,2026-06-16 12:53:55.000,3628,3625,3,2026-06-16 12:47:45.627,3221,3221,0,2026-06-16 12:47:45.627,37,37,0,2026-06-16 12:56:37.057,532,531,1,2026-06-16 14:09:25.483,2026-06-16 14:09:25.483,0,NULL,2026-06-16 14:09:25.540,8158,8158,0,NR-No Report
26-048541,2026-06-16 11:58:10.000,25,TUE,16,11,B,DAY,MIDS,POLICE,OFF DUTY DETAIL,8,OFFICER,"WILLIAMS, VINCENT E",NULL,2026-06-16 11:58:10.000,2026-06-16 11:58:17.000,2026-06-16 11:58:10.000,0,1,-1,2026-06-16 11:58:10.000,0,0,0,2026-06-16 11:58:10.000,0,NULL,0,2026-06-16 11:58:10.000,0,0,0,2026-06-16 11:58:10.000,0,0,0,2026-06-16 11:58:10.000,0,0,0,2026-06-16 19:00:22.257,2026-06-16 19:00:22.257,0,NULL,2026-06-16 19:00:22.300,25332,25332,0,NR-No Report
26-048545,2026-06-16 12:00:48.000,25,TUE,16,12,B,DAY,MIDS,POLICE,LARCENY OTHER DELAY,4,Phone,"VALENTIN, EMERITA","DEWBERRY, RE'KEYA",2026-06-16 12:00:46.000,2026-06-17 11:21:18.000,2026-06-16 12:04:37.000,231,229,2,2026-06-17 11:17:40.420,83583,85,83498,2026-06-16 12:04:40.000,234,232,2,2026-06-17 11:18:05.700,83814,83814,0,2026-06-17 11:18:05.700,25,25,0,NULL,NULL,-9999,NULL,NULL,2026-06-16 20:19:06.000,1,2026-06-17 11:16:15.153,NULL,29900,-9999,39899,CN-Cancellation
26-048544,2026-06-16 12:01:57.000,25,TUE,16,12,B,DAY,MIDS,POLICE,DOMESTIC VIOL NO INJ,1,E-911,"MCLEOD, DOUGLAS","WELCH, KIMBERLY",2026-06-16 12:01:57.000,2026-06-16 12:02:53.000,2026-06-16 12:02:45.000,48,48,0,2026-06-16 12:03:15.900,30,30,0,2026-06-16 12:06:17.000,260,260,0,2026-06-16 12:03:36.827,78,78,0,2026-06-16 12:03:36.827,21,20,1,2026-06-16 12:09:17.947,341,341,0,2026-06-16 12:05:13.020,2026-06-16 13:09:32.383,0,NULL,2026-06-16 13:09:32.403,4055,4055,0,NR-No Report
26-048543,2026-06-16 12:02:17.000,25,TUE,16,12,B,DAY,MIDS,POLICE,TRAFFIC STOP,2,OFFICER,"LEACH, JOSHUA C",NULL,2026-06-16 12:02:17.000,2026-06-16 12:02:25.000,2026-06-16 12:02:17.000,0,1,-1,2026-06-16 12:02:17.000,0,0,0,2026-06-16 12:02:17.000,0,NULL,0,2026-06-16 12:02:17.000,0,0,0,2026-06-16 12:02:17.000,0,0,0,2026-06-16 12:02:17.000,0,0,0,2026-06-16 12:07:33.313,2026-06-16 12:07:33.303,0,NULL,2026-06-16 12:07:33.303,316,316,0,CI-Citation
26-048546,2026-06-16 12:04:56.000,25,TUE,16,12,B,DAY,MIDS,POLICE,PARKING COMPLAINT,4,Phone,"GARCIA, VILMA",NULL,2026-06-16 12:04:55.000,NULL,2026-06-16 12:06:25.000,90,89,1,2026-06-16 13:07:02.433,3637,3637,0,2026-06-16 12:06:57.000,122,121,1,2026-06-16 13:07:02.433,3727,3727,0,2026-06-16 13:07:02.433,0,-9999,9999,2026-06-16 13:17:30.700,628,628,0,2026-06-16 13:18:48.330,2026-06-16 13:18:48.330,0,NULL,2026-06-16 13:18:48.340,4433,4433,0,NR-No Report
26-048547,2026-06-16 12:06:30.000,25,TUE,16,12,B,DAY,MIDS,POLICE,DISORDERLY CONDUCT,2,Phone,"VALENTIN, EMERITA",NULL,2026-06-16 12:06:30.000,2026-06-16 12:07:32.000,2026-06-16 12:07:13.000,43,43,0,2026-06-16 12:08:58.683,105,105,0,2026-06-16 12:38:56.000,1946,1946,0,2026-06-16 12:09:04.750,148,148,0,2026-06-16 12:09:04.750,6,3,3,2026-06-16 12:16:05.693,421,420,1,2026-06-16 12:50:40.807,2026-06-16 13:02:27.963,0,NULL,2026-06-16 13:02:28.083,3357,3357,0,NR-No Report
26-048548,2026-06-16 12:07:19.000,25,TUE,16,12,B,DAY,MIDS,POLICE,PROPERTY LOST,4,Phone,"MCLEOD, DOUGLAS",NULL,2026-06-16 12:07:17.000,2026-06-16 12:47:41.000,2026-06-16 12:10:10.000,173,171,2,2026-06-16 12:47:56.903,2266,2266,0,2026-06-16 12:10:44.000,207,205,2,2026-06-16 12:48:04.670,2439,2439,0,2026-06-16 12:48:04.670,8,7,1,2026-06-16 13:21:59.003,2035,2034,1,2026-06-16 15:51:15.740,2026-06-16 15:51:15.740,0,NULL,2026-06-16 15:51:15.823,13438,13438,0,RE-Report
26-014912,2026-06-16 12:07:32.000,25,TUE,16,12,B,DAY,MIDS,EMS,UNKNOWN MEDICAL ALS 1,1,E-911,"GARCIA, VILMA",Automatic Dispatch,2026-06-16 12:07:31.000,2026-06-16 12:08:34.000,2026-06-16 12:08:18.000,47,46,1,2026-06-16 12:08:20.317,2,2,0,2026-06-16 12:15:23.000,472,471,1,2026-06-16 12:10:07.503,49,49,0,2026-06-16 12:10:07.503,107,107,0,2026-06-16 12:14:28.583,261,261,0,2026-06-16 12:47:59.227,2026-06-16 13:33:17.687,0,NULL,2026-06-16 13:33:17.797,5146,5146,0,UNDEFINED
26-048549,2026-06-16 12:09:53.000,25,TUE,16,12,B,DAY,MIDS,POLICE,PARKING COMPLAINT,4,Phone,"PEREZ, CARLOS",NULL,2026-06-16 12:09:51.000,NULL,2026-06-16 12:11:50.000,119,117,2,2026-06-16 12:42:01.933,1811,1811,0,2026-06-16 12:13:24.000,213,211,2,2026-06-16 12:42:01.933,1930,1930,0,2026-06-16 12:42:01.933,0,0,0,2026-06-16 12:48:19.903,378,377,1,2026-06-16 12:53:27.293,2026-06-16 12:53:27.293,0,NULL,2026-06-16 12:53:27.803,2616,2616,0,CI-Citation
26-048552,2026-06-16 12:10:55.000,25,TUE,16,12,B,DAY,MIDS,POLICE,ASSIST CITIZEN DELAY,4,Phone,"MCLEOD, DOUGLAS","WALKER, LATITIA",2026-06-16 12:10:53.000,2026-06-16 12:47:16.000,2026-06-16 12:15:17.000,264,262,2,2026-06-16 22:21:54.937,36397,36397,0,2026-06-16 12:15:18.000,265,263,2,NULL,36661,36661,0,NULL,NULL,-9999,NULL,NULL,NULL,-9999,NULL,2026-06-16 22:22:02.367,2026-06-16 22:22:02.367,0,NULL,2026-06-16 22:22:02.417,36669,36669,0,NR-No Report
26-014913,2026-06-16 12:11:24.853,25,TUE,16,12,B,DAY,MIDS,FIRE,MUTUAL FIRE ALARM,1,C2C,CAD to CAD Service 1,CAD to CAD Service 1,2026-06-16 12:10:58.000,NULL,2026-06-16 12:11:25.103,27,0,27,2026-06-16 12:11:25.150,0,0,0,NULL,NULL,NULL,NULL,2026-06-16 12:12:04.497,27,39,-12,2026-06-16 12:12:04.497,39,27,12,NULL,NULL,-9999,NULL,2026-06-16 12:16:07.750,2026-06-16 12:16:36.587,0,NULL,2026-06-16 12:16:36.633,338,338,0,CAD2CAD
26-048551,2026-06-16 12:13:53.000,25,TUE,16,12,B,DAY,MIDS,POLICE,SHOPLIFTING DELAY,4,Phone,"VALENTIN, EMERITA","WELCH, KIMBERLY",2026-06-16 12:13:53.000,2026-06-16 13:15:04.000,2026-06-16 12:14:16.000,23,23,0,2026-06-16 13:01:53.317,2857,2857,0,2026-06-16 12:15:23.000,90,90,0,2026-06-16 13:01:58.117,2880,2880,0,2026-06-16 13:01:58.117,5,4,1,2026-06-16 13:01:58.117,0,0,0,2026-06-16 17:22:13.270,2026-06-16 17:22:13.270,0,NULL,2026-06-16 17:22:13.337,18500,18500,0,RE-Report
26-014914,2026-06-16 12:14:48.997,25,TUE,16,12,B,DAY,MIDS,FIRE,MUTUAL FIRE ALARM,1,C2C,CAD to CAD Service 1,CAD to CAD Service 1,2026-06-16 12:14:22.000,NULL,2026-06-16 12:14:49.403,27,0,27,2026-06-16 12:14:49.467,0,0,0,NULL,NULL,NULL,NULL,2026-06-16 12:15:22.173,27,-9999,10026,2026-06-16 12:15:22.173,33,28,5,2026-06-16 12:17:21.670,119,119,0,2026-06-16 12:19:15.680,2026-06-16 12:27:09.713,0,NULL,2026-06-16 12:27:09.760,767,767,0,CAD2CAD
26-048553,2026-06-16 12:17:15.000,25,TUE,16,12,B,DAY,MIDS,POLICE,LARCENY COMM IN PROG,3,Phone,"PATTERSON, JAHAIRA","WELCH, KIMBERLY",2026-06-16 12:17:14.000,2026-06-16 12:22:59.000,2026-06-16 12:18:18.000,64,63,1,2026-06-16 13:02:02.203,2624,2624,0,2026-06-16 12:19:20.000,126,125,1,2026-06-16 13:02:34.137,2688,2688,0,2026-06-16 13:02:34.137,32,31,1,2026-06-16 13:13:00.527,626,626,0,2026-06-16 15:01:13.673,2026-06-16 15:01:13.673,0,NULL,2026-06-16 15:01:13.747,9839,9839,0,RE-Report
26-014915,2026-06-16 12:19:15.000,25,TUE,16,12,B,DAY,MIDS,EMS,BLS EMERGENCY,3,E-911,"MCLEOD, DOUGLAS",Automatic Dispatch,2026-06-16 12:19:14.000,2026-06-16 12:19:53.000,2026-06-16 12:19:48.000,34,33,1,2026-06-16 12:19:50.077,2,2,0,2026-06-16 12:20:57.000,103,102,1,2026-06-16 12:20:32.157,36,36,0,2026-06-16 12:20:32.157,42,42,0,2026-06-16 12:22:16.197,104,104,0,2026-06-16 13:12:03.947,2026-06-16 13:45:14.813,0,NULL,2026-06-16 13:45:14.813,5160,5160,0,UNDEFINED
26-048555,2026-06-16 12:19:51.000,25,TUE,16,12,B,DAY,MIDS,POLICE,DEST OF PROP OTH DELAY,4,Phone,"PICKERAL, LAUREN","MCLEOD, DOUGLAS",2026-06-16 12:19:49.000,2026-06-16 12:48:49.000,2026-06-16 12:20:29.000,40,38,2,2026-06-16 14:13:05.987,6756,6756,0,2026-06-16 12:21:19.000,90,88,2,2026-06-16 14:13:30.303,6796,6796,0,2026-06-16 14:13:30.303,25,24,1,2026-06-16 14:13:30.303,0,0,0,2026-06-16 16:18:26.127,2026-06-16 16:18:26.127,0,NULL,2026-06-16 16:18:26.170,14317,14317,0,RE-Report
26-048557,2026-06-16 12:27:26.000,25,TUE,16,12,B,DAY,MIDS,POLICE,MVC PROPERTY DAMAGE,2,Phone,"VALENTIN, EMERITA",NULL,2026-06-16 12:27:23.000,NULL,2026-06-16 12:28:34.000,71,68,3,2026-06-16 12:28:48.410,14,14,0,2026-06-16 12:38:53.000,690,687,3,2026-06-16 12:28:48.410,85,85,0,2026-06-16 12:28:48.410,0,-9999,9999,2026-06-16 12:35:59.220,431,430,1,2026-06-16 14:46:21.190,2026-06-16 14:46:21.190,0,NULL,2026-06-16 14:46:21.327,8338,8338,0,NR-No Report
26-014916,2026-06-16 12:27:29.000,25,TUE,16,12,B,DAY,MIDS,FIRE,FIRE ALARM,3,Phone,"PEREZ, CARLOS",Automatic Dispatch,2026-06-16 12:27:27.000,2026-06-16 12:28:20.000,2026-06-16 12:28:12.000,45,43,2,2026-06-16 12:28:14.803,2,2,0,2026-06-16 12:29:02.000,95,93,2,2026-06-16 12:29:22.707,47,47,0,2026-06-16 12:29:22.707,68,67,1,NULL,NULL,-9999,NULL,2026-06-16 12:31:32.333,2026-06-16 12:31:32.333,0,NULL,2026-06-16 12:31:32.397,245,245,0,UNDEFINED
26-048559,2026-06-16 12:37:09.000,25,TUE,16,12,B,DAY,MIDS,POLICE,TRAFFIC STOP,2,OFFICER,"LEACH, JOSHUA C",NULL,2026-06-16 12:37:09.000,2026-06-16 12:37:37.000,2026-06-16 12:37:09.000,0,1,-1,2026-06-16 12:37:09.000,0,0,0,2026-06-16 12:37:09.000,0,NULL,0,2026-06-16 12:37:09.000,0,0,0,2026-06-16 12:37:09.000,0,0,0,2026-06-16 12:37:09.000,0,0,0,2026-06-16 12:42:09.893,2026-06-16 12:42:09.893,0,NULL,2026-06-16 12:42:09.893,300,300,0,CI-Citation
26-014917,2026-06-16 12:38:01.000,25,TUE,16,12,B,DAY,MIDS,EMS,HEART PROBLEMS ALS 1,1,E-911,"GARCIA, VILMA",Automatic Dispatch,2026-06-16 12:37:59.000,2026-06-16 12:40:06.000,2026-06-16 12:39:58.000,119,117,2,2026-06-16 12:40:00.620,2,2,0,2026-06-16 12:41:27.000,208,206,2,2026-06-16 12:40:47.830,121,121,0,2026-06-16 12:40:47.830,47,47,0,2026-06-16 12:44:20.467,213,212,1,2026-06-16 12:42:38.830,2026-06-16 13:09:45.803,0,NULL,2026-06-16 13:09:45.857,1906,1906,0,UNDEFINED
26-048561,2026-06-16 12:51:33.000,25,TUE,16,12,B,DAY,MIDS,POLICE,ANIMAL STRAY,2,Phone,"VALENTIN, EMERITA","PATTERSON, JAHAIRA",2026-06-16 12:51:31.000,2026-06-16 12:54:13.000,2026-06-16 12:52:00.000,29,27,2,2026-06-16 12:55:36.423,216,216,0,2026-06-16 12:53:51.000,140,138,2,2026-06-16 12:55:36.510,245,245,0,2026-06-16 12:55:36.510,0,0,0,2026-06-16 12:55:36.557,0,0,0,2026-06-16 12:55:44.860,2026-06-16 12:55:44.860,0,NULL,2026-06-16 12:55:44.957,253,253,0,ACOR-Animal Control Report
26-048562,2026-06-16 13:02:37.000,25,TUE,16,13,B,DAY,MIDS,POLICE,PARKING COMPLAINT,4,Phone,"PICKERAL, LAUREN",NULL,2026-06-16 13:02:36.000,2026-06-16 13:04:38.000,2026-06-16 13:02:55.000,19,18,1,2026-06-16 13:30:32.497,1657,1657,0,2026-06-16 13:03:36.000,60,59,1,2026-06-16 13:30:32.497,1676,1676,0,2026-06-16 13:30:32.497,0,0,0,2026-06-16 13:33:49.767,197,197,0,2026-06-16 13:38:27.977,2026-06-16 13:38:27.977,0,NULL,2026-06-16 13:38:28.570,2151,2151,0,NR-No Report
26-048563,2026-06-16 13:03:38.000,25,TUE,16,13,B,DAY,MIDS,POLICE,PARKING COMPLAINT,4,Phone,"PICKERAL, LAUREN",NULL,2026-06-16 13:03:38.000,2026-06-16 14:09:23.000,2026-06-16 13:04:23.000,45,45,0,2026-06-16 13:34:27.807,1804,1804,0,2026-06-16 13:04:36.000,58,58,0,2026-06-16 13:34:27.807,1849,1849,0,2026-06-16 13:34:27.807,0,-9999,9999,2026-06-16 13:49:32.543,905,904,1,NULL,2026-06-16 14:09:35.000,0,NULL,NULL,3957,3957,0,CN-Cancellation
26-048564,2026-06-16 13:05:13.000,25,TUE,16,13,B,DAY,MIDS,POLICE,TRAFFIC STOP,2,OFFICER,"LEACH, JOSHUA C",NULL,2026-06-16 13:05:13.000,2026-06-16 13:05:24.000,2026-06-16 13:05:13.000,0,1,-1,2026-06-16 13:05:13.000,0,0,0,2026-06-16 13:05:13.000,0,NULL,0,2026-06-16 13:05:13.000,0,0,0,2026-06-16 13:05:13.000,0,0,0,2026-06-16 13:05:13.000,0,0,0,2026-06-16 13:12:37.550,2026-06-16 13:12:37.550,0,NULL,2026-06-16 13:12:37.577,444,444,0,CI-Citation
26-014918,2026-06-16 13:05:53.000,25,TUE,16,13,B,DAY,MIDS,EMS,CHEST PAIN ALS 1,1,Phone,"GARCIA, VILMA","WALKER, KAREN",2026-06-16 13:05:52.000,2026-06-16 13:06:43.000,2026-06-16 13:06:30.000,38,37,1,2026-06-16 13:06:33.097,3,3,0,2026-06-16 13:09:38.000,226,225,1,2026-06-16 13:08:20.913,41,41,0,2026-06-16 13:08:20.913,107,48,59,2026-06-16 13:12:03.790,223,222,1,2026-06-16 13:07:39.393,2026-06-16 14:01:50.230,0,NULL,2026-06-16 14:01:50.333,3358,3358,0,UNDEFINED
26-014920,2026-06-16 13:19:23.000,25,TUE,16,13,B,DAY,MIDS,EMS,BLS EMERGENCY,3,E-911,"GARCIA, VILMA",Automatic Dispatch,2026-06-16 13:19:23.000,2026-06-16 13:20:28.000,2026-06-16 13:20:15.000,52,52,0,2026-06-16 13:20:17.797,2,2,0,2026-06-16 13:21:15.000,112,112,0,2026-06-16 13:21:42.107,54,54,0,2026-06-16 13:21:42.107,85,84,1,2026-06-16 13:27:05.693,323,323,0,2026-06-16 14:25:37.857,2026-06-16 14:25:37.857,0,NULL,2026-06-16 14:25:37.957,3974,3974,0,UNDEFINED
26-048570,2026-06-16 13:26:04.000,25,TUE,16,13,B,DAY,MIDS,POLICE,ANIMAL SICK-INJURED,2,Phone,"PEREZ, CARLOS","PATTERSON, JAHAIRA",2026-06-16 13:26:02.000,2026-06-16 13:32:26.000,2026-06-16 13:29:11.000,189,187,2,2026-06-16 13:35:58.550,407,407,0,2026-06-16 13:29:18.000,196,194,2,2026-06-16 13:35:58.600,596,596,0,2026-06-16 13:35:58.600,0,0,0,2026-06-16 13:35:58.633,0,0,0,2026-06-16 13:36:04.667,2026-06-16 13:36:04.667,0,NULL,2026-06-16 13:36:04.740,602,602,0,ACOR-Animal Control Report
26-048573,2026-06-16 13:36:46.000,25,TUE,16,13,B,DAY,MIDS,POLICE,IDENTITY FRAUD DELAY,4,Phone,"PEREZ, CARLOS","DEWBERRY, RE'KEYA",2026-06-16 13:36:44.000,2026-06-20 12:42:20.000,2026-06-16 13:40:14.000,210,208,2,2026-06-20 14:42:15.913,349321,7197,342124,2026-06-16 13:40:16.000,212,210,2,2026-06-20 14:42:34.683,349531,-9999,359530,2026-06-20 14:42:34.683,19,18,1,2026-06-20 15:00:57.467,1103,1102,1,2026-06-20 16:44:53.920,2026-06-16 19:26:59.000,1,2026-06-20 12:42:18.233,2026-06-20 16:44:54.030,21015,11289,9726,RE-Report
26-048574,2026-06-16 13:44:30.000,25,TUE,16,13,B,DAY,MIDS,POLICE,TRESPASSING IN PROG,2,E-911,"MCLEOD, DOUGLAS","WELCH, KIMBERLY",2026-06-16 13:44:30.000,2026-06-16 13:50:06.000,2026-06-16 13:45:50.000,80,80,0,2026-06-16 13:56:41.127,651,651,0,2026-06-16 13:46:43.000,133,133,0,2026-06-16 13:56:44.290,731,731,0,2026-06-16 13:56:44.290,3,3,0,2026-06-16 14:01:58.980,314,314,0,2026-06-16 14:58:30.813,2026-06-16 14:58:37.167,0,NULL,2026-06-16 14:58:37.217,4447,4447,0,NR-No Report
26-014921,2026-06-16 13:49:27.000,25,TUE,16,13,B,DAY,MIDS,EMS,UNCONSCIOUS ALS 2,1,E-911,"MCLEOD, DOUGLAS",Automatic Dispatch,2026-06-16 13:49:26.000,2026-06-16 13:50:48.000,2026-06-16 13:50:34.000,68,67,1,2026-06-16 13:50:37.053,3,3,0,2026-06-16 13:55:09.000,343,342,1,2026-06-16 13:51:45.277,71,71,0,2026-06-16 13:51:45.277,68,68,0,2026-06-16 13:54:20.103,155,154,1,2026-06-16 14:02:34.570,2026-06-16 14:41:47.480,0,NULL,2026-06-16 14:41:47.573,3141,3141,0,UNDEFINED
26-048576,2026-06-16 13:50:14.000,25,TUE,16,13,B,DAY,MIDS,POLICE,WALK IN HQ LOBBY,3,Phone,"VALENTIN, EMERITA",NULL,2026-06-16 13:50:12.000,NULL,2026-06-16 13:52:05.000,113,111,2,2026-06-16 13:58:26.330,381,381,0,2026-06-16 13:58:25.000,493,491,2,2026-06-16 13:58:26.330,494,494,0,2026-06-16 13:58:26.330,0,0,0,NULL,NULL,-9999,NULL,2026-06-16 14:06:48.330,2026-06-16 14:06:48.330,0,NULL,2026-06-16 14:06:48.413,996,996,0,NR-No Report
26-048577,2026-06-16 13:52:36.000,25,TUE,16,13,B,DAY,MIDS,POLICE,FALSE PRETENSE/SWINDLE IN PROG,2,Phone,"PATTERSON, JAHAIRA",NULL,2026-06-16 13:52:34.000,2026-06-16 13:55:34.000,2026-06-16 13:54:32.000,118,116,2,2026-06-16 13:55:56.760,84,84,0,2026-06-16 14:00:15.000,461,459,2,2026-06-16 13:57:15.087,202,202,0,2026-06-16 13:57:15.087,79,74,5,2026-06-16 14:02:32.980,317,317,0,2026-06-16 13:57:43.443,2026-06-16 19:47:40.603,0,NULL,2026-06-16 19:47:40.623,21306,21306,0,RE-Report
26-014923,2026-06-16 13:54:20.000,25,TUE,16,13,B,DAY,MIDS,FIRE,MUTUAL AID,2,Phone,"FOSTER, KANESHA","FOSTER, KANESHA",2026-06-16 13:54:18.000,2026-06-16 13:55:37.880,2026-06-16 13:55:10.000,52,50,2,2026-06-16 13:55:37.820,27,27,0,2026-06-16 13:56:34.000,136,134,2,2026-06-16 13:56:16.650,79,79,0,2026-06-16 13:56:16.650,39,38,1,NULL,NULL,-9999,NULL,2026-06-16 13:57:03.997,2026-06-16 13:57:03.997,0,NULL,2026-06-16 13:57:04.573,165,165,0,UNDEFINED
26-048578,2026-06-16 13:55:31.000,25,TUE,16,13,B,DAY,MIDS,POLICE,ASSIST CITIZEN PROMPT,3,Phone,"VALENTIN, EMERITA","MCLEOD, DOUGLAS",2026-06-16 13:55:29.000,2026-06-16 14:13:22.000,2026-06-16 13:57:36.000,127,125,2,2026-06-16 14:36:30.393,2334,2334,0,2026-06-16 13:58:26.000,177,175,2,2026-06-16 14:36:38.843,2461,2461,0,2026-06-16 14:36:38.843,8,8,0,2026-06-16 15:02:34.497,1556,1555,1,2026-06-16 14:37:26.300,2026-06-16 17:04:01.380,0,NULL,2026-06-16 17:04:01.597,11312,11312,0,NR-No Report
26-014924,2026-06-16 13:56:47.167,25,TUE,16,13,B,DAY,MIDS,EMS,MUTUAL BLS,1,C2C,CAD to CAD Service 1,CAD to CAD Service 1,2026-06-16 13:53:42.000,NULL,2026-06-16 13:56:47.477,185,0,185,2026-06-16 13:56:47.540,0,0,0,NULL,NULL,NULL,NULL,2026-06-16 13:57:51.260,185,-9999,10184,2026-06-16 13:57:51.260,64,63,1,2026-06-16 14:03:01.637,310,310,0,2026-06-16 14:14:24.633,2026-06-16 14:46:46.550,0,NULL,2026-06-16 14:46:46.643,3184,3184,0,CAD2CAD
26-048580,2026-06-16 14:03:11.000,25,TUE,16,14,B,DAY,LATE,POLICE,RUNAWAY RETURNED,4,Phone,"PATTERSON, JAHAIRA","MCLEOD, DOUGLAS",2026-06-16 14:03:09.000,2026-06-16 14:14:21.000,2026-06-16 14:06:04.000,175,173,2,2026-06-16 14:14:13.010,489,489,0,2026-06-16 14:06:08.000,179,177,2,2026-06-16 14:14:13.077,664,664,0,2026-06-16 14:14:13.077,0,0,0,2026-06-16 14:20:22.803,369,369,0,2026-06-16 16:58:02.693,2026-06-16 16:58:02.693,0,NULL,2026-06-16 16:58:02.733,10493,10493,0,NR-No Report
26-014925,2026-06-16 14:08:29.577,25,TUE,16,14,B,DAY,LATE,FIRE,MUTUAL AID,1,C2C,CAD to CAD Service 1,CAD to CAD Service 1,2026-06-16 14:05:17.000,NULL,2026-06-16 14:08:29.920,192,0,192,2026-06-16 14:08:29.983,0,0,0,NULL,NULL,NULL,NULL,2026-06-16 14:09:01.147,192,-9999,10191,2026-06-16 14:09:01.147,32,31,1,2026-06-16 14:19:12.820,611,611,0,2026-06-16 14:28:25.550,2026-06-16 14:28:25.550,0,NULL,2026-06-16 14:28:25.667,1388,1388,0,UNDEFINED
26-048581,2026-06-16 14:10:24.000,25,TUE,16,14,B,DAY,LATE,POLICE,GLA DELAY,4,Phone,"VALENTIN, EMERITA","MCLEOD, DOUGLAS",2026-06-16 14:10:22.000,2026-06-16 14:14:30.000,2026-06-16 14:10:39.000,17,15,2,2026-06-16 14:14:47.330,248,248,0,2026-06-16 14:43:48.000,2006,2004,2,2026-06-16 14:15:07.227,265,265,0,2026-06-16 14:15:07.227,20,19,1,2026-06-16 14:25:10.660,603,603,0,2026-06-16 14:46:58.000,2026-06-16 14:46:58.000,0,NULL,2026-06-16 14:46:58.030,2196,2196,0,NR-No Report
26-048584,2026-06-16 14:29:42.000,25,TUE,16,14,B,DAY,LATE,POLICE,RUNAWAY RETURNED,4,Phone,"MCLEOD, DOUGLAS","MCLEOD, DOUGLAS",2026-06-16 14:29:40.000,2026-06-16 14:36:59.000,2026-06-16 14:30:00.000,20,18,2,2026-06-16 14:30:14.780,14,14,0,2026-06-16 14:34:34.000,294,292,2,2026-06-16 14:30:14.840,34,34,0,2026-06-16 14:30:14.840,0,0,0,2026-06-16 14:30:14.863,0,0,0,2026-06-16 15:50:48.093,2026-06-16 15:50:48.093,0,NULL,2026-06-16 15:50:48.137,4868,4868,0,NR-No Report
26-048585,2026-06-16 14:31:21.000,25,TUE,16,14,B,DAY,LATE,POLICE,WARRANT SERVICE,2,Phone,"PATTERSON, JAHAIRA","MCLEOD, DOUGLAS",2026-06-16 14:31:21.000,2026-06-16 14:34:39.000,2026-06-16 14:32:53.000,92,92,0,2026-06-16 14:45:11.260,738,738,0,2026-06-16 14:33:04.000,103,103,0,2026-06-16 14:45:15.757,830,830,0,2026-06-16 14:45:15.757,4,4,0,2026-06-16 14:50:05.787,290,290,0,2026-06-16 14:45:51.153,2026-06-16 17:18:57.153,0,NULL,2026-06-16 17:18:57.153,10056,10056,0,RE-Report
26-048586,2026-06-16 14:35:53.000,25,TUE,16,14,B,DAY,LATE,POLICE,RUNAWAY RETURNED,4,Phone,"MACK, BRIANA",NULL,2026-06-16 14:35:51.000,2026-06-16 17:26:11.000,2026-06-16 14:36:17.000,26,24,2,2026-06-16 22:16:50.470,27633,27633,0,2026-06-16 14:37:48.000,117,115,2,2026-06-16 22:16:55.713,27659,27659,0,2026-06-16 22:16:55.713,5,5,0,2026-06-16 22:22:05.990,310,310,0,2026-06-16 23:17:04.580,2026-06-16 23:17:04.580,0,NULL,2026-06-16 23:17:04.657,31273,31273,0,SUP-Supplement
26-048588,2026-06-16 14:38:03.000,25,TUE,16,14,B,DAY,LATE,POLICE,STALKING DELAY,4,Phone,"MACK, BRIANA","MCLEOD, DOUGLAS",2026-06-16 14:38:01.000,2026-06-16 14:55:11.000,2026-06-16 14:38:44.000,43,41,2,2026-06-16 14:56:54.073,1090,1090,0,2026-06-16 14:41:16.000,195,193,2,2026-06-16 14:57:28.647,1133,1133,0,2026-06-16 14:57:28.647,34,34,0,NULL,NULL,-9999,NULL,2026-06-16 17:21:38.333,2026-06-16 17:21:38.333,0,NULL,2026-06-16 17:21:38.370,9817,9817,0,RE-Report
26-048592,2026-06-16 14:44:05.000,25,TUE,16,14,B,DAY,LATE,POLICE,DISORDERLY CONDUCT,3,Phone,"PATTERSON, JAHAIRA",NULL,2026-06-16 14:44:04.000,2026-06-16 14:47:54.000,2026-06-16 14:44:49.000,45,44,1,2026-06-16 15:27:51.103,2582,2582,0,2026-06-16 14:45:55.000,111,110,1,2026-06-16 15:27:51.103,2627,2627,0,2026-06-16 15:27:51.103,0,0,0,NULL,NULL,-9999,NULL,2026-06-16 15:28:05.280,2026-06-16 15:28:05.280,0,NULL,2026-06-16 15:28:05.330,2641,2641,0,NR-No Report
26-014927,2026-06-16 14:46:15.000,25,TUE,16,14,B,DAY,LATE,EMS,BLS EMERGENCY,3,E-911,"MACK, BRIANA",Automatic Dispatch,2026-06-16 14:46:15.000,2026-06-16 14:48:34.000,2026-06-16 14:48:18.000,123,123,0,2026-06-16 14:48:20.370,2,2,0,2026-06-16 14:51:04.000,289,289,0,2026-06-16 14:49:16.670,125,125,0,2026-06-16 14:49:16.670,56,56,0,2026-06-16 14:56:29.220,433,432,1,2026-06-16 14:59:06.870,2026-06-16 14:59:06.870,0,NULL,2026-06-16 14:59:06.910,771,771,0,UNDEFINED
26-048593,2026-06-16 14:46:51.000,25,TUE,16,14,B,DAY,LATE,POLICE,ALARM RESIDENTIAL,2,Phone,"PICKERAL, LAUREN","MCLEOD, DOUGLAS",2026-06-16 14:46:50.000,2026-06-16 14:48:16.000,2026-06-16 14:47:04.000,14,13,1,2026-06-16 14:49:09.900,125,125,0,2026-06-16 14:48:07.000,77,76,1,2026-06-16 14:49:15.823,139,139,0,2026-06-16 14:49:15.823,6,5,1,2026-06-16 14:51:09.817,114,113,1,2026-06-16 14:52:56.333,2026-06-16 14:52:59.020,0,NULL,2026-06-16 14:52:59.020,369,369,0,NR-No Report
26-014928,2026-06-16 14:49:07.000,25,TUE,16,14,B,DAY,LATE,FIRE,FIRE ALARM,3,Phone,"FOSTER, KANESHA",Automatic Dispatch,2026-06-16 14:49:05.000,2026-06-16 14:50:11.000,2026-06-16 14:49:42.000,37,35,2,2026-06-16 14:49:44.880,2,2,0,2026-06-16 14:50:32.000,87,85,2,2026-06-16 14:50:40.770,39,39,0,2026-06-16 14:50:40.770,56,55,1,2026-06-16 14:56:57.300,377,376,1,2026-06-16 15:07:05.627,2026-06-16 15:07:05.627,0,NULL,2026-06-16 15:07:05.653,1080,1080,0,UNDEFINED
26-048597,2026-06-16 14:52:46.000,25,TUE,16,14,B,DAY,LATE,POLICE,PARKING COMPLAINT,4,OFFICER,"FOSTER, KANESHA",NULL,2026-06-16 14:52:46.000,2026-06-16 15:19:18.000,2026-06-16 14:53:22.000,36,36,0,2026-06-16 15:08:51.830,929,929,0,2026-06-16 14:58:13.000,327,327,0,2026-06-16 15:08:51.830,965,965,0,2026-06-16 15:08:51.830,0,0,0,2026-06-16 15:17:10.810,499,498,1,2026-06-16 16:00:47.973,2026-06-16 16:00:47.973,0,NULL,2026-06-16 16:00:48.793,4081,4081,0,CI-Citation
26-014929,2026-06-16 15:04:52.000,25,TUE,16,15,B,DAY,LATE,EMS,UNKNOWN MEDICAL ALS 1,1,Phone,"VALENTIN, EMERITA",Automatic Dispatch,2026-06-16 15:04:49.000,2026-06-16 15:06:13.000,2026-06-16 15:05:56.000,67,64,3,2026-06-16 15:05:58.630,2,2,0,2026-06-16 15:05:56.000,67,NULL,67,2026-06-16 15:06:32.167,69,69,0,2026-06-16 15:06:32.167,34,33,1,2026-06-16 15:10:17.077,225,224,1,2026-06-16 15:10:27.210,2026-06-16 16:16:01.350,0,NULL,2026-06-16 16:16:01.523,4272,4272,0,UNDEFINED
26-014930,2026-06-16 15:05:47.000,25,TUE,16,15,B,DAY,LATE,FIRE,FIRE ALARM,3,Phone,"ANDERSON, MARILYN",Automatic Dispatch,2026-06-16 15:05:46.000,2026-06-16 15:07:58.000,2026-06-16 15:06:15.000,29,28,1,2026-06-16 15:06:17.480,2,2,0,2026-06-16 15:08:02.000,136,135,1,2026-06-16 15:07:06.857,31,31,0,2026-06-16 15:07:06.857,49,49,0,2026-06-16 15:10:42.313,216,215,1,2026-06-16 15:32:46.313,2026-06-16 15:32:46.313,0,NULL,2026-06-16 15:32:46.507,1620,1620,0,UNDEFINED
26-048600,2026-06-16 15:10:04.000,25,TUE,16,15,B,DAY,LATE,POLICE,PARKING COMPLAINT,4,Phone,"VALENTIN, EMERITA",NULL,2026-06-16 15:10:03.000,NULL,2026-06-16 15:10:55.000,52,51,1,2026-06-16 15:26:29.317,934,934,0,2026-06-16 15:10:55.000,52,NULL,52,2026-06-16 15:26:29.317,986,986,0,2026-06-16 15:26:29.317,0,-9999,9999,2026-06-16 15:36:46.963,617,617,0,2026-06-16 15:49:02.310,2026-06-16 15:49:02.310,0,NULL,2026-06-16 15:49:02.373,2339,2339,0,NR-No Report
26-048603,2026-06-16 15:11:18.000,25,TUE,16,15,B,DAY,LATE,POLICE,DISORDERLY CONDUCT,2,Phone,"MACK, BRIANA","MCLEOD, DOUGLAS",2026-06-16 15:11:17.000,2026-06-16 15:14:39.000,2026-06-16 15:14:03.000,166,165,1,2026-06-16 15:15:23.157,80,80,0,2026-06-16 15:15:56.000,279,278,1,2026-06-16 15:15:33.360,246,246,0,2026-06-16 15:15:33.360,10,10,0,2026-06-16 15:18:53.417,200,200,0,2026-06-16 16:00:33.717,2026-06-16 16:24:28.050,0,NULL,2026-06-16 16:24:28.073,4391,4391,0,NR-No Report
26-048601,2026-06-16 15:12:53.000,25,TUE,16,15,B,DAY,LATE,POLICE,DEST OF PROP OTH IN PROG,2,Radio,"MCLEOD, DOUGLAS",NULL,2026-06-16 15:12:53.000,2026-06-16 15:16:01.000,2026-06-16 15:12:53.000,0,0,0,2026-06-16 15:12:53.000,0,0,0,2026-06-16 15:12:53.000,0,0,0,2026-06-16 16:32:22.540,0,0,0,2026-06-16 15:12:53.000,0,0,0,2026-06-16 15:12:53.000,0,0,0,2026-06-16 17:33:21.827,2026-06-16 17:33:21.827,0,NULL,2026-06-16 17:33:21.887,8428,8428,0,RE-Report
26-048602,2026-06-16 15:12:57.000,25,TUE,16,15,B,DAY,LATE,POLICE,TRAFFIC STOP,2,OFFICER,"KOLODZINSKI, LISA A",NULL,2026-06-16 15:12:57.000,2026-06-16 15:13:09.000,2026-06-16 15:12:57.000,0,0,0,2026-06-16 15:12:57.000,0,0,0,2026-06-16 15:12:57.000,0,NULL,0,2026-06-16 15:12:57.000,0,0,0,2026-06-16 15:12:57.000,0,0,0,2026-06-16 15:12:57.000,0,0,0,2026-06-16 15:20:17.783,2026-06-16 15:20:17.783,0,NULL,2026-06-16 15:20:17.837,440,440,0,NR-No Report
26-014931,2026-06-16 15:15:08.000,25,TUE,16,15,B,DAY,LATE,FIRE,INVESTIGATION,3,E-911,"ANDERSON, MARILYN",Automatic Dispatch,2026-06-16 15:15:07.000,2026-06-16 15:15:45.000,2026-06-16 15:15:31.000,24,23,1,2026-06-16 15:15:33.340,2,2,0,2026-06-16 15:17:24.000,137,136,1,2026-06-16 15:16:31.563,26,26,0,2026-06-16 15:16:31.563,58,58,0,NULL,NULL,-9999,NULL,2026-06-16 15:23:17.657,2026-06-16 15:23:17.657,0,NULL,2026-06-16 15:23:17.957,490,490,0,UNDEFINED
26-048604,2026-06-16 15:19:39.430,25,TUE,16,15,B,DAY,LATE,POLICE,ASSIST CITIZEN PROMPT,3,Phone,"WALKER, KAREN","MCLEOD, DOUGLAS",2026-06-16 15:19:39.430,2026-06-16 15:20:07.000,2026-06-16 15:19:39.430,0,0,0,2026-06-16 15:39:46.890,1207,1207,0,2026-06-16 15:19:39.430,0,NULL,0,2026-06-16 15:40:08.060,1207,1207,0,2026-06-16 15:40:08.060,22,21,1,2026-06-16 16:01:38.747,1290,1290,0,2026-06-16 17:00:03.883,2026-06-16 17:00:03.883,0,NULL,2026-06-16 17:00:03.953,6024,6024,0,NR-No Report
26-048608,2026-06-16 15:23:05.000,25,TUE,16,15,B,DAY,LATE,POLICE,LARCENY OTHER DELAY,4,Phone,"PATTERSON, JAHAIRA","GRAVES, CHRISTINA",2026-06-16 15:23:03.000,2026-06-17 14:03:42.000,2026-06-16 15:25:38.000,155,153,2,2026-06-16 20:11:30.207,17152,17152,0,2026-06-16 15:26:46.000,223,221,2,2026-06-16 20:11:41.210,17307,17307,0,2026-06-16 20:11:41.210,11,11,0,2026-06-16 20:21:41.557,600,600,0,2026-06-16 20:34:51.630,2026-06-16 20:34:51.630,1,2026-06-17 14:03:35.143,2026-06-16 20:34:51.690,18708,81690,-62982,CN-Cancellation
26-048606,2026-06-16 15:23:58.000,25,TUE,16,15,B,DAY,LATE,POLICE,SHOPLIFTING IN PROG,2,Radio,"MCLEOD, DOUGLAS",NULL,2026-06-16 15:23:56.000,2026-06-16 15:24:50.000,2026-06-16 15:24:10.000,14,12,2,2026-06-16 15:24:53.587,43,43,0,2026-06-16 15:25:09.000,73,71,2,2026-06-16 15:24:56.497,57,57,0,2026-06-16 15:24:56.497,3,2,1,2026-06-16 15:25:04.493,8,7,1,2026-06-16 16:32:16.817,2026-06-16 19:36:28.950,0,NULL,2026-06-16 19:36:29.013,15152,15152,0,RE-Report
26-048607,2026-06-16 15:24:20.000,25,TUE,16,15,B,DAY,LATE,POLICE,FLAG DOWN,2,OFFICER,"ANDERSON, ZACHARY H",NULL,2026-06-16 15:24:20.000,2026-06-16 15:24:33.000,2026-06-16 15:24:20.000,0,1,-1,2026-06-16 15:24:20.000,0,0,0,2026-06-16 15:24:20.000,0,NULL,0,2026-06-16 15:24:20.000,0,0,0,2026-06-16 15:24:20.000,0,0,0,2026-06-16 15:24:20.000,0,0,0,2026-06-16 15:38:18.170,2026-06-16 15:38:18.170,0,NULL,2026-06-16 15:38:18.200,838,838,0,NR-No Report
26-048611,2026-06-16 15:26:38.000,25,TUE,16,15,B,DAY,LATE,POLICE,MVC CONDITIONS UNKNOWN,1,E-911,"MACK, BRIANA","MCLEOD, DOUGLAS",2026-06-16 15:26:37.000,2026-06-16 15:29:18.000,2026-06-16 15:29:09.000,152,151,1,2026-06-16 15:29:51.080,42,42,0,2026-06-16 15:31:23.000,286,285,1,2026-06-16 15:29:58.150,194,194,0,2026-06-16 15:29:58.150,7,7,0,2026-06-16 15:58:31.983,1713,1713,0,2026-06-16 15:30:30.870,2026-06-16 19:38:02.593,0,NULL,2026-06-16 19:38:03.173,15085,15085,0,NR-No Report
26-048609,2026-06-16 15:26:43.000,25,TUE,16,15,B,DAY,LATE,POLICE,DOMESTIC VIOL NO INJ,2,Phone,"VALENTIN, EMERITA","MCLEOD, DOUGLAS",2026-06-16 15:26:41.000,2026-06-16 15:31:43.000,2026-06-16 15:27:32.000,51,49,2,2026-06-16 15:31:31.360,239,239,0,2026-06-16 15:27:32.000,51,NULL,51,2026-06-16 15:31:31.410,290,290,0,2026-06-16 15:31:31.410,0,0,0,2026-06-16 15:44:17.170,766,765,1,NULL,2026-06-16 15:45:14.000,0,NULL,NULL,1113,1113,0,CN-Cancellation
26-014933,2026-06-16 15:27:13.000,25,TUE,16,15,B,DAY,LATE,FIRE,CO ALARM,2,E-911,"ANDERSON, MARILYN","WALKER, KAREN",2026-06-16 15:27:11.000,2026-06-16 15:27:34.000,2026-06-16 15:27:28.000,17,15,2,2026-06-16 15:27:30.697,2,2,0,2026-06-16 15:29:12.000,121,119,2,2026-06-16 15:28:25.103,19,19,0,2026-06-16 15:28:25.103,55,4,51,2026-06-16 15:32:11.897,226,226,0,2026-06-16 15:28:55.273,2026-06-16 15:39:52.480,0,NULL,2026-06-16 15:39:52.697,761,761,0,UNDEFINED
26-014934,2026-06-16 15:29:09.000,25,TUE,16,15,B,DAY,LATE,FIRE,MVC AUTO,2,Phone,"MACK, BRIANA",Automatic Dispatch,2026-06-16 15:29:09.000,2026-06-16 15:29:17.000,2026-06-16 15:29:09.000,0,NULL,0,2026-06-16 15:29:11.877,2,2,0,2026-06-16 15:29:09.000,0,0,0,2026-06-16 15:30:21.173,2,1,1,2026-06-16 15:30:21.173,70,69,1,2026-06-16 15:33:42.803,201,201,0,2026-06-16 15:54:08.970,2026-06-16 16:38:42.517,0,NULL,2026-06-16 16:38:42.557,4173,4172,1,UNDEFINED
26-014935,2026-06-16 15:29:11.000,25,TUE,16,15,B,DAY,LATE,EMS,BLS EMERGENCY,3,E-911,"GARCIA, VILMA",Automatic Dispatch,2026-06-16 15:29:11.000,2026-06-16 15:31:10.000,2026-06-16 15:29:54.000,43,43,0,2026-06-16 15:29:56.650,2,2,0,2026-06-16 15:32:26.000,195,195,0,2026-06-16 15:30:39.487,45,45,0,2026-06-16 15:30:39.487,43,42,1,2026-06-16 15:39:03.663,504,504,0,2026-06-16 17:04:26.340,2026-06-16 17:04:26.340,0,NULL,2026-06-16 17:04:26.393,5715,5715,0,UNDEFINED
26-048613,2026-06-16 15:41:39.000,25,TUE,16,15,B,DAY,LATE,POLICE,TROUBLE UNKNOWN EMS,2,E-911,"MACK, BRIANA","MCLEOD, DOUGLAS",2026-06-16 15:41:39.000,2026-06-16 15:43:01.000,2026-06-16 15:42:55.000,76,76,0,2026-06-16 15:44:53.450,118,118,0,2026-06-16 15:47:50.000,371,371,0,2026-06-16 15:44:53.520,194,194,0,2026-06-16 15:44:53.520,0,0,0,2026-06-16 16:04:06.420,1153,1152,1,2026-06-16 16:28:35.787,2026-06-16 16:28:48.287,0,NULL,2026-06-16 16:28:48.297,2829,2829,0,NR-No Report
26-014936,2026-06-16 15:42:55.000,25,TUE,16,15,B,DAY,LATE,EMS,UNKNOWN MEDICAL ALS 1,1,Phone,"MACK, BRIANA",Automatic Dispatch,2026-06-16 15:42:55.000,2026-06-16 15:43:16.000,2026-06-16 15:42:55.000,0,NULL,0,2026-06-16 15:42:57.937,2,2,0,2026-06-16 15:42:55.000,0,0,0,2026-06-16 15:44:03.620,2,2,0,2026-06-16 15:44:03.620,66,65,1,2026-06-16 15:47:04.403,181,180,1,2026-06-16 16:14:55.507,2026-06-16 17:20:36.057,0,NULL,2026-06-16 17:20:36.300,5861,5861,0,UNDEFINED
26-048615,2026-06-16 15:46:22.000,25,TUE,16,15,B,DAY,LATE,POLICE,ANIMAL BITE ANIMAL IN PROG,2,Phone,"ANDERSON, MARILYN","PATTERSON, JAHAIRA",2026-06-16 15:46:21.000,2026-06-16 15:47:11.000,2026-06-16 15:46:57.000,36,35,1,2026-06-16 15:59:23.943,746,746,0,2026-06-16 15:48:14.000,113,112,1,2026-06-16 15:59:24.003,782,782,0,2026-06-16 15:59:24.003,1,0,1,2026-06-16 15:59:24.043,0,0,0,2026-06-16 15:59:31.893,2026-06-16 15:59:31.893,0,NULL,2026-06-16 15:59:32.030,790,790,0,ACOR-Animal Control Report
26-048617,2026-06-16 15:47:12.000,25,TUE,16,15,B,DAY,LATE,POLICE,PARKING COMPLAINT,4,Phone,"VALENTIN, EMERITA",NULL,2026-06-16 15:47:10.000,NULL,2026-06-16 15:50:08.000,178,176,2,2026-06-16 15:51:13.693,65,65,0,2026-06-16 15:50:08.000,178,NULL,178,2026-06-16 15:51:13.693,243,243,0,2026-06-16 15:51:13.693,0,0,0,2026-06-16 16:06:22.397,909,908,1,2026-06-16 16:09:55.910,2026-06-16 16:09:55.910,0,NULL,2026-06-16 16:09:57.020,1365,1365,0,NR-No Report
26-048618,2026-06-16 15:52:36.000,25,TUE,16,15,B,DAY,LATE,POLICE,MVC PROPERTY DAMAGE,2,E-911,"ANDERSON, MARILYN","WELCH, KIMBERLY",2026-06-16 15:52:36.000,2026-06-16 15:57:21.000,2026-06-16 15:55:04.000,148,148,0,2026-06-16 16:14:57.770,1193,1193,0,2026-06-16 15:56:12.000,216,216,0,2026-06-16 16:15:06.033,1341,1341,0,2026-06-16 16:15:06.033,9,8,1,2026-06-16 16:15:06.033,0,0,0,2026-06-16 16:42:43.167,2026-06-16 16:42:43.167,0,NULL,2026-06-16 16:42:43.193,3007,3007,0,NR-No Report
26-048619,2026-06-16 15:56:45.000,25,TUE,16,15,B,DAY,LATE,POLICE,DISABLED MOTORIST,2,Radio,"MCLEOD, DOUGLAS","MCLEOD, DOUGLAS",2026-06-16 15:56:43.000,NULL,2026-06-16 15:57:20.000,37,35,2,2026-06-16 15:58:32.737,72,72,0,2026-06-16 15:57:22.000,39,37,2,2026-06-16 15:58:32.790,109,109,0,2026-06-16 15:58:32.790,0,0,0,2026-06-16 15:59:57.217,85,84,1,2026-06-16 16:04:07.890,2026-06-16 16:04:07.890,0,NULL,2026-06-16 16:04:07.983,444,444,0,NR-No Report
26-048621,2026-06-16 16:00:26.000,25,TUE,16,16,B,DAY,LATE,POLICE,OFF DUTY DETAIL,8,OFFICER,"HILTZ, DAVID",NULL,2026-06-16 16:00:26.000,2026-06-16 18:08:41.000,2026-06-16 16:00:26.000,0,1,-1,2026-06-16 16:00:26.000,0,0,0,2026-06-16 16:00:26.000,0,NULL,0,2026-06-16 16:00:26.000,0,0,0,2026-06-16 16:00:26.000,0,0,0,2026-06-16 16:00:26.000,0,0,0,2026-06-17 00:06:23.927,2026-06-17 00:06:23.927,0,NULL,2026-06-17 00:06:23.997,29157,29157,0,NR-No Report
26-048622,2026-06-16 16:01:14.000,25,TUE,16,16,B,DAY,LATE,POLICE,ASSIST CITIZEN DELAY,4,Phone,"PATTERSON, JAHAIRA","WALKER, LATITIA",2026-06-16 16:01:12.000,2026-06-16 19:34:11.000,2026-06-16 16:02:07.000,55,53,2,2026-06-16 22:27:28.023,23121,23121,0,2026-06-16 17:07:47.000,3995,3993,2,NULL,23176,23176,0,NULL,NULL,-9999,NULL,NULL,NULL,-9999,NULL,2026-06-16 22:27:34.553,2026-06-16 22:27:34.553,0,NULL,2026-06-16 22:27:34.630,23182,23182,0,NR-No Report
26-014938,2026-06-16 16:02:57.000,25,TUE,16,16,B,DAY,LATE,FIRE,OUTSIDE FIRE,3,E-911,"ANDERSON, MARILYN",Automatic Dispatch,2026-06-16 16:02:57.000,2026-06-16 16:04:15.000,2026-06-16 16:03:51.000,54,54,0,2026-06-16 16:03:52.873,1,1,0,2026-06-16 16:05:20.000,143,143,0,2026-06-16 16:04:28.600,55,55,0,2026-06-16 16:04:28.600,36,35,1,2026-06-16 16:07:10.230,162,161,1,2026-06-16 16:08:53.350,2026-06-16 16:08:53.350,0,NULL,2026-06-16 16:08:53.570,356,356,0,UNDEFINED
26-048623,2026-06-16 16:05:26.000,25,TUE,16,16,B,DAY,LATE,POLICE,PARKING COMPLAINT,4,Phone,"ANDERSON, MARILYN",NULL,2026-06-16 16:05:24.000,NULL,2026-06-16 16:06:18.000,54,52,2,2026-06-16 16:13:01.363,403,403,0,2026-06-16 16:07:45.000,141,139,2,2026-06-16 16:13:01.363,457,457,0,2026-06-16 16:13:01.363,0,0,0,2026-06-16 16:19:57.480,416,416,0,2026-06-16 16:24:33.070,2026-06-16 16:24:33.070,0,NULL,2026-06-16 16:24:33.583,1149,1149,0,NR-No Report
26-014939,2026-06-16 16:12:45.757,25,TUE,16,16,B,DAY,LATE,EMS,MUTUAL ALS,1,C2C,CAD to CAD Service 1,CAD to CAD Service 1,2026-06-16 16:11:00.000,NULL,2026-06-16 16:12:46.163,106,0,106,2026-06-16 16:12:46.210,0,0,0,NULL,NULL,NULL,NULL,2026-06-16 16:13:05.193,106,125,-19,2026-06-16 16:13:05.193,19,0,19,2026-06-16 16:16:42.737,217,217,0,2026-06-16 16:18:55.773,2026-06-16 17:53:40.633,0,NULL,2026-06-16 17:53:40.680,6160,6160,0,CAD2CAD
26-014940,2026-06-16 16:13:23.000,25,TUE,16,16,B,DAY,LATE,EMS,TRAUMATIC INJURIES ALS 1,1,E-911,"ANDERSON, MARILYN","WALKER, KAREN",2026-06-16 16:13:22.000,2026-06-16 16:13:56.000,2026-06-16 16:13:48.000,26,25,1,2026-06-16 16:13:50.863,2,2,0,2026-06-16 16:16:14.000,172,171,1,2026-06-16 16:15:41.327,28,28,0,2026-06-16 16:15:41.327,111,55,56,2026-06-16 16:19:16.920,215,215,0,2026-06-16 16:15:00.797,2026-06-16 17:37:54.443,0,NULL,2026-06-16 17:37:54.627,5072,5072,0,UNDEFINED
26-048627,2026-06-16 16:14:46.000,25,TUE,16,16,B,DAY,LATE,POLICE,DEST OF PROP VEH DELAY,4,Phone,"GARCIA, VILMA","PRIESTLY, SHAVAUGHN",2026-06-16 16:14:44.000,2026-06-16 19:34:02.000,2026-06-16 16:17:41.000,177,175,2,2026-06-16 23:15:54.407,25093,25093,0,2026-06-16 16:18:42.000,238,236,2,2026-06-16 23:15:58.013,25270,25270,0,2026-06-16 23:15:58.013,4,3,1,NULL,NULL,-9999,NULL,NULL,2026-06-16 23:18:32.000,0,NULL,NULL,25428,25428,0,CN-Cancellation
26-014941,2026-06-16 16:15:17.667,25,TUE,16,16,B,DAY,LATE,EMS,MUTUAL ALS,1,C2C,CAD to CAD Service 1,CAD to CAD Service 1,2026-06-16 16:14:42.000,2026-06-16 16:18:00.000,2026-06-16 16:15:18.057,36,0,36,2026-06-16 16:15:18.183,0,0,0,NULL,NULL,NULL,NULL,2026-06-16 16:16:09.050,36,-9999,10035,2026-06-16 16:16:09.050,51,50,1,2026-06-16 16:19:42.390,213,213,0,2026-06-16 16:21:49.757,2026-06-16 16:23:31.983,0,NULL,2026-06-16 16:23:32.043,529,529,0,CAD2CAD
26-014942,2026-06-16 16:22:38.000,25,TUE,16,16,B,DAY,LATE,EMS,FALL BLS,3,E-911,"PEREZ, CARLOS",Automatic Dispatch,2026-06-16 16:22:38.000,2026-06-16 16:23:15.000,2026-06-16 16:23:09.000,31,31,0,2026-06-16 16:23:11.010,2,2,0,2026-06-16 16:24:56.000,138,138,0,2026-06-16 16:24:06.690,33,33,0,2026-06-16 16:24:06.690,55,55,0,2026-06-16 16:27:16.907,190,190,0,2026-06-16 16:48:07.647,2026-06-16 16:56:57.360,0,NULL,2026-06-16 16:56:57.390,2059,2059,0,CAD2CAD
26-048629,2026-06-16 16:26:21.000,25,TUE,16,16,B,DAY,LATE,POLICE,LARCENY COMM IN PROG,2,Phone,"VALENTIN, EMERITA",NULL,2026-06-16 16:26:21.000,2026-06-16 16:26:44.000,2026-06-16 16:26:35.000,14,14,0,2026-06-16 16:26:55.557,20,20,0,2026-06-16 16:36:34.000,613,613,0,2026-06-16 16:26:59.917,34,34,0,2026-06-16 16:26:59.917,4,4,0,2026-06-16 16:49:07.857,1328,1327,1,2026-06-16 16:27:44.320,2026-06-16 17:41:49.360,0,NULL,2026-06-16 17:41:49.410,4528,4528,0,NR-No Report
26-014943,2026-06-16 16:29:57.000,25,TUE,16,16,B,DAY,LATE,FIRE,MUTUAL AID,2,Phone,"WALKER, KAREN","WALKER, KAREN",2026-06-16 16:29:55.000,2026-06-16 16:31:28.843,2026-06-16 16:31:07.000,72,70,2,2026-06-16 16:31:28.803,21,21,0,2026-06-16 16:33:29.000,214,212,2,2026-06-16 16:31:49.263,93,93,0,2026-06-16 16:31:49.263,21,20,1,2026-06-16 16:40:41.263,532,531,1,2026-06-16 16:43:25.333,2026-06-16 18:13:13.853,0,NULL,2026-06-16 18:13:14.057,6198,6198,0,UNDEFINED
26-048630,2026-06-16 16:35:06.000,25,TUE,16,16,B,DAY,LATE,POLICE,911 HANG UP,2,E-911,"GARCIA, VILMA","WELCH, KIMBERLY",2026-06-16 16:35:06.000,2026-06-16 16:36:24.000,2026-06-16 16:35:40.000,34,34,0,2026-06-16 16:38:00.277,140,140,0,2026-06-16 16:35:52.000,46,46,0,2026-06-16 16:38:03.390,174,174,0,2026-06-16 16:38:03.390,3,3,0,2026-06-16 16:49:39.747,696,696,0,2026-06-16 17:23:45.170,2026-06-16 17:23:45.170,0,NULL,2026-06-16 17:23:45.260,2919,2919,0,NR-No Report
26-048631,2026-06-16 16:37:07.000,25,TUE,16,16,B,DAY,LATE,POLICE,PUBLIC SERVICE MULTI OFFICER,3,E-911,"MACK, BRIANA",NULL,2026-06-16 16:37:06.000,2026-06-16 17:06:06.000,2026-06-16 16:38:34.000,88,87,1,2026-06-16 17:22:39.527,2645,2645,0,2026-06-16 16:48:28.000,682,681,1,2026-06-16 17:22:51.023,2733,2733,0,2026-06-16 17:22:51.023,12,11,1,2026-06-16 17:52:42.367,1791,1791,0,2026-06-16 17:45:55.210,2026-06-16 18:18:16.577,0,NULL,2026-06-16 18:18:16.603,6070,6070,0,NR-No Report
26-014944,2026-06-16 16:37:27.000,25,TUE,16,16,B,DAY,LATE,EMS,BLS EMERGENCY,3,E-911,"GARCIA, VILMA",Automatic Dispatch,2026-06-16 16:37:27.000,2026-06-16 16:38:27.000,2026-06-16 16:38:22.000,55,55,0,2026-06-16 16:38:24.317,2,2,0,2026-06-16 16:41:19.000,232,232,0,2026-06-16 16:39:57.163,57,57,0,2026-06-16 16:39:57.163,93,92,1,2026-06-16 16:46:53.213,416,416,0,2026-06-16 19:27:16.360,2026-06-16 19:27:16.360,0,NULL,2026-06-16 19:27:16.463,10189,10189,0,UNDEFINED
26-048632,2026-06-16 16:39:39.000,25,TUE,16,16,B,DAY,LATE,POLICE,PARKING COMPLAINT,4,Phone,"ANDERSON, MARILYN",NULL,2026-06-16 16:39:37.000,2026-06-16 17:07:53.000,2026-06-16 16:39:53.000,16,14,2,2026-06-16 16:42:02.673,129,129,0,2026-06-16 16:41:15.000,98,96,2,2026-06-16 16:42:02.673,145,145,0,2026-06-16 16:42:02.673,0,-9999,9999,2026-06-16 17:12:02.007,1800,1799,1,2026-06-16 17:20:04.883,2026-06-16 17:20:04.883,0,NULL,2026-06-16 17:20:05.540,2427,2427,0,CI-Citation
26-048633,2026-06-16 16:40:35.000,25,TUE,16,16,B,DAY,LATE,POLICE,DISORDERLY CONDUCT,2,Phone,"PICKERAL, LAUREN","WELCH, KIMBERLY",2026-06-16 16:40:33.000,2026-06-16 16:41:26.000,2026-06-16 16:41:01.000,28,26,2,2026-06-16 16:42:46.393,105,105,0,2026-06-16 16:42:43.000,130,128,2,2026-06-16 16:42:55.997,133,133,0,2026-06-16 16:42:55.997,9,5,4,2026-06-16 17:11:08.210,1693,1692,1,2026-06-16 16:45:00.880,2026-06-16 17:57:25.890,0,NULL,2026-06-16 17:57:26.260,4612,4612,0,NR-No Report
26-048635,2026-06-16 16:44:13.000,25,TUE,16,16,B,DAY,LATE,POLICE,DISORDERLY CONDUCT,2,Phone,"WELCH, KIMBERLY","WELCH, KIMBERLY",2026-06-16 16:44:11.000,NULL,2026-06-16 16:44:53.000,42,40,2,2026-06-16 16:45:11.917,18,18,0,2026-06-16 17:00:39.000,988,986,2,2026-06-16 16:45:20.130,60,60,0,2026-06-16 16:45:20.130,9,3,6,2026-06-16 16:46:21.127,61,60,1,2026-06-16 17:01:24.100,2026-06-16 17:29:41.640,0,NULL,2026-06-16 17:29:41.667,2730,2730,0,NR-No Report
26-014945,2026-06-16 16:55:33.000,25,TUE,16,16,B,DAY,LATE,EMS,ALTERED LOC ALS 1,1,E-911,"ANDERSON, MARILYN",Automatic Dispatch,2026-06-16 16:55:33.000,2026-06-16 16:57:04.000,2026-06-16 16:56:58.000,85,85,0,2026-06-16 16:57:00.897,2,2,0,2026-06-16 17:00:16.000,283,283,0,2026-06-16 16:57:14.323,87,87,0,2026-06-16 16:57:14.323,14,13,1,2026-06-16 17:01:21.773,247,247,0,2026-06-16 17:13:52.337,2026-06-16 18:09:14.753,0,NULL,2026-06-16 18:09:14.813,4421,4421,0,CAD2CAD
26-014946,2026-06-16 16:55:44.000,25,TUE,16,16,B,DAY,LATE,EMS,FALL BLS,3,E-911,"MACK, BRIANA",Automatic Dispatch,2026-06-16 16:55:44.000,2026-06-16 16:58:43.000,2026-06-16 16:57:01.000,77,77,0,2026-06-16 16:57:05.413,4,4,0,2026-06-16 16:58:47.000,183,183,0,2026-06-16 16:58:35.203,81,81,0,2026-06-16 16:58:35.203,90,89,1,2026-06-16 17:04:30.813,355,355,0,2026-06-16 18:10:04.897,2026-06-16 18:10:04.897,0,NULL,2026-06-16 18:10:04.980,4460,4460,0,UNDEFINED
26-014947,2026-06-16 16:59:08.000,25,TUE,16,16,B,DAY,LATE,EMS,FALL BLS,3,E-911,"PEREZ, CARLOS",Automatic Dispatch,2026-06-16 16:59:08.000,2026-06-16 17:00:39.000,2026-06-16 17:00:24.000,76,76,0,2026-06-16 17:00:26.703,2,2,0,2026-06-16 17:12:21.000,793,793,0,2026-06-16 17:01:59.677,78,78,0,2026-06-16 17:01:59.677,93,92,1,2026-06-16 17:08:09.073,370,369,1,2026-06-16 18:57:45.780,2026-06-16 18:57:45.780,0,NULL,2026-06-16 18:57:45.810,7117,7117,0,CAD2CAD
26-048638,2026-06-16 17:07:43.000,25,TUE,16,17,B,DAY,LATE,POLICE,LARCENY OTHER DELAY,4,Phone,"VALENTIN, EMERITA","PRIESTLY, SHAVAUGHN",2026-06-16 17:07:41.000,2026-06-16 19:33:47.000,2026-06-16 17:09:37.000,116,114,2,2026-06-16 23:17:45.967,22088,22088,0,2026-06-16 17:16:14.000,513,511,2,2026-06-16 23:18:10.760,22204,22204,0,2026-06-16 23:18:10.760,25,24,1,2026-06-16 23:20:14.053,124,123,1,2026-06-16 23:20:42.203,2026-06-16 23:20:42.203,0,NULL,2026-06-16 23:20:42.270,22381,22381,0,CN-Cancellation
26-048640,2026-06-16 17:08:57.000,25,TUE,16,17,B,DAY,LATE,POLICE,DIP - DRUNK/INTOX PERSON,2,E-911,"PEREZ, CARLOS",NULL,2026-06-16 17:08:57.000,2026-06-16 17:12:11.000,2026-06-16 17:11:07.000,130,130,0,2026-06-16 17:21:16.493,609,609,0,2026-06-16 17:12:20.000,203,203,0,2026-06-16 17:21:18.560,739,739,0,2026-06-16 17:21:18.560,2,2,0,2026-06-16 17:27:34.777,376,376,0,2026-06-16 17:23:07.523,2026-06-16 23:29:26.793,0,NULL,2026-06-16 23:29:26.827,22829,22829,0,RE-Report
26-048641,2026-06-16 17:18:29.000,25,TUE,16,17,B,DAY,LATE,POLICE,DISORDERLY CONDUCT,2,E-911,"GARCIA, VILMA","WALKER, LATITIA",2026-06-16 17:18:29.000,2026-06-16 17:21:24.000,2026-06-16 17:18:45.000,16,16,0,2026-06-16 18:23:50.397,3905,3905,0,2026-06-16 17:20:17.000,108,108,0,2026-06-16 18:23:54.490,3921,3921,0,2026-06-16 18:23:54.490,4,4,0,2026-06-16 18:23:54.490,0,0,0,2026-06-16 18:23:58.717,2026-06-16 18:23:58.507,0,NULL,2026-06-16 18:23:58.507,3929,3929,0,NR-No Report
26-048643,2026-06-16 17:26:20.000,25,TUE,16,17,B,DAY,LATE,POLICE,TRAFFIC STOP,2,OFFICER,"VANDERAH, COLTON J",NULL,2026-06-16 17:26:20.000,2026-06-16 17:26:28.000,2026-06-16 17:26:20.000,0,0,0,2026-06-16 17:26:20.000,0,0,0,2026-06-16 17:26:20.000,0,NULL,0,2026-06-16 17:26:20.000,0,0,0,2026-06-16 17:26:20.000,0,0,0,2026-06-16 17:26:20.000,0,0,0,2026-06-16 17:32:40.320,2026-06-16 17:32:40.320,0,NULL,2026-06-16 17:32:40.387,380,380,0,NR-No Report
26-014948,2026-06-16 17:27:24.000,25,TUE,16,17,B,DAY,LATE,FIRE,ELEVATOR,3,Phone,"PATTERSON, JAHAIRA",Automatic Dispatch,2026-06-16 17:27:22.000,2026-06-16 17:27:53.000,2026-06-16 17:27:48.000,26,24,2,2026-06-16 17:27:49.967,1,1,0,2026-06-16 17:27:48.000,26,NULL,26,2026-06-16 17:28:58.470,27,27,0,2026-06-16 17:28:58.470,69,68,1,2026-06-16 17:38:49.950,591,591,0,2026-06-16 17:42:02.993,2026-06-16 17:42:02.993,0,NULL,2026-06-16 17:42:03.050,880,880,0,UNDEFINED
26-048647,2026-06-16 17:34:38.000,25,TUE,16,17,B,DAY,LATE,POLICE,TRAFFIC COMPLAINT,4,Phone,"WELCH, KIMBERLY","WELCH, KIMBERLY",2026-06-16 17:34:36.000,2026-06-16 17:40:28.000,2026-06-16 17:39:12.000,276,274,2,2026-06-16 17:40:26.113,74,74,0,2026-06-16 17:39:14.000,278,276,2,2026-06-16 17:40:29.460,350,350,0,2026-06-16 17:40:29.460,3,3,0,NULL,NULL,-9999,NULL,2026-06-16 17:41:46.433,2026-06-16 17:41:46.433,0,NULL,2026-06-16 17:41:46.490,430,430,0,NR-No Report
26-048645,2026-06-16 17:35:25.000,25,TUE,16,17,B,DAY,LATE,POLICE,LARCENY OTHER IN PROG,2,Phone,"PATTERSON, JAHAIRA","WELCH, KIMBERLY",2026-06-16 17:35:23.000,2026-06-16 17:39:19.000,2026-06-16 17:37:13.000,110,108,2,2026-06-16 17:39:42.300,149,149,0,2026-06-16 18:03:36.000,1693,1691,2,2026-06-16 17:39:54.893,259,259,0,2026-06-16 17:39:54.893,12,12,0,2026-06-16 17:49:37.103,583,582,1,2026-06-16 18:30:00.717,2026-06-16 19:24:26.117,0,NULL,2026-06-16 19:24:26.213,6543,6543,0,RE-Report
26-048650,2026-06-16 17:46:32.000,25,TUE,16,17,B,DAY,LATE,POLICE,ANIMAL SICK-INJURED,2,Phone,"VALENTIN, EMERITA","PATTERSON, JAHAIRA",2026-06-16 17:46:30.000,2026-06-16 17:49:48.000,2026-06-16 17:47:04.000,34,32,2,2026-06-16 17:51:33.563,269,269,0,2026-06-16 17:47:04.000,34,NULL,34,2026-06-16 17:51:33.613,303,303,0,2026-06-16 17:51:33.613,0,0,0,2026-06-16 17:51:33.637,0,0,0,2026-06-16 17:51:36.787,2026-06-16 17:51:36.787,0,NULL,2026-06-16 17:51:36.843,306,306,0,ACOR-Animal Control Report
26-048652,2026-06-16 17:49:29.000,25,TUE,16,17,B,DAY,LATE,POLICE,MVC INJURY,1,E-911,"MCLEOD, DOUGLAS","WELCH, KIMBERLY",2026-06-16 17:49:29.000,2026-06-16 17:50:39.000,2026-06-16 17:50:34.000,65,65,0,2026-06-16 17:50:45.143,11,11,0,2026-06-16 17:52:10.000,161,161,0,2026-06-16 17:50:48.780,76,76,0,2026-06-16 17:50:48.780,3,3,0,2026-06-16 17:52:17.993,89,89,0,2026-06-16 18:55:05.637,2026-06-16 18:59:41.203,0,NULL,2026-06-16 18:59:41.250,4212,4212,0,NR-No Report
26-014949,2026-06-16 17:50:34.000,25,TUE,16,17,B,DAY,LATE,FIRE,MVC AUTO,2,E-911,"MCLEOD, DOUGLAS",Automatic Dispatch,2026-06-16 17:50:34.000,2026-06-16 17:50:42.000,2026-06-16 17:50:34.000,0,NULL,0,2026-06-16 17:50:36.977,2,2,0,2026-06-16 17:50:34.000,0,0,0,2026-06-16 17:51:39.263,2,2,0,2026-06-16 17:51:39.263,63,62,1,2026-06-16 17:53:39.487,120,120,0,2026-06-16 18:09:45.647,2026-06-16 18:39:30.903,0,NULL,2026-06-16 18:39:31.490,2936,2936,0,UNDEFINED
26-048653,2026-06-16 17:53:44.000,25,TUE,16,17,B,DAY,LATE,POLICE,OFF DUTY DETAIL,8,OFFICER,"REYES, JUAN",NULL,2026-06-16 17:53:44.000,2026-06-16 21:02:55.000,2026-06-16 17:53:44.000,0,1,-1,2026-06-16 17:53:44.000,0,0,0,2026-06-16 17:53:44.000,0,NULL,0,2026-06-16 17:53:44.000,0,0,0,2026-06-16 17:53:44.000,0,0,0,2026-06-16 17:53:44.000,0,0,0,2026-06-16 22:08:09.143,2026-06-16 22:08:09.143,0,NULL,2026-06-16 22:08:09.240,15265,15265,0,NR-No Report
26-048654,2026-06-16 17:56:54.000,25,TUE,16,17,B,DAY,LATE,POLICE,ANIMAL ABUSE-NEGLECT,2,Phone,"PATTERSON, JAHAIRA","PATTERSON, JAHAIRA",2026-06-16 17:56:52.000,2026-06-16 18:00:11.000,2026-06-16 17:58:00.000,68,66,2,2026-06-16 18:02:56.857,296,296,0,2026-06-16 17:58:00.000,68,NULL,68,2026-06-16 18:02:56.900,364,364,0,2026-06-16 18:02:56.900,0,0,0,2026-06-16 18:02:56.927,0,0,0,2026-06-16 18:03:25.513,2026-06-16 18:03:25.513,0,NULL,2026-06-16 18:03:25.573,393,393,0,ACOR-Animal Control Report
26-048657,2026-06-16 18:07:05.000,25,TUE,16,18,B,DAY,EARLY,POLICE,PARKING COMPLAINT,4,Phone,"GRAVES, CHRISTINA",NULL,2026-06-16 18:07:03.000,NULL,2026-06-16 18:07:47.000,44,42,2,2026-06-16 18:08:12.873,25,25,0,2026-06-16 18:07:47.000,44,NULL,44,2026-06-16 18:08:12.873,69,69,0,2026-06-16 18:08:12.873,0,0,0,2026-06-16 18:08:15.317,3,2,1,2026-06-16 18:24:48.083,2026-06-16 18:24:48.083,0,NULL,2026-06-16 18:24:48.923,1065,1065,0,NR-No Report
26-048659,2026-06-16 18:07:23.000,25,TUE,16,18,B,DAY,EARLY,POLICE,AGGRESSIVE DRIVER,2,E-911,"JACKSON, MALIKA","WALKER, LATITIA",2026-06-16 18:07:22.000,2026-06-16 18:12:30.000,2026-06-16 18:08:25.000,63,62,1,2026-06-16 18:19:35.537,670,670,0,2026-06-16 18:12:55.000,333,332,1,2026-06-16 18:19:35.620,733,733,0,2026-06-16 18:19:35.620,0,0,0,NULL,NULL,-9999,NULL,2026-06-16 18:34:49.930,2026-06-16 18:34:49.930,0,NULL,2026-06-16 18:34:50.003,1647,1647,0,NR-No Report
26-014950,2026-06-16 18:16:39.000,25,TUE,16,18,B,DAY,EARLY,EMS,FALL BLS,3,E-911,"ANDERSON, MARILYN","MACK, BRIANA",2026-06-16 18:16:39.000,2026-06-16 18:18:11.000,2026-06-16 18:17:15.000,36,36,0,2026-06-16 18:17:17.337,2,2,0,2026-06-16 18:18:59.000,140,140,0,2026-06-16 18:18:09.303,38,38,0,2026-06-16 18:18:09.303,52,51,1,2026-06-16 18:23:51.647,342,342,0,2026-06-16 19:02:40.903,2026-06-16 19:43:03.007,0,NULL,2026-06-16 19:43:03.090,5184,5184,0,UNDEFINED
26-014951,2026-06-16 18:20:51.673,25,TUE,16,18,B,DAY,EARLY,EMS,BLS EMERGENCY,3,Phone,"WALKER, LATITIA","MACK, BRIANA",2026-06-16 18:20:51.673,2026-06-16 18:21:13.000,2026-06-16 18:20:51.673,0,0,0,2026-06-16 18:20:53.937,2,2,0,2026-06-16 18:20:51.673,0,NULL,0,2026-06-16 18:22:09.607,2,2,0,2026-06-16 18:22:09.607,76,75,1,2026-06-16 18:38:14.720,965,965,0,2026-06-16 18:23:45.257,2026-06-16 19:26:24.127,0,NULL,2026-06-16 19:26:24.210,3933,3932,1,UNDEFINED
26-048660,2026-06-16 18:22:44.000,25,TUE,16,18,B,DAY,EARLY,POLICE,OFF DUTY DETAIL,8,OFFICER,"ESCOBAR, STEVEN R",NULL,2026-06-16 18:22:44.000,2026-06-16 18:22:50.000,2026-06-16 18:22:44.000,0,1,-1,2026-06-16 18:22:44.000,0,0,0,2026-06-16 18:22:44.000,0,NULL,0,2026-06-16 18:22:44.000,0,0,0,2026-06-16 18:22:44.000,0,0,0,2026-06-16 18:22:44.000,0,0,0,2026-06-16 21:00:36.917,2026-06-16 21:00:36.917,0,NULL,2026-06-16 21:00:37.000,9472,9472,0,NR-No Report
26-048664,2026-06-16 18:35:38.000,25,TUE,16,18,B,DAY,EARLY,POLICE,ASSIST CITIZEN PROMPT,2,Phone,"DOGAN, KYLAH","WALKER, LATITIA",2026-06-16 18:35:36.000,2026-06-16 18:36:16.000,2026-06-16 18:36:13.000,37,35,2,2026-06-16 18:52:27.410,974,974,0,2026-06-16 18:52:25.000,1009,1007,2,2026-06-16 18:52:34.343,1011,1011,0,2026-06-16 18:52:34.343,7,6,1,2026-06-16 19:00:26.127,472,471,1,2026-06-16 19:13:57.320,2026-06-16 19:13:57.320,0,NULL,2026-06-16 19:13:57.383,2301,2301,0,NR-No Report
26-048665,2026-06-16 18:40:36.000,25,TUE,16,18,B,DAY,EARLY,POLICE,SHOPLIFTING IN PROG,2,Radio,"WALKER, LATITIA","WALKER, LATITIA",2026-06-16 18:40:36.000,2026-06-16 19:45:11.000,2026-06-16 18:40:36.000,0,0,0,2026-06-16 18:40:36.000,0,0,0,2026-06-16 18:40:36.000,0,0,0,2026-06-16 19:11:29.150,0,0,0,2026-06-16 18:40:36.000,0,0,0,2026-06-16 18:40:36.000,0,0,0,2026-06-16 19:09:15.123,2026-06-16 19:09:15.123,1,2026-06-16 19:11:16.977,2026-06-16 22:04:21.090,1719,12225,-10506,RE-Report
26-014952,2026-06-16 18:40:51.000,25,TUE,16,18,B,DAY,EARLY,FIRE,OUTSIDE FIRE,3,E-911,"JACKSON, MALIKA",Automatic Dispatch,2026-06-16 18:40:51.000,2026-06-16 18:42:08.000,2026-06-16 18:41:55.000,64,64,0,2026-06-16 18:41:57.490,2,2,0,2026-06-16 18:43:04.000,133,133,0,2026-06-16 18:43:30.120,66,66,0,2026-06-16 18:43:30.120,93,92,1,2026-06-16 18:46:12.890,162,162,0,2026-06-16 19:02:41.783,2026-06-16 19:02:41.783,0,NULL,2026-06-16 19:02:41.860,1310,1310,0,UNDEFINED
26-014953,2026-06-16 18:44:54.800,25,TUE,16,18,B,DAY,EARLY,FIRE,MUTUAL MVC,1,C2C,CAD to CAD Service 1,CAD to CAD Service 1,2026-06-16 18:42:45.000,NULL,2026-06-16 18:44:55.037,130,0,130,2026-06-16 18:44:55.083,0,0,0,NULL,NULL,NULL,NULL,2026-06-16 18:45:10.723,130,145,-15,2026-06-16 18:45:10.723,15,0,15,2026-06-16 18:51:25.107,375,374,1,2026-06-16 18:52:13.943,2026-06-16 19:46:18.860,0,NULL,2026-06-16 19:46:18.927,3813,3813,0,UNDEFINED
26-048667,2026-06-16 18:45:22.000,25,TUE,16,18,B,DAY,EARLY,POLICE,MENTAL HEALTH CASE,2,E-911,"ANDERSON, MARILYN",NULL,2026-06-16 18:45:21.000,2026-06-16 18:50:32.000,2026-06-16 18:47:32.000,131,130,1,2026-06-16 18:51:00.770,208,208,0,2026-06-16 18:51:26.000,365,364,1,2026-06-16 18:51:04.937,339,339,0,2026-06-16 18:51:04.937,4,4,0,2026-06-16 18:52:36.760,92,91,1,2026-06-16 23:53:05.710,2026-06-16 23:53:05.710,0,NULL,2026-06-16 23:53:05.777,18464,18464,0,RE-Report
26-048666,2026-06-16 18:46:49.000,25,TUE,16,18,B,DAY,EARLY,POLICE,OFF DUTY DETAIL,8,OFFICER,"IGNACIO, VICTOR",NULL,2026-06-16 18:46:49.000,2026-06-16 21:03:08.000,2026-06-16 18:46:49.000,0,0,0,2026-06-16 18:46:49.000,0,0,0,2026-06-16 18:46:49.000,0,NULL,0,2026-06-16 18:46:49.000,0,0,0,2026-06-16 18:46:49.000,0,0,0,2026-06-16 18:46:49.000,0,0,0,2026-06-16 22:35:35.873,2026-06-16 22:35:35.873,0,NULL,2026-06-16 22:35:35.930,13726,13726,0,NR-No Report
26-014954,2026-06-16 18:46:59.110,25,TUE,16,18,B,DAY,EARLY,EMS,MUTUAL ALS,1,C2C,CAD to CAD Service 1,CAD to CAD Service 1,2026-06-16 18:36:14.000,2026-06-16 19:28:49.000,2026-06-16 18:46:59.343,645,0,645,2026-06-16 18:46:59.423,0,0,0,NULL,NULL,NULL,NULL,2026-06-16 18:47:04.860,645,-9999,10644,2026-06-16 18:47:04.860,5,0,5,2026-06-16 18:47:15.360,11,10,1,2026-06-16 19:03:54.003,2026-06-16 19:41:37.827,0,NULL,2026-06-16 19:41:37.900,3923,3923,0,UNDEFINED
26-014955,2026-06-16 18:49:22.843,25,TUE,16,18,B,DAY,EARLY,EMS,MUTUAL ALS,1,C2C,CAD to CAD Service 1,CAD to CAD Service 1,2026-06-16 18:47:42.000,NULL,2026-06-16 18:49:23.157,101,0,101,2026-06-16 18:49:23.217,0,0,0,NULL,NULL,NULL,NULL,2026-06-16 18:49:49.097,101,203,-102,2026-06-16 18:49:49.097,26,19,7,NULL,NULL,-9999,NULL,2026-06-16 18:51:35.643,2026-06-16 18:55:35.493,0,NULL,2026-06-16 18:55:35.583,473,473,0,UNDEFINED
26-048670,2026-06-16 18:54:22.000,25,TUE,16,18,B,DAY,EARLY,POLICE,OFF DUTY DETAIL,8,OFFICER,"JONES, MARCELL L",NULL,2026-06-16 18:54:22.000,2026-06-16 21:03:20.000,2026-06-16 18:54:22.000,0,1,-1,2026-06-16 18:54:22.000,0,0,0,2026-06-16 18:54:22.000,0,NULL,0,2026-06-16 18:54:22.000,0,0,0,2026-06-16 18:54:22.000,0,0,0,2026-06-16 18:54:22.000,0,0,0,2026-06-17 02:04:43.787,2026-06-17 02:04:43.787,0,NULL,2026-06-17 02:04:43.880,25821,25821,0,NR-No Report
26-014956,2026-06-16 18:59:53.000,25,TUE,16,18,B,DAY,EARLY,EMS,DIABETIC EMERGENCY ALS 1,1,E-911,"GRAVES, CHRISTINA","MACK, BRIANA",2026-06-16 18:59:53.000,2026-06-16 19:00:55.000,2026-06-16 19:00:21.000,28,28,0,2026-06-16 19:00:23.877,2,2,0,2026-06-16 19:03:58.000,245,245,0,2026-06-16 19:01:28.290,30,30,0,2026-06-16 19:01:28.290,65,64,1,2026-06-16 19:06:00.737,272,272,0,2026-06-16 19:28:27.297,2026-06-16 20:42:27.833,0,NULL,2026-06-16 20:42:27.943,6154,6154,0,UNDEFINED
26-048671,2026-06-16 19:10:02.000,25,TUE,16,19,D,NIGHT,EARLY,POLICE,PUBLIC SERVICE MULTI OFFICER,2,Phone,"DOGAN, KYLAH","WALKER, LATITIA",2026-06-16 19:10:01.000,2026-06-16 19:11:36.000,2026-06-16 19:10:26.000,25,24,1,2026-06-16 19:14:07.947,221,221,0,2026-06-16 19:17:21.000,440,439,1,2026-06-16 19:14:11.633,246,246,0,2026-06-16 19:14:11.633,4,3,1,2026-06-16 19:14:11.633,0,0,0,2026-06-16 19:20:51.753,2026-06-16 19:40:25.233,0,NULL,2026-06-16 19:40:25.313,1824,1824,0,NR-No Report
26-048675,2026-06-16 19:26:26.000,25,TUE,16,19,D,NIGHT,EARLY,POLICE,DISORDERLY CONDUCT,2,Phone,"ANDERSON, MARILYN","WALKER, LATITIA",2026-06-16 19:26:25.000,2026-06-16 19:27:41.000,2026-06-16 19:26:48.000,23,22,1,2026-06-16 19:37:40.667,652,652,0,2026-06-16 19:28:28.000,123,122,1,2026-06-16 19:37:43.297,675,675,0,2026-06-16 19:37:43.297,3,2,1,NULL,NULL,-9999,NULL,2026-06-16 19:38:54.250,2026-06-16 19:39:00.443,0,NULL,2026-06-16 19:39:00.513,755,755,0,CN-Cancellation
26-014958,2026-06-16 19:28:09.743,25,TUE,16,19,D,NIGHT,EARLY,FIRE,MUTUAL MVC,1,C2C,CAD to CAD Service 1,CAD to CAD Service 1,2026-06-16 19:27:28.000,2026-06-16 20:25:43.000,2026-06-16 19:28:10.073,42,0,42,2026-06-16 19:28:10.183,0,0,0,NULL,NULL,NULL,NULL,2026-06-16 19:28:31.200,42,63,-21,2026-06-16 19:28:31.200,21,0,21,2026-06-16 19:32:33.137,242,241,1,2026-06-16 19:34:41.497,2026-06-16 20:45:56.280,0,NULL,2026-06-16 20:45:56.377,4708,4708,0,UNDEFINED
26-048677,2026-06-16 19:36:58.000,25,TUE,16,19,D,NIGHT,EARLY,POLICE,FIGHT NO WEAPONS,2,E-911,"WILLIAMS, DARNELL","WALKER, LATITIA",2026-06-16 19:36:58.000,2026-06-16 19:38:06.000,2026-06-16 19:37:14.000,16,16,0,2026-06-16 19:40:26.163,192,192,0,2026-06-16 19:39:18.000,140,140,0,2026-06-16 19:40:29.733,208,208,0,2026-06-16 19:40:29.733,3,3,0,2026-06-16 19:48:06.860,457,457,0,2026-06-16 19:51:18.487,2026-06-16 19:57:10.100,0,NULL,2026-06-16 19:57:10.133,1212,1212,0,NR-No Report
26-048678,2026-06-16 19:37:09.000,25,TUE,16,19,D,NIGHT,EARLY,POLICE,DEST OF PROP PUB DELAY,4,Phone,"JACKSON, MALIKA","PRIESTLY, SHAVAUGHN",2026-06-16 19:37:07.000,2026-06-16 20:32:49.000,2026-06-16 19:40:57.000,230,228,2,2026-06-16 23:27:41.087,13604,13604,0,2026-06-16 19:41:54.000,287,285,2,2026-06-16 23:27:46.457,13834,13834,0,2026-06-16 23:27:46.457,5,5,0,2026-06-16 23:35:59.040,493,492,1,2026-06-17 00:43:30.183,2026-06-17 00:43:30.183,0,NULL,2026-06-17 00:43:30.223,18383,18383,0,RE-Report
26-048679,2026-06-16 19:42:35.000,25,TUE,16,19,D,NIGHT,EARLY,POLICE,TRAFFIC STOP,2,OFFICER,"BRAGHINI, KELLY E",NULL,2026-06-16 19:42:35.000,2026-06-16 19:42:41.000,2026-06-16 19:42:35.000,0,1,-1,2026-06-16 19:42:35.000,0,0,0,2026-06-16 19:42:35.000,0,NULL,0,2026-06-16 19:42:35.000,0,0,0,2026-06-16 19:42:35.000,0,0,0,2026-06-16 19:42:35.000,0,0,0,2026-06-16 19:49:19.850,2026-06-16 19:49:19.850,0,NULL,2026-06-16 19:49:19.937,404,404,0,NR-No Report
26-014959,2026-06-16 19:51:31.873,25,TUE,16,19,D,NIGHT,EARLY,EMS,MUTUAL ALS,1,C2C,CAD to CAD Service 1,CAD to CAD Service 1,2026-06-16 19:49:02.000,NULL,2026-06-16 19:51:32.140,150,0,150,2026-06-16 19:51:32.357,0,0,0,NULL,NULL,NULL,NULL,2026-06-16 19:52:30.670,150,-9999,10149,2026-06-16 19:52:30.670,58,58,0,NULL,NULL,-9999,NULL,2026-06-16 19:52:49.063,2026-06-16 19:52:50.263,0,NULL,2026-06-16 19:52:50.367,228,228,0,UNDEFINED
26-048681,2026-06-16 19:58:03.000,25,TUE,16,19,D,NIGHT,EARLY,POLICE,TRESPASSING IN PROG,2,Phone,"WILLIAMS, DARNELL","GRAVES, CHRISTINA",2026-06-16 19:58:03.000,2026-06-16 20:00:46.000,2026-06-16 19:58:20.000,17,17,0,2026-06-16 20:01:42.790,202,202,0,2026-06-16 20:02:55.000,292,292,0,2026-06-16 20:01:45.397,219,219,0,2026-06-16 20:01:45.397,3,2,1,NULL,NULL,-9999,NULL,2026-06-16 20:02:53.387,2026-06-16 20:03:15.000,0,NULL,NULL,312,312,0,CN-Cancellation
26-014961,2026-06-16 20:01:46.000,25,TUE,16,20,D,NIGHT,EARLY,FIRE,GAS LEAK - INSIDE,1,E-911,"JACKSON, MALIKA",Automatic Dispatch,2026-06-16 20:01:45.000,2026-06-16 20:03:38.000,2026-06-16 20:03:16.000,91,90,1,2026-06-16 20:03:18.630,2,2,0,2026-06-16 20:03:36.000,111,110,1,2026-06-16 20:04:16.500,93,93,0,2026-06-16 20:04:16.500,58,57,1,2026-06-16 20:06:09.470,113,112,1,2026-06-16 20:24:04.297,2026-06-16 21:33:28.237,0,NULL,2026-06-16 21:33:28.417,5503,5503,0,UNDEFINED
26-014960,2026-06-16 20:02:10.000,25,TUE,16,20,D,NIGHT,EARLY,EMS,HEART PROBLEMS ALS 1,1,E-911,"DOGAN, KYLAH",Automatic Dispatch,2026-06-16 20:02:10.000,2026-06-16 20:03:43.000,2026-06-16 20:02:38.000,28,28,0,2026-06-16 20:02:40.937,2,2,0,2026-06-16 20:15:12.000,782,782,0,2026-06-16 20:03:18.553,30,30,0,2026-06-16 20:03:18.553,38,37,1,2026-06-16 20:07:30.617,252,252,0,2026-06-16 20:28:12.407,2026-06-16 21:14:33.057,0,NULL,2026-06-16 21:14:33.157,4343,4343,0,UNDEFINED
26-048682,2026-06-16 20:03:05.000,25,TUE,16,20,D,NIGHT,EARLY,POLICE,ASSIST FIRE - EMERGENCY,1,NOT CAPTURED,"DOGAN, KYLAH","GRAVES, CHRISTINA",2026-06-16 20:03:05.000,2026-06-16 20:03:17.000,2026-06-16 20:03:05.000,0,NULL,0,2026-06-16 20:03:26.577,21,21,0,2026-06-16 20:03:05.000,0,0,0,2026-06-16 20:03:31.823,21,21,0,2026-06-16 20:03:31.823,5,5,0,NULL,NULL,-9999,NULL,2026-06-16 20:04:29.073,2026-06-16 20:05:03.000,0,NULL,NULL,118,118,0,CN-Cancellation
26-014962,2026-06-16 20:03:13.000,25,TUE,16,20,D,NIGHT,EARLY,EMS,DIABETIC EMERGENCY ALS 1,1,E-911,"WALKER, LATITIA","MACK, BRIANA",2026-06-16 20:03:13.000,2026-06-16 20:04:18.000,2026-06-16 20:03:53.000,40,40,0,2026-06-16 20:03:55.837,2,2,0,2026-06-16 20:05:41.000,148,148,0,2026-06-16 20:05:01.937,42,42,0,2026-06-16 20:05:01.937,66,66,0,2026-06-16 20:12:42.880,461,460,1,2026-06-16 20:39:50.770,2026-06-16 21:54:14.493,0,NULL,2026-06-16 21:54:14.707,6661,6661,0,UNDEFINED
26-048683,2026-06-16 20:04:13.000,25,TUE,16,20,D,NIGHT,EARLY,POLICE,DISORDERLY CONDUCT,2,E-911,"WILLIAMS, DARNELL","GRAVES, CHRISTINA",2026-06-16 20:04:13.000,2026-06-16 20:05:23.000,2026-06-16 20:05:09.000,56,56,0,2026-06-16 20:05:52.547,43,43,0,2026-06-16 20:08:53.000,280,280,0,2026-06-16 20:05:58.427,99,99,0,2026-06-16 20:05:58.427,6,5,1,2026-06-16 20:20:05.477,847,847,0,2026-06-16 20:42:39.050,2026-06-16 21:34:09.377,0,NULL,2026-06-16 21:34:09.417,5396,5396,0,NR-No Report
26-048685,2026-06-16 20:10:27.000,25,TUE,16,20,D,NIGHT,EARLY,POLICE,ASSIST CITIZEN DELAY,4,Phone,"WALKER, LATITIA","WALKER, LATITIA",2026-06-16 20:10:25.000,2026-06-16 20:15:55.000,2026-06-16 20:13:56.000,211,209,2,2026-06-16 22:21:09.343,7633,7633,0,2026-06-16 20:16:11.000,346,344,2,NULL,7844,7844,0,NULL,NULL,-9999,NULL,NULL,NULL,-9999,NULL,2026-06-16 22:21:16.153,2026-06-16 22:21:16.153,0,NULL,2026-06-16 22:21:16.220,7851,7851,0,NR-No Report
26-048684,2026-06-16 20:12:24.000,25,TUE,16,20,D,NIGHT,EARLY,POLICE,NOISE COMPLAINT DELAY,4,Phone,"PRIESTLY, SHAVAUGHN","WALKER, LATITIA",2026-06-16 20:12:23.000,2026-06-16 20:15:59.000,2026-06-16 20:12:45.000,22,21,1,2026-06-16 22:21:39.897,7734,7734,0,2026-06-16 20:15:05.000,162,161,1,NULL,7756,7756,0,NULL,NULL,-9999,NULL,NULL,NULL,-9999,NULL,2026-06-16 22:21:50.297,2026-06-16 22:21:50.297,0,NULL,2026-06-16 22:21:50.347,7767,7767,0,NR-No Report
26-014963,2026-06-16 20:16:54.000,25,TUE,16,20,D,NIGHT,EARLY,FIRE,FIRE ALARM,3,Phone,"DOGAN, KYLAH",Automatic Dispatch,2026-06-16 20:16:52.000,2026-06-16 20:19:16.000,2026-06-16 20:17:14.000,22,20,2,2026-06-16 20:17:16.560,2,2,0,2026-06-16 20:18:23.000,91,89,2,2026-06-16 20:18:31.640,24,24,0,2026-06-16 20:18:31.640,75,75,0,2026-06-16 20:20:47.737,136,136,0,2026-06-16 21:05:18.533,2026-06-16 21:05:18.533,0,NULL,2026-06-16 21:05:18.757,2906,2906,0,UNDEFINED
26-048686,2026-06-16 20:20:35.000,25,TUE,16,20,D,NIGHT,EARLY,POLICE,MENTAL HEALTH CASE,2,Phone,"JACKSON, MALIKA",NULL,2026-06-16 20:20:33.000,2026-06-16 20:21:43.000,2026-06-16 20:21:21.000,48,46,2,2026-06-16 20:23:04.263,103,103,0,2026-06-16 20:24:41.000,248,246,2,2026-06-16 20:23:08.047,151,151,0,2026-06-16 20:23:08.047,4,3,1,2026-06-16 23:09:04.820,9956,9956,0,2026-06-16 23:05:46.600,2026-06-17 10:38:46.463,0,NULL,2026-06-17 10:38:46.523,51493,51493,0,NR-No Report
26-014964,2026-06-16 20:28:10.000,25,TUE,16,20,D,NIGHT,EARLY,FIRE,INVESTIGATION,3,E-911,"WILLIAMS, DARNELL",Automatic Dispatch,2026-06-16 20:28:10.000,2026-06-16 20:34:26.000,2026-06-16 20:30:52.000,162,162,0,2026-06-16 20:30:54.107,2,2,0,2026-06-16 20:31:30.000,200,200,0,2026-06-16 20:31:51.703,164,164,0,2026-06-16 20:31:51.703,57,57,0,2026-06-16 20:37:08.767,317,317,0,2026-06-16 21:40:09.037,2026-06-16 23:13:01.290,0,NULL,2026-06-16 23:13:01.343,9891,9891,0,UNDEFINED
26-048689,2026-06-16 20:28:44.000,25,TUE,16,20,D,NIGHT,EARLY,POLICE,LARCENY RESIDENTIAL DELAY,4,Phone,"DOGAN, KYLAH",NULL,2026-06-16 20:28:42.000,NULL,2026-06-16 20:30:14.000,92,90,2,2026-06-17 23:16:39.803,96385,10598,85787,2026-06-16 20:31:19.000,157,155,2,2026-06-17 23:16:39.853,96477,-9999,106476,2026-06-17 23:16:39.853,0,0,0,NULL,NULL,-9999,NULL,2026-06-18 00:46:49.067,2026-06-17 00:09:51.000,1,2026-06-17 20:20:01.423,2026-06-18 00:46:49.123,13269,15487,-2218,RE-Report
26-048690,2026-06-16 20:32:44.000,25,TUE,16,20,D,NIGHT,EARLY,POLICE,PARKING COMPLAINT,4,Phone,"WALKER, LATITIA",NULL,2026-06-16 20:32:43.000,2026-06-16 20:33:50.000,2026-06-16 20:32:58.000,15,14,1,2026-06-16 20:42:14.977,556,556,0,2026-06-16 20:34:14.000,91,90,1,2026-06-16 20:42:14.977,571,571,0,2026-06-16 20:42:14.977,0,0,0,2026-06-16 20:44:32.700,138,137,1,2026-06-16 21:16:21.130,2026-06-16 21:16:21.130,0,NULL,2026-06-16 21:16:21.750,2618,2618,0,NR-No Report
26-014965,2026-06-16 20:36:36.000,25,TUE,16,20,D,NIGHT,EARLY,EMS,SICK PERSON BLS,10,E-911,"WALKER, LATITIA",Automatic Dispatch,2026-06-16 20:36:36.000,2026-06-16 20:37:59.000,2026-06-16 20:37:37.000,61,61,0,2026-06-16 20:37:39.643,2,2,0,2026-06-16 20:38:49.000,133,133,0,2026-06-16 20:38:27.607,63,63,0,2026-06-16 20:38:27.607,48,47,1,2026-06-16 20:45:34.670,427,427,0,2026-06-16 22:01:57.197,2026-06-16 22:01:57.197,0,NULL,2026-06-16 22:01:57.247,5121,5121,0,UNDEFINED
26-048693,2026-06-16 20:41:20.617,25,TUE,16,20,D,NIGHT,EARLY,POLICE,ARSON IN PROG,2,Radio,"MACK, BRIANA",NULL,2026-06-16 20:41:20.617,2026-06-16 20:41:25.000,2026-06-16 20:41:20.617,0,0,0,2026-06-16 20:42:12.793,52,52,0,2026-06-16 20:41:20.617,0,NULL,0,2026-06-16 20:42:16.943,52,52,0,2026-06-16 20:42:16.943,4,4,0,2026-06-16 20:48:34.067,378,377,1,2026-06-16 21:19:22.837,2026-06-16 21:43:37.133,0,NULL,2026-06-16 21:43:37.220,3737,3736,1,NR-No Report
26-014966,2026-06-16 20:42:21.000,25,TUE,16,20,D,NIGHT,EARLY,FIRE,MVC AUTO,2,Phone,"JACKSON, MALIKA",Automatic Dispatch,2026-06-16 20:42:19.000,2026-06-16 20:45:04.000,2026-06-16 20:45:00.000,161,159,2,2026-06-16 20:45:02.260,2,2,0,2026-06-16 20:45:14.000,175,173,2,2026-06-16 20:45:31.897,163,163,0,2026-06-16 20:45:31.897,29,29,0,2026-06-16 20:50:55.583,324,323,1,2026-06-16 21:41:26.940,2026-06-16 21:51:17.130,0,NULL,2026-06-16 21:51:17.160,4138,4138,0,UNDEFINED
26-014967,2026-06-16 20:45:06.000,25,TUE,16,20,D,NIGHT,EARLY,EMS,TRAUMATIC INJURIES ALS 1,1,E-911,"WILLIAMS, DARNELL",Automatic Dispatch,2026-06-16 20:45:05.000,2026-06-16 20:45:33.000,2026-06-16 20:45:27.000,22,21,1,2026-06-16 20:45:29.563,2,2,0,2026-06-16 20:49:00.000,235,234,1,2026-06-16 20:45:40.660,24,24,0,2026-06-16 20:45:40.660,11,11,0,2026-06-16 20:50:18.543,278,277,1,2026-06-16 21:02:59.137,2026-06-16 22:18:59.310,0,NULL,2026-06-16 22:18:59.433,5634,5634,0,UNDEFINED
26-048695,2026-06-16 20:54:10.000,25,TUE,16,20,D,NIGHT,EARLY,POLICE,DISORDERLY CONDUCT,2,Phone,"WALKER, LATITIA","GRAVES, CHRISTINA",2026-06-16 20:54:08.000,2026-06-16 20:55:27.000,2026-06-16 20:54:30.000,22,20,2,2026-06-16 21:07:49.883,799,799,0,2026-06-16 20:55:20.000,72,70,2,2026-06-16 21:08:10.140,821,821,0,2026-06-16 21:08:10.140,21,20,1,2026-06-16 21:37:28.573,1758,1758,0,2026-06-16 22:09:46.183,2026-06-16 22:37:53.747,0,NULL,2026-06-16 22:37:53.810,6225,6225,0,NR-No Report
26-048697,2026-06-16 20:58:35.000,25,TUE,16,20,D,NIGHT,EARLY,POLICE,PARKING COMPLAINT,4,Phone,"WILLIAMS, DARNELL",NULL,2026-06-16 20:58:33.000,NULL,2026-06-16 20:58:53.000,20,18,2,2026-06-16 21:02:57.547,244,244,0,2026-06-16 21:00:07.000,94,92,2,2026-06-16 21:02:57.547,264,264,0,2026-06-16 21:02:57.547,0,-9999,9999,2026-06-16 21:07:25.597,268,268,0,2026-06-16 21:11:40.283,2026-06-16 21:11:40.283,0,NULL,2026-06-16 21:11:40.677,787,787,0,NR-No Report
26-048698,2026-06-16 21:00:07.000,25,TUE,16,21,D,NIGHT,EARLY,POLICE,PUBLIC SERVICE MULTI OFFICER,3,Phone,"WALKER, LATITIA","WALKER, LATITIA",2026-06-16 21:00:05.000,2026-06-16 21:04:16.000,2026-06-16 21:03:17.000,192,190,2,2026-06-16 22:11:32.987,4095,4095,0,2026-06-16 21:03:26.000,201,199,2,2026-06-16 22:11:35.937,4287,4287,0,2026-06-16 22:11:35.937,3,2,1,2026-06-16 22:23:02.050,687,686,1,2026-06-16 22:38:36.333,2026-06-16 22:38:47.777,0,NULL,2026-06-16 22:38:47.843,5922,5922,0,NR-No Report
26-014968,2026-06-16 21:05:15.780,25,TUE,16,21,D,NIGHT,EARLY,EMS,UNKNOWN MEDICAL ALS 1,1,NOT CAPTURED,"GRAVES, CHRISTINA",Automatic Dispatch,2026-06-16 21:05:15.780,2026-06-16 21:07:02.000,2026-06-16 21:05:15.780,0,0,0,2026-06-16 21:05:18.143,3,2,1,2026-06-16 21:05:15.780,0,NULL,0,2026-06-16 21:06:41.760,3,2,1,2026-06-16 21:06:41.760,83,83,0,2026-06-16 21:15:01.217,500,499,1,2026-06-16 21:16:09.633,2026-06-16 21:16:41.957,0,NULL,2026-06-16 21:16:42.020,686,686,0,CAD2CAD
26-048702,2026-06-16 21:12:37.000,25,TUE,16,21,D,NIGHT,EARLY,POLICE,TRESPASSING IN PROG,2,Phone,"WALKER, LATITIA",NULL,2026-06-16 21:12:35.000,2026-06-16 21:14:53.000,2026-06-16 21:14:38.000,123,121,2,2026-06-16 21:17:04.097,146,146,0,2026-06-16 21:15:26.000,171,169,2,2026-06-16 21:17:07.023,269,269,0,2026-06-16 21:17:07.023,3,2,1,2026-06-16 21:18:52.493,105,105,0,2026-06-16 21:37:53.457,2026-06-16 21:55:16.290,0,NULL,2026-06-16 21:55:16.347,2561,2561,0,NR-No Report
26-048703,2026-06-16 21:17:14.000,25,TUE,16,21,D,NIGHT,EARLY,POLICE,DISABLED MOTORIST,2,E-911,"WALKER, LATITIA","GRAVES, CHRISTINA",2026-06-16 21:17:13.000,2026-06-16 21:18:30.000,2026-06-16 21:17:37.000,24,23,1,2026-06-16 21:41:11.760,1414,1414,0,2026-06-16 21:18:37.000,84,83,1,2026-06-16 21:41:16.677,1438,1438,0,2026-06-16 21:41:16.677,5,4,1,2026-06-16 21:46:27.040,311,310,1,2026-06-16 21:41:57.163,2026-06-16 22:36:13.417,0,NULL,2026-06-16 22:36:13.480,4740,4740,0,NR-No Report
26-014969,2026-06-16 21:21:43.000,25,TUE,16,21,D,NIGHT,EARLY,EMS,OVERDOSE ALS,2,E-911,"PRIESTLY, SHAVAUGHN","MACK, BRIANA",2026-06-16 21:21:43.000,2026-06-16 21:24:17.000,2026-06-16 21:22:51.000,68,68,0,2026-06-16 21:22:53.223,2,2,0,2026-06-16 21:34:37.000,774,774,0,2026-06-16 21:28:39.687,70,70,0,2026-06-16 21:28:39.687,346,79,267,2026-06-16 21:33:56.000,317,316,1,2026-06-16 21:41:48.043,2026-06-16 23:03:56.063,0,NULL,2026-06-16 23:03:56.127,6133,6133,0,UNDEFINED
26-048705,2026-06-16 21:25:37.000,25,TUE,16,21,D,NIGHT,EARLY,POLICE,PARKING COMPLAINT,4,Phone,"WILLIAMS, DARNELL",NULL,2026-06-16 21:25:35.000,NULL,2026-06-16 21:25:50.000,15,13,2,2026-06-16 21:52:31.270,1601,1601,0,2026-06-16 21:28:51.000,196,194,2,2026-06-16 21:52:31.270,1616,1616,0,2026-06-16 21:52:31.270,0,0,0,2026-06-16 22:08:51.303,980,980,0,2026-06-16 22:33:41.207,2026-06-16 22:33:41.207,0,NULL,2026-06-16 22:33:41.610,4086,4086,0,NR-No Report
26-048707,2026-06-16 21:30:54.000,25,TUE,16,21,D,NIGHT,EARLY,POLICE,DISORDERLY CONDUCT,2,Radio,"GRAVES, CHRISTINA","GRAVES, CHRISTINA",2026-06-16 21:30:51.000,2026-06-16 22:29:34.000,2026-06-16 21:31:16.000,25,22,3,2026-06-16 21:34:13.790,177,177,0,2026-06-16 21:31:46.000,55,52,3,2026-06-16 21:34:13.873,202,202,0,2026-06-16 21:34:13.873,0,0,0,2026-06-16 21:43:48.500,575,574,1,2026-06-16 22:38:32.827,2026-06-16 23:06:12.727,0,NULL,2026-06-16 23:06:12.780,5721,5721,0,NR-No Report
26-014970,2026-06-16 21:34:04.000,25,TUE,16,21,D,NIGHT,EARLY,FIRE,ELEVATOR,3,E-911,"WALKER, LATITIA",Automatic Dispatch,2026-06-16 21:34:03.000,2026-06-16 21:35:51.000,2026-06-16 21:34:38.000,35,34,1,2026-06-16 21:34:39.790,1,1,0,2026-06-16 21:34:59.000,56,55,1,2026-06-16 21:36:13.717,36,36,0,2026-06-16 21:36:13.717,94,93,1,2026-06-16 21:43:19.747,426,426,0,2026-06-16 21:52:47.657,2026-06-16 21:52:47.657,0,NULL,2026-06-16 21:52:47.863,1124,1124,0,UNDEFINED
26-048711,2026-06-16 21:41:40.000,25,TUE,16,21,D,NIGHT,EARLY,POLICE,MVC PROPERTY DAMAGE,2,Phone,"WALKER, LATITIA","GRAVES, CHRISTINA",2026-06-16 21:41:39.000,2026-06-16 21:43:28.000,2026-06-16 21:43:21.000,102,101,1,2026-06-16 21:54:32.657,671,671,0,2026-06-16 21:43:41.000,122,121,1,2026-06-16 21:54:44.943,773,773,0,2026-06-16 21:54:44.943,12,12,0,NULL,NULL,-9999,NULL,NULL,2026-06-16 21:55:53.000,0,NULL,NULL,854,854,0,CN-Cancellation
26-014971,2026-06-16 21:42:23.000,25,TUE,16,21,D,NIGHT,EARLY,FIRE,INVESTIGATION,3,E-911,"DOGAN, KYLAH",Automatic Dispatch,2026-06-16 21:42:22.000,2026-06-16 21:44:45.000,2026-06-16 21:43:21.000,59,58,1,2026-06-16 21:43:23.503,2,2,0,2026-06-16 21:50:50.000,508,507,1,2026-06-16 21:44:25.673,61,61,0,2026-06-16 21:44:25.673,62,62,0,2026-06-16 21:48:07.990,222,222,0,2026-06-16 22:03:54.273,2026-06-16 22:03:54.273,0,NULL,2026-06-16 22:03:54.467,1292,1292,0,UNDEFINED
26-048712,2026-06-16 21:43:03.000,25,TUE,16,21,D,NIGHT,EARLY,POLICE,PARKING COMPLAINT,4,Phone,"PRIESTLY, SHAVAUGHN",NULL,2026-06-16 21:43:01.000,2026-06-16 22:26:09.000,2026-06-16 21:43:47.000,46,44,2,2026-06-16 22:19:02.750,2115,2115,0,2026-06-16 21:44:22.000,81,79,2,2026-06-16 22:19:02.750,2161,2161,0,2026-06-16 22:19:02.750,0,0,0,2026-06-16 22:25:10.343,368,367,1,2026-06-16 22:32:32.973,2026-06-16 22:32:32.973,0,NULL,2026-06-16 22:32:33.033,2971,2971,0,NR-No Report
26-048714,2026-06-16 21:44:12.000,25,TUE,16,21,D,NIGHT,EARLY,POLICE,MVC PROPERTY DAMAGE,4,Phone,"JACKSON, MALIKA",NULL,2026-06-16 21:44:10.000,2026-06-16 21:57:08.000,2026-06-16 21:46:24.000,134,132,2,2026-06-16 23:03:32.530,4628,4628,0,2026-06-16 21:53:39.000,569,567,2,2026-06-16 23:03:32.530,4762,4762,0,2026-06-16 23:03:32.530,0,-9999,9999,NULL,NULL,-9999,NULL,2026-06-16 23:45:56.017,2026-06-16 23:45:56.017,0,NULL,2026-06-16 23:45:56.103,7306,7306,0,NR-No Report
26-048715,2026-06-16 21:48:06.000,25,TUE,16,21,D,NIGHT,EARLY,POLICE,FLAG DOWN,2,OFFICER,"BRAGHINI, KELLY E",NULL,2026-06-16 21:48:06.000,2026-06-16 21:48:18.000,2026-06-16 21:48:06.000,0,1,-1,2026-06-16 21:48:06.000,0,0,0,2026-06-16 21:48:06.000,0,NULL,0,2026-06-16 21:48:06.000,0,0,0,2026-06-16 21:48:06.000,0,0,0,2026-06-16 21:48:06.000,0,0,0,2026-06-16 21:49:05.677,2026-06-16 21:51:45.520,0,NULL,2026-06-16 21:51:45.563,219,219,0,NR-No Report
26-014972,2026-06-16 21:51:17.000,25,TUE,16,21,D,NIGHT,EARLY,EMS,TROUBLE BREATHING ALS 1,1,E-911,"WILLIAMS, DARNELL",Automatic Dispatch,2026-06-16 21:51:17.000,2026-06-16 21:52:08.000,2026-06-16 21:52:00.000,43,43,0,2026-06-16 21:52:02.693,2,2,0,2026-06-16 21:56:04.000,287,287,0,2026-06-16 21:53:04.847,45,45,0,2026-06-16 21:53:04.847,62,62,0,2026-06-16 21:55:24.770,140,139,1,2026-06-16 22:11:53.667,2026-06-16 22:12:59.320,0,NULL,2026-06-16 22:12:59.373,1302,1302,0,UNDEFINED
26-048717,2026-06-16 22:07:51.000,25,TUE,16,22,D,NIGHT,MIDS,POLICE,DISORDERLY CONDUCT,2,E-911,"JACKSON, MALIKA","WALKER, LATITIA",2026-06-16 22:07:51.000,2026-06-16 22:09:58.000,2026-06-16 22:09:10.000,79,79,0,2026-06-16 22:10:25.083,75,75,0,2026-06-16 22:09:49.000,118,118,0,2026-06-16 22:10:31.217,154,154,0,2026-06-16 22:10:31.217,6,0,6,2026-06-16 22:11:07.610,36,36,0,2026-06-16 22:25:53.553,2026-06-16 22:25:53.553,0,NULL,2026-06-16 22:25:53.593,1082,1082,0,NR-No Report
26-048718,2026-06-16 22:11:26.000,25,TUE,16,22,D,NIGHT,MIDS,POLICE,OFF DUTY DETAIL,8,OFFICER,"ROLON, CARLOS M",NULL,2026-06-16 22:11:26.000,2026-06-16 22:14:43.000,2026-06-16 22:11:26.000,0,1,-1,2026-06-16 22:11:26.000,0,0,0,2026-06-16 22:11:26.000,0,NULL,0,2026-06-16 22:11:26.000,0,0,0,2026-06-16 22:11:26.000,0,0,0,2026-06-16 22:11:26.000,0,0,0,2026-06-17 05:56:31.990,2026-06-17 05:56:31.990,0,NULL,2026-06-17 05:56:32.270,27905,27905,0,NR-No Report
26-048724,2026-06-16 22:22:16.000,25,TUE,16,22,D,NIGHT,MIDS,POLICE,DISORDERLY CONDUCT,2,Phone,"WILLIAMS, DARNELL","WALKER, LATITIA",2026-06-16 22:22:14.000,2026-06-16 22:24:44.000,2026-06-16 22:24:33.000,139,137,2,2026-06-16 22:28:53.690,260,260,0,2026-06-16 22:31:57.000,583,581,2,2026-06-16 22:28:58.840,399,399,0,2026-06-16 22:28:58.840,5,5,0,2026-06-16 22:28:58.840,0,0,0,2026-06-16 22:48:48.520,2026-06-16 22:52:21.667,0,NULL,2026-06-16 22:52:21.753,1807,1807,0,NR-No Report
26-048723,2026-06-16 22:23:20.000,25,TUE,16,22,D,NIGHT,MIDS,POLICE,FLAG DOWN,2,OFFICER,"WALKER, LATITIA","WALKER, LATITIA",2026-06-16 22:23:20.000,NULL,2026-06-16 22:23:20.000,0,0,0,2026-06-16 22:23:20.000,0,0,0,2026-06-16 22:23:20.000,0,0,0,2026-06-16 22:23:29.407,0,0,0,2026-06-16 22:23:20.000,0,0,0,2026-06-16 22:23:20.000,0,0,0,2026-06-16 22:26:06.060,2026-06-16 22:26:09.533,0,NULL,2026-06-16 22:26:09.813,169,169,0,NR-No Report
26-048726,2026-06-16 22:24:55.000,25,TUE,16,22,D,NIGHT,MIDS,POLICE,LARCENY RESIDENTIAL DELAY,3,Phone,"JACKSON, MALIKA","WALKER, LATITIA",2026-06-16 22:24:53.000,2026-06-16 22:28:34.000,2026-06-16 22:28:05.000,192,190,2,2026-06-16 22:52:41.703,1476,1476,0,2026-06-16 22:30:10.000,317,315,2,2026-06-16 22:52:45.960,1668,1668,0,2026-06-16 22:52:45.960,4,0,4,2026-06-16 23:04:09.407,684,683,1,2026-06-16 22:53:37.783,2026-06-17 00:15:16.550,0,NULL,2026-06-17 00:15:16.640,6623,6623,0,RE-Report
26-048728,2026-06-16 22:29:36.000,25,TUE,16,22,D,NIGHT,MIDS,POLICE,DIP - DRUNK/INTOX PERSON,2,Radio,"WALKER, LATITIA",NULL,2026-06-16 22:29:36.000,2026-06-16 22:29:57.000,2026-06-16 22:29:36.000,0,0,0,2026-06-16 22:29:36.000,0,0,0,2026-06-16 22:29:36.000,0,0,0,2026-06-16 22:29:52.353,0,0,0,2026-06-16 22:29:36.000,0,0,0,2026-06-16 22:29:36.000,0,0,0,2026-06-16 22:55:40.193,2026-06-16 22:55:40.193,0,NULL,2026-06-16 22:55:40.280,1564,1564,0,NR-No Report
26-048729,2026-06-16 22:44:37.000,25,TUE,16,22,D,NIGHT,MIDS,POLICE,ASSIST CITIZEN PROMPT,2,E-911,"PRIESTLY, SHAVAUGHN","DOGAN, KYLAH",2026-06-16 22:44:37.000,2026-06-16 22:48:19.000,2026-06-16 22:47:38.000,181,181,0,2026-06-16 22:49:19.673,101,101,0,2026-06-16 23:14:34.000,1797,1797,0,2026-06-16 22:49:29.897,282,282,0,2026-06-16 22:49:29.897,10,6,4,2026-06-16 22:53:23.457,234,233,1,2026-06-16 23:47:45.563,2026-06-17 01:01:34.163,0,NULL,2026-06-17 01:01:34.220,8217,8217,0,NR-No Report
26-048730,2026-06-16 22:54:28.000,25,TUE,16,22,D,NIGHT,MIDS,POLICE,SUBJECT STOP,2,OFFICER,"WALKER, LATITIA","WALKER, LATITIA",2026-06-16 22:54:28.000,2026-06-16 22:58:28.000,2026-06-16 22:54:28.000,0,0,0,2026-06-16 22:54:28.000,0,0,0,2026-06-16 22:54:28.000,0,0,0,2026-06-16 22:54:39.457,0,0,0,2026-06-16 22:54:28.000,0,0,0,2026-06-16 22:54:28.000,0,0,0,2026-06-16 23:02:33.710,2026-06-16 23:04:36.117,0,NULL,2026-06-16 23:04:36.263,608,608,0,NR-No Report
26-048731,2026-06-16 22:58:08.000,25,TUE,16,22,D,NIGHT,MIDS,POLICE,OFF DUTY DETAIL,8,OFFICER,"VILLANUEVA, RODNEY M",NULL,2026-06-16 22:58:08.000,2026-06-16 23:01:57.000,2026-06-16 22:58:08.000,0,1,-1,2026-06-16 22:58:08.000,0,0,0,2026-06-16 22:58:08.000,0,NULL,0,2026-06-16 22:58:08.000,0,0,0,2026-06-16 22:58:08.000,0,0,0,2026-06-16 22:58:08.000,0,0,0,2026-06-17 02:20:47.850,2026-06-17 02:20:47.850,0,NULL,2026-06-17 02:20:47.907,12159,12159,0,NR-No Report
26-014973,2026-06-16 23:09:10.000,25,TUE,16,23,D,NIGHT,MIDS,EMS,CHEST PAIN ALS 1,1,E-911,"WILLIAMS, DARNELL","MACK, BRIANA",2026-06-16 23:09:10.000,2026-06-16 23:12:02.000,2026-06-16 23:10:10.000,60,60,0,2026-06-16 23:10:12.220,2,2,0,2026-06-16 23:15:03.000,353,353,0,2026-06-16 23:11:55.000,62,62,0,2026-06-16 23:11:55.000,103,102,1,2026-06-16 23:16:24.850,269,269,0,2026-06-16 23:13:30.837,2026-06-17 00:37:28.780,0,NULL,2026-06-17 00:37:28.873,5298,5298,0,UNDEFINED
26-048734,2026-06-16 23:12:07.000,25,TUE,16,23,D,NIGHT,MIDS,POLICE,TROUBLE UNKNOWN NO EMS,2,E-911,"GRAVES, CHRISTINA","PRIESTLY, SHAVAUGHN",2026-06-16 23:12:07.000,2026-06-16 23:13:39.000,2026-06-16 23:12:33.000,26,26,0,2026-06-16 23:15:13.913,160,160,0,2026-06-16 23:12:33.000,26,NULL,26,2026-06-16 23:15:17.337,186,186,0,2026-06-16 23:15:17.337,4,3,1,2026-06-16 23:15:44.783,27,27,0,2026-06-16 23:15:44.877,2026-06-16 23:20:24.450,0,NULL,2026-06-16 23:20:24.490,497,497,0,NR-No Report
26-014974,2026-06-16 23:12:08.000,25,TUE,16,23,D,NIGHT,MIDS,EMS,ABDOMINAL PAIN BLS,3,E-911,"JACKSON, MALIKA",Automatic Dispatch,2026-06-16 23:12:08.000,2026-06-16 23:14:53.000,2026-06-16 23:14:10.000,122,122,0,2026-06-16 23:14:12.170,2,2,0,2026-06-16 23:14:11.000,123,123,0,2026-06-16 23:15:03.717,124,124,0,2026-06-16 23:15:03.717,51,51,0,2026-06-16 23:21:13.257,370,369,1,2026-06-16 23:58:00.280,2026-06-16 23:58:00.280,0,NULL,2026-06-16 23:58:00.340,2752,2752,0,UNDEFINED
26-048735,2026-06-16 23:14:10.000,25,TUE,16,23,D,NIGHT,MIDS,POLICE,TRAFFIC STOP,2,OFFICER,"PRIESTLY, SHAVAUGHN","PRIESTLY, SHAVAUGHN",2026-06-16 23:14:10.000,2026-06-16 23:14:11.000,2026-06-16 23:14:10.000,0,0,0,2026-06-16 23:14:10.000,0,0,0,2026-06-16 23:14:10.000,0,0,0,2026-06-16 23:14:17.417,0,0,0,2026-06-16 23:14:10.000,0,0,0,2026-06-16 23:14:10.000,0,0,0,2026-06-16 23:34:05.960,2026-06-16 23:34:10.203,0,NULL,2026-06-16 23:34:10.233,1200,1200,0,CI-Citation
26-014975,2026-06-16 23:16:05.823,25,TUE,16,23,D,NIGHT,MIDS,EMS,MUTUAL ALS,1,C2C,CAD to CAD Service 1,CAD to CAD Service 1,2026-06-16 23:14:19.000,NULL,2026-06-16 23:16:06.057,107,0,107,2026-06-16 23:16:06.103,0,0,0,NULL,NULL,NULL,NULL,2026-06-16 23:16:49.633,107,-9999,10106,2026-06-16 23:16:49.633,43,43,0,2026-06-16 23:22:13.070,324,323,1,2026-06-16 23:32:19.090,2026-06-17 00:19:41.103,0,NULL,2026-06-17 00:19:41.200,3922,3922,0,UNDEFINED
26-048740,2026-06-16 23:37:12.000,25,TUE,16,23,D,NIGHT,MIDS,POLICE,OCCUPIED VEHICLE CHECK,2,OFFICER,"PRIESTLY, SHAVAUGHN","PRIESTLY, SHAVAUGHN",2026-06-16 23:37:12.000,NULL,2026-06-16 23:37:12.000,0,0,0,2026-06-16 23:37:12.000,0,0,0,2026-06-16 23:37:12.000,0,0,0,2026-06-16 23:41:32.807,0,0,0,2026-06-16 23:37:12.000,0,0,0,2026-06-16 23:37:12.000,0,0,0,2026-06-16 23:42:58.470,2026-06-16 23:44:51.250,0,NULL,2026-06-16 23:44:51.290,459,459,0,NR-No Report
26-048742,2026-06-16 23:50:33.000,25,TUE,16,23,D,NIGHT,MIDS,POLICE,ASSIST CITIZEN PROMPT,3,Phone,"GRAVES, CHRISTINA",NULL,2026-06-16 23:50:31.000,2026-06-16 23:52:12.000,2026-06-16 23:51:25.000,54,52,2,2026-06-16 23:59:55.523,510,510,0,2026-06-16 23:51:57.000,86,84,2,2026-06-17 00:00:00.373,564,564,0,2026-06-17 00:00:00.373,5,4,1,2026-06-17 00:05:17.073,317,316,1,2026-06-17 01:32:17.313,2026-06-17 01:34:09.157,0,NULL,2026-06-17 01:34:09.203,6218,6218,0,NR-No Report
26-048744,2026-06-16 23:53:05.000,25,TUE,16,23,D,NIGHT,MIDS,POLICE,TRAFFIC STOP,2,OFFICER,"GASKILL, RYAN D",NULL,2026-06-16 23:53:05.000,2026-06-16 23:53:12.000,2026-06-16 23:53:05.000,0,1,-1,2026-06-16 23:53:05.000,0,0,0,2026-06-16 23:53:05.000,0,NULL,0,2026-06-16 23:53:05.000,0,0,0,2026-06-16 23:53:05.000,0,0,0,2026-06-16 23:53:05.000,0,0,0,2026-06-16 23:59:31.863,2026-06-17 00:00:31.923,0,NULL,2026-06-17 00:00:32.033,446,446,0,NR-No Report
26-048745,2026-06-16 23:53:44.000,25,TUE,16,23,D,NIGHT,MIDS,POLICE,NOISE COMPLAINT DELAY,4,Phone,"WILLIAMS, DARNELL",NULL,2026-06-16 23:53:42.000,2026-06-17 00:10:00.000,2026-06-16 23:54:00.000,18,16,2,2026-06-17 00:10:47.750,1007,1007,0,2026-06-16 23:54:30.000,48,46,2,2026-06-17 00:10:47.750,1025,1025,0,2026-06-17 00:10:47.750,0,0,0,2026-06-17 00:10:49.470,2,1,1,2026-06-17 00:13:34.350,2026-06-17 00:13:34.350,0,NULL,2026-06-17 00:13:34.470,1192,1192,0,NR-No Report
26-014976,2026-06-17 00:11:03.000,25,WED,17,0,C,NIGHT,MIDS,EMS,CHEST PAIN ALS 1,1,E-911,"WILLIAMS, DARNELL","GRAVES, CHRISTINA",2026-06-17 00:11:02.000,2026-06-17 00:12:48.000,2026-06-17 00:11:30.000,28,27,1,2026-06-17 00:11:32.637,2,2,0,2026-06-17 00:13:15.000,133,132,1,2026-06-17 00:13:09.200,30,30,0,2026-06-17 00:13:09.200,97,96,1,2026-06-17 00:20:50.180,461,460,1,2026-06-17 00:15:45.490,2026-06-17 01:09:04.613,0,NULL,2026-06-17 01:09:04.683,3482,3482,0,UNDEFINED
26-048746,2026-06-17 00:25:51.000,25,WED,17,0,C,NIGHT,MIDS,POLICE,MVC PROPERTY DAMAGE,2,E-911,"WALKER, LATITIA","DOGAN, KYLAH",2026-06-17 00:25:51.000,2026-06-17 00:33:42.000,2026-06-17 00:26:51.000,60,60,0,2026-06-17 00:39:11.093,740,740,0,2026-06-17 00:27:56.000,125,125,0,2026-06-17 00:39:21.577,800,800,0,2026-06-17 00:39:21.577,10,10,0,2026-06-17 00:54:41.353,920,919,1,2026-06-17 01:53:40.260,2026-06-17 01:53:40.260,0,NULL,2026-06-17 01:53:40.303,5269,5269,0,CI-Citation
26-048747,2026-06-17 00:37:29.000,25,WED,17,0,C,NIGHT,MIDS,POLICE,TRAFFIC STOP,2,OFFICER,"GASKILL, RYAN D",NULL,2026-06-17 00:37:29.000,2026-06-17 00:38:33.000,2026-06-17 00:37:29.000,0,1,-1,2026-06-17 00:37:29.000,0,0,0,2026-06-17 00:37:29.000,0,NULL,0,2026-06-17 00:37:29.000,0,0,0,2026-06-17 00:37:29.000,0,0,0,2026-06-17 00:37:29.000,0,0,0,2026-06-17 01:10:36.903,2026-06-17 01:11:39.933,0,NULL,2026-06-17 01:11:39.990,2050,2050,0,NR-No Report
26-014977,2026-06-17 00:42:15.000,25,WED,17,0,C,NIGHT,MIDS,EMS,HEART PROBLEMS ALS 1,1,E-911,"WALKER, LATITIA",Automatic Dispatch,2026-06-17 00:42:13.000,2026-06-17 00:47:17.000,2026-06-17 00:45:27.000,194,192,2,2026-06-17 00:45:30.023,3,3,0,2026-06-17 00:47:37.000,324,322,2,2026-06-17 00:46:06.177,197,197,0,2026-06-17 00:46:06.177,36,36,0,2026-06-17 00:51:21.907,315,315,0,2026-06-17 01:17:11.180,2026-06-17 01:36:02.620,0,NULL,2026-06-17 01:36:02.747,3229,3229,0,UNDEFINED
26-048750,2026-06-17 00:51:53.000,25,WED,17,0,C,NIGHT,MIDS,POLICE,ADMINISTRATIVE TASK,2,Phone,"PRIESTLY, SHAVAUGHN","DOGAN, KYLAH",2026-06-17 00:51:51.000,2026-06-17 00:53:59.000,2026-06-17 00:53:43.000,112,110,2,2026-06-17 00:54:05.887,22,22,0,2026-06-17 00:53:43.000,112,110,2,2026-06-17 00:54:05.933,134,134,0,2026-06-17 00:54:05.933,0,0,0,2026-06-17 01:07:15.353,790,789,1,2026-06-17 01:53:08.797,2026-06-17 01:53:08.600,0,NULL,2026-06-17 01:53:08.600,3677,3677,0,NR-No Report
26-014978,2026-06-17 01:06:51.050,25,WED,17,1,C,NIGHT,MIDS,EMS,MUTUAL BLS,1,C2C,CAD to CAD Service 1,CAD to CAD Service 1,2026-06-17 01:04:02.000,NULL,2026-06-17 01:06:51.740,169,0,169,2026-06-17 01:06:51.833,0,0,0,NULL,NULL,NULL,NULL,2026-06-17 01:08:27.860,169,-9999,10168,2026-06-17 01:08:27.860,96,95,1,NULL,NULL,-9999,NULL,2026-06-17 01:20:24.670,2026-06-17 01:21:00.673,0,NULL,2026-06-17 01:21:00.707,1018,1018,0,UNDEFINED
26-048752,2026-06-17 01:08:50.000,25,WED,17,1,C,NIGHT,MIDS,POLICE,NOISE COMPLAINT DELAY,4,Phone,"WILLIAMS, DARNELL",NULL,2026-06-17 01:08:50.000,2026-06-17 01:11:43.000,2026-06-17 01:09:07.000,17,17,0,2026-06-17 01:48:20.660,2353,2353,0,2026-06-17 01:09:42.000,52,52,0,2026-06-17 01:48:20.660,2370,2370,0,2026-06-17 01:48:20.660,0,0,0,2026-06-17 01:48:33.273,13,12,1,2026-06-17 01:51:55.623,2026-06-17 01:51:55.623,0,NULL,2026-06-17 01:51:55.727,2585,2585,0,NR-No Report
26-048753,2026-06-17 01:09:31.000,25,WED,17,1,C,NIGHT,MIDS,POLICE,DEST OF PROP PUB DELAY,4,Radio,"DOGAN, KYLAH",NULL,2026-06-17 01:09:29.000,2026-06-17 02:59:53.000,2026-06-17 01:10:06.000,37,35,2,2026-06-17 01:54:38.813,2672,2672,0,2026-06-17 01:11:22.000,113,111,2,2026-06-17 01:54:38.863,2709,2709,0,2026-06-17 01:54:38.863,0,0,0,2026-06-17 02:04:04.500,566,565,1,2026-06-17 05:28:19.040,2026-06-17 05:28:19.040,0,NULL,2026-06-17 05:28:19.060,15530,15530,0,RE-Report
26-048754,2026-06-17 01:10:15.000,25,WED,17,1,C,NIGHT,MIDS,POLICE,DEST OF PROP PUB DELAY,4,Radio,"DOGAN, KYLAH",NULL,2026-06-17 01:10:13.000,2026-06-17 02:52:55.000,2026-06-17 01:10:36.000,23,21,2,2026-06-17 05:28:28.883,15472,15472,0,2026-06-17 01:11:18.000,65,63,2,2026-06-17 05:28:28.883,15495,15495,0,2026-06-17 05:28:28.883,0,-9999,9999,NULL,NULL,-9999,NULL,2026-06-17 05:28:37.673,2026-06-17 05:28:37.673,0,NULL,2026-06-17 05:28:37.700,15504,15504,0,RE-Report
26-048755,2026-06-17 01:10:39.000,25,WED,17,1,C,NIGHT,MIDS,POLICE,DEST OF PROP PUB DELAY,4,Radio,"DOGAN, KYLAH",NULL,2026-06-17 01:10:37.000,2026-06-17 02:53:04.000,2026-06-17 01:10:57.000,20,18,2,2026-06-17 05:28:43.673,15466,15466,0,2026-06-17 01:11:15.000,38,36,2,2026-06-17 05:28:43.673,15486,15486,0,2026-06-17 05:28:43.673,0,-9999,9999,NULL,NULL,-9999,NULL,2026-06-17 05:28:51.183,2026-06-17 05:28:51.183,0,NULL,2026-06-17 05:28:51.200,15494,15494,0,RE-Report
26-048756,2026-06-17 01:25:57.000,25,WED,17,1,C,NIGHT,MIDS,POLICE,DOMESTIC VIOL NO INJ,2,E-911,"MACK, BRIANA","DOGAN, KYLAH",2026-06-17 01:25:57.000,2026-06-17 01:36:05.000,2026-06-17 01:28:21.000,144,144,0,2026-06-17 01:32:42.000,261,260,1,2026-06-17 01:32:17.000,380,380,0,2026-06-17 01:32:42.120,405,404,1,2026-06-17 01:32:42.120,0,0,0,2026-06-17 01:32:42.153,0,0,0,2026-06-17 01:55:23.310,2026-06-17 01:57:10.430,0,NULL,2026-06-17 01:57:10.473,1873,1873,0,NR-No Report
26-048757,2026-06-17 01:48:52.000,25,WED,17,1,C,NIGHT,MIDS,POLICE,SUSPICIOUS EVENT,2,E-911,"WALKER, LATITIA",NULL,2026-06-17 01:48:51.000,2026-06-17 16:33:39.000,2026-06-17 01:49:51.000,60,59,1,2026-06-17 01:54:56.113,305,305,0,2026-06-17 01:50:59.000,128,127,1,2026-06-17 01:55:00.847,365,365,0,2026-06-17 01:55:00.847,4,4,0,2026-06-17 01:57:42.030,162,161,1,2026-06-17 03:29:38.960,2026-06-17 07:39:34.743,1,2026-06-17 16:07:21.970,2026-06-17 23:34:58.367,21043,78367,-57324,RE-Report
26-048760,2026-06-17 02:37:27.000,25,WED,17,2,C,NIGHT,LATE,POLICE,ALARM RESIDENTIAL NIGHTIME,1,Text,"WILLIAMS, DARNELL","WALKER, LATITIA",2026-06-17 02:37:26.000,2026-06-17 02:37:52.000,2026-06-17 02:37:47.000,21,20,1,2026-06-17 02:38:12.360,25,25,0,2026-06-17 02:39:30.000,124,123,1,2026-06-17 02:38:12.427,46,46,0,2026-06-17 02:38:12.427,0,0,0,2026-06-17 02:41:29.523,197,197,0,2026-06-17 02:45:40.517,2026-06-17 02:55:53.197,0,NULL,2026-06-17 02:55:53.280,1107,1107,0,NR-No Report
26-048761,2026-06-17 02:52:09.000,25,WED,17,2,C,NIGHT,LATE,POLICE,DEST OF PROP PUB DELAY,4,Radio,"WALKER, LATITIA",NULL,2026-06-17 02:52:06.000,2026-06-17 02:52:47.000,2026-06-17 02:52:37.000,31,28,3,2026-06-17 05:28:57.423,9380,9380,0,2026-06-17 02:52:37.000,31,28,3,2026-06-17 05:28:57.423,9411,9411,0,2026-06-17 05:28:57.423,0,-9999,9999,NULL,NULL,-9999,NULL,2026-06-17 05:47:10.263,2026-06-17 05:47:10.263,0,NULL,2026-06-17 05:47:10.300,10504,10504,0,RE-Report
26-048764,2026-06-17 02:59:55.000,25,WED,17,2,C,NIGHT,LATE,POLICE,DEST OF PROP PUB DELAY,4,Radio,"WALKER, LATITIA",NULL,2026-06-17 02:59:53.000,2026-06-17 03:59:06.000,2026-06-17 03:00:12.000,19,17,2,2026-06-17 05:47:15.487,10023,10023,0,2026-06-17 03:00:19.000,26,24,2,2026-06-17 05:47:15.487,10042,10042,0,2026-06-17 05:47:15.487,0,-9999,9999,NULL,NULL,-9999,NULL,2026-06-17 06:17:27.710,2026-06-17 06:17:27.710,0,NULL,2026-06-17 06:17:27.720,11854,11854,0,RE-Report
26-014979,2026-06-17 03:06:36.000,25,WED,17,3,C,NIGHT,LATE,EMS,TROUBLE BREATHING ALS 1,1,E-911,"MACK, BRIANA",Automatic Dispatch,2026-06-17 03:06:35.000,NULL,2026-06-17 03:07:27.000,52,51,1,2026-06-17 03:07:29.173,2,2,0,2026-06-17 03:10:04.000,209,208,1,2026-06-17 03:09:30.130,54,54,0,2026-06-17 03:09:30.130,121,120,1,2026-06-17 03:11:14.267,104,104,0,2026-06-17 03:15:11.837,2026-06-17 03:28:42.367,0,NULL,2026-06-17 03:28:42.473,1327,1327,0,UNDEFINED
26-014980,2026-06-17 03:11:13.000,25,WED,17,3,C,NIGHT,LATE,EMS,BLS EMERGENCY,3,E-911,"JACKSON, MALIKA",Automatic Dispatch,2026-06-17 03:11:13.000,2026-06-17 03:13:53.000,2026-06-17 03:12:22.000,69,69,0,2026-06-17 03:12:24.837,2,2,0,2026-06-17 03:12:37.000,84,84,0,2026-06-17 03:14:31.700,71,71,0,2026-06-17 03:14:31.700,127,126,1,2026-06-17 03:18:41.327,250,249,1,2026-06-17 03:52:52.313,2026-06-17 03:52:52.313,0,NULL,2026-06-17 03:52:52.370,2499,2499,0,UNDEFINED
26-014981,2026-06-17 03:57:54.000,25,WED,17,3,C,NIGHT,LATE,EMS,MEDICAL ALARM - BLS,3,Phone,"MACK, BRIANA",Automatic Dispatch,2026-06-17 03:57:53.000,2026-06-17 03:58:57.000,2026-06-17 03:58:19.000,26,25,1,2026-06-17 03:58:22.900,3,3,0,2026-06-17 04:00:59.000,186,185,1,2026-06-17 03:58:42.913,29,29,0,2026-06-17 03:58:42.913,20,20,0,2026-06-17 04:03:51.413,309,308,1,2026-06-17 04:13:21.660,2026-06-17 04:13:21.660,0,NULL,2026-06-17 04:13:21.703,928,928,0,UNDEFINED
26-048768,2026-06-17 04:06:11.000,25,WED,17,4,C,NIGHT,LATE,POLICE,BURGLARY COMMERCIAL IN PROG,1,Phone,"WALKER, LATITIA","DOGAN, KYLAH",2026-06-17 04:06:09.000,2026-06-17 04:12:30.000,2026-06-17 04:06:41.000,32,30,2,2026-06-17 04:12:37.903,356,356,0,2026-06-17 04:09:54.000,225,223,2,2026-06-17 04:12:44.820,388,388,0,2026-06-17 04:12:44.820,7,6,1,2026-06-17 04:17:03.910,259,259,0,2026-06-17 06:04:09.550,2026-06-17 15:54:15.747,0,NULL,2026-06-17 15:54:15.767,42486,42486,0,RE-Report
26-048769,2026-06-17 04:21:08.000,25,WED,17,4,C,NIGHT,LATE,POLICE,PROTECTIVE ORDER ISSUED,4,Phone,"DOGAN, KYLAH",NULL,2026-06-17 04:21:07.000,NULL,2026-06-17 04:21:27.000,20,19,1,2026-06-17 04:25:00.460,213,213,0,2026-06-17 04:21:31.000,24,23,1,2026-06-17 04:25:00.460,233,233,0,2026-06-17 04:25:00.460,0,-9999,9999,2026-06-17 04:55:38.827,1838,1838,0,2026-06-17 05:19:50.337,2026-06-17 05:38:12.257,0,NULL,2026-06-17 05:38:12.307,4625,4625,0,NR-No Report
26-048770,2026-06-17 04:22:54.000,25,WED,17,4,C,NIGHT,LATE,POLICE,ON VIEW,2,Radio,"DOGAN, KYLAH",NULL,2026-06-17 04:22:54.000,2026-06-17 04:24:10.000,2026-06-17 04:22:54.000,0,0,0,2026-06-17 04:22:54.000,0,0,0,2026-06-17 04:22:54.000,0,0,0,2026-06-17 04:23:01.083,0,0,0,2026-06-17 04:22:54.000,0,0,0,2026-06-17 04:22:54.000,0,0,0,2026-06-17 04:38:37.060,2026-06-17 04:48:02.310,0,NULL,2026-06-17 04:48:02.350,1508,1508,0,NR-No Report
26-048771,2026-06-17 04:33:27.000,25,WED,17,4,C,NIGHT,LATE,POLICE,DISORDERLY CONDUCT,2,Phone,"WALKER, LATITIA","DOGAN, KYLAH",2026-06-17 04:33:26.000,2026-06-17 04:35:09.000,2026-06-17 04:34:09.000,43,42,1,2026-06-17 05:02:15.423,1686,1686,0,2026-06-17 04:35:02.000,96,95,1,2026-06-17 05:02:15.497,1729,1729,0,2026-06-17 05:02:15.497,0,0,0,2026-06-17 05:02:17.983,2,2,0,2026-06-17 05:16:38.290,2026-06-17 05:16:38.290,0,NULL,2026-06-17 05:16:38.353,2592,2592,0,NR-No Report
26-048773,2026-06-17 05:12:42.000,25,WED,17,5,C,NIGHT,LATE,POLICE,ASSIST OUTSIDE AGENCY,3,VCIN,"WILLIAMS, DARNELL",NULL,2026-06-17 05:12:40.000,2026-06-17 05:19:13.000,2026-06-17 05:15:37.000,177,175,2,2026-06-17 10:25:54.427,18617,18617,0,2026-06-17 05:15:58.000,198,196,2,2026-06-17 10:25:54.427,18794,18794,0,2026-06-17 10:25:54.427,0,-9999,9999,2026-06-17 10:25:56.893,2,2,0,2026-06-17 11:31:30.893,2026-06-17 12:47:18.063,0,NULL,2026-06-17 12:47:18.343,27278,27278,0,NR-No Report
26-048780,2026-06-17 05:56:57.000,25,WED,17,5,C,NIGHT,LATE,POLICE,ALARM RESIDENTIAL,2,Phone,"JACKSON, MALIKA","GRAVES, CHRISTINA",2026-06-17 05:56:56.000,2026-06-17 05:57:51.000,2026-06-17 05:57:40.000,44,43,1,2026-06-17 05:58:12.620,32,32,0,2026-06-17 05:58:42.000,106,105,1,2026-06-17 05:58:17.120,76,76,0,2026-06-17 05:58:17.120,5,4,1,2026-06-17 05:58:17.120,0,0,0,2026-06-17 06:13:41.790,2026-06-17 06:27:47.433,0,NULL,2026-06-17 06:27:47.473,1851,1851,0,NR-No Report
26-048781,2026-06-17 06:11:53.000,25,WED,17,6,A,DAY,EARLY,POLICE,ASSIST CITIZEN PROMPT,3,E-911,"JONES, DAESHA",NULL,2026-06-17 06:11:53.000,2026-06-17 06:14:02.000,2026-06-17 06:13:42.000,109,109,0,2026-06-17 06:33:16.980,1174,1174,0,2026-06-17 06:14:24.000,151,151,0,2026-06-17 06:33:16.980,1283,1283,0,2026-06-17 06:33:16.980,0,-9999,9999,NULL,NULL,-9999,NULL,2026-06-17 06:52:35.577,2026-06-17 06:52:41.763,0,NULL,2026-06-17 06:52:41.800,2448,2448,0,NR-No Report
26-048782,2026-06-17 06:15:21.000,25,WED,17,6,A,DAY,EARLY,POLICE,PARKING COMPLAINT,4,Phone,"GOODWIN, SHEENA",NULL,2026-06-17 06:15:20.000,NULL,2026-06-17 06:15:40.000,20,19,1,2026-06-17 06:18:55.893,195,195,0,2026-06-17 06:16:51.000,91,90,1,2026-06-17 06:18:55.893,215,215,0,2026-06-17 06:18:55.893,0,-9999,9999,2026-06-17 06:28:44.567,589,588,1,2026-06-17 07:05:38.190,2026-06-17 07:05:38.190,0,NULL,2026-06-17 07:05:38.230,3018,3018,0,NR-No Report
26-048783,2026-06-17 06:23:05.000,25,WED,17,6,A,DAY,EARLY,POLICE,WARRANT SERVICE,2,Phone,"JONES, DAESHA","DEWBERRY, RE'KEYA",2026-06-17 06:23:02.000,2026-06-17 06:28:05.000,2026-06-17 06:23:59.000,57,54,3,2026-06-17 07:02:01.360,2282,2282,0,2026-06-17 06:25:15.000,133,130,3,2026-06-17 07:02:07.457,2339,2339,0,2026-06-17 07:02:07.457,6,6,0,2026-06-17 07:11:33.033,566,565,1,2026-06-17 07:55:36.073,2026-06-17 09:57:49.933,0,NULL,2026-06-17 09:57:49.980,12887,12887,0,RE-Report
26-048784,2026-06-17 06:24:43.000,25,WED,17,6,A,DAY,EARLY,POLICE,ALARM COMMERCIAL,1,Phone,"GOODWIN, SHEENA","DEWBERRY, RE'KEYA",2026-06-17 06:24:40.000,2026-06-17 06:26:32.000,2026-06-17 06:25:32.000,52,49,3,2026-06-17 06:26:42.377,70,70,0,2026-06-17 06:27:40.000,180,177,3,2026-06-17 06:26:45.500,122,122,0,2026-06-17 06:26:45.500,3,3,0,2026-06-17 06:29:38.410,173,172,1,2026-06-17 06:36:27.757,2026-06-17 07:16:39.493,0,NULL,2026-06-17 07:16:39.577,3119,3119,0,FALSE-False Alarm
26-048785,2026-06-17 06:26:28.000,25,WED,17,6,A,DAY,EARLY,POLICE,PARKING COMPLAINT,4,Phone,"FOSTER, KANESHA",NULL,2026-06-17 06:26:27.000,NULL,2026-06-17 06:27:30.000,63,62,1,2026-06-17 06:28:46.683,76,76,0,2026-06-17 06:27:38.000,71,70,1,2026-06-17 06:28:46.683,139,139,0,2026-06-17 06:28:46.683,0,0,0,2026-06-17 06:33:22.880,276,276,0,2026-06-17 06:41:41.590,2026-06-17 06:41:41.590,0,NULL,2026-06-17 06:41:42.037,914,914,0,CI-Citation
26-048787,2026-06-17 06:30:58.000,25,WED,17,6,A,DAY,EARLY,POLICE,TRAFFIC STOP,2,OFFICER,"YOUNG, JAMES K",NULL,2026-06-17 06:30:58.000,2026-06-17 06:31:06.000,2026-06-17 06:30:58.000,0,0,0,2026-06-17 06:30:58.000,0,0,0,2026-06-17 06:30:58.000,0,NULL,0,2026-06-17 06:30:58.000,0,0,0,2026-06-17 06:30:58.000,0,0,0,2026-06-17 06:30:58.000,0,0,0,2026-06-17 06:37:29.540,2026-06-17 06:37:29.540,0,NULL,2026-06-17 06:37:29.580,391,391,0,CI-Citation
26-014983,2026-06-17 06:43:41.000,25,WED,17,6,A,DAY,EARLY,EMS,ALTERED LOC ALS 1,1,E-911,"JONES, DAESHA",Automatic Dispatch,2026-06-17 06:43:41.000,2026-06-17 06:44:43.000,2026-06-17 06:44:34.000,53,53,0,2026-06-17 06:44:37.950,3,3,0,2026-06-17 06:47:38.000,237,237,0,2026-06-17 06:45:28.990,56,56,0,2026-06-17 06:45:28.990,51,51,0,2026-06-17 06:51:10.317,342,341,1,2026-06-17 07:25:22.993,2026-06-17 08:23:32.510,0,NULL,2026-06-17 08:23:32.560,5991,5991,0,UNDEFINED
26-048788,2026-06-17 06:45:46.000,25,WED,17,6,A,DAY,EARLY,POLICE,TRAFFIC STOP,2,OFFICER,"YOUNG, JAMES K","DEWBERRY, RE'KEYA",2026-06-17 06:45:46.000,2026-06-17 06:45:54.000,2026-06-17 06:45:46.000,0,1,-1,2026-06-17 06:45:46.000,0,0,0,2026-06-17 06:45:46.000,0,NULL,0,2026-06-17 06:45:46.000,0,0,0,2026-06-17 06:45:46.000,0,0,0,2026-06-17 06:45:46.000,0,0,0,2026-06-17 07:27:10.110,2026-06-17 07:32:25.653,0,NULL,2026-06-17 07:32:25.670,2799,2799,0,CI-Citation
26-048789,2026-06-17 06:50:59.000,25,WED,17,6,A,DAY,EARLY,POLICE,POLICE INFORMATION,4,Phone,"GOODWIN, SHEENA","GOODWIN, SHEENA",2026-06-17 06:50:57.000,2026-06-17 06:51:47.277,2026-06-17 06:51:27.000,30,28,2,2026-06-17 06:51:47.187,20,20,0,2026-06-17 06:51:56.000,59,57,2,2026-06-17 06:52:00.990,50,50,0,2026-06-17 06:52:00.990,13,13,0,2026-06-17 06:52:00.990,0,0,0,2026-06-17 07:58:30.470,2026-06-17 07:58:30.470,0,NULL,2026-06-17 07:58:30.483,4053,4053,0,RE-Report
26-048790,2026-06-17 07:00:26.000,25,WED,17,7,A,DAY,EARLY,POLICE,MVC PROPERTY DAMAGE,2,E-911,"GOODWIN, SHEENA","DEWBERRY, RE'KEYA",2026-06-17 07:00:26.000,2026-06-17 07:02:48.000,2026-06-17 07:02:32.000,126,126,0,2026-06-17 07:03:00.977,28,28,0,2026-06-17 07:05:18.000,292,292,0,2026-06-17 07:03:05.960,154,154,0,2026-06-17 07:03:05.960,5,4,1,2026-06-17 07:17:21.247,856,855,1,2026-06-17 07:03:06.310,2026-06-17 08:01:32.310,0,NULL,2026-06-17 08:01:32.360,3666,3666,0,NR-No Report
26-014984,2026-06-17 07:14:40.000,25,WED,17,7,A,DAY,EARLY,FIRE,ELEVATOR,3,E-911,"JONES, DAESHA",Automatic Dispatch,2026-06-17 07:14:40.000,2026-06-17 07:15:18.000,2026-06-17 07:15:04.000,24,24,0,2026-06-17 07:15:05.450,1,1,0,2026-06-17 07:16:07.000,87,87,0,NULL,25,25,0,NULL,NULL,-9999,NULL,NULL,NULL,-9999,NULL,2026-06-17 07:16:08.780,2026-06-17 07:16:08.780,0,NULL,2026-06-17 07:16:08.877,88,88,0,UNDEFINED
26-048793,2026-06-17 07:17:07.000,25,WED,17,7,A,DAY,EARLY,POLICE,DISORDERLY CONDUCT,2,E-911,"JONES, DAESHA","DEWBERRY, RE'KEYA",2026-06-17 07:17:07.000,2026-06-17 07:18:16.000,2026-06-17 07:18:13.000,66,66,0,2026-06-17 07:22:24.230,251,251,0,2026-06-17 07:18:13.000,66,NULL,66,2026-06-17 07:22:31.140,317,317,0,2026-06-17 07:22:31.140,7,6,1,NULL,NULL,-9999,NULL,2026-06-17 07:23:23.683,2026-06-17 07:23:26.760,0,NULL,2026-06-17 07:23:26.820,379,379,0,CN-Cancellation
26-014985,2026-06-17 07:20:04.000,25,WED,17,7,A,DAY,EARLY,FIRE,ELEVATOR,3,E-911,"FOSTER, KANESHA",Automatic Dispatch,2026-06-17 07:20:03.000,2026-06-17 07:20:57.000,2026-06-17 07:20:46.000,43,42,1,2026-06-17 07:20:47.850,1,1,0,2026-06-17 07:21:34.000,91,90,1,2026-06-17 07:22:40.453,44,44,0,2026-06-17 07:22:40.453,113,112,1,2026-06-17 07:31:10.067,510,509,1,2026-06-17 07:51:38.180,2026-06-17 07:51:38.180,0,NULL,2026-06-17 07:51:38.320,1895,1895,0,UNDEFINED
26-014986,2026-06-17 07:33:57.000,25,WED,17,7,A,DAY,EARLY,FIRE,FIRE ALARM,3,Flag Down,"GOODWIN, SHEENA",Automatic Dispatch,2026-06-17 07:33:56.000,2026-06-17 07:35:37.000,2026-06-17 07:34:40.000,44,43,1,2026-06-17 07:34:42.553,2,2,0,2026-06-17 07:36:12.000,136,135,1,2026-06-17 07:35:57.343,46,46,0,2026-06-17 07:35:57.343,75,74,1,2026-06-17 07:41:02.917,305,305,0,2026-06-17 07:51:35.653,2026-06-17 07:51:35.653,0,NULL,2026-06-17 07:51:35.757,1059,1059,0,UNDEFINED
26-048796,2026-06-17 07:36:05.000,25,WED,17,7,A,DAY,EARLY,POLICE,PARKING COMPLAINT,3,Phone,"VALENTIN, EMERITA",NULL,2026-06-17 07:36:02.000,NULL,2026-06-17 07:36:48.000,46,43,3,2026-06-17 08:12:35.097,2147,2147,0,2026-06-17 07:58:53.000,1371,1368,3,2026-06-17 08:12:35.097,2193,2193,0,2026-06-17 08:12:35.097,0,-9999,9999,2026-06-17 08:22:26.767,591,591,0,2026-06-17 08:31:47.570,2026-06-17 08:31:47.570,0,NULL,2026-06-17 08:31:47.637,3345,3345,0,NR-No Report
26-048797,2026-06-17 07:41:44.000,25,WED,17,7,A,DAY,EARLY,POLICE,TRAFFIC STOP,2,OFFICER,"YOUNG, JAMES K",NULL,2026-06-17 07:41:44.000,2026-06-17 07:41:56.000,2026-06-17 07:41:44.000,0,1,-1,2026-06-17 07:41:44.000,0,0,0,2026-06-17 07:41:44.000,0,NULL,0,2026-06-17 07:41:44.000,0,0,0,2026-06-17 07:41:44.000,0,0,0,2026-06-17 07:41:44.000,0,0,0,2026-06-17 07:49:59.690,2026-06-17 07:49:59.690,0,NULL,2026-06-17 07:49:59.707,495,495,0,CI-Citation
26-048798,2026-06-17 07:50:40.000,25,WED,17,7,A,DAY,EARLY,POLICE,TRAFFIC STOP,2,OFFICER,"LEACH, JOSHUA C",NULL,2026-06-17 07:50:40.000,2026-06-17 07:50:56.000,2026-06-17 07:50:40.000,0,1,-1,2026-06-17 07:50:40.000,0,0,0,2026-06-17 07:50:40.000,0,NULL,0,2026-06-17 07:50:40.000,0,0,0,2026-06-17 07:50:40.000,0,0,0,2026-06-17 07:50:40.000,0,0,0,2026-06-17 07:55:27.527,2026-06-17 07:55:27.527,0,NULL,2026-06-17 07:55:27.580,287,287,0,CI-Citation
26-048799,2026-06-17 07:57:13.000,25,WED,17,7,A,DAY,EARLY,POLICE,TRAFFIC STOP,2,OFFICER,"YOUNG, JAMES K",NULL,2026-06-17 07:57:13.000,2026-06-17 07:57:24.000,2026-06-17 07:57:13.000,0,1,-1,2026-06-17 07:57:13.000,0,0,0,2026-06-17 07:57:13.000,0,NULL,0,2026-06-17 07:57:13.000,0,0,0,2026-06-17 07:57:13.000,0,0,0,2026-06-17 07:57:13.000,0,0,0,2026-06-17 08:06:12.680,2026-06-17 08:06:12.680,0,NULL,2026-06-17 08:06:12.690,539,539,0,CI-Citation
26-048800,2026-06-17 07:59:04.000,25,WED,17,7,A,DAY,EARLY,POLICE,TRAFFIC STOP,2,OFFICER,"FELIX, BRUCE",NULL,2026-06-17 07:59:04.000,NULL,2026-06-17 07:59:04.000,0,1,-1,2026-06-17 07:59:04.000,0,0,0,2026-06-17 07:59:04.000,0,NULL,0,2026-06-17 07:59:04.000,0,0,0,2026-06-17 07:59:04.000,0,0,0,2026-06-17 07:59:04.000,0,0,0,2026-06-17 08:15:09.633,2026-06-17 08:15:09.633,0,NULL,2026-06-17 08:15:09.647,965,965,0,NR-No Report
26-048801,2026-06-17 08:00:00.000,25,WED,17,8,A,DAY,EARLY,POLICE,MVC INJURY PED STRUCK,1,E-911,"JONES, DAESHA",NULL,2026-06-17 08:00:00.000,2026-06-17 08:00:44.000,2026-06-17 08:00:41.000,41,41,0,2026-06-17 08:00:58.953,17,17,0,2026-06-17 08:04:16.000,256,256,0,2026-06-17 08:01:19.030,58,58,0,2026-06-17 08:01:19.030,21,4,17,2026-06-17 08:03:59.453,160,160,0,2026-06-17 08:01:59.123,2026-06-17 11:05:29.707,0,NULL,2026-06-17 11:05:29.730,11129,11129,0,CI-Citation
26-014987,2026-06-17 08:00:41.000,25,WED,17,8,A,DAY,EARLY,EMS,PEDESTRIAN STRUCK ALS 1 - SUPV,1,E-911,"JONES, DAESHA",Automatic Dispatch,2026-06-17 08:00:41.000,2026-06-17 08:00:58.000,2026-06-17 08:00:41.000,0,NULL,0,2026-06-17 08:00:43.817,2,2,0,2026-06-17 08:00:41.000,0,0,0,2026-06-17 08:00:56.407,2,2,0,2026-06-17 08:00:56.407,13,12,1,2026-06-17 08:04:41.993,225,225,0,2026-06-17 08:26:32.703,2026-06-17 08:54:18.433,0,NULL,2026-06-17 08:54:18.520,3217,3217,0,UNDEFINED
26-048803,2026-06-17 08:04:19.000,25,WED,17,8,A,DAY,EARLY,POLICE,POLICE INFORMATION,4,Phone,"PICKERAL, LAUREN","WELLS, TENESIA",2026-06-17 08:04:17.000,2026-06-17 09:07:50.000,2026-06-17 08:05:30.000,73,71,2,2026-06-17 09:20:27.260,4497,4497,0,2026-06-17 08:05:43.000,86,84,2,2026-06-17 09:20:36.323,4570,4570,0,2026-06-17 09:20:36.323,9,9,0,2026-06-17 09:47:01.163,1585,1584,1,2026-06-17 10:55:20.390,2026-06-17 10:55:20.390,0,NULL,2026-06-17 10:55:20.463,10263,10263,0,RE-Report
26-014989,2026-06-17 08:04:37.000,25,WED,17,8,A,DAY,EARLY,EMS,UNKNOWN MEDICAL ALS 1,1,E-911,"GOODWIN, SHEENA",Automatic Dispatch,2026-06-17 08:04:37.000,2026-06-17 08:08:50.000,2026-06-17 08:06:36.000,119,119,0,2026-06-17 08:06:38.197,2,2,0,2026-06-17 08:10:18.000,341,341,0,2026-06-17 08:07:24.770,121,121,0,2026-06-17 08:07:24.770,46,46,0,2026-06-17 08:10:12.757,168,167,1,2026-06-17 08:21:30.047,2026-06-17 08:49:10.280,0,NULL,2026-06-17 08:49:10.367,2673,2673,0,UNDEFINED
26-048802,2026-06-17 08:05:17.000,25,WED,17,8,A,DAY,EARLY,POLICE,TRAFFIC STOP,2,OFFICER,"LEACH, JOSHUA C",NULL,2026-06-17 08:05:17.000,NULL,2026-06-17 08:05:17.000,0,1,-1,2026-06-17 08:05:17.000,0,0,0,2026-06-17 08:05:17.000,0,NULL,0,2026-06-17 08:05:17.000,0,0,0,2026-06-17 08:05:17.000,0,0,0,2026-06-17 08:05:17.000,0,0,0,2026-06-17 08:08:53.933,2026-06-17 08:08:53.933,0,NULL,2026-06-17 08:08:53.977,216,216,0,CI-Citation
26-048804,2026-06-17 08:09:24.000,25,WED,17,8,A,DAY,EARLY,POLICE,TRAFFIC STOP,2,OFFICER,"LEACH, JOSHUA C",NULL,2026-06-17 08:09:24.000,NULL,2026-06-17 08:09:24.000,0,1,-1,2026-06-17 08:09:24.000,0,0,0,2026-06-17 08:09:24.000,0,NULL,0,2026-06-17 08:09:24.000,0,0,0,2026-06-17 08:09:24.000,0,0,0,2026-06-17 08:09:24.000,0,0,0,2026-06-17 08:13:46.537,2026-06-17 08:13:46.537,0,NULL,2026-06-17 08:13:46.607,262,262,0,CI-Citation
26-048805,2026-06-17 08:09:31.000,25,WED,17,8,A,DAY,EARLY,POLICE,DISORDERLY CONDUCT,2,Phone,"JONES, DAESHA","FOSTER, KANESHA",2026-06-17 08:09:29.000,2026-06-17 08:10:29.000,2026-06-17 08:10:03.000,34,32,2,2026-06-17 08:10:37.887,34,34,0,2026-06-17 08:13:07.000,218,216,2,2026-06-17 08:10:45.643,68,68,0,2026-06-17 08:10:45.643,8,7,1,2026-06-17 08:30:36.607,1191,1190,1,2026-06-17 08:11:36.430,2026-06-17 08:32:57.243,0,NULL,2026-06-17 08:32:57.873,1408,1408,0,NR-No Report
26-048806,2026-06-17 08:10:12.000,25,WED,17,8,A,DAY,EARLY,POLICE,DRUG COMPLAINT IN PROG,1,E-911,"GOODWIN, SHEENA",NULL,2026-06-17 08:10:12.000,2026-06-17 12:14:05.000,2026-06-17 08:11:12.000,60,60,0,2026-06-17 08:11:44.547,32,32,0,2026-06-17 08:21:13.000,661,661,0,2026-06-17 08:11:49.607,92,92,0,2026-06-17 08:11:49.607,5,5,0,2026-06-17 08:15:22.273,213,212,1,2026-06-17 08:14:45.477,2026-06-17 12:18:36.070,0,NULL,2026-06-17 12:18:36.117,14904,14904,0,RE-Report
26-048807,2026-06-17 08:11:34.000,25,WED,17,8,A,DAY,EARLY,POLICE,PARKING COMPLAINT,4,Phone,"PICKERAL, LAUREN",NULL,2026-06-17 08:11:32.000,NULL,2026-06-17 08:13:17.000,105,103,2,2026-06-17 08:32:00.643,1123,1123,0,2026-06-17 08:13:30.000,118,116,2,2026-06-17 08:32:00.643,1228,1228,0,2026-06-17 08:32:00.643,0,0,0,2026-06-17 08:41:16.447,556,555,1,2026-06-17 08:49:10.313,2026-06-17 08:49:10.313,0,NULL,2026-06-17 08:49:10.313,2258,2258,0,NR-No Report
26-048808,2026-06-17 08:13:57.000,25,WED,17,8,A,DAY,EARLY,POLICE,ASSIST CITIZEN DELAY,4,Phone,"PICKERAL, LAUREN","FOSTER, KANESHA",2026-06-17 08:13:55.000,2026-06-17 08:33:57.000,2026-06-17 08:16:21.000,146,144,2,2026-06-17 08:35:09.570,1128,1128,0,2026-06-17 08:17:28.000,213,211,2,2026-06-17 08:35:15.313,1274,1274,0,2026-06-17 08:35:15.313,6,5,1,2026-06-17 08:40:04.647,289,289,0,2026-06-17 09:13:28.177,2026-06-17 09:17:00.520,0,NULL,2026-06-17 09:17:00.567,3785,3785,0,NR-No Report
26-048811,2026-06-17 08:19:21.000,25,WED,17,8,A,DAY,EARLY,POLICE,LARCENY OTHER DELAY,4,Phone,"PICKERAL, LAUREN",NULL,2026-06-17 08:19:19.000,2026-06-17 08:33:10.000,2026-06-17 08:21:08.000,109,107,2,2026-06-17 10:30:44.113,7776,7776,0,2026-06-17 08:22:12.000,173,171,2,2026-06-17 10:30:54.277,7885,7885,0,2026-06-17 10:30:54.277,10,10,0,2026-06-17 10:59:52.113,1738,1737,1,2026-06-17 16:20:21.203,2026-06-17 16:20:21.203,0,NULL,2026-06-17 16:20:21.313,28862,28862,0,RE-Report
26-048812,2026-06-17 08:19:52.000,25,WED,17,8,A,DAY,EARLY,POLICE,TROUBLE UNKNOWN EMS,1,Text,"JONES, DAESHA",NULL,2026-06-17 08:19:50.000,2026-06-17 08:22:32.000,2026-06-17 08:21:26.000,96,94,2,2026-06-17 08:22:47.727,81,81,0,2026-06-17 08:31:32.000,702,700,2,2026-06-17 08:22:56.103,177,177,0,2026-06-17 08:22:56.103,9,8,1,2026-06-17 08:26:53.980,237,237,0,2026-06-17 08:48:09.480,2026-06-17 09:00:43.227,0,NULL,2026-06-17 09:00:43.370,2453,2453,0,NR-No Report
26-014990,2026-06-17 08:20:27.000,25,WED,17,8,A,DAY,EARLY,FIRE,FIRE ALARM,3,Phone,"DEWBERRY, RE'KEYA",Automatic Dispatch,2026-06-17 08:20:25.000,2026-06-17 08:22:04.000,2026-06-17 08:20:47.000,22,20,2,2026-06-17 08:20:48.900,1,1,0,2026-06-17 08:22:10.000,105,103,2,2026-06-17 08:22:03.307,23,23,0,2026-06-17 08:22:03.307,75,74,1,2026-06-17 08:27:37.817,334,334,0,2026-06-17 08:38:54.113,2026-06-17 08:38:54.113,0,NULL,2026-06-17 08:38:54.340,1109,1109,0,UNDEFINED
26-014992,2026-06-17 08:20:42.000,25,WED,17,8,A,DAY,EARLY,EMS,HEART PROBLEMS ALS 1,1,E-911,"GOODWIN, SHEENA",Automatic Dispatch,2026-06-17 08:20:42.000,2026-06-17 08:22:48.000,2026-06-17 08:21:37.000,55,55,0,2026-06-17 08:21:38.893,1,1,0,2026-06-17 08:24:24.000,222,222,0,2026-06-17 08:22:06.157,56,56,0,2026-06-17 08:22:06.157,28,27,1,2026-06-17 08:25:40.447,214,214,0,2026-06-17 08:23:16.740,2026-06-17 11:16:16.073,0,NULL,2026-06-17 11:16:16.120,10534,10534,0,CAD2CAD
26-014991,2026-06-17 08:21:26.000,25,WED,17,8,A,DAY,EARLY,EMS,UNKNOWN MEDICAL ALS 1,1,NOT CAPTURED,"JONES, DAESHA",Automatic Dispatch,2026-06-17 08:21:26.000,2026-06-17 08:24:04.000,2026-06-17 08:21:26.000,0,NULL,0,2026-06-17 08:21:28.703,2,2,0,2026-06-17 08:21:26.000,0,0,0,2026-06-17 08:22:47.913,2,2,0,2026-06-17 08:22:47.913,79,79,0,2026-06-17 08:29:12.390,385,384,1,2026-06-17 08:31:30.790,2026-06-17 08:32:04.210,0,NULL,2026-06-17 08:32:04.240,638,638,0,CAD2CAD
26-048813,2026-06-17 08:22:17.000,25,WED,17,8,A,DAY,EARLY,POLICE,TRAFFIC STOP,2,OFFICER,"YOUNG, JAMES K",NULL,2026-06-17 08:22:17.000,NULL,2026-06-17 08:22:17.000,0,1,-1,2026-06-17 08:22:17.000,0,0,0,2026-06-17 08:22:17.000,0,NULL,0,2026-06-17 08:22:17.000,0,0,0,2026-06-17 08:22:17.000,0,0,0,2026-06-17 08:22:17.000,0,0,0,2026-06-17 08:31:10.867,2026-06-17 08:31:10.867,0,NULL,2026-06-17 08:31:10.873,533,533,0,CI-Citation
26-014993,2026-06-17 08:22:20.077,25,WED,17,8,A,DAY,EARLY,EMS,BLS EMERGENCY,3,NOT CAPTURED,"FOSTER, KANESHA",Automatic Dispatch,2026-06-17 08:22:20.077,2026-06-17 08:25:17.000,2026-06-17 08:22:20.077,0,1,-1,2026-06-17 08:22:22.430,2,2,0,2026-06-17 08:22:20.077,0,NULL,0,2026-06-17 08:24:17.093,2,2,0,2026-06-17 08:24:17.093,115,114,1,2026-06-17 08:30:00.073,343,342,1,2026-06-17 09:45:29.043,2026-06-17 09:45:29.043,0,NULL,2026-06-17 09:45:29.150,4989,4988,1,UNDEFINED
26-048814,2026-06-17 08:24:55.000,25,WED,17,8,A,DAY,EARLY,POLICE,TROUBLE UNKNOWN EMS,2,E-911,"DEWBERRY, RE'KEYA",NULL,2026-06-17 08:24:55.000,2026-06-17 08:26:41.000,2026-06-17 08:25:18.000,23,23,0,2026-06-17 08:27:28.797,130,130,0,2026-06-17 08:28:16.000,201,201,0,2026-06-17 08:27:28.863,153,153,0,2026-06-17 08:27:28.863,0,0,0,2026-06-17 08:39:54.303,746,745,1,2026-06-17 08:47:55.803,2026-06-17 10:23:37.620,0,NULL,2026-06-17 10:23:37.667,7122,7122,0,NR-No Report
26-014994,2026-06-17 08:25:19.000,25,WED,17,8,A,DAY,EARLY,EMS,UNKNOWN MEDICAL ALS 1,1,NOT CAPTURED,"DEWBERRY, RE'KEYA","ALLEN, TIANA",2026-06-17 08:25:19.000,2026-06-17 08:26:36.000,2026-06-17 08:25:19.000,0,NULL,0,2026-06-17 08:25:21.217,2,2,0,2026-06-17 08:25:19.000,0,0,0,2026-06-17 08:25:33.603,2,2,0,2026-06-17 08:25:33.603,12,12,0,2026-06-17 08:30:40.017,307,306,1,2026-06-17 09:00:05.110,2026-06-17 10:36:04.420,0,NULL,2026-06-17 10:36:04.607,7845,7845,0,UNDEFINED
26-048815,2026-06-17 08:26:24.000,25,WED,17,8,A,DAY,EARLY,POLICE,TRAFFIC STOP,2,OFFICER,"LEACH, JOSHUA C",NULL,2026-06-17 08:26:24.000,NULL,2026-06-17 08:26:24.000,0,1,-1,2026-06-17 08:26:24.000,0,0,0,2026-06-17 08:26:24.000,0,NULL,0,2026-06-17 08:26:24.000,0,0,0,2026-06-17 08:26:24.000,0,0,0,2026-06-17 08:26:24.000,0,0,0,2026-06-17 08:32:09.737,2026-06-17 08:32:09.737,0,NULL,2026-06-17 08:32:09.747,345,345,0,CI-Citation
26-014995,2026-06-17 08:32:19.000,25,WED,17,8,A,DAY,EARLY,EMS,BLS EMERGENCY,3,E-911,"DEWBERRY, RE'KEYA","ALLEN, TIANA",2026-06-17 08:32:19.000,2026-06-17 08:34:52.000,2026-06-17 08:33:00.000,41,41,0,2026-06-17 08:33:02.540,2,2,0,2026-06-17 08:34:54.000,155,155,0,2026-06-17 08:35:48.893,43,43,0,2026-06-17 08:35:48.893,166,166,0,2026-06-17 08:57:45.727,1317,1316,1,2026-06-17 08:36:33.917,2026-06-17 11:24:14.753,0,NULL,2026-06-17 11:24:14.793,10315,10315,0,UNDEFINED
26-014996,2026-06-17 08:33:39.000,25,WED,17,8,A,DAY,EARLY,EMS,TROUBLE BREATHING ALS 1,1,E-911,"JONES, DAESHA","ALLEN, TIANA",2026-06-17 08:33:39.000,2026-06-17 08:34:34.000,2026-06-17 08:34:16.000,37,37,0,2026-06-17 08:34:18.750,2,2,0,2026-06-17 08:37:02.000,203,203,0,2026-06-17 08:34:28.477,39,39,0,2026-06-17 08:34:28.477,10,9,1,2026-06-17 08:37:25.823,177,177,0,2026-06-17 08:47:45.827,2026-06-17 09:45:11.600,0,NULL,2026-06-17 09:45:11.713,4292,4292,0,UNDEFINED
26-048819,2026-06-17 08:35:50.000,25,WED,17,8,A,DAY,EARLY,POLICE,POLICE INFORMATION,2,E-911,"GOODWIN, SHEENA","FOSTER, KANESHA",2026-06-17 08:35:50.000,2026-06-17 08:38:47.000,2026-06-17 08:36:35.000,45,45,0,2026-06-17 08:41:23.250,288,288,0,2026-06-17 08:41:44.000,354,354,0,2026-06-17 08:41:28.807,333,333,0,2026-06-17 08:41:28.807,5,5,0,2026-06-17 08:57:58.747,990,989,1,2026-06-17 09:20:21.387,2026-06-17 14:09:39.613,0,NULL,2026-06-17 14:09:39.677,20029,20029,0,RE-Report
26-014997,2026-06-17 08:36:35.000,25,WED,17,8,A,DAY,EARLY,EMS,ASSAULT ALS 1,3,NOT CAPTURED,"GOODWIN, SHEENA",Automatic Dispatch,2026-06-17 08:36:35.000,2026-06-17 08:37:28.000,2026-06-17 08:36:35.000,0,NULL,0,2026-06-17 08:36:37.303,2,2,0,2026-06-17 08:36:35.000,0,0,0,2026-06-17 08:36:50.880,2,2,0,2026-06-17 08:36:50.880,13,13,0,2026-06-17 09:06:01.303,1751,1750,1,2026-06-17 09:14:04.163,2026-06-17 10:14:48.833,0,NULL,2026-06-17 10:14:48.947,5893,5893,0,UNDEFINED
26-014998,2026-06-17 08:37:00.000,25,WED,17,8,A,DAY,EARLY,EMS,CHEST PAIN ALS 1,1,E-911,"DEWBERRY, RE'KEYA",Automatic Dispatch,2026-06-17 08:37:00.000,2026-06-17 08:38:30.000,2026-06-17 08:37:31.000,31,31,0,2026-06-17 08:37:32.903,1,1,0,2026-06-17 08:40:48.000,228,228,0,2026-06-17 08:38:31.573,32,32,0,2026-06-17 08:38:31.573,59,58,1,2026-06-17 08:48:57.243,626,625,1,2026-06-17 08:38:51.430,2026-06-17 09:53:30.533,0,NULL,2026-06-17 09:53:30.567,4590,4590,0,CAD2CAD
26-048821,2026-06-17 08:40:39.000,25,WED,17,8,A,DAY,EARLY,POLICE,TRAFFIC STOP,2,OFFICER,"LEACH, JOSHUA C",NULL,2026-06-17 08:40:39.000,NULL,2026-06-17 08:40:39.000,0,1,-1,2026-06-17 08:40:39.000,0,0,0,2026-06-17 08:40:39.000,0,NULL,0,2026-06-17 08:40:39.000,0,0,0,2026-06-17 08:40:39.000,0,0,0,2026-06-17 08:40:39.000,0,0,0,2026-06-17 08:45:16.003,2026-06-17 08:45:16.003,0,NULL,2026-06-17 08:45:16.033,277,277,0,CI-Citation
26-014999,2026-06-17 08:45:27.000,25,WED,17,8,A,DAY,EARLY,EMS,FALL BLS,3,E-911,"JONES, DAESHA",Automatic Dispatch,2026-06-17 08:45:27.000,2026-06-17 08:46:35.000,2026-06-17 08:46:30.000,63,63,0,2026-06-17 08:46:32.047,2,2,0,2026-06-17 08:49:10.000,223,223,0,2026-06-17 08:48:10.907,65,65,0,2026-06-17 08:48:10.907,98,98,0,2026-06-17 08:57:58.067,588,587,1,2026-06-17 11:18:35.103,2026-06-17 11:18:35.103,0,NULL,2026-06-17 11:18:35.147,9188,9188,0,UNDEFINED
26-048825,2026-06-17 08:52:09.000,25,WED,17,8,A,DAY,EARLY,POLICE,PUBLIC SERVICE MULTI OFFICER,2,Phone,"JONES, DAESHA","FOSTER, KANESHA",2026-06-17 08:52:07.000,2026-06-17 08:53:24.000,2026-06-17 08:53:09.000,62,60,2,2026-06-17 08:55:46.243,157,157,0,2026-06-17 08:59:20.000,433,431,2,2026-06-17 08:55:46.307,219,219,0,2026-06-17 08:55:46.307,0,0,0,2026-06-17 09:01:38.293,352,351,1,2026-06-17 08:57:23.673,2026-06-17 09:27:38.407,0,NULL,2026-06-17 09:27:38.510,2131,2131,0,NR-No Report
26-048828,2026-06-17 08:52:46.000,25,WED,17,8,A,DAY,EARLY,POLICE,PROTECTIVE ORDER ISSUED,2,Phone,"VALENTIN, EMERITA",NULL,2026-06-17 08:52:44.000,2026-06-17 09:01:42.000,2026-06-17 08:55:54.000,190,188,2,2026-06-17 09:02:11.110,377,377,0,2026-06-17 09:39:15.000,2791,2789,2,2026-06-17 09:02:11.177,567,567,0,2026-06-17 09:02:11.177,0,0,0,2026-06-17 09:20:12.033,1081,1080,1,2026-06-17 10:12:18.793,2026-06-17 10:12:50.367,0,NULL,2026-06-17 10:12:50.440,4806,4806,0,NR-No Report
26-048829,2026-06-17 08:54:48.000,25,WED,17,8,A,DAY,EARLY,POLICE,ADMINISTRATIVE TASK,2,Phone,"PICKERAL, LAUREN","WELLS, TENESIA",2026-06-17 08:54:46.000,2026-06-17 09:07:44.000,2026-06-17 08:56:11.000,85,83,2,2026-06-17 09:38:25.403,2534,2534,0,2026-06-17 08:56:13.000,87,85,2,2026-06-17 09:38:25.453,2619,2619,0,2026-06-17 09:38:25.453,0,0,0,2026-06-17 09:38:25.473,0,0,0,2026-06-17 10:25:51.383,2026-06-17 10:25:51.383,0,NULL,2026-06-17 10:25:51.443,5465,5465,0,NR-No Report
26-048827,2026-06-17 08:55:05.000,25,WED,17,8,A,DAY,EARLY,POLICE,HAZARD,2,Phone,"DEWBERRY, RE'KEYA",NULL,2026-06-17 08:55:05.000,2026-06-17 08:56:28.000,2026-06-17 08:55:17.000,12,12,0,2026-06-17 08:57:51.887,154,154,0,2026-06-17 08:56:23.000,78,78,0,2026-06-17 08:57:51.887,166,166,0,2026-06-17 08:57:51.887,0,-9999,9999,2026-06-17 09:03:21.840,330,329,1,2026-06-17 09:18:47.360,2026-06-17 09:18:47.360,0,NULL,2026-06-17 09:18:47.400,1422,1422,0,NR-No Report
26-048830,2026-06-17 08:57:39.000,25,WED,17,8,A,DAY,EARLY,POLICE,OFF DUTY DETAIL,8,OFFICER,"SUAREZ, ANGGELO J",NULL,2026-06-17 08:57:39.000,NULL,2026-06-17 08:57:39.000,0,0,0,2026-06-17 08:57:39.000,0,0,0,2026-06-17 08:57:39.000,0,NULL,0,2026-06-17 08:57:39.000,0,0,0,2026-06-17 08:57:39.000,0,0,0,2026-06-17 08:57:39.000,0,0,0,2026-06-17 17:12:35.450,2026-06-17 17:12:35.450,0,NULL,2026-06-17 17:12:35.487,29696,29696,0,NR-No Report
26-048831,2026-06-17 09:01:27.000,25,WED,17,9,A,DAY,EARLY,POLICE,TRAFFIC STOP,2,Radio,"FOSTER, KANESHA","FOSTER, KANESHA",2026-06-17 09:01:27.000,2026-06-17 09:01:36.000,2026-06-17 09:01:27.000,0,0,0,2026-06-17 09:01:27.000,0,0,0,2026-06-17 09:01:27.000,0,0,0,2026-06-17 09:02:26.537,0,0,0,2026-06-17 09:01:27.000,0,0,0,2026-06-17 09:01:27.000,0,0,0,2026-06-17 09:15:37.350,2026-06-17 09:54:44.157,0,NULL,2026-06-17 09:54:44.187,3197,3197,0,CI-Citation
26-048833,2026-06-17 09:02:06.000,25,WED,17,9,A,DAY,EARLY,POLICE,SUICIDE IN PROG NO INJ,2,E-911,"GOODWIN, SHEENA","FOSTER, KANESHA",2026-06-17 09:02:06.000,2026-06-17 09:05:00.000,2026-06-17 09:04:53.000,167,167,0,2026-06-17 09:06:21.803,88,88,0,2026-06-17 09:16:07.000,841,841,0,2026-06-17 09:06:24.730,255,255,0,2026-06-17 09:06:24.730,3,2,1,2026-06-17 09:08:26.520,122,121,1,2026-06-17 10:09:00.460,2026-06-17 10:21:20.590,0,NULL,2026-06-17 10:21:20.680,4754,4754,0,NR-No Report
26-048834,2026-06-17 09:13:37.000,25,WED,17,9,A,DAY,EARLY,POLICE,PARKING COMPLAINT,3,Phone,"VALENTIN, EMERITA",NULL,2026-06-17 09:13:35.000,NULL,2026-06-17 09:14:05.000,30,28,2,2026-06-17 09:17:23.500,198,198,0,2026-06-17 09:18:34.000,299,297,2,2026-06-17 09:17:23.500,228,228,0,2026-06-17 09:17:23.500,0,0,0,2026-06-17 09:32:20.837,897,897,0,2026-06-17 09:38:50.457,2026-06-17 09:38:50.457,0,NULL,2026-06-17 09:38:51.610,1515,1515,0,NR-No Report
26-015002,2026-06-17 09:14:59.000,25,WED,17,9,A,DAY,EARLY,FIRE,ELEVATOR,3,Phone,"DEWBERRY, RE'KEYA",Automatic Dispatch,2026-06-17 09:14:57.000,2026-06-17 09:15:45.000,2026-06-17 09:15:18.000,21,19,2,2026-06-17 09:15:19.613,1,1,0,2026-06-17 09:17:23.000,146,144,2,2026-06-17 09:15:39.597,22,22,0,2026-06-17 09:15:39.597,20,19,1,2026-06-17 09:26:36.567,657,656,1,2026-06-17 09:48:10.533,2026-06-17 09:48:10.533,0,NULL,2026-06-17 09:48:10.600,1993,1993,0,UNDEFINED
26-048836,2026-06-17 09:16:26.000,25,WED,17,9,A,DAY,EARLY,POLICE,PROPERTY FOUND,4,Phone,"PICKERAL, LAUREN","FOSTER, KANESHA",2026-06-17 09:16:26.000,2026-06-17 09:34:45.000,2026-06-17 09:17:09.000,43,43,0,2026-06-17 12:10:12.193,10383,10383,0,2026-06-17 09:18:19.000,113,113,0,2026-06-17 12:10:15.753,10426,10426,0,2026-06-17 12:10:15.753,3,3,0,2026-06-17 12:28:05.857,1070,1070,0,2026-06-17 14:38:33.807,2026-06-17 14:38:33.807,0,NULL,2026-06-17 14:38:33.813,19327,19327,0,RE-Report
26-048835,2026-06-17 09:16:33.000,25,WED,17,9,A,DAY,EARLY,POLICE,TRAFFIC STOP,2,OFFICER,"LEACH, JOSHUA C",NULL,2026-06-17 09:16:33.000,NULL,2026-06-17 09:16:33.000,0,1,-1,2026-06-17 09:16:33.000,0,0,0,2026-06-17 09:16:33.000,0,NULL,0,2026-06-17 09:16:33.000,0,0,0,2026-06-17 09:16:33.000,0,0,0,2026-06-17 09:16:33.000,0,0,0,2026-06-17 09:20:32.983,2026-06-17 09:20:32.983,0,NULL,2026-06-17 09:20:32.987,239,239,0,CI-Citation
26-048837,2026-06-17 09:17:15.000,25,WED,17,9,A,DAY,EARLY,POLICE,TRAFFIC STOP,2,OFFICER,"FELIX, BRUCE",NULL,2026-06-17 09:17:15.000,2026-06-17 09:18:16.000,2026-06-17 09:17:15.000,0,1,-1,2026-06-17 09:17:15.000,0,0,0,2026-06-17 09:17:15.000,0,NULL,0,2026-06-17 09:17:15.000,0,0,0,2026-06-17 09:17:15.000,0,0,0,2026-06-17 09:17:15.000,0,0,0,2026-06-17 09:49:00.627,2026-06-17 09:49:00.627,0,NULL,2026-06-17 09:49:00.693,1905,1905,0,NR-No Report
26-048839,2026-06-17 09:25:59.000,25,WED,17,9,A,DAY,EARLY,POLICE,ANIMAL SICK-INJURED,2,Phone,"JONES, DAESHA","WELLS, TENESIA",2026-06-17 09:25:57.000,2026-06-17 09:28:08.000,2026-06-17 09:27:07.000,70,68,2,2026-06-17 09:27:55.830,48,48,0,2026-06-17 09:28:13.000,136,134,2,2026-06-17 09:27:55.903,118,118,0,2026-06-17 09:27:55.903,0,0,0,NULL,NULL,-9999,NULL,2026-06-17 09:29:05.657,2026-06-17 09:29:05.657,0,NULL,2026-06-17 09:29:05.707,188,188,0,ACOR-Animal Control Report
26-048840,2026-06-17 09:30:54.000,25,WED,17,9,A,DAY,EARLY,POLICE,TRAFFIC STOP,2,OFFICER,"LEACH, JOSHUA C",NULL,2026-06-17 09:30:54.000,NULL,2026-06-17 09:30:54.000,0,1,-1,2026-06-17 09:30:54.000,0,0,0,2026-06-17 09:30:54.000,0,NULL,0,2026-06-17 09:30:54.000,0,0,0,2026-06-17 09:30:54.000,0,0,0,2026-06-17 09:30:54.000,0,0,0,2026-06-17 09:35:54.423,2026-06-17 09:35:54.423,0,NULL,2026-06-17 09:35:54.473,300,300,0,CI-Citation
26-048842,2026-06-17 09:34:09.000,25,WED,17,9,A,DAY,EARLY,POLICE,SUSPICIOUS EVENT,2,Phone,"DEWBERRY, RE'KEYA","WELLS, TENESIA",2026-06-17 09:34:07.000,2026-06-17 09:34:49.000,2026-06-17 09:34:30.000,23,21,2,2026-06-17 09:41:26.580,416,416,0,2026-06-17 09:37:50.000,223,221,2,2026-06-17 09:41:32.363,439,439,0,2026-06-17 09:41:32.363,6,5,1,NULL,NULL,-9999,NULL,2026-06-17 10:07:30.293,2026-06-17 10:07:30.293,0,NULL,2026-06-17 10:07:30.360,2003,2003,0,NR-No Report
26-048843,2026-06-17 09:34:10.000,25,WED,17,9,A,DAY,EARLY,POLICE,GLA DELAY,4,Phone,"PICKERAL, LAUREN","WELLS, TENESIA",2026-06-17 09:34:08.000,2026-06-17 09:43:49.000,2026-06-17 09:34:49.000,41,39,2,2026-06-17 09:38:48.400,239,239,0,2026-06-17 10:00:30.000,1582,1580,2,2026-06-17 09:38:48.487,280,280,0,2026-06-17 09:38:48.487,0,0,0,NULL,NULL,-9999,NULL,2026-06-17 10:31:58.043,2026-06-17 10:31:58.043,0,NULL,2026-06-17 10:31:58.127,3470,3470,0,NR-No Report
26-048844,2026-06-17 09:35:56.000,25,WED,17,9,A,DAY,EARLY,POLICE,TRAFFIC STOP,2,OFFICER,"YOUNG, JAMES K",NULL,2026-06-17 09:35:56.000,2026-06-17 09:36:10.000,2026-06-17 09:35:56.000,0,1,-1,2026-06-17 09:35:56.000,0,0,0,2026-06-17 09:35:56.000,0,NULL,0,2026-06-17 09:35:56.000,0,0,0,2026-06-17 09:35:56.000,0,0,0,2026-06-17 09:35:56.000,0,0,0,2026-06-17 09:42:56.663,2026-06-17 09:42:56.663,0,NULL,2026-06-17 09:42:56.687,420,420,0,CI-Citation
26-048848,2026-06-17 09:40:24.000,25,WED,17,9,A,DAY,EARLY,POLICE,LARCENY OTHER DELAY,4,Phone,"VALENTIN, EMERITA","FOSTER, KANESHA",2026-06-17 09:40:22.000,2026-06-17 09:44:51.000,2026-06-17 09:43:03.000,161,159,2,2026-06-17 09:54:33.040,690,690,0,2026-06-17 09:43:05.000,163,161,2,2026-06-17 09:54:39.187,851,851,0,2026-06-17 09:54:39.187,6,6,0,2026-06-17 09:54:39.187,0,0,0,2026-06-17 10:10:02.620,2026-06-17 10:10:02.620,0,NULL,2026-06-17 10:10:02.703,1780,1780,0,NR-No Report
26-048849,2026-06-17 09:49:14.000,25,WED,17,9,A,DAY,EARLY,POLICE,HAZARD,2,E-911,"JONES, DAESHA","FOSTER, KANESHA",2026-06-17 09:49:14.000,2026-06-17 09:51:57.000,2026-06-17 09:51:40.000,146,146,0,2026-06-17 09:54:14.720,154,154,0,2026-06-17 09:55:15.000,361,361,0,2026-06-17 09:54:14.773,300,300,0,2026-06-17 09:54:14.773,0,0,0,2026-06-17 09:57:23.620,189,188,1,2026-06-17 10:08:49.710,2026-06-17 10:08:49.710,0,NULL,2026-06-17 10:08:49.907,1175,1175,0,NR-No Report
26-015003,2026-06-17 09:49:23.000,25,WED,17,9,A,DAY,EARLY,EMS,MEDICAL ALARM - BLS,3,Phone,"DEWBERRY, RE'KEYA",Automatic Dispatch,2026-06-17 09:49:21.000,2026-06-17 09:51:27.000,2026-06-17 09:49:59.000,38,36,2,2026-06-17 09:50:01.547,2,2,0,2026-06-17 09:51:18.000,117,115,2,2026-06-17 09:50:20.847,40,40,0,2026-06-17 09:50:20.847,19,19,0,2026-06-17 09:55:50.110,330,329,1,2026-06-17 10:00:52.283,2026-06-17 10:00:53.373,0,NULL,2026-06-17 10:00:53.407,692,692,0,UNDEFINED
26-048850,2026-06-17 09:54:11.000,25,WED,17,9,A,DAY,EARLY,POLICE,TRAFFIC STOP,2,OFFICER,"YOUNG, JAMES K",NULL,2026-06-17 09:54:11.000,NULL,2026-06-17 09:54:11.000,0,1,-1,2026-06-17 09:54:11.000,0,0,0,2026-06-17 09:54:11.000,0,NULL,0,2026-06-17 09:54:11.000,0,0,0,2026-06-17 09:54:11.000,0,0,0,2026-06-17 09:54:11.000,0,0,0,2026-06-17 10:01:06.563,2026-06-17 10:01:06.563,0,NULL,2026-06-17 10:01:06.587,415,415,0,CI-Citation
26-048851,2026-06-17 09:56:23.000,25,WED,17,9,A,DAY,EARLY,POLICE,PARKING COMPLAINT,4,Phone,"JONES, DAESHA",NULL,2026-06-17 09:56:21.000,2026-06-17 10:31:45.000,2026-06-17 09:57:05.000,44,42,2,2026-06-17 10:39:59.403,2574,2574,0,2026-06-17 09:58:50.000,149,147,2,2026-06-17 10:39:59.403,2618,2618,0,2026-06-17 10:39:59.403,0,-9999,9999,2026-06-17 10:49:38.993,579,579,0,2026-06-17 10:56:09.230,2026-06-17 10:56:09.230,0,NULL,2026-06-17 10:56:10.103,3588,3588,0,NR-No Report
26-048852,2026-06-17 09:57:44.000,25,WED,17,9,A,DAY,EARLY,POLICE,PARKING COMPLAINT,4,Phone,"JONES, DAESHA",NULL,2026-06-17 09:57:42.000,NULL,2026-06-17 09:58:30.000,48,46,2,2026-06-17 09:59:45.967,75,75,0,2026-06-17 09:58:47.000,65,63,2,2026-06-17 09:59:45.967,123,123,0,2026-06-17 09:59:45.967,0,-9999,9999,2026-06-17 09:59:53.593,8,7,1,2026-06-17 10:00:15.123,2026-06-17 10:00:15.123,0,NULL,2026-06-17 10:00:15.773,153,153,0,NR-No Report
26-048853,2026-06-17 09:59:49.000,25,WED,17,9,A,DAY,EARLY,POLICE,TRAFFIC STOP,2,OFFICER,"FELIX, BRUCE",NULL,2026-06-17 09:59:49.000,2026-06-17 10:00:01.000,2026-06-17 09:59:49.000,0,1,-1,2026-06-17 09:59:49.000,0,0,0,2026-06-17 09:59:49.000,0,NULL,0,2026-06-17 09:59:49.000,0,0,0,2026-06-17 09:59:49.000,0,0,0,2026-06-17 09:59:49.000,0,0,0,2026-06-17 10:14:37.017,2026-06-17 10:14:37.017,0,NULL,2026-06-17 10:14:37.120,888,888,0,NR-No Report
26-048855,2026-06-17 10:01:17.000,25,WED,17,10,A,DAY,MIDS,POLICE,MVC PROPERTY DAMAGE,2,E-911,"JONES, DAESHA","DEWBERRY, RE'KEYA",2026-06-17 10:01:17.000,2026-06-17 10:02:46.000,2026-06-17 10:02:40.000,83,83,0,2026-06-17 10:02:54.963,14,14,0,2026-06-17 10:09:44.000,507,507,0,2026-06-17 10:02:59.873,97,97,0,2026-06-17 10:02:59.873,5,4,1,2026-06-17 10:07:58.173,299,298,1,2026-06-17 13:50:07.170,2026-06-17 13:50:07.170,0,NULL,2026-06-17 13:50:07.227,13730,13730,0,NR-No Report
26-048854,2026-06-17 10:01:21.000,25,WED,17,10,A,DAY,MIDS,POLICE,TRAFFIC STOP,2,OFFICER,"TRAPERO, HUMBERTO A",NULL,2026-06-17 10:01:21.000,2026-06-17 10:01:29.000,2026-06-17 10:01:21.000,0,1,-1,2026-06-17 10:01:21.000,0,0,0,2026-06-17 10:01:21.000,0,NULL,0,2026-06-17 10:01:21.000,0,0,0,2026-06-17 10:01:21.000,0,0,0,2026-06-17 10:01:21.000,0,0,0,2026-06-17 10:06:48.530,2026-06-17 10:06:48.530,0,NULL,2026-06-17 10:06:48.567,327,327,0,CI-Citation
26-015004,2026-06-17 10:05:49.000,25,WED,17,10,A,DAY,MIDS,EMS,TRAUMATIC INJURIES ALS 1,1,E-911,"JONES, DAESHA","GOODWIN, SHEENA",2026-06-17 10:05:49.000,2026-06-17 10:06:27.000,2026-06-17 10:06:21.000,32,32,0,2026-06-17 10:06:23.050,2,2,0,2026-06-17 10:07:51.000,122,122,0,2026-06-17 10:07:12.303,34,34,0,2026-06-17 10:07:12.303,49,0,49,2026-06-17 10:10:56.427,224,224,0,2026-06-17 10:06:42.300,2026-06-17 11:43:14.210,0,NULL,2026-06-17 11:43:14.347,5845,5845,0,UNDEFINED
26-048857,2026-06-17 10:06:44.000,25,WED,17,10,A,DAY,MIDS,POLICE,ASSIST OUTSIDE AGENCY,2,Phone,"DEWBERRY, RE'KEYA","DEWBERRY, RE'KEYA",2026-06-17 10:06:43.000,2026-06-17 10:08:22.000,2026-06-17 10:07:00.000,17,16,1,2026-06-17 10:07:05.220,5,5,0,2026-06-17 10:07:18.000,35,34,1,2026-06-17 10:07:05.257,22,22,0,2026-06-17 10:07:05.257,0,0,0,2026-06-17 10:16:59.997,594,594,0,2026-06-17 12:44:20.300,2026-06-17 12:44:20.300,0,NULL,2026-06-17 12:44:20.333,9457,9457,0,NR-No Report
26-048860,2026-06-17 10:09:50.000,25,WED,17,10,A,DAY,MIDS,POLICE,TRAFFIC STOP,2,OFFICER,"TRAPERO, HUMBERTO A",NULL,2026-06-17 10:09:50.000,2026-06-17 10:09:56.000,2026-06-17 10:09:50.000,0,1,-1,2026-06-17 10:09:50.000,0,0,0,2026-06-17 10:09:50.000,0,NULL,0,2026-06-17 10:09:50.000,0,0,0,2026-06-17 10:09:50.000,0,0,0,2026-06-17 10:09:50.000,0,0,0,2026-06-17 10:14:21.373,2026-06-17 10:14:21.373,0,NULL,2026-06-17 10:14:21.393,271,271,0,CI-Citation
26-048862,2026-06-17 10:21:32.553,25,WED,17,10,A,DAY,MIDS,POLICE,ASSIST CITIZEN PROMPT,3,Radio,"GOODWIN, SHEENA","DEWBERRY, RE'KEYA",2026-06-17 10:21:32.553,2026-06-17 10:21:55.000,2026-06-17 10:21:32.553,0,1,-1,2026-06-17 10:23:29.197,117,116,1,2026-06-17 10:21:32.553,0,NULL,0,2026-06-17 10:23:47.063,117,116,1,2026-06-17 10:23:47.063,18,17,1,2026-06-17 10:25:25.473,98,98,0,2026-06-17 11:23:14.957,2026-06-17 11:23:14.957,0,NULL,2026-06-17 11:23:15.180,3702,3702,0,NR-No Report
26-048863,2026-06-17 10:21:48.000,25,WED,17,10,A,DAY,MIDS,POLICE,FLAG DOWN,2,OFFICER,"DEWBERRY, RE'KEYA","DEWBERRY, RE'KEYA",2026-06-17 10:21:48.000,NULL,2026-06-17 10:21:48.000,0,0,0,2026-06-17 10:21:48.000,0,0,0,2026-06-17 10:21:48.000,0,0,0,2026-06-17 10:22:06.863,0,0,0,2026-06-17 10:21:48.000,0,0,0,2026-06-17 10:21:48.000,0,0,0,2026-06-17 10:35:49.003,2026-06-17 10:47:15.013,0,NULL,2026-06-17 10:47:15.103,1527,1527,0,NR-No Report
26-015006,2026-06-17 10:23:51.000,25,WED,17,10,A,DAY,MIDS,FIRE,ELEVATOR,3,E-911,"VALENTIN, EMERITA",Automatic Dispatch,2026-06-17 10:23:51.000,2026-06-17 10:25:02.000,2026-06-17 10:24:12.000,21,21,0,2026-06-17 10:24:13.547,1,1,0,2026-06-17 10:25:31.000,100,100,0,2026-06-17 10:24:51.550,22,22,0,2026-06-17 10:24:51.550,38,38,0,2026-06-17 10:35:14.690,623,623,0,2026-06-17 10:59:11.137,2026-06-17 10:59:11.137,0,NULL,2026-06-17 10:59:11.210,2120,2120,0,UNDEFINED
26-048864,2026-06-17 10:30:26.000,25,WED,17,10,A,DAY,MIDS,POLICE,TRAFFIC STOP,2,OFFICER,"TRAPERO, HUMBERTO A",NULL,2026-06-17 10:30:26.000,2026-06-17 10:30:35.000,2026-06-17 10:30:26.000,0,1,-1,2026-06-17 10:30:26.000,0,0,0,2026-06-17 10:30:26.000,0,NULL,0,2026-06-17 10:30:26.000,0,0,0,2026-06-17 10:30:26.000,0,0,0,2026-06-17 10:30:26.000,0,0,0,2026-06-17 10:38:16.837,2026-06-17 10:38:16.837,0,NULL,2026-06-17 10:38:16.917,470,470,0,CI-Citation
26-048865,2026-06-17 10:34:26.000,25,WED,17,10,A,DAY,MIDS,POLICE,WALK IN HQ LOBBY,3,Phone,"ANDERSON, MARILYN","DEWBERRY, RE'KEYA",2026-06-17 10:34:25.000,2026-06-17 10:35:28.000,2026-06-17 10:34:45.000,20,19,1,2026-06-17 10:35:37.470,52,52,0,2026-06-17 10:35:31.000,66,65,1,2026-06-17 10:35:45.630,72,72,0,2026-06-17 10:35:45.630,8,8,0,NULL,NULL,-9999,NULL,2026-06-17 11:03:22.877,2026-06-17 11:03:22.877,0,NULL,2026-06-17 11:03:22.940,1737,1737,0,NR-No Report
26-048867,2026-06-17 10:37:23.000,25,WED,17,10,A,DAY,MIDS,POLICE,911 HANG UP,2,E-911,"JONES, DAESHA","DEWBERRY, RE'KEYA",2026-06-17 10:37:23.000,2026-06-17 10:38:25.000,2026-06-17 10:38:19.000,56,56,0,2026-06-17 10:40:42.120,143,143,0,2026-06-17 10:38:50.000,87,87,0,2026-06-17 10:40:45.503,199,199,0,2026-06-17 10:40:45.503,3,3,0,2026-06-17 10:47:26.883,401,401,0,2026-06-17 10:50:52.157,2026-06-17 10:53:22.283,0,NULL,2026-06-17 10:53:22.477,959,959,0,NR-No Report
26-048869,2026-06-17 10:38:06.000,25,WED,17,10,A,DAY,MIDS,POLICE,ABANDONED AUTO,4,Phone,"VALENTIN, EMERITA",NULL,2026-06-17 10:38:04.000,NULL,2026-06-17 10:39:49.000,105,103,2,2026-06-17 11:13:41.727,2032,2032,0,2026-06-17 10:40:34.000,150,148,2,2026-06-17 11:13:41.727,2137,2137,0,2026-06-17 11:13:41.727,0,-9999,9999,2026-06-17 11:14:04.333,23,22,1,2026-06-17 11:20:45.527,2026-06-17 11:20:45.527,0,NULL,2026-06-17 11:20:45.633,2561,2561,0,CI-Citation
26-048868,2026-06-17 10:38:44.000,25,WED,17,10,A,DAY,MIDS,POLICE,ANIMAL COMPLAINT,4,Phone,"ANDERSON, MARILYN","VALENTIN, EMERITA",2026-06-17 10:38:42.000,2026-06-17 10:39:57.000,2026-06-17 10:39:42.000,60,58,2,2026-06-17 10:41:24.790,102,102,0,2026-06-17 10:41:02.000,140,138,2,NULL,162,162,0,NULL,NULL,-9999,NULL,NULL,NULL,-9999,NULL,NULL,2026-06-17 10:41:34.000,0,NULL,NULL,172,172,0,ACOR-Animal Control Report
26-048871,2026-06-17 10:40:30.000,25,WED,17,10,A,DAY,MIDS,POLICE,MENTAL HEALTH CASE,2,Phone,"JONES, DAESHA","DEWBERRY, RE'KEYA",2026-06-17 10:40:28.000,2026-06-17 10:41:52.000,2026-06-17 10:41:42.000,74,72,2,2026-06-17 10:47:22.557,340,340,0,2026-06-17 10:42:44.000,136,134,2,2026-06-17 10:47:35.040,414,414,0,2026-06-17 10:47:35.040,13,12,1,NULL,NULL,-9999,NULL,2026-06-17 11:13:38.903,2026-06-17 11:13:38.903,0,NULL,2026-06-17 11:13:38.940,1990,1990,0,NR-No Report
26-048872,2026-06-17 10:43:22.000,25,WED,17,10,A,DAY,MIDS,POLICE,TRAFFIC STOP,2,OFFICER,"TRAPERO, HUMBERTO A",NULL,2026-06-17 10:43:22.000,2026-06-17 10:43:37.000,2026-06-17 10:43:22.000,0,1,-1,2026-06-17 10:43:22.000,0,0,0,2026-06-17 10:43:22.000,0,NULL,0,2026-06-17 10:43:22.000,0,0,0,2026-06-17 10:43:22.000,0,0,0,2026-06-17 10:43:22.000,0,0,0,2026-06-17 10:48:24.897,2026-06-17 10:48:24.897,0,NULL,2026-06-17 10:48:24.917,302,302,0,CI-Citation
26-015007,2026-06-17 10:47:13.000,25,WED,17,10,A,DAY,MIDS,FIRE,GAS LEAK - INSIDE,1,Phone,"PICKERAL, LAUREN",Automatic Dispatch,2026-06-17 10:47:12.000,2026-06-17 10:48:48.000,2026-06-17 10:47:44.000,32,31,1,2026-06-17 10:47:46.787,2,2,0,2026-06-17 10:49:28.000,136,135,1,2026-06-17 10:48:36.457,34,34,0,2026-06-17 10:48:36.457,50,49,1,2026-06-17 10:51:03.923,147,147,0,2026-06-17 10:57:33.930,2026-06-17 11:17:24.577,0,NULL,2026-06-17 11:17:24.803,1812,1812,0,UNDEFINED
26-048873,2026-06-17 10:51:49.000,25,WED,17,10,A,DAY,MIDS,POLICE,PARKING COMPLAINT,4,Phone,"VALENTIN, EMERITA",NULL,2026-06-17 10:51:47.000,NULL,2026-06-17 10:53:14.000,87,85,2,2026-06-17 10:58:20.993,306,306,0,2026-06-17 10:53:34.000,107,105,2,2026-06-17 10:58:20.993,393,393,0,2026-06-17 10:58:20.993,0,-9999,9999,2026-06-17 11:07:55.547,575,574,1,2026-06-17 11:13:37.043,2026-06-17 11:13:37.043,0,NULL,2026-06-17 11:13:37.927,1310,1310,0,CI-Citation
26-048874,2026-06-17 10:51:57.000,25,WED,17,10,A,DAY,MIDS,POLICE,DISORDERLY CONDUCT,2,E-911,"JONES, DAESHA","DEWBERRY, RE'KEYA",2026-06-17 10:51:57.000,2026-06-17 10:53:54.000,2026-06-17 10:53:49.000,112,112,0,2026-06-17 10:54:53.093,64,64,0,2026-06-17 10:58:41.000,404,404,0,2026-06-17 10:54:56.890,176,176,0,2026-06-17 10:54:56.890,3,3,0,2026-06-17 11:03:37.443,521,520,1,2026-06-17 11:14:13.830,2026-06-17 11:21:00.890,0,NULL,2026-06-17 11:21:00.943,1743,1743,0,NR-No Report
26-015008,2026-06-17 10:55:23.000,25,WED,17,10,A,DAY,MIDS,EMS,HEART PROBLEMS ALS 1,1,Phone,"VALENTIN, EMERITA","GOODWIN, SHEENA",2026-06-17 10:55:21.000,2026-06-17 10:59:06.000,2026-06-17 10:57:07.000,106,104,2,2026-06-17 10:57:09.177,2,2,0,2026-06-17 10:57:55.000,154,152,2,2026-06-17 10:57:56.050,108,108,0,2026-06-17 10:57:56.050,47,46,1,2026-06-17 11:01:46.217,230,230,0,2026-06-17 10:59:27.453,2026-06-17 11:31:09.750,0,NULL,2026-06-17 11:31:09.903,2148,2148,0,UNDEFINED
26-048876,2026-06-17 10:57:35.000,25,WED,17,10,A,DAY,MIDS,POLICE,ANIMAL WILDLIFE,3,Phone,"PICKERAL, LAUREN","VALENTIN, EMERITA",2026-06-17 10:57:32.000,2026-06-17 10:59:11.000,2026-06-17 10:58:37.000,65,62,3,2026-06-17 11:01:19.293,162,162,0,2026-06-17 10:59:05.000,93,90,3,NULL,227,227,0,NULL,NULL,-9999,NULL,NULL,NULL,-9999,NULL,NULL,2026-06-17 11:01:45.000,0,NULL,NULL,253,253,0,ACOR-Animal Control Report
26-048875,2026-06-17 10:58:04.000,25,WED,17,10,A,DAY,MIDS,POLICE,WARRANT ISSUED,6,Phone,"VALENTIN, EMERITA",Automatic Dispatch,2026-06-17 10:58:02.000,NULL,2026-06-17 10:58:18.000,16,14,2,2026-06-17 10:58:19.407,1,1,0,2026-06-17 11:00:36.000,154,152,2,NULL,17,17,0,NULL,NULL,-9999,NULL,NULL,NULL,-9999,NULL,NULL,2026-06-17 11:00:36.000,0,NULL,NULL,154,154,0,NR-No Report
26-048877,2026-06-17 10:58:21.000,25,WED,17,10,A,DAY,MIDS,POLICE,WARRANT ISSUED,6,Phone,"VALENTIN, EMERITA",Automatic Dispatch,2026-06-17 10:58:20.000,NULL,2026-06-17 10:58:41.000,21,20,1,2026-06-17 10:58:42.007,1,1,0,2026-06-17 11:00:29.000,129,128,1,NULL,22,22,0,NULL,NULL,-9999,NULL,NULL,NULL,-9999,NULL,NULL,2026-06-17 11:00:29.000,0,NULL,NULL,129,129,0,NR-No Report
26-048878,2026-06-17 10:58:55.000,25,WED,17,10,A,DAY,MIDS,POLICE,TRAFFIC STOP,2,OFFICER,"TRAPERO, HUMBERTO A",NULL,2026-06-17 10:58:55.000,2026-06-17 10:59:02.000,2026-06-17 10:58:55.000,0,1,-1,2026-06-17 10:58:55.000,0,0,0,2026-06-17 10:58:55.000,0,NULL,0,2026-06-17 10:58:55.000,0,0,0,2026-06-17 10:58:55.000,0,0,0,2026-06-17 10:58:55.000,0,0,0,2026-06-17 11:05:45.533,2026-06-17 11:05:45.533,0,NULL,2026-06-17 11:05:45.560,410,410,0,CI-Citation
26-015009,2026-06-17 11:00:31.000,25,WED,17,11,A,DAY,MIDS,EMS,BLS EMERGENCY,3,E-911,"ANDERSON, MARILYN",Automatic Dispatch,2026-06-17 11:00:31.000,2026-06-17 11:01:52.000,2026-06-17 11:01:42.000,71,71,0,2026-06-17 11:01:44.157,2,2,0,2026-06-17 11:03:57.000,206,206,0,2026-06-17 11:02:30.367,73,73,0,2026-06-17 11:02:30.367,46,46,0,2026-06-17 11:07:57.177,327,326,1,2026-06-17 12:39:09.090,2026-06-17 12:39:09.090,0,NULL,2026-06-17 12:39:09.217,5918,5918,0,UNDEFINED
26-048881,2026-06-17 11:01:48.000,25,WED,17,11,A,DAY,MIDS,POLICE,WALK IN HQ LOBBY,3,Phone,"PICKERAL, LAUREN","DEWBERRY, RE'KEYA",2026-06-17 11:01:47.000,2026-06-17 11:54:08.000,2026-06-17 11:02:14.000,27,26,1,2026-06-17 11:03:45.380,91,91,0,2026-06-17 11:02:14.000,27,NULL,27,2026-06-17 11:03:45.430,118,118,0,2026-06-17 11:03:45.430,0,0,0,2026-06-17 11:07:12.920,207,207,0,2026-06-17 11:10:21.723,2026-06-17 11:10:21.723,1,2026-06-17 11:52:19.403,2026-06-17 12:19:26.320,514,4659,-4145,NR-No Report
26-048882,2026-06-17 11:02:20.000,25,WED,17,11,A,DAY,MIDS,POLICE,ASSIST CITIZEN PROMPT,3,Phone,"JONES, DAESHA","DEWBERRY, RE'KEYA",2026-06-17 11:02:18.000,2026-06-17 11:04:11.000,2026-06-17 11:03:55.000,97,95,2,2026-06-17 11:04:48.370,53,53,0,2026-06-17 11:07:36.000,318,316,2,2026-06-17 11:04:52.930,150,150,0,2026-06-17 11:04:52.930,4,4,0,2026-06-17 11:09:07.813,255,254,1,2026-06-17 11:06:49.507,2026-06-17 13:30:19.553,0,NULL,2026-06-17 13:30:19.553,8881,8881,0,NR-No Report
26-015010,2026-06-17 11:03:55.000,25,WED,17,11,A,DAY,MIDS,EMS,TROUBLE BREATHING ALS 1,1,E-911,"FOSTER, KANESHA",Automatic Dispatch,2026-06-17 11:03:55.000,2026-06-17 11:05:29.000,2026-06-17 11:05:03.000,68,68,0,2026-06-17 11:05:04.983,1,1,0,2026-06-17 11:19:52.000,957,957,0,2026-06-17 11:06:04.347,69,69,0,2026-06-17 11:06:04.347,60,59,1,2026-06-17 11:10:37.907,273,273,0,2026-06-17 11:39:33.480,2026-06-17 12:54:46.003,0,NULL,2026-06-17 12:54:46.237,6651,6651,0,UNDEFINED
26-048884,2026-06-17 11:10:11.000,25,WED,17,11,A,DAY,MIDS,POLICE,TRAFFIC STOP,2,OFFICER,"TRAPERO, HUMBERTO A",NULL,2026-06-17 11:10:11.000,2026-06-17 11:10:21.000,2026-06-17 11:10:11.000,0,1,-1,2026-06-17 11:10:11.000,0,0,0,2026-06-17 11:10:11.000,0,NULL,0,2026-06-17 11:10:11.000,0,0,0,2026-06-17 11:10:11.000,0,0,0,2026-06-17 11:10:11.000,0,0,0,2026-06-17 11:14:13.403,2026-06-17 11:14:13.403,0,NULL,2026-06-17 11:14:13.427,242,242,0,CI-Citation
26-015011,2026-06-17 11:17:19.000,25,WED,17,11,A,DAY,MIDS,EMS,FACILITY BLS,3,E-911,"ANDERSON, MARILYN",Automatic Dispatch,2026-06-17 11:17:19.000,2026-06-17 11:20:46.000,2026-06-17 11:20:29.000,190,190,0,2026-06-17 11:20:31.790,2,2,0,2026-06-17 11:21:39.000,260,260,0,2026-06-17 11:21:37.007,192,192,0,2026-06-17 11:21:37.007,66,65,1,NULL,NULL,-9999,NULL,2026-06-17 11:45:28.543,2026-06-17 12:31:47.370,0,NULL,2026-06-17 12:31:47.410,4468,4468,0,UNDEFINED
26-048888,2026-06-17 11:19:06.000,25,WED,17,11,A,DAY,MIDS,POLICE,DOMESTIC VIOL NO INJ,2,E-911,"JONES, DAESHA",NULL,2026-06-17 11:19:05.000,2026-06-17 11:20:20.000,2026-06-17 11:20:16.000,71,70,1,2026-06-17 11:20:58.590,42,42,0,2026-06-17 11:44:27.000,1522,1521,1,2026-06-17 11:21:04.450,113,113,0,2026-06-17 11:21:04.450,6,5,1,2026-06-17 11:31:23.710,619,619,0,2026-06-17 12:27:28.557,2026-06-17 17:36:40.167,0,NULL,2026-06-17 17:36:40.340,22655,22655,0,RE-Report
26-048891,2026-06-17 11:22:58.000,25,WED,17,11,A,DAY,MIDS,POLICE,MENTAL HEALTH CASE,2,Phone,"VALENTIN, EMERITA",NULL,2026-06-17 11:22:56.000,2026-06-17 11:26:29.000,2026-06-17 11:24:52.000,116,114,2,2026-06-17 11:39:28.130,876,876,0,2026-06-17 11:25:28.000,152,150,2,2026-06-17 11:39:31.013,992,992,0,2026-06-17 11:39:31.013,3,2,1,2026-06-17 12:22:57.877,2606,2606,0,2026-06-17 13:51:22.923,2026-06-19 16:35:40.040,0,NULL,2026-06-19 16:35:40.157,191564,18764,172800,RE-Report
26-048889,2026-06-17 11:24:19.000,25,WED,17,11,A,DAY,MIDS,POLICE,TRAFFIC STOP,2,OFFICER,"TRAPERO, HUMBERTO A",NULL,2026-06-17 11:24:19.000,2026-06-17 11:25:01.000,2026-06-17 11:24:19.000,0,1,-1,2026-06-17 11:24:19.000,0,0,0,2026-06-17 11:24:19.000,0,NULL,0,2026-06-17 11:24:19.000,0,0,0,2026-06-17 11:24:19.000,0,0,0,2026-06-17 11:24:19.000,0,0,0,2026-06-17 11:30:23.210,2026-06-17 11:30:23.210,0,NULL,2026-06-17 11:30:23.210,364,364,0,CI-Citation
26-048890,2026-06-17 11:24:46.000,25,WED,17,11,A,DAY,MIDS,POLICE,TRAFFIC STOP,2,Radio,"DEWBERRY, RE'KEYA",NULL,2026-06-17 11:24:46.000,2026-06-17 11:24:49.000,2026-06-17 11:24:46.000,0,0,0,2026-06-17 11:24:46.000,0,0,0,2026-06-17 11:24:46.000,0,0,0,2026-06-17 11:29:05.667,0,0,0,2026-06-17 11:24:46.000,0,0,0,2026-06-17 11:24:46.000,0,0,0,2026-06-17 11:37:53.497,2026-06-17 11:38:01.683,0,NULL,2026-06-17 11:38:01.787,795,795,0,NR-No Report
26-015012,2026-06-17 11:34:40.143,25,WED,17,11,A,DAY,MIDS,EMS,MUTUAL BLS,1,C2C,CAD to CAD Service 1,CAD to CAD Service 1,2026-06-17 11:33:01.000,NULL,2026-06-17 11:34:40.547,99,0,99,2026-06-17 11:34:40.597,0,0,0,NULL,NULL,NULL,NULL,2026-06-17 11:35:35.947,99,110,-11,2026-06-17 11:35:35.947,55,55,0,2026-06-17 11:38:09.353,154,153,1,2026-06-17 11:48:35.437,2026-06-17 11:49:24.993,0,NULL,2026-06-17 11:49:25.040,983,983,0,CAD2CAD
26-015013,2026-06-17 11:40:22.000,25,WED,17,11,A,DAY,MIDS,EMS,FACILITY BLS,3,E-911,"JONES, DAESHA",Automatic Dispatch,2026-06-17 11:40:22.000,2026-06-17 11:43:31.000,2026-06-17 11:42:31.000,129,129,0,2026-06-17 11:42:33.360,2,2,0,2026-06-17 11:44:31.000,249,249,0,2026-06-17 11:42:41.683,131,131,0,2026-06-17 11:42:41.683,8,8,0,2026-06-17 11:46:34.370,233,232,1,2026-06-17 11:57:33.933,2026-06-17 13:15:19.593,0,NULL,2026-06-17 13:15:19.647,5697,5697,0,UNDEFINED
26-015014,2026-06-17 11:43:02.000,25,WED,17,11,A,DAY,MIDS,FIRE,FIRE ALARM,3,Phone,"ANDERSON, MARILYN",Automatic Dispatch,2026-06-17 11:43:01.000,2026-06-17 11:44:15.000,2026-06-17 11:43:18.000,17,16,1,2026-06-17 11:43:20.553,2,2,0,2026-06-17 11:45:06.000,125,124,1,2026-06-17 11:43:29.277,19,19,0,2026-06-17 11:43:29.277,9,8,1,2026-06-17 11:45:59.983,150,150,0,2026-06-17 11:46:20.873,2026-06-17 11:46:20.873,0,NULL,2026-06-17 11:46:21.200,199,199,0,UNDEFINED
26-015015,2026-06-17 11:43:52.000,25,WED,17,11,A,DAY,MIDS,FIRE,INVESTIGATION,3,Phone,"VALENTIN, EMERITA",Automatic Dispatch,2026-06-17 11:43:52.000,2026-06-17 11:46:04.000,2026-06-17 11:45:48.000,116,116,0,2026-06-17 11:45:50.077,2,2,0,2026-06-17 11:50:22.000,390,390,0,2026-06-17 11:46:44.447,118,118,0,2026-06-17 11:46:44.447,54,54,0,2026-06-17 11:51:05.553,261,261,0,2026-06-17 11:59:50.190,2026-06-17 12:00:51.200,0,NULL,2026-06-17 12:00:51.200,1019,1064,-45,UNDEFINED
26-048893,2026-06-17 11:45:27.000,25,WED,17,11,A,DAY,MIDS,POLICE,ABANDONED AUTO,4,Phone,"ANDERSON, MARILYN",NULL,2026-06-17 11:45:25.000,2026-06-17 12:15:43.000,2026-06-17 11:46:10.000,45,43,2,2026-06-17 11:50:16.773,246,246,0,2026-06-17 11:46:36.000,71,69,2,2026-06-17 11:50:16.773,291,291,0,2026-06-17 11:50:16.773,0,-9999,9999,2026-06-17 12:02:32.823,736,736,0,2026-06-17 13:30:18.807,2026-06-17 13:30:18.807,0,NULL,2026-06-17 13:30:18.897,6293,6293,0,CI-Citation
26-015016,2026-06-17 11:55:46.000,25,WED,17,11,A,DAY,MIDS,FIRE,GAS LEAK - INSIDE,1,Phone,"ANDERSON, MARILYN",Automatic Dispatch,2026-06-17 11:55:45.000,2026-06-17 11:56:34.000,2026-06-17 11:56:05.000,20,19,1,2026-06-17 11:56:07.503,2,2,0,2026-06-17 11:58:01.000,136,135,1,2026-06-17 11:56:48.077,22,22,0,2026-06-17 11:56:48.077,41,40,1,2026-06-17 12:01:19.860,271,271,0,2026-06-17 12:10:07.700,2026-06-17 12:23:48.287,0,NULL,2026-06-17 12:23:48.313,1683,1683,0,UNDEFINED
26-048895,2026-06-17 11:57:41.000,25,WED,17,11,A,DAY,MIDS,POLICE,WALK IN HQ LOBBY,3,Phone,"JONES, DAESHA","LEWIS, LESLIE",2026-06-17 11:57:39.000,2026-06-17 11:59:44.000,2026-06-17 11:59:02.000,83,81,2,2026-06-17 12:37:26.480,2304,2304,0,2026-06-17 12:00:49.000,190,188,2,2026-06-17 12:37:26.480,2387,2387,0,2026-06-17 12:37:26.480,0,0,0,NULL,NULL,-9999,NULL,2026-06-17 16:33:29.800,2026-06-17 16:33:29.800,0,NULL,2026-06-17 16:33:29.877,16550,16550,0,NR-No Report
26-015017,2026-06-17 11:59:38.647,25,WED,17,11,A,DAY,MIDS,EMS,MUTUAL ALS,1,C2C,CAD to CAD Service 1,CAD to CAD Service 1,2026-06-17 11:58:23.000,NULL,2026-06-17 11:59:38.897,75,0,75,2026-06-17 11:59:38.943,0,0,0,NULL,NULL,NULL,NULL,2026-06-17 12:00:21.927,75,118,-43,2026-06-17 12:00:21.927,43,0,43,2026-06-17 12:02:28.197,127,126,1,2026-06-17 12:03:17.177,2026-06-17 13:09:57.393,0,NULL,2026-06-17 13:09:57.440,4294,4294,0,CAD2CAD
26-015018,2026-06-17 11:59:43.000,25,WED,17,11,A,DAY,MIDS,FIRE,INVESTIGATION,3,Phone,"CRUZ, STEPHANIE",Automatic Dispatch,2026-06-17 11:59:43.000,2026-06-17 12:05:44.000,2026-06-17 12:04:34.000,291,291,0,2026-06-17 12:04:35.807,1,1,0,2026-06-17 12:04:56.000,313,313,0,2026-06-17 12:06:04.340,292,292,0,2026-06-17 12:06:04.340,89,88,1,2026-06-17 12:10:17.197,253,252,1,2026-06-17 12:12:43.107,2026-06-17 12:12:43.107,0,NULL,2026-06-17 12:12:43.353,780,780,0,UNDEFINED
26-048896,2026-06-17 12:00:55.000,25,WED,17,12,A,DAY,MIDS,POLICE,TROUBLE UNKNOWN NO EMS,2,Phone,"JONES, DAESHA","FOSTER, KANESHA",2026-06-17 12:00:53.000,2026-06-17 12:21:52.110,2026-06-17 12:02:24.000,91,89,2,2026-06-17 12:05:15.697,171,171,0,2026-06-17 12:02:24.000,91,NULL,91,2026-06-17 12:06:17.493,262,262,0,2026-06-17 12:06:17.493,62,0,62,2026-06-17 12:10:00.640,223,223,0,2026-06-17 12:06:35.393,2026-06-17 12:16:19.563,1,2026-06-17 12:21:29.103,2026-06-17 12:26:40.047,926,1547,-621,NR-No Report
26-048898,2026-06-17 12:04:50.000,25,WED,17,12,A,DAY,MIDS,POLICE,PUBLIC SERVICE MULTI OFFICER,2,Phone,"PICKERAL, LAUREN","FOSTER, KANESHA",2026-06-17 12:04:48.000,2026-06-17 12:07:18.000,2026-06-17 12:07:12.000,144,142,2,2026-06-17 12:07:32.743,20,20,0,2026-06-17 12:08:41.000,233,231,2,2026-06-17 12:07:59.283,164,164,0,2026-06-17 12:07:59.283,27,22,5,2026-06-17 12:33:57.327,1558,1558,0,2026-06-17 12:55:10.023,2026-06-17 12:56:28.200,0,NULL,2026-06-17 12:56:28.227,3100,3100,0,NR-No Report
26-048899,2026-06-17 12:07:23.000,25,WED,17,12,A,DAY,MIDS,POLICE,PARKING COMPLAINT,4,Phone,"VALENTIN, EMERITA",NULL,2026-06-17 12:07:22.000,NULL,2026-06-17 12:07:50.000,28,27,1,2026-06-17 12:47:15.557,2365,2365,0,2026-06-17 12:08:03.000,41,40,1,2026-06-17 12:47:15.557,2393,2393,0,2026-06-17 12:47:15.557,0,0,0,2026-06-17 13:16:43.700,1768,1768,0,2026-06-17 13:17:46.057,2026-06-17 13:17:46.057,0,NULL,2026-06-17 13:17:47.327,4224,4224,0,NR-No Report
26-015019,2026-06-17 12:21:22.000,25,WED,17,12,A,DAY,MIDS,FIRE,FIRE ALARM,3,Phone,"CRUZ, STEPHANIE",Automatic Dispatch,2026-06-17 12:21:20.000,2026-06-17 12:23:51.000,2026-06-17 12:22:18.000,58,56,2,2026-06-17 12:22:20.073,2,2,0,2026-06-17 12:23:16.000,116,114,2,2026-06-17 12:23:28.527,60,60,0,2026-06-17 12:23:28.527,68,68,0,NULL,NULL,-9999,NULL,2026-06-17 12:25:27.047,2026-06-17 12:25:27.047,0,NULL,2026-06-17 12:25:27.107,247,247,0,UNDEFINED
26-048903,2026-06-17 12:35:27.000,25,WED,17,12,A,DAY,MIDS,POLICE,ANIMAL COMPLAINT,4,Radio,"FOSTER, KANESHA","FOSTER, KANESHA",2026-06-17 12:35:25.000,NULL,2026-06-17 12:35:46.000,21,19,2,2026-06-17 12:35:58.077,12,12,0,2026-06-17 12:36:11.000,46,44,2,2026-06-17 12:35:58.120,33,33,0,2026-06-17 12:35:58.120,0,0,0,2026-06-17 12:35:58.143,0,0,0,NULL,2026-06-17 12:36:11.000,0,NULL,NULL,46,46,0,ACOR-Animal Control Report
26-048904,2026-06-17 12:36:04.000,25,WED,17,12,A,DAY,MIDS,POLICE,OFF DUTY DETAIL,8,OFFICER,"SIMS, LADARICK H",NULL,2026-06-17 12:36:04.000,NULL,2026-06-17 12:36:04.000,0,0,0,2026-06-17 12:36:04.000,0,0,0,2026-06-17 12:36:04.000,0,NULL,0,2026-06-17 12:36:04.000,0,0,0,2026-06-17 12:36:04.000,0,0,0,2026-06-17 12:36:04.000,0,0,0,2026-06-17 18:36:35.660,2026-06-17 18:36:35.660,0,NULL,2026-06-17 18:36:35.733,21631,21631,0,NR-No Report
26-015020,2026-06-17 12:43:39.000,25,WED,17,12,A,DAY,MIDS,EMS,PSYCHIATRIC EMERGENCY ALS 1,2,E-911,"DEWBERRY, RE'KEYA",Automatic Dispatch,2026-06-17 12:43:39.000,2026-06-17 12:44:39.000,2026-06-17 12:44:29.000,50,50,0,2026-06-17 12:44:31.570,2,2,0,2026-06-17 12:47:17.000,218,218,0,2026-06-17 12:44:37.930,52,52,0,2026-06-17 12:44:37.930,6,6,0,2026-06-17 12:46:49.367,132,131,1,2026-06-17 12:52:16.357,2026-06-17 13:32:55.317,0,NULL,2026-06-17 13:32:55.420,2956,2956,0,UNDEFINED
26-048905,2026-06-17 12:44:29.000,25,WED,17,12,A,DAY,MIDS,POLICE,MENTAL HEALTH CASE,2,E-911,"DEWBERRY, RE'KEYA","FOSTER, KANESHA",2026-06-17 12:44:29.000,2026-06-17 12:44:59.000,2026-06-17 12:44:29.000,0,NULL,0,2026-06-17 12:45:10.037,41,41,0,2026-06-17 12:44:29.000,0,0,0,2026-06-17 12:45:14.283,41,41,0,2026-06-17 12:45:14.283,4,4,0,NULL,NULL,-9999,NULL,2026-06-17 12:56:17.390,2026-06-17 12:56:26.000,0,NULL,NULL,717,717,0,CN-Cancellation
26-048906,2026-06-17 12:47:44.000,25,WED,17,12,A,DAY,MIDS,POLICE,TRAFFIC STOP,2,OFFICER,"SCHIPANOV, KIRILL I",NULL,2026-06-17 12:47:44.000,NULL,2026-06-17 12:47:44.000,0,1,-1,2026-06-17 12:47:44.000,0,0,0,2026-06-17 12:47:44.000,0,NULL,0,2026-06-17 12:47:44.000,0,0,0,2026-06-17 12:47:44.000,0,0,0,2026-06-17 12:47:44.000,0,0,0,2026-06-17 13:00:39.990,2026-06-17 13:00:39.990,0,NULL,2026-06-17 13:00:40.053,775,775,0,CI-Citation
26-048907,2026-06-17 12:48:14.000,25,WED,17,12,A,DAY,MIDS,POLICE,PARKING COMPLAINT,4,Phone,"VALENTIN, EMERITA",NULL,2026-06-17 12:48:12.000,NULL,2026-06-17 12:48:34.000,22,20,2,2026-06-17 13:26:34.407,2280,2280,0,2026-06-17 12:49:29.000,77,75,2,2026-06-17 13:26:34.407,2302,2302,0,2026-06-17 13:26:34.407,0,0,0,2026-06-17 13:36:05.790,571,571,0,2026-06-17 13:42:43.273,2026-06-17 13:42:43.273,0,NULL,2026-06-17 13:42:44.157,3271,3271,0,NR-No Report
26-048909,2026-06-17 12:50:57.000,25,WED,17,12,A,DAY,MIDS,POLICE,ANIMAL COMPLAINT,4,Phone,"VALENTIN, EMERITA","FOSTER, KANESHA",2026-06-17 12:50:55.000,2026-06-17 12:53:00.140,2026-06-17 12:51:43.000,48,46,2,2026-06-17 12:53:00.087,77,77,0,2026-06-17 12:52:22.000,87,85,2,NULL,125,125,0,NULL,NULL,-9999,NULL,NULL,NULL,-9999,NULL,NULL,2026-06-17 12:54:06.000,0,NULL,NULL,191,191,0,ACOR-Animal Control Report
26-015021,2026-06-17 12:59:26.470,25,WED,17,12,A,DAY,MIDS,FIRE,MUTUAL MVC,1,C2C,CAD to CAD Service 1,CAD to CAD Service 1,2026-06-17 12:59:26.000,NULL,2026-06-17 12:59:26.703,0,0,0,2026-06-17 12:59:26.750,0,0,0,NULL,NULL,NULL,NULL,2026-06-17 13:00:20.033,0,34,-34,2026-06-17 13:00:20.033,54,19,35,NULL,NULL,-9999,NULL,2026-06-17 13:09:57.440,2026-06-17 13:10:34.070,0,NULL,2026-06-17 13:10:34.163,668,668,0,CAD2CAD
26-048911,2026-06-17 13:00:23.000,25,WED,17,13,A,DAY,MIDS,POLICE,DISORDERLY CONDUCT,2,E-911,"CRUZ, STEPHANIE","FOSTER, KANESHA",2026-06-17 13:00:23.000,2026-06-17 13:02:16.000,2026-06-17 13:01:35.000,72,72,0,2026-06-17 13:02:47.293,72,72,0,2026-06-17 13:06:50.000,387,387,0,2026-06-17 13:02:52.057,144,144,0,2026-06-17 13:02:52.057,5,4,1,2026-06-17 13:05:05.307,133,133,0,2026-06-17 13:05:14.623,2026-06-17 13:21:22.973,0,NULL,2026-06-17 13:21:23.010,1259,1259,0,NR-No Report
26-048914,2026-06-17 13:10:25.000,25,WED,17,13,A,DAY,MIDS,POLICE,TRAFFIC STOP,2,OFFICER,"TRAPERO, HUMBERTO A",NULL,2026-06-17 13:10:25.000,NULL,2026-06-17 13:10:25.000,0,1,-1,2026-06-17 13:10:25.000,0,0,0,2026-06-17 13:10:25.000,0,NULL,0,2026-06-17 13:10:25.000,0,0,0,2026-06-17 13:10:25.000,0,0,0,2026-06-17 13:10:25.000,0,0,0,2026-06-17 13:15:15.043,2026-06-17 13:15:15.043,0,NULL,2026-06-17 13:15:15.090,290,290,0,CI-Citation
26-048915,2026-06-17 13:16:53.000,25,WED,17,13,A,DAY,MIDS,POLICE,ABANDONED AUTO,4,Phone,"JONES, DAESHA",NULL,2026-06-17 13:16:51.000,2026-06-17 13:18:24.000,2026-06-17 13:17:37.000,46,44,2,2026-06-17 13:18:20.677,43,43,0,2026-06-17 13:18:21.000,90,88,2,2026-06-17 13:18:20.677,89,89,0,2026-06-17 13:18:20.677,0,-9999,9999,2026-06-17 13:28:02.307,582,581,1,2026-06-17 13:31:42.827,2026-06-17 13:31:42.827,0,NULL,2026-06-17 13:31:43.570,891,891,0,NR-No Report
26-015022,2026-06-17 13:18:13.000,25,WED,17,13,A,DAY,MIDS,EMS,TROUBLE BREATHING ALS 1,1,E-911,"DEWBERRY, RE'KEYA",Automatic Dispatch,2026-06-17 13:18:12.000,NULL,2026-06-17 13:19:05.000,53,52,1,2026-06-17 13:19:07.473,2,2,0,2026-06-17 13:21:16.000,184,183,1,2026-06-17 13:19:27.047,55,55,0,2026-06-17 13:19:27.047,20,19,1,2026-06-17 13:26:02.353,395,395,0,2026-06-17 13:43:03.753,2026-06-17 14:34:58.417,0,NULL,2026-06-17 14:34:58.477,4606,4606,0,UNDEFINED
26-048917,2026-06-17 13:20:04.000,25,WED,17,13,A,DAY,MIDS,POLICE,DISORDERLY CONDUCT,2,E-911,"ANDERSON, MARILYN","FOSTER, KANESHA",2026-06-17 13:20:04.000,2026-06-17 13:22:34.000,2026-06-17 13:21:25.000,81,81,0,2026-06-17 13:22:52.140,87,87,0,2026-06-17 13:22:59.000,175,175,0,2026-06-17 13:23:08.223,168,168,0,2026-06-17 13:23:08.223,16,16,0,2026-06-17 13:29:53.443,405,405,0,2026-06-17 13:24:30.487,2026-06-17 13:43:47.960,0,NULL,2026-06-17 13:43:48.047,1423,1423,0,NR-No Report
26-015023,2026-06-17 13:21:13.000,25,WED,17,13,A,DAY,MIDS,EMS,PUBLIC SERVICE EMS,4,E-911,"DEWBERRY, RE'KEYA",Automatic Dispatch,2026-06-17 13:21:13.000,2026-06-17 13:22:47.000,2026-06-17 13:22:13.000,60,60,0,2026-06-17 13:22:15.810,2,2,0,2026-06-17 13:24:22.000,189,189,0,2026-06-17 13:23:20.973,62,62,0,2026-06-17 13:23:20.973,65,65,0,2026-06-17 13:34:17.353,657,656,1,2026-06-17 14:13:31.763,2026-06-17 14:22:17.120,0,NULL,2026-06-17 14:22:17.170,3664,3664,0,UNDEFINED
26-048918,2026-06-17 13:21:31.000,25,WED,17,13,A,DAY,MIDS,POLICE,TRAFFIC STOP,2,OFFICER,"TRAPERO, HUMBERTO A",NULL,2026-06-17 13:21:31.000,NULL,2026-06-17 13:21:31.000,0,1,-1,2026-06-17 13:21:31.000,0,0,0,2026-06-17 13:21:31.000,0,NULL,0,2026-06-17 13:21:31.000,0,0,0,2026-06-17 13:21:31.000,0,0,0,2026-06-17 13:21:31.000,0,0,0,2026-06-17 13:25:16.777,2026-06-17 13:25:16.770,0,NULL,2026-06-17 13:25:16.770,225,225,0,CI-Citation
26-048921,2026-06-17 13:21:42.000,25,WED,17,13,A,DAY,MIDS,POLICE,TROUBLE UNKNOWN EMS,2,E-911,"WELCH, KIMBERLY","FOSTER, KANESHA",2026-06-17 13:21:41.000,2026-06-17 13:31:07.000,2026-06-17 13:29:28.000,467,466,1,2026-06-17 13:34:03.043,275,275,0,2026-06-17 13:40:14.000,1113,1112,1,2026-06-17 13:34:06.900,742,742,0,2026-06-17 13:34:06.900,3,3,0,2026-06-17 13:42:21.250,495,494,1,2026-06-17 14:03:55.440,2026-06-17 14:03:55.440,0,NULL,2026-06-17 14:03:55.520,2534,2534,0,NR-No Report
26-048919,2026-06-17 13:23:33.000,25,WED,17,13,A,DAY,MIDS,POLICE,SUSPICIOUS EVENT,2,Phone,"ANDERSON, MARILYN","FOSTER, KANESHA",2026-06-17 13:23:31.000,2026-06-17 13:23:57.000,2026-06-17 13:23:52.000,21,19,2,2026-06-17 13:24:08.450,16,16,0,2026-06-17 13:25:51.000,140,138,2,2026-06-17 13:24:12.133,37,37,0,2026-06-17 13:24:12.133,4,3,1,2026-06-17 13:24:12.133,0,0,0,2026-06-17 13:28:35.520,2026-06-17 14:09:03.373,0,NULL,2026-06-17 14:09:03.427,2732,2732,0,NR-No Report
26-048923,2026-06-17 13:31:07.000,25,WED,17,13,A,DAY,MIDS,POLICE,DOMESTIC VIOL NO INJ,2,Phone,"PICKERAL, LAUREN","FOSTER, KANESHA",2026-06-17 13:31:06.000,2026-06-17 13:32:33.000,2026-06-17 13:31:20.000,14,13,1,2026-06-17 13:32:50.150,90,90,0,2026-06-17 13:33:02.000,116,115,1,2026-06-17 13:33:04.887,104,104,0,2026-06-17 13:33:04.887,14,14,0,2026-06-17 13:36:13.147,189,188,1,2026-06-17 13:33:46.457,2026-06-17 14:26:03.560,0,NULL,2026-06-17 14:26:03.793,3297,3297,0,NR-No Report
26-015024,2026-06-17 13:31:53.353,25,WED,17,13,A,DAY,MIDS,EMS,UNKNOWN MEDICAL ALS 1,1,E-911,"WELCH, KIMBERLY",Automatic Dispatch,2026-06-17 13:31:53.353,2026-06-17 13:33:04.000,2026-06-17 13:31:53.353,0,1,-1,2026-06-17 13:31:56.030,3,2,1,2026-06-17 13:31:53.353,0,NULL,0,2026-06-17 13:33:15.943,3,2,1,2026-06-17 13:33:15.943,79,79,0,2026-06-17 13:41:30.307,495,494,1,2026-06-17 13:49:53.540,2026-06-17 14:01:46.257,0,NULL,2026-06-17 14:01:46.300,1793,1792,1,UNDEFINED
26-048924,2026-06-17 13:33:47.000,25,WED,17,13,A,DAY,MIDS,POLICE,MVC PROPERTY DAMAGE,2,E-911,"DEWBERRY, RE'KEYA","FOSTER, KANESHA",2026-06-17 13:33:47.000,2026-06-17 13:35:26.693,2026-06-17 13:34:40.000,53,53,0,2026-06-17 13:35:26.650,46,46,0,2026-06-17 13:35:49.000,122,122,0,2026-06-17 13:36:00.397,99,99,0,2026-06-17 13:36:00.397,34,33,1,2026-06-17 13:38:45.657,165,165,0,2026-06-17 13:48:23.320,2026-06-17 13:48:23.320,0,NULL,2026-06-17 13:48:23.403,876,876,0,NR-No Report
26-015025,2026-06-17 13:39:29.207,25,WED,17,13,A,DAY,MIDS,EMS,BLS EMERGENCY,3,Radio,"FOSTER, KANESHA",Automatic Dispatch,2026-06-17 13:39:29.207,2026-06-17 13:40:20.000,2026-06-17 13:39:29.207,0,1,-1,2026-06-17 13:39:31.557,2,2,0,2026-06-17 13:39:29.207,0,NULL,0,2026-06-17 13:40:42.003,2,2,0,2026-06-17 13:40:42.003,71,70,1,2026-06-17 13:47:17.047,395,395,0,2026-06-17 14:44:08.160,2026-06-17 14:44:08.160,0,NULL,2026-06-17 14:44:08.270,3879,3878,1,UNDEFINED
26-048926,2026-06-17 13:41:22.000,25,WED,17,13,A,DAY,MIDS,POLICE,ANIMAL SICK-INJURED,2,Phone,"PICKERAL, LAUREN","FOSTER, KANESHA",2026-06-17 13:41:20.000,2026-06-17 13:43:54.557,2026-06-17 13:42:06.000,46,44,2,2026-06-17 13:43:54.520,108,108,0,2026-06-17 13:42:14.000,54,52,2,NULL,154,154,0,NULL,NULL,-9999,NULL,NULL,NULL,-9999,NULL,NULL,2026-06-17 13:45:06.000,0,NULL,NULL,226,226,0,NR-No Report
26-048927,2026-06-17 13:46:46.000,25,WED,17,13,A,DAY,MIDS,POLICE,ASSIST CITIZEN PROMPT,3,OFFICER,"LOPEZ-BALBUENA, YESENIA",NULL,2026-06-17 13:46:46.000,2026-06-17 13:47:08.000,2026-06-17 13:46:46.000,0,1,-1,2026-06-17 13:46:46.000,0,0,0,2026-06-17 13:46:46.000,0,NULL,0,2026-06-17 13:46:46.000,0,0,0,2026-06-17 13:46:46.000,0,0,0,2026-06-17 13:46:46.000,0,0,0,2026-06-17 15:00:51.207,2026-06-17 15:00:51.207,0,NULL,2026-06-17 15:00:51.240,4445,4445,0,NR-No Report
26-048928,2026-06-17 13:48:37.000,25,WED,17,13,A,DAY,MIDS,POLICE,TRAFFIC STOP,2,OFFICER,"STORY, JASON P",NULL,2026-06-17 13:48:37.000,2026-06-17 13:48:54.000,2026-06-17 13:48:37.000,0,1,-1,2026-06-17 13:48:37.000,0,0,0,2026-06-17 13:48:37.000,0,NULL,0,2026-06-17 13:48:37.000,0,0,0,2026-06-17 13:48:37.000,0,0,0,2026-06-17 13:48:37.000,0,0,0,2026-06-17 13:52:27.570,2026-06-17 13:52:27.570,0,NULL,2026-06-17 13:52:27.617,230,230,0,NR-No Report
26-048929,2026-06-17 13:53:50.000,25,WED,17,13,A,DAY,MIDS,POLICE,TRAFFIC STOP,2,OFFICER,"TRAPERO, HUMBERTO A",NULL,2026-06-17 13:53:50.000,NULL,2026-06-17 13:53:50.000,0,1,-1,2026-06-17 13:53:50.000,0,0,0,2026-06-17 13:53:50.000,0,NULL,0,2026-06-17 13:53:50.000,0,0,0,2026-06-17 13:53:50.000,0,0,0,2026-06-17 13:53:50.000,0,0,0,2026-06-17 14:01:00.673,2026-06-17 14:01:00.673,0,NULL,2026-06-17 14:01:00.690,430,430,0,CI-Citation
26-015026,2026-06-17 13:54:07.000,25,WED,17,13,A,DAY,MIDS,EMS,BURN ALS 2 -SUPV,1,E-911,"ANDERSON, MARILYN","GOODWIN, SHEENA",2026-06-17 13:54:07.000,2026-06-17 13:56:37.000,2026-06-17 13:55:26.000,79,79,0,2026-06-17 13:55:28.037,2,2,0,2026-06-17 13:58:47.000,280,280,0,2026-06-17 13:56:42.440,81,81,0,2026-06-17 13:56:42.440,74,74,0,2026-06-17 14:00:27.723,225,225,0,2026-06-17 13:57:24.920,2026-06-17 17:01:38.473,0,NULL,2026-06-17 17:01:38.633,11251,11251,0,UNDEFINED
26-048931,2026-06-17 13:59:57.000,25,WED,17,13,A,DAY,MIDS,POLICE,WARRANT SERVICE,2,Radio,"FOSTER, KANESHA","LEWIS, LESLIE",2026-06-17 13:59:54.000,2026-06-17 14:08:37.000,2026-06-17 14:00:16.000,22,19,3,2026-06-17 14:00:21.927,5,5,0,2026-06-17 14:01:08.000,74,71,3,2026-06-17 14:00:21.980,27,27,0,2026-06-17 14:00:21.980,0,0,0,2026-06-17 14:00:22.007,1,0,1,2026-06-17 14:11:28.517,2026-06-17 15:58:26.003,0,NULL,2026-06-17 15:58:26.073,7112,7112,0,RE-Report
26-015027,2026-06-17 14:03:24.000,25,WED,17,14,A,DAY,LATE,FIRE,FIRE ALARM,3,Radio,"FOSTER, KANESHA",Automatic Dispatch,2026-06-17 14:03:22.000,2026-06-17 14:04:03.000,2026-06-17 14:03:48.000,26,24,2,2026-06-17 14:03:50.063,2,2,0,2026-06-17 14:05:27.000,125,123,2,2026-06-17 14:04:25.973,28,28,0,2026-06-17 14:04:25.973,35,35,0,2026-06-17 14:08:41.083,256,255,1,2026-06-17 14:14:33.650,2026-06-17 14:14:33.650,0,NULL,2026-06-17 14:14:33.807,671,671,0,UNDEFINED
26-048933,2026-06-17 14:05:24.000,25,WED,17,14,A,DAY,LATE,POLICE,TRAFFIC STOP,2,OFFICER,"TRAPERO, HUMBERTO A",NULL,2026-06-17 14:05:24.000,NULL,2026-06-17 14:05:24.000,0,0,0,2026-06-17 14:05:24.000,0,0,0,2026-06-17 14:05:24.000,0,NULL,0,2026-06-17 14:05:24.000,0,0,0,2026-06-17 14:05:24.000,0,0,0,2026-06-17 14:05:24.000,0,0,0,2026-06-17 14:09:27.357,2026-06-17 14:09:27.357,0,NULL,2026-06-17 14:09:27.363,243,243,0,CI-Citation
26-048935,2026-06-17 14:07:07.000,25,WED,17,14,A,DAY,LATE,POLICE,PUBLIC SERVICE MULTI OFFICER,2,Phone,"VALENTIN, EMERITA",NULL,2026-06-17 14:07:05.000,2026-06-17 14:09:05.000,2026-06-17 14:08:59.000,114,112,2,2026-06-17 14:21:54.553,775,775,0,2026-06-17 14:16:16.000,551,549,2,2026-06-17 14:22:13.953,889,889,0,2026-06-17 14:22:13.953,19,0,19,2026-06-17 14:26:03.387,230,229,1,2026-06-17 14:55:59.087,2026-06-17 15:32:18.887,0,NULL,2026-06-17 15:32:18.960,5113,5113,0,NR-No Report
26-048934,2026-06-17 14:08:17.000,25,WED,17,14,A,DAY,LATE,POLICE,911 HANG UP,2,E-911,"ANDERSON, MARILYN","LEWIS, LESLIE",2026-06-17 14:08:17.000,2026-06-17 14:09:09.000,2026-06-17 14:08:46.000,29,29,0,2026-06-17 14:09:53.400,67,67,0,2026-06-17 14:08:56.000,39,39,0,2026-06-17 14:09:56.943,96,96,0,2026-06-17 14:09:56.943,3,3,0,2026-06-17 14:21:13.310,677,676,1,2026-06-17 15:38:35.427,2026-06-17 15:38:35.427,0,NULL,2026-06-17 15:38:35.463,5418,5418,0,NR-No Report
26-015028,2026-06-17 14:09:24.000,25,WED,17,14,A,DAY,LATE,EMS,HEART PROBLEMS ALS 1,1,E-911,"DEWBERRY, RE'KEYA","FOSTER, KANESHA",2026-06-17 14:09:24.000,2026-06-17 14:10:19.000,2026-06-17 14:10:06.000,42,42,0,2026-06-17 14:10:07.883,1,1,0,2026-06-17 14:11:51.000,147,147,0,2026-06-17 14:10:13.710,43,43,0,2026-06-17 14:10:13.710,6,5,1,2026-06-17 14:12:48.540,155,154,1,2026-06-17 14:13:30.957,2026-06-17 15:21:55.427,0,NULL,2026-06-17 15:21:55.457,4351,4351,0,CAD2CAD
26-048937,2026-06-17 14:13:08.000,25,WED,17,14,A,DAY,LATE,POLICE,ASSAULT NO INJURY IN PROG,2,Phone,"DEWBERRY, RE'KEYA","DEWBERRY, RE'KEYA",2026-06-17 14:13:06.000,2026-06-17 14:13:34.000,2026-06-17 14:13:28.000,22,20,2,2026-06-17 14:13:41.413,13,13,0,2026-06-17 14:13:47.000,41,39,2,2026-06-17 14:13:41.453,35,35,0,2026-06-17 14:13:41.453,0,0,0,2026-06-17 14:14:05.307,24,23,1,2026-06-17 15:03:25.153,2026-06-17 15:03:25.153,0,NULL,2026-06-17 15:03:25.193,3019,3019,0,RE-Report
26-048938,2026-06-17 14:13:46.000,25,WED,17,14,A,DAY,LATE,POLICE,TRAFFIC STOP,2,OFFICER,"KOLODZINSKI, LISA A",NULL,2026-06-17 14:13:46.000,2026-06-17 14:13:52.000,2026-06-17 14:13:46.000,0,0,0,2026-06-17 14:13:46.000,0,0,0,2026-06-17 14:13:46.000,0,NULL,0,2026-06-17 14:13:46.000,0,0,0,2026-06-17 14:13:46.000,0,0,0,2026-06-17 14:13:46.000,0,0,0,2026-06-17 14:18:38.700,2026-06-17 14:18:38.700,0,NULL,2026-06-17 14:18:38.750,292,292,0,NR-No Report
26-048939,2026-06-17 14:22:40.000,25,WED,17,14,A,DAY,LATE,POLICE,TRAFFIC STOP,2,OFFICER,"TRAPERO, HUMBERTO A",NULL,2026-06-17 14:22:40.000,2026-06-17 14:22:48.000,2026-06-17 14:22:40.000,0,1,-1,2026-06-17 14:22:40.000,0,0,0,2026-06-17 14:22:40.000,0,NULL,0,2026-06-17 14:22:40.000,0,0,0,2026-06-17 14:22:40.000,0,0,0,2026-06-17 14:22:40.000,0,0,0,2026-06-17 14:26:48.517,2026-06-17 14:26:48.517,0,NULL,2026-06-17 14:26:48.560,248,248,0,CI-Citation
26-048941,2026-06-17 14:23:28.000,25,WED,17,14,A,DAY,LATE,POLICE,ANIMAL WILDLIFE,3,Phone,"VALENTIN, EMERITA","LEWIS, LESLIE",2026-06-17 14:23:26.000,2026-06-17 14:25:13.017,2026-06-17 14:24:21.000,55,53,2,2026-06-17 14:25:12.937,51,51,0,2026-06-17 14:25:01.000,95,93,2,2026-06-17 14:25:19.127,106,106,0,2026-06-17 14:25:19.127,7,6,1,NULL,NULL,-9999,NULL,NULL,2026-06-17 14:27:37.000,0,NULL,NULL,251,251,0,ACOR-Animal Control Report
26-048942,2026-06-17 14:24:19.000,25,WED,17,14,A,DAY,LATE,POLICE,MVC PROPERTY DAMAGE,2,E-911,"JONES, DAESHA",NULL,2026-06-17 14:24:19.000,2026-06-17 14:27:13.000,2026-06-17 14:26:49.000,150,150,0,2026-06-17 14:26:57.670,8,8,0,2026-06-17 14:28:14.000,235,235,0,2026-06-17 14:26:57.670,158,158,0,2026-06-17 14:26:57.670,0,-9999,9999,2026-06-17 14:44:10.737,1033,1033,0,2026-06-17 15:13:33.357,2026-06-17 15:13:33.357,0,NULL,2026-06-17 15:13:33.377,2954,2954,0,NR-No Report
26-048943,2026-06-17 14:27:19.000,25,WED,17,14,A,DAY,LATE,POLICE,PARKING COMPLAINT,4,Phone,"PICKERAL, LAUREN",NULL,2026-06-17 14:27:19.000,NULL,2026-06-17 14:27:29.000,10,10,0,2026-06-17 14:53:26.900,1557,1557,0,2026-06-17 14:28:07.000,48,48,0,2026-06-17 14:53:26.900,1567,1567,0,2026-06-17 14:53:26.900,0,-9999,9999,2026-06-17 15:09:12.573,946,945,1,2026-06-17 15:17:41.083,2026-06-17 15:17:41.083,0,NULL,2026-06-17 15:17:42.033,3022,3022,0,NR-No Report
26-048944,2026-06-17 14:28:46.000,25,WED,17,14,A,DAY,LATE,POLICE,PUBLIC SERVICE MULTI OFFICER,2,Phone,"VALENTIN, EMERITA","LEWIS, LESLIE",2026-06-17 14:28:45.000,2026-06-17 14:29:49.000,2026-06-17 14:29:37.000,52,51,1,2026-06-17 14:46:11.853,994,994,0,2026-06-17 14:35:54.000,429,428,1,2026-06-17 14:46:16.583,1046,1046,0,2026-06-17 14:46:16.583,5,4,1,2026-06-17 14:58:49.083,753,752,1,2026-06-17 15:16:08.723,2026-06-17 15:16:22.933,0,NULL,2026-06-17 15:16:22.993,2857,2857,0,NR-No Report
26-048945,2026-06-17 14:31:43.000,25,WED,17,14,A,DAY,LATE,POLICE,TRAFFIC STOP,2,OFFICER,"TRAPERO, HUMBERTO A",NULL,2026-06-17 14:31:43.000,2026-06-17 14:31:50.000,2026-06-17 14:31:43.000,0,1,-1,2026-06-17 14:31:43.000,0,0,0,2026-06-17 14:31:43.000,0,NULL,0,2026-06-17 14:31:43.000,0,0,0,2026-06-17 14:31:43.000,0,0,0,2026-06-17 14:31:43.000,0,0,0,2026-06-17 14:35:30.707,2026-06-17 14:35:30.707,0,NULL,2026-06-17 14:35:30.780,227,227,0,CI-Citation
26-048946,2026-06-17 14:32:04.000,25,WED,17,14,A,DAY,LATE,POLICE,MVC HIT/RUN NO INJ DELAY,4,Phone,"WILLIAMS, DARNELL","MCLEOD, DOUGLAS",2026-06-17 14:32:02.000,2026-06-17 14:35:15.000,2026-06-17 14:32:42.000,40,38,2,2026-06-17 22:34:39.533,28917,28917,0,2026-06-17 14:35:33.000,211,209,2,2026-06-17 22:34:39.603,28957,28957,0,2026-06-17 22:34:39.603,0,0,0,NULL,NULL,-9999,NULL,2026-06-17 22:39:21.627,2026-06-17 22:39:21.627,0,NULL,2026-06-17 22:39:21.653,29239,29239,0,RE-Report
26-048947,2026-06-17 14:34:51.000,25,WED,17,14,A,DAY,LATE,POLICE,ADMINISTRATIVE TASK,2,OFFICER,"LEWIS, LESLIE","LEWIS, LESLIE",2026-06-17 14:34:50.000,NULL,2026-06-17 14:35:00.000,10,9,1,2026-06-17 14:35:06.137,6,6,0,2026-06-17 14:35:09.000,19,18,1,2026-06-17 14:35:06.177,16,16,0,2026-06-17 14:35:06.177,0,0,0,NULL,NULL,-9999,NULL,2026-06-17 15:07:55.390,2026-06-17 15:07:55.390,0,NULL,2026-06-17 15:07:55.527,1985,1985,0,NR-No Report
26-048948,2026-06-17 14:40:29.000,25,WED,17,14,A,DAY,LATE,POLICE,ASSIST CITIZEN PROMPT,3,Phone,"VALENTIN, EMERITA","LEWIS, LESLIE",2026-06-17 14:40:27.000,2026-06-17 14:44:32.000,2026-06-17 14:43:28.000,181,179,2,2026-06-17 14:44:46.290,78,78,0,2026-06-17 14:55:04.000,877,875,2,2026-06-17 14:44:50.200,259,259,0,2026-06-17 14:44:50.200,4,3,1,2026-06-17 14:49:36.717,286,286,0,2026-06-17 15:23:04.563,2026-06-17 15:23:04.563,0,NULL,2026-06-17 15:23:04.623,2557,2557,0,NR-No Report
26-048949,2026-06-17 14:45:53.000,25,WED,17,14,A,DAY,LATE,POLICE,TRAFFIC STOP,2,OFFICER,"TRAPERO, HUMBERTO A",NULL,2026-06-17 14:45:53.000,2026-06-17 14:45:58.000,2026-06-17 14:45:53.000,0,1,-1,2026-06-17 14:45:53.000,0,0,0,2026-06-17 14:45:53.000,0,NULL,0,2026-06-17 14:45:53.000,0,0,0,2026-06-17 14:45:53.000,0,0,0,2026-06-17 14:45:53.000,0,0,0,2026-06-17 14:49:45.127,2026-06-17 14:49:45.127,0,NULL,2026-06-17 14:49:45.187,232,232,0,CI-Citation
26-048951,2026-06-17 14:45:56.000,25,WED,17,14,A,DAY,LATE,POLICE,ASSIST OUTSIDE AGENCY,3,VCIN,"CRUZ, STEPHANIE","LEWIS, LESLIE",2026-06-17 14:45:54.000,2026-06-17 14:49:20.000,2026-06-17 14:49:04.000,190,188,2,2026-06-17 15:01:21.353,737,737,0,2026-06-17 14:52:48.000,414,412,2,2026-06-17 15:01:21.440,927,927,0,2026-06-17 15:01:21.440,0,0,0,NULL,NULL,-9999,NULL,2026-06-17 15:20:42.100,2026-06-17 15:20:42.100,0,NULL,2026-06-17 15:20:42.530,2088,2088,0,NR-No Report
26-048950,2026-06-17 14:46:54.000,25,WED,17,14,A,DAY,LATE,POLICE,PARKING COMPLAINT,4,OFFICER,"DEWBERRY, RE'KEYA",NULL,2026-06-17 14:46:53.000,NULL,2026-06-17 14:47:19.000,26,25,1,2026-06-17 14:50:42.883,203,203,0,2026-06-17 14:47:19.000,26,NULL,26,2026-06-17 14:50:42.883,229,229,0,2026-06-17 14:50:42.883,0,-9999,9999,2026-06-17 14:56:22.213,340,339,1,2026-06-17 14:58:41.680,2026-06-17 14:58:41.680,0,NULL,2026-06-17 14:58:42.443,708,708,0,NR-No Report
26-048952,2026-06-17 14:53:18.000,25,WED,17,14,A,DAY,LATE,POLICE,RUNAWAY IN PROG,2,Phone,"PICKERAL, LAUREN",NULL,2026-06-17 14:53:18.000,2026-06-17 14:54:11.000,2026-06-17 14:53:33.000,15,15,0,2026-06-17 15:18:40.750,1507,1507,0,2026-06-17 14:56:54.000,216,216,0,2026-06-17 15:18:46.507,1522,1522,0,2026-06-17 15:18:46.507,6,5,1,2026-06-17 15:55:21.173,2195,2194,1,2026-06-17 19:17:34.003,2026-06-17 19:17:34.003,0,NULL,2026-06-17 19:17:34.053,15856,15856,0,RE-Report
26-048953,2026-06-17 14:54:28.000,25,WED,17,14,A,DAY,LATE,POLICE,TRAFFIC STOP,2,OFFICER,"TRAPERO, HUMBERTO A",NULL,2026-06-17 14:54:28.000,2026-06-17 14:54:36.000,2026-06-17 14:54:28.000,0,1,-1,2026-06-17 14:54:28.000,0,0,0,2026-06-17 14:54:28.000,0,NULL,0,2026-06-17 14:54:28.000,0,0,0,2026-06-17 14:54:28.000,0,0,0,2026-06-17 14:54:28.000,0,0,0,2026-06-17 14:59:47.787,2026-06-17 14:59:47.787,0,NULL,2026-06-17 14:59:47.803,319,319,0,CI-Citation
26-048954,2026-06-17 15:02:14.000,25,WED,17,15,A,DAY,LATE,POLICE,OFF DUTY DETAIL,8,OFFICER,"CAN, REYHAN",NULL,2026-06-17 15:02:14.000,NULL,2026-06-17 15:02:14.000,0,1,-1,2026-06-17 15:02:14.000,0,0,0,2026-06-17 15:02:14.000,0,NULL,0,2026-06-17 15:02:14.000,0,0,0,2026-06-17 15:02:14.000,0,0,0,2026-06-17 15:02:14.000,0,0,0,2026-06-17 20:02:24.473,2026-06-17 20:02:24.473,0,NULL,2026-06-17 20:02:24.570,18010,18010,0,NR-No Report
26-048955,2026-06-17 15:03:58.000,25,WED,17,15,A,DAY,LATE,POLICE,TRAFFIC STOP,2,OFFICER,"TRAPERO, HUMBERTO A",NULL,2026-06-17 15:03:58.000,NULL,2026-06-17 15:03:58.000,0,1,-1,2026-06-17 15:03:58.000,0,0,0,2026-06-17 15:03:58.000,0,NULL,0,2026-06-17 15:03:58.000,0,0,0,2026-06-17 15:03:58.000,0,0,0,2026-06-17 15:03:58.000,0,0,0,2026-06-17 15:08:02.083,2026-06-17 15:08:02.083,0,NULL,2026-06-17 15:08:02.170,244,244,0,CI-Citation
26-048956,2026-06-17 15:06:08.000,25,WED,17,15,A,DAY,LATE,POLICE,PUBLIC SERVICE MULTI OFFICER,2,Phone,"PICKERAL, LAUREN","LEWIS, LESLIE",2026-06-17 15:06:07.000,2026-06-17 15:07:52.000,2026-06-17 15:06:34.000,27,26,1,2026-06-17 15:16:51.757,617,617,0,2026-06-17 15:09:38.000,211,210,1,2026-06-17 15:16:53.743,644,644,0,2026-06-17 15:16:53.743,2,1,1,2026-06-17 15:23:44.030,411,410,1,2026-06-17 15:17:44.987,2026-06-17 15:37:52.670,0,NULL,2026-06-17 15:37:52.837,1905,1905,0,NR-No Report
26-048957,2026-06-17 15:08:01.000,25,WED,17,15,A,DAY,LATE,POLICE,MVC PROPERTY DAMAGE,2,Phone,"ANDERSON, MARILYN",NULL,2026-06-17 15:07:59.000,2026-06-17 15:08:50.000,2026-06-17 15:08:36.000,37,35,2,2026-06-17 15:10:23.700,107,107,0,2026-06-17 15:09:27.000,88,86,2,2026-06-17 15:10:23.757,144,144,0,2026-06-17 15:10:23.757,0,0,0,2026-06-17 15:11:23.860,60,60,0,2026-06-17 15:11:56.777,2026-06-17 15:52:47.823,0,NULL,2026-06-17 15:52:47.877,2688,2688,0,NR-No Report
26-048961,2026-06-17 15:18:29.000,25,WED,17,15,A,DAY,LATE,POLICE,CREDIT CARD FRAUD DELAY,4,Phone,"PICKERAL, LAUREN","DEWBERRY, RE'KEYA",2026-06-17 15:18:29.000,2026-06-17 15:19:33.000,2026-06-17 15:19:13.000,44,44,0,2026-06-17 16:22:17.117,3784,3784,0,2026-06-17 15:20:29.000,120,120,0,2026-06-17 16:22:59.607,3828,3828,0,2026-06-17 16:22:59.607,42,42,0,2026-06-17 16:28:46.317,347,346,1,2026-06-17 18:12:07.187,2026-06-17 18:12:07.187,0,NULL,2026-06-17 18:12:07.257,10418,10418,0,RE-Report
26-048962,2026-06-17 15:22:43.000,25,WED,17,15,A,DAY,LATE,POLICE,TRAFFIC STOP,2,OFFICER,"LEWIS, LESLIE","LEWIS, LESLIE",2026-06-17 15:22:43.000,2026-06-17 15:22:48.000,2026-06-17 15:22:43.000,0,0,0,2026-06-17 15:22:43.000,0,0,0,2026-06-17 15:22:43.000,0,0,0,2026-06-17 15:22:57.457,0,0,0,2026-06-17 15:22:43.000,0,0,0,2026-06-17 15:22:43.000,0,0,0,2026-06-17 16:15:50.533,2026-06-17 16:19:04.430,0,NULL,2026-06-17 16:19:04.440,3381,3381,0,CI-Citation
26-048963,2026-06-17 15:27:12.000,25,WED,17,15,A,DAY,LATE,POLICE,ANIMAL COMPLAINT,4,Flag Down,"LEWIS, LESLIE","LEWIS, LESLIE",2026-06-17 15:27:11.000,2026-06-17 16:01:00.000,2026-06-17 15:27:32.000,21,20,1,2026-06-17 15:27:38.237,6,6,0,2026-06-17 15:27:41.000,30,29,1,2026-06-17 15:27:38.283,27,27,0,2026-06-17 15:27:38.283,0,0,0,2026-06-17 15:27:38.307,0,0,0,2026-06-17 16:21:58.977,2026-06-17 16:21:58.977,0,NULL,2026-06-17 16:21:59.020,3287,3287,0,ACONR-Animal Control No Report
26-048964,2026-06-17 15:31:25.000,25,WED,17,15,A,DAY,LATE,POLICE,TRAFFIC STOP,2,OFFICER,"KOLODZINSKI, LISA A",NULL,2026-06-17 15:31:25.000,NULL,2026-06-17 15:31:25.000,0,1,-1,2026-06-17 15:31:25.000,0,0,0,2026-06-17 15:31:25.000,0,NULL,0,2026-06-17 15:31:25.000,0,0,0,2026-06-17 15:31:25.000,0,0,0,2026-06-17 15:31:25.000,0,0,0,2026-06-17 15:36:17.303,2026-06-17 15:36:17.303,0,NULL,2026-06-17 15:36:17.410,292,292,0,NR-No Report
26-048965,2026-06-17 15:32:58.000,25,WED,17,15,A,DAY,LATE,POLICE,ANIMAL SICK-INJURED,2,Phone,"VALENTIN, EMERITA","FOSTER, KANESHA",2026-06-17 15:32:56.000,2026-06-17 15:34:17.503,2026-06-17 15:33:25.000,29,27,2,2026-06-17 15:34:17.423,52,52,0,2026-06-17 15:33:59.000,63,61,2,2026-06-17 15:44:11.817,81,81,0,2026-06-17 15:44:11.817,594,594,0,NULL,NULL,-9999,NULL,NULL,2026-06-17 16:00:53.000,0,NULL,NULL,1677,1677,0,ACOR-Animal Control Report
26-015029,2026-06-17 15:39:34.000,25,WED,17,15,A,DAY,LATE,EMS,TROUBLE BREATHING ALS 1,1,E-911,"WILLIAMS, DARNELL",Automatic Dispatch,2026-06-17 15:39:33.000,2026-06-17 15:40:59.000,2026-06-17 15:40:04.000,31,30,1,2026-06-17 15:40:06.760,2,2,0,2026-06-17 15:42:18.000,165,164,1,2026-06-17 15:40:53.020,33,33,0,2026-06-17 15:40:53.020,47,46,1,2026-06-17 15:45:38.217,285,285,0,2026-06-17 15:55:20.953,2026-06-17 16:59:51.010,0,NULL,2026-06-17 16:59:51.117,4818,4818,0,UNDEFINED
26-015031,2026-06-17 15:41:19.000,25,WED,17,15,A,DAY,LATE,EMS,UNKNOWN MEDICAL ALS 1,1,E-911,"JONES, DAESHA","GOODWIN, SHEENA",2026-06-17 15:41:19.000,2026-06-17 15:46:32.000,2026-06-17 15:46:08.000,289,289,0,2026-06-17 15:46:10.870,2,2,0,2026-06-17 15:47:07.000,348,348,0,2026-06-17 15:47:24.407,291,291,0,2026-06-17 15:47:24.407,74,73,1,NULL,NULL,-9999,NULL,2026-06-17 15:52:21.493,2026-06-17 16:07:48.183,0,NULL,2026-06-17 16:07:48.270,1589,1589,0,UNDEFINED
26-015030,2026-06-17 15:41:57.000,25,WED,17,15,A,DAY,LATE,EMS,MUTUAL ALS,1,CAD2CAD,"GOODWIN, SHEENA","GOODWIN, SHEENA",2026-06-17 15:41:55.000,2026-06-17 15:44:07.553,2026-06-17 15:43:56.000,121,119,2,2026-06-17 15:44:07.497,11,11,0,2026-06-17 15:45:43.000,228,226,2,2026-06-17 15:45:43.417,132,132,0,2026-06-17 15:45:43.417,96,95,1,NULL,NULL,-9999,NULL,2026-06-17 15:53:48.033,2026-06-17 15:53:48.033,0,NULL,2026-06-17 15:53:48.187,713,713,0,UNDEFINED
26-015032,2026-06-17 15:46:40.000,25,WED,17,15,A,DAY,LATE,FIRE,L.A.R. SECONDARY RESPONSE,2,E-911,"GOODWIN, SHEENA",Automatic Dispatch,2026-06-17 15:46:38.000,2026-06-17 15:57:27.000,2026-06-17 15:47:34.000,56,54,2,2026-06-17 15:47:36.627,2,2,0,2026-06-17 15:47:52.000,74,72,2,2026-06-17 15:49:07.063,58,58,0,2026-06-17 15:49:07.063,91,90,1,NULL,NULL,-9999,NULL,2026-06-17 16:07:48.737,2026-06-17 16:08:20.440,0,NULL,2026-06-17 16:08:20.487,1302,1302,0,CAD2CAD
26-048969,2026-06-17 15:47:07.000,25,WED,17,15,A,DAY,LATE,POLICE,DISORDERLY CONDUCT,2,E-911,"ANDERSON, MARILYN","LEWIS, LESLIE",2026-06-17 15:47:07.000,2026-06-17 15:51:49.000,2026-06-17 15:50:30.000,203,203,0,2026-06-17 15:51:56.610,86,86,0,2026-06-17 15:52:12.000,305,305,0,2026-06-17 15:51:59.047,289,289,0,2026-06-17 15:51:59.047,3,2,1,2026-06-17 15:53:32.420,93,93,0,2026-06-17 16:00:36.007,2026-06-17 16:13:08.510,0,NULL,2026-06-17 16:13:08.553,1561,1561,0,NR-No Report
26-048970,2026-06-17 15:52:13.000,25,WED,17,15,A,DAY,LATE,POLICE,ANIMAL COMPLAINT,4,Phone,"JONES, DAESHA","LEWIS, LESLIE",2026-06-17 15:52:11.000,2026-06-17 15:53:44.507,2026-06-17 15:52:50.000,39,37,2,2026-06-17 15:53:44.460,54,54,0,2026-06-17 15:52:50.000,39,NULL,39,2026-06-17 15:54:10.620,93,93,0,2026-06-17 15:54:10.620,26,26,0,2026-06-17 15:54:17.673,7,7,0,2026-06-17 15:55:04.283,2026-06-17 15:55:04.283,0,NULL,2026-06-17 15:55:04.327,173,173,0,ACOR-Animal Control Report
26-048971,2026-06-17 15:56:41.000,25,WED,17,15,A,DAY,LATE,POLICE,TRAFFIC STOP,2,OFFICER,"LEWIS, LESLIE","LEWIS, LESLIE",2026-06-17 15:56:41.000,NULL,2026-06-17 15:56:41.000,0,0,0,2026-06-17 15:56:41.000,0,0,0,2026-06-17 15:56:41.000,0,0,0,2026-06-17 15:56:57.447,0,0,0,2026-06-17 15:56:41.000,0,0,0,2026-06-17 15:56:41.000,0,0,0,2026-06-17 16:08:07.257,2026-06-17 16:08:16.927,0,NULL,2026-06-17 16:08:16.943,695,695,0,NR-No Report
26-048973,2026-06-17 15:57:13.000,25,WED,17,15,A,DAY,LATE,POLICE,MVC PROPERTY DAMAGE,2,E-911,"WILLIAMS, DARNELL","LEWIS, LESLIE",2026-06-17 15:57:13.000,2026-06-17 15:58:57.000,2026-06-17 15:58:09.000,56,56,0,2026-06-17 15:59:22.193,73,73,0,2026-06-17 15:59:33.000,140,140,0,2026-06-17 15:59:22.247,129,129,0,2026-06-17 15:59:22.247,0,0,0,NULL,NULL,-9999,NULL,2026-06-17 15:59:50.220,2026-06-17 15:59:50.220,0,NULL,2026-06-17 15:59:50.267,157,157,0,CN-Cancellation
26-048972,2026-06-17 15:57:42.000,25,WED,17,15,A,DAY,LATE,POLICE,OFF DUTY DETAIL,8,OFFICER,"RICHARDS, JOSHUA L",NULL,2026-06-17 15:57:42.000,2026-06-17 18:25:34.000,2026-06-17 15:57:42.000,0,0,0,2026-06-17 15:57:42.000,0,0,0,2026-06-17 15:57:42.000,0,NULL,0,2026-06-17 15:57:42.000,0,0,0,2026-06-17 15:57:42.000,0,0,0,2026-06-17 15:57:42.000,0,0,0,2026-06-17 20:11:33.443,2026-06-18 00:07:20.993,0,NULL,2026-06-18 00:07:21.017,29378,29378,0,NR-No Report
26-048974,2026-06-17 16:00:00.000,25,WED,17,16,A,DAY,LATE,POLICE,TRAFFIC STOP,2,OFFICER,"HENRY, CHELSEA E",NULL,2026-06-17 16:00:00.000,2026-06-17 16:00:07.000,2026-06-17 16:00:00.000,0,2,-2,2026-06-17 16:00:00.000,0,0,0,2026-06-17 16:00:00.000,0,NULL,0,2026-06-17 16:00:00.000,0,0,0,2026-06-17 16:00:00.000,0,0,0,2026-06-17 16:00:00.000,0,0,0,2026-06-17 16:08:21.010,2026-06-17 16:08:21.010,0,NULL,2026-06-17 16:08:21.067,501,501,0,NR-No Report
26-048975,2026-06-17 16:04:38.000,25,WED,17,16,A,DAY,LATE,POLICE,FLAG DOWN,2,OFFICER,"WALSH, BENJAMIN J",NULL,2026-06-17 16:04:38.000,NULL,2026-06-17 16:04:38.000,0,1,-1,2026-06-17 16:04:38.000,0,0,0,2026-06-17 16:04:38.000,0,NULL,0,2026-06-17 16:04:38.000,0,0,0,2026-06-17 16:04:38.000,0,0,0,2026-06-17 16:04:38.000,0,0,0,2026-06-17 16:04:45.187,2026-06-17 16:04:45.187,0,NULL,2026-06-17 16:04:45.253,7,7,0,NR-No Report
26-048976,2026-06-17 16:09:50.000,25,WED,17,16,A,DAY,LATE,POLICE,MVC PROPERTY DAMAGE,2,E-911,"VALENTIN, EMERITA",NULL,2026-06-17 16:09:48.000,2026-06-17 16:10:41.000,2026-06-17 16:10:30.000,42,40,2,2026-06-17 16:11:48.243,78,78,0,2026-06-17 16:18:29.000,521,519,2,2026-06-17 16:11:48.243,120,120,0,2026-06-17 16:11:48.243,0,-9999,9999,2026-06-17 16:33:35.377,1307,1307,0,2026-06-17 18:11:25.547,2026-06-17 18:11:25.547,0,NULL,2026-06-17 18:11:25.583,7297,7297,0,NR-No Report
26-015033,2026-06-17 16:10:16.000,25,WED,17,16,A,DAY,LATE,FIRE,INVESTIGATION,3,Radio,"GOODWIN, SHEENA","GOODWIN, SHEENA",2026-06-17 16:10:16.000,2026-06-17 16:10:20.000,2026-06-17 16:10:16.000,0,0,0,2026-06-17 16:10:16.000,0,0,0,2026-06-17 16:10:16.000,0,0,0,2026-06-17 16:12:28.933,0,0,0,2026-06-17 16:10:16.000,0,0,0,2026-06-17 16:10:16.000,0,0,0,2026-06-17 16:28:27.020,2026-06-17 16:33:31.403,0,NULL,2026-06-17 16:33:31.443,1395,1395,0,UNDEFINED
26-048977,2026-06-17 16:12:50.000,25,WED,17,16,A,DAY,LATE,POLICE,DISABLED MOTORIST,2,E-911,"WILLIAMS, DARNELL","DEWBERRY, RE'KEYA",2026-06-17 16:12:50.000,NULL,2026-06-17 16:13:22.000,32,32,0,2026-06-17 16:16:12.287,170,170,0,2026-06-17 16:15:13.000,143,143,0,2026-06-17 16:16:22.523,202,202,0,2026-06-17 16:16:22.523,10,10,0,2026-06-17 16:26:25.043,603,602,1,2026-06-17 16:29:27.023,2026-06-17 16:29:27.023,0,NULL,2026-06-17 16:29:27.067,997,997,0,NR-No Report
26-048978,2026-06-17 16:16:06.000,25,WED,17,16,A,DAY,LATE,POLICE,TRAFFIC STOP,2,OFFICER,"HENRY, CHELSEA E",NULL,2026-06-17 16:16:06.000,2026-06-17 16:16:17.000,2026-06-17 16:16:06.000,0,1,-1,2026-06-17 16:16:06.000,0,0,0,2026-06-17 16:16:06.000,0,NULL,0,2026-06-17 16:16:06.000,0,0,0,2026-06-17 16:16:06.000,0,0,0,2026-06-17 16:16:06.000,0,0,0,2026-06-17 16:22:29.630,2026-06-17 16:22:29.630,0,NULL,2026-06-17 16:22:29.687,383,383,0,NR-No Report
26-048980,2026-06-17 16:21:11.000,25,WED,17,16,A,DAY,LATE,POLICE,HAZARD,3,Phone,"ANDERSON, MARILYN",NULL,2026-06-17 16:21:09.000,2026-06-17 16:35:50.000,2026-06-17 16:23:29.000,140,138,2,2026-06-17 16:27:09.417,220,220,0,2026-06-17 16:24:09.000,180,178,2,2026-06-17 16:27:11.567,360,360,0,2026-06-17 16:27:11.567,2,2,0,2026-06-17 16:39:40.300,749,748,1,2026-06-17 18:55:37.547,2026-06-17 18:55:37.547,0,NULL,2026-06-17 18:55:37.603,9268,9268,0,NR-No Report
26-048982,2026-06-17 16:28:59.000,25,WED,17,16,A,DAY,LATE,POLICE,TRAFFIC STOP,2,OFFICER,"TRAPERO, HUMBERTO A","DEWBERRY, RE'KEYA",2026-06-17 16:28:59.000,2026-06-17 16:29:06.000,2026-06-17 16:28:59.000,0,1,-1,2026-06-17 16:28:59.000,0,0,0,2026-06-17 16:28:59.000,0,NULL,0,2026-06-17 16:28:59.000,0,0,0,2026-06-17 16:28:59.000,0,0,0,2026-06-17 16:28:59.000,0,0,0,2026-06-17 17:01:29.590,2026-06-17 17:01:45.823,0,NULL,2026-06-17 17:01:45.917,1966,1966,0,CI-Citation
26-048984,2026-06-17 16:32:55.000,25,WED,17,16,A,DAY,LATE,POLICE,WALK IN HQ LOBBY,3,Phone,"VALENTIN, EMERITA","DEWBERRY, RE'KEYA",2026-06-17 16:32:53.000,2026-06-17 16:35:37.000,2026-06-17 16:34:28.000,95,93,2,2026-06-17 16:35:55.843,87,87,0,2026-06-17 16:35:50.000,177,175,2,2026-06-17 16:35:59.420,182,182,0,2026-06-17 16:35:59.420,4,3,1,NULL,NULL,-9999,NULL,2026-06-17 16:59:03.280,2026-06-17 16:59:03.280,0,NULL,2026-06-17 16:59:03.327,1570,1570,0,NR-No Report
26-015034,2026-06-17 16:35:42.573,25,WED,17,16,A,DAY,LATE,EMS,MUTUAL CPR,1,C2C,CAD to CAD Service 1,CAD to CAD Service 1,2026-06-17 16:31:35.000,NULL,2026-06-17 16:35:42.840,247,0,247,2026-06-17 16:35:42.887,0,0,0,NULL,NULL,NULL,NULL,2026-06-17 16:35:44.620,247,-9999,10246,2026-06-17 16:35:44.620,2,0,2,2026-06-17 16:38:12.233,148,147,1,2026-06-17 16:41:43.307,2026-06-17 17:57:08.343,0,NULL,2026-06-17 17:57:08.420,5133,5133,0,CAD2CAD
26-048985,2026-06-17 16:35:58.000,25,WED,17,16,A,DAY,LATE,POLICE,HAZARD,2,OFFICER,"WILLIAMS, DARNELL","DEWBERRY, RE'KEYA",2026-06-17 16:35:57.000,2026-06-17 16:36:21.000,2026-06-17 16:36:17.000,20,19,1,2026-06-17 16:41:17.720,300,300,0,2026-06-17 16:37:46.000,109,108,1,2026-06-17 16:41:28.953,320,320,0,2026-06-17 16:41:28.953,11,11,0,2026-06-17 16:53:46.570,738,737,1,2026-06-17 16:54:48.960,2026-06-17 16:54:48.960,0,NULL,2026-06-17 16:54:48.990,1131,1131,0,NR-No Report
26-048987,2026-06-17 16:41:10.000,25,WED,17,16,A,DAY,LATE,POLICE,PARKING COMPLAINT,4,Phone,"VALENTIN, EMERITA",NULL,2026-06-17 16:41:09.000,NULL,2026-06-17 16:41:28.000,19,18,1,2026-06-17 16:49:52.090,504,504,0,2026-06-17 16:45:41.000,272,271,1,2026-06-17 16:49:52.090,523,523,0,2026-06-17 16:49:52.090,0,-9999,9999,2026-06-17 17:01:32.103,700,700,0,2026-06-17 17:02:05.930,2026-06-17 17:02:05.930,0,NULL,2026-06-17 17:02:06.213,1256,1256,0,NR-No Report
26-015035,2026-06-17 16:45:47.037,25,WED,17,16,A,DAY,LATE,EMS,MUTUAL ALS,1,C2C,CAD to CAD Service 1,CAD to CAD Service 1,2026-06-17 16:43:28.000,NULL,2026-06-17 16:45:47.333,139,0,139,2026-06-17 16:45:47.380,0,0,0,NULL,NULL,NULL,NULL,2026-06-17 16:46:31.083,139,-9999,10138,2026-06-17 16:46:31.083,44,38,6,2026-06-17 16:51:23.297,292,292,0,2026-06-17 17:06:21.093,2026-06-17 17:54:57.723,0,NULL,2026-06-17 17:54:57.753,4289,4289,0,CAD2CAD
26-015036,2026-06-17 16:48:46.000,25,WED,17,16,A,DAY,LATE,EMS,FALL BLS,3,E-911,"ANDERSON, MARILYN","GOODWIN, SHEENA",2026-06-17 16:48:45.000,2026-06-17 16:50:01.000,2026-06-17 16:49:21.000,36,35,1,2026-06-17 16:49:23.093,2,2,0,2026-06-17 16:50:55.000,130,129,1,2026-06-17 16:50:23.783,38,38,0,2026-06-17 16:50:23.783,60,60,0,NULL,NULL,-9999,NULL,2026-06-17 16:55:08.170,2026-06-17 16:56:02.037,0,NULL,2026-06-17 16:56:02.070,437,437,0,UNDEFINED
26-015037,2026-06-17 16:54:03.000,25,WED,17,16,A,DAY,LATE,EMS,SEIZURE ALS 1,1,E-911,"ANDERSON, MARILYN",Automatic Dispatch,2026-06-17 16:54:03.000,2026-06-17 16:55:16.000,2026-06-17 16:54:20.000,17,17,0,2026-06-17 16:54:22.223,2,2,0,2026-06-17 16:56:35.000,152,152,0,2026-06-17 16:54:50.180,19,19,0,2026-06-17 16:54:50.180,28,27,1,2026-06-17 17:00:50.403,360,360,0,2026-06-17 16:59:03.873,2026-06-17 19:59:04.327,0,NULL,2026-06-17 19:59:04.383,11101,11101,0,UNDEFINED
26-048989,2026-06-17 16:56:11.000,25,WED,17,16,A,DAY,LATE,POLICE,DISORDERLY CONDUCT,2,Phone,"PICKERAL, LAUREN","DEWBERRY, RE'KEYA",2026-06-17 16:56:11.000,2026-06-17 16:58:22.000,2026-06-17 16:56:44.000,33,33,0,2026-06-17 16:58:29.153,105,105,0,2026-06-17 16:57:06.000,55,55,0,2026-06-17 16:58:32.053,138,138,0,2026-06-17 16:58:32.053,3,2,1,2026-06-17 17:07:34.593,542,542,0,2026-06-17 17:09:58.690,2026-06-17 17:11:23.297,0,NULL,2026-06-17 17:11:23.353,912,912,0,NR-No Report
26-048991,2026-06-17 16:56:28.000,25,WED,17,16,A,DAY,LATE,POLICE,ASSIST CITIZEN PROMPT,3,Phone,"VALENTIN, EMERITA","DEWBERRY, RE'KEYA",2026-06-17 16:56:26.000,2026-06-17 16:59:11.000,2026-06-17 16:58:26.000,120,118,2,2026-06-17 17:04:49.470,383,383,0,2026-06-17 17:08:59.000,753,751,2,2026-06-17 17:04:59.283,503,503,0,2026-06-17 17:04:59.283,10,9,1,2026-06-17 17:24:04.850,1145,1145,0,2026-06-17 18:37:02.763,2026-06-17 18:37:02.763,0,NULL,2026-06-17 18:37:02.843,6036,6036,0,NR-No Report
26-015038,2026-06-17 16:57:14.000,25,WED,17,16,A,DAY,LATE,EMS,TROUBLE BREATHING ALS 1,1,E-911,"WILLIAMS, DARNELL","GOODWIN, SHEENA",2026-06-17 16:57:14.000,2026-06-17 16:58:45.000,2026-06-17 16:58:12.000,58,58,0,2026-06-17 16:58:14.547,2,2,0,2026-06-17 17:00:17.000,183,183,0,2026-06-17 16:59:46.113,60,60,0,2026-06-17 16:59:46.113,92,44,48,2026-06-17 17:06:57.653,431,431,0,2026-06-17 17:02:14.180,2026-06-17 18:25:14.083,0,NULL,2026-06-17 18:25:14.117,5280,5280,0,CAD2CAD
26-015039,2026-06-17 16:58:23.000,25,WED,17,16,A,DAY,LATE,EMS,ALTERED LOC ALS 1,1,E-911,"LEWIS, LESLIE","GOODWIN, SHEENA",2026-06-17 16:58:23.000,2026-06-17 17:00:02.000,2026-06-17 16:59:22.000,59,59,0,2026-06-17 16:59:24.867,2,2,0,2026-06-17 17:00:08.000,105,105,0,2026-06-17 17:00:56.283,61,61,0,2026-06-17 17:00:56.283,92,0,92,2026-06-17 17:03:20.600,144,144,0,2026-06-17 16:59:48.897,2026-06-17 18:23:35.253,0,NULL,2026-06-17 18:23:35.370,5112,5112,0,UNDEFINED
26-048994,2026-06-17 17:01:49.000,25,WED,17,17,A,DAY,LATE,POLICE,TRAFFIC STOP,2,OFFICER,"MAYNARD, BRUCE S",NULL,2026-06-17 17:01:49.000,2026-06-17 17:01:58.000,2026-06-17 17:01:49.000,0,1,-1,2026-06-17 17:01:49.000,0,0,0,2026-06-17 17:01:49.000,0,NULL,0,2026-06-17 17:01:49.000,0,0,0,2026-06-17 17:01:49.000,0,0,0,2026-06-17 17:01:49.000,0,0,0,2026-06-17 17:10:38.000,2026-06-17 17:10:38.000,0,NULL,2026-06-17 17:10:38.033,529,528,1,NR-No Report
26-048995,2026-06-17 17:09:07.000,25,WED,17,17,A,DAY,LATE,POLICE,MENTAL HEALTH CASE,2,Phone,"VALENTIN, EMERITA",NULL,2026-06-17 17:09:05.000,2026-06-17 17:10:00.000,2026-06-17 17:09:50.000,45,43,2,2026-06-17 17:10:46.450,56,56,0,2026-06-17 17:11:05.000,120,118,2,2026-06-17 17:10:52.823,101,101,0,2026-06-17 17:10:52.823,6,6,0,2026-06-17 17:24:36.270,824,823,1,2026-06-17 23:50:28.963,2026-06-19 17:38:23.960,0,NULL,2026-06-19 17:38:24.017,174558,1758,172800,RE-Report
26-048996,2026-06-17 17:11:47.000,25,WED,17,17,A,DAY,LATE,POLICE,TRAFFIC STOP,2,OFFICER,"TRAPERO, HUMBERTO A",NULL,2026-06-17 17:11:47.000,2026-06-17 17:12:00.000,2026-06-17 17:11:47.000,0,1,-1,2026-06-17 17:11:47.000,0,0,0,2026-06-17 17:11:47.000,0,NULL,0,2026-06-17 17:11:47.000,0,0,0,2026-06-17 17:11:47.000,0,0,0,2026-06-17 17:11:47.000,0,0,0,2026-06-17 17:20:52.827,2026-06-17 17:20:52.827,0,NULL,2026-06-17 17:20:53.163,545,545,0,CI-Citation
26-015040,2026-06-17 17:13:10.000,25,WED,17,17,A,DAY,LATE,FIRE,OUTSIDE FIRE,3,E-911,"LEWIS, LESLIE","GOODWIN, SHEENA",2026-06-17 17:13:10.000,2026-06-17 17:15:18.000,2026-06-17 17:14:48.000,98,98,0,2026-06-17 17:14:50.123,2,2,0,2026-06-17 17:22:07.000,537,537,0,2026-06-17 17:15:48.063,100,100,0,2026-06-17 17:15:48.063,58,57,1,NULL,NULL,-9999,NULL,2026-06-17 17:16:44.183,2026-06-17 17:23:19.870,0,NULL,2026-06-17 17:23:20.130,609,609,0,UNDEFINED
26-048999,2026-06-17 17:17:52.000,25,WED,17,17,A,DAY,LATE,POLICE,MVC PROPERTY DAMAGE,2,E-911,"ANDERSON, MARILYN","DEWBERRY, RE'KEYA",2026-06-17 17:17:52.000,2026-06-17 17:21:10.000,2026-06-17 17:20:19.000,147,147,0,2026-06-17 17:21:07.977,48,48,0,2026-06-17 17:21:05.000,193,193,0,2026-06-17 17:21:12.397,195,195,0,2026-06-17 17:21:12.397,5,4,1,2026-06-17 17:29:33.293,501,500,1,2026-06-17 18:02:06.883,2026-06-17 18:02:06.883,0,NULL,2026-06-17 18:02:06.947,2654,2654,0,NR-No Report
26-015041,2026-06-17 17:18:03.000,25,WED,17,17,A,DAY,LATE,EMS,ABDOMINAL PAIN BLS,1,E-911,"LEWIS, LESLIE","GOODWIN, SHEENA",2026-06-17 17:18:03.000,2026-06-17 17:22:13.000,2026-06-17 17:21:45.000,222,222,0,2026-06-17 17:21:47.167,2,2,0,2026-06-17 17:22:04.000,241,241,0,2026-06-17 17:22:58.963,224,224,0,2026-06-17 17:22:58.963,71,71,0,2026-06-17 17:30:01.647,423,422,1,2026-06-17 17:46:25.807,2026-06-17 20:02:12.000,0,NULL,NULL,9849,9849,0,CNOP-Canceled by Dispatcher
26-049000,2026-06-17 17:23:20.000,25,WED,17,17,A,DAY,LATE,POLICE,ANIMAL SICK-INJURED,2,Phone,"WILLIAMS, DARNELL","FOSTER, KANESHA",2026-06-17 17:23:18.000,2026-06-17 17:26:31.000,2026-06-17 17:25:12.000,114,112,2,2026-06-17 17:28:34.903,202,202,0,2026-06-17 17:28:09.000,291,289,2,2026-06-17 17:28:34.953,316,316,0,2026-06-17 17:28:34.953,0,0,0,2026-06-17 17:28:34.973,0,0,0,NULL,2026-06-17 17:28:41.000,0,NULL,NULL,323,323,0,ACOR-Animal Control Report
26-015042,2026-06-17 17:26:09.000,25,WED,17,17,A,DAY,LATE,FIRE,FIRE ALARM,3,Phone,"FOSTER, KANESHA",Automatic Dispatch,2026-06-17 17:26:09.000,2026-06-17 17:26:45.000,2026-06-17 17:26:29.000,20,20,0,2026-06-17 17:26:30.997,1,1,0,2026-06-17 17:26:56.000,47,47,0,2026-06-17 17:26:41.597,21,21,0,2026-06-17 17:26:41.597,11,10,1,2026-06-17 17:30:24.497,223,222,1,2026-06-17 17:45:30.923,2026-06-17 17:45:30.923,0,NULL,2026-06-17 17:45:31.117,1161,1161,0,UNDEFINED
26-049004,2026-06-17 17:27:49.000,25,WED,17,17,A,DAY,LATE,POLICE,GLA DELAY,4,Phone,"LEWIS, LESLIE",NULL,2026-06-17 17:27:47.000,2026-06-18 05:33:51.000,2026-06-17 17:31:43.000,236,234,2,2026-06-17 23:28:00.180,21377,21377,0,2026-06-17 17:31:45.000,238,236,2,2026-06-17 23:28:03.593,21613,21613,0,2026-06-17 23:28:03.593,3,3,0,2026-06-17 23:38:35.010,632,631,1,2026-06-18 09:25:17.687,2026-06-18 00:00:57.000,1,2026-06-18 05:29:38.663,2026-06-18 09:25:17.753,23590,57450,-33860,NR-No Report
26-049001,2026-06-17 17:28:23.000,25,WED,17,17,A,DAY,LATE,POLICE,ALARM COMMERCIAL,1,Phone,"WILLIAMS, DARNELL","DEWBERRY, RE'KEYA",2026-06-17 17:28:22.000,2026-06-17 17:28:49.000,2026-06-17 17:28:48.000,26,25,1,2026-06-17 17:30:26.487,98,98,0,2026-06-17 17:30:34.000,132,131,1,2026-06-17 17:30:28.070,124,124,0,2026-06-17 17:30:28.070,2,1,1,2026-06-17 17:32:24.823,116,116,0,2026-06-17 17:35:50.497,2026-06-17 17:36:20.820,0,NULL,2026-06-17 17:36:20.873,478,478,0,FALSE-False Alarm
26-049006,2026-06-17 17:32:19.000,25,WED,17,17,A,DAY,LATE,POLICE,ASSIST CITIZEN PROMPT,3,E-911,"WILLIAMS, DARNELL","WALKER, LATITIA",2026-06-17 17:32:19.000,2026-06-17 17:35:33.000,2026-06-17 17:33:02.000,43,43,0,2026-06-17 18:22:55.477,2993,2993,0,2026-06-17 17:35:31.000,192,192,0,2026-06-17 18:23:04.247,3036,3036,0,2026-06-17 18:23:04.247,9,8,1,2026-06-17 18:30:26.990,442,442,0,2026-06-17 18:53:30.540,2026-06-17 18:55:11.143,0,NULL,2026-06-17 18:55:11.197,4972,4972,0,NR-No Report
26-049007,2026-06-17 17:33:45.000,25,WED,17,17,A,DAY,LATE,POLICE,WARRANT SERVICE,2,Radio,"DEWBERRY, RE'KEYA",NULL,2026-06-17 17:33:44.000,2026-06-17 17:40:13.000,2026-06-17 17:33:57.000,13,12,1,2026-06-17 17:34:03.733,6,6,0,2026-06-17 17:34:54.000,70,69,1,2026-06-17 17:34:03.780,19,19,0,2026-06-17 17:34:03.780,0,0,0,2026-06-17 17:34:18.577,15,14,1,2026-06-17 18:23:15.483,2026-06-17 20:33:26.660,0,NULL,2026-06-17 20:33:26.710,10782,10782,0,RE-Report
26-049009,2026-06-17 17:39:01.000,25,WED,17,17,A,DAY,LATE,POLICE,DRUG COMPLAINT DELAY,3,Phone,"LEWIS, LESLIE","WALKER, LATITIA",2026-06-17 17:38:59.000,2026-06-17 17:59:54.000,2026-06-17 17:40:42.000,103,101,2,2026-06-17 18:01:21.157,1239,1239,0,2026-06-17 17:40:43.000,104,102,2,2026-06-17 18:01:23.303,1342,1342,0,2026-06-17 18:01:23.303,2,2,0,2026-06-17 18:08:02.940,399,399,0,2026-06-17 18:13:03.107,2026-06-17 18:14:19.307,0,NULL,2026-06-17 18:14:19.373,2120,2120,0,NR-No Report
26-049010,2026-06-17 17:43:20.000,25,WED,17,17,A,DAY,LATE,POLICE,TRAFFIC STOP,2,OFFICER,"TRAPERO, HUMBERTO A",NULL,2026-06-17 17:43:20.000,2026-06-17 17:43:30.000,2026-06-17 17:43:20.000,0,1,-1,2026-06-17 17:43:20.000,0,0,0,2026-06-17 17:43:20.000,0,NULL,0,2026-06-17 17:43:20.000,0,0,0,2026-06-17 17:43:20.000,0,0,0,2026-06-17 17:43:20.000,0,0,0,2026-06-17 17:47:08.773,2026-06-17 17:47:08.773,0,NULL,2026-06-17 17:47:08.813,228,228,0,CI-Citation
26-015043,2026-06-17 17:49:51.273,25,WED,17,17,A,DAY,LATE,EMS,MUTUAL BLS,1,C2C,CAD to CAD Service 1,CAD to CAD Service 1,2026-06-17 17:47:35.000,NULL,2026-06-17 17:49:51.540,136,0,136,2026-06-17 17:49:51.587,0,0,0,NULL,NULL,NULL,NULL,2026-06-17 17:51:00.723,136,-9999,10135,2026-06-17 17:51:00.723,69,59,10,2026-06-17 17:55:34.757,274,274,0,2026-06-17 18:03:21.447,2026-06-17 19:25:25.837,0,NULL,2026-06-17 19:25:25.890,5870,5870,0,UNDEFINED
26-049013,2026-06-17 17:55:48.000,25,WED,17,17,A,DAY,LATE,POLICE,WALK IN HQ LOBBY,3,Phone,"VALENTIN, EMERITA",NULL,2026-06-17 17:55:46.000,2026-06-17 17:58:21.000,2026-06-17 17:56:17.000,31,29,2,2026-06-17 18:14:46.153,1109,1109,0,2026-06-17 17:58:07.000,141,139,2,2026-06-17 18:14:46.153,1140,1140,0,2026-06-17 18:14:46.153,0,0,0,2026-06-17 18:16:10.077,84,83,1,2026-06-17 18:25:12.887,2026-06-17 18:25:12.887,0,NULL,2026-06-17 18:25:12.953,1766,1766,0,NR-No Report
26-049015,2026-06-17 17:58:11.000,25,WED,17,17,A,DAY,LATE,POLICE,ALARM COMMERCIAL,2,Phone,"VALENTIN, EMERITA","WALKER, LATITIA",2026-06-17 17:58:09.000,2026-06-17 17:58:36.000,2026-06-17 17:58:34.000,25,23,2,2026-06-17 17:59:01.193,27,27,0,2026-06-17 17:58:34.000,25,NULL,25,2026-06-17 17:59:03.117,52,52,0,2026-06-17 17:59:03.117,2,1,1,NULL,NULL,-9999,NULL,2026-06-17 17:59:40.027,2026-06-17 18:07:38.940,0,NULL,2026-06-17 18:07:38.990,569,569,0,NR-No Report
26-049016,2026-06-17 17:58:24.000,25,WED,17,17,A,DAY,LATE,POLICE,POLICE INFORMATION,4,Phone,"MARTINEZ, ESTHER","MARTINEZ, ESTHER",2026-06-17 17:58:22.000,2026-06-17 18:27:23.000,2026-06-17 17:58:45.000,23,21,2,2026-06-17 17:59:45.107,60,60,0,2026-06-17 17:59:32.000,70,68,2,2026-06-17 17:59:45.207,83,83,0,2026-06-17 17:59:45.207,0,0,0,2026-06-17 17:59:45.257,0,0,0,2026-06-17 19:03:22.923,2026-06-17 19:03:22.923,0,NULL,2026-06-17 19:03:23.037,3900,3900,0,RE-Report
26-049018,2026-06-17 18:08:16.000,25,WED,17,18,A,DAY,EARLY,POLICE,PROPERTY FOUND,4,Phone,"ANDERSON, MARILYN","MCLEOD, DOUGLAS",2026-06-17 18:08:15.000,2026-06-17 18:11:07.000,2026-06-17 18:09:32.000,77,76,1,2026-06-17 22:30:17.743,15645,15645,0,2026-06-17 18:10:31.000,136,135,1,2026-06-17 22:32:30.637,15722,15722,0,2026-06-17 22:32:30.637,133,132,1,2026-06-17 22:41:27.793,537,537,0,2026-06-17 22:32:53.340,2026-06-17 23:51:32.143,0,NULL,2026-06-17 23:51:32.213,20597,20597,0,NR-No Report
26-049020,2026-06-17 18:09:29.000,25,WED,17,18,A,DAY,EARLY,POLICE,MVC PROPERTY DAMAGE,2,E-911,"LEWIS, LESLIE","WALKER, LATITIA",2026-06-17 18:09:29.000,2026-06-17 18:12:05.000,2026-06-17 18:11:59.000,150,150,0,2026-06-17 18:13:08.797,69,69,0,2026-06-17 18:12:31.000,182,182,0,2026-06-17 18:13:35.327,219,219,0,2026-06-17 18:13:35.327,27,26,1,NULL,NULL,-9999,NULL,NULL,2026-06-17 18:16:01.000,0,NULL,NULL,392,392,0,CN-Cancellation
26-049022,2026-06-17 18:14:53.000,25,WED,17,18,A,DAY,EARLY,POLICE,ASSIST OUTSIDE AGENCY,2,VCIN,"SWINTON, LATOYA","WALKER, LATITIA",2026-06-17 18:14:51.000,2026-06-17 18:17:35.000,2026-06-17 18:17:30.000,159,157,2,2026-06-17 18:28:09.533,639,639,0,2026-06-17 18:17:55.000,184,182,2,2026-06-17 18:28:29.010,798,798,0,2026-06-17 18:28:29.010,20,19,1,2026-06-17 18:32:22.630,233,233,0,2026-06-17 19:45:58.203,2026-06-17 19:45:58.203,0,NULL,2026-06-17 19:45:58.257,5467,5467,0,NR-No Report
26-015044,2026-06-17 18:17:51.000,25,WED,17,18,A,DAY,EARLY,FIRE,GAS LEAK - INSIDE,1,E-911,"ANDERSON, MARILYN",Automatic Dispatch,2026-06-17 18:17:51.000,2026-06-17 18:18:39.000,2026-06-17 18:18:25.000,34,34,0,2026-06-17 18:18:27.847,2,2,0,2026-06-17 18:20:13.000,142,142,0,2026-06-17 18:19:20.970,36,36,0,2026-06-17 18:19:20.970,53,53,0,2026-06-17 18:23:16.090,236,235,1,2026-06-17 18:30:32.517,2026-06-17 18:33:39.000,0,NULL,2026-06-17 18:33:39.337,948,948,0,UNDEFINED
26-049025,2026-06-17 18:19:28.000,25,WED,17,18,A,DAY,EARLY,POLICE,PROTECTIVE ORDER ISSUED,4,Radio,"WALKER, LATITIA","WALKER, LATITIA",2026-06-17 18:19:28.000,2026-06-17 18:19:41.000,2026-06-17 18:19:28.000,0,0,0,2026-06-17 18:19:28.000,0,0,0,2026-06-17 18:19:28.000,0,0,0,2026-06-17 18:19:40.213,0,0,0,2026-06-17 18:19:28.000,0,0,0,2026-06-17 18:19:28.000,0,0,0,2026-06-17 18:39:08.040,2026-06-17 18:51:53.700,0,NULL,2026-06-17 18:51:53.730,1945,1945,0,NR-No Report
26-049028,2026-06-17 18:22:35.000,25,WED,17,18,A,DAY,EARLY,POLICE,OFF DUTY DETAIL,8,OFFICER,"ESCOBAR, STEVEN R",NULL,2026-06-17 18:22:35.000,2026-06-17 18:25:24.000,2026-06-17 18:22:35.000,0,1,-1,2026-06-17 18:22:35.000,0,0,0,2026-06-17 18:22:35.000,0,NULL,0,2026-06-17 18:22:35.000,0,0,0,2026-06-17 18:22:35.000,0,0,0,2026-06-17 18:22:35.000,0,0,0,2026-06-17 20:57:16.493,2026-06-17 20:57:16.493,0,NULL,2026-06-17 20:57:16.533,9281,9281,0,NR-No Report
26-049030,2026-06-17 18:26:06.000,25,WED,17,18,A,DAY,EARLY,POLICE,DISORDERLY CONDUCT,2,Phone,"LEWIS, LESLIE","WALKER, LATITIA",2026-06-17 18:26:04.000,2026-06-17 18:27:54.000,2026-06-17 18:27:41.000,97,95,2,2026-06-17 18:29:04.123,83,83,0,2026-06-17 18:27:56.000,112,110,2,2026-06-17 18:29:11.600,180,180,0,2026-06-17 18:29:11.600,7,3,4,2026-06-17 18:45:15.167,964,963,1,2026-06-17 19:11:19.040,2026-06-17 19:56:35.950,0,NULL,2026-06-17 19:56:36.017,5431,5431,0,NR-No Report
26-049031,2026-06-17 18:28:07.000,25,WED,17,18,A,DAY,EARLY,POLICE,MENTAL HEALTH CASE,1,Phone,"ANDERSON, MARILYN",NULL,2026-06-17 18:28:05.000,2026-06-17 18:29:44.000,2026-06-17 18:29:34.000,89,87,2,2026-06-17 20:46:23.503,8209,8209,0,2026-06-17 18:29:55.000,110,108,2,2026-06-17 20:46:57.440,8298,8298,0,2026-06-17 20:46:57.440,34,33,1,2026-06-17 20:50:27.543,210,210,0,2026-06-17 21:18:18.233,2026-06-18 19:32:50.183,0,NULL,2026-06-18 19:32:50.233,90285,3885,86400,RE-Report
26-015045,2026-06-17 18:40:02.000,25,WED,17,18,A,DAY,EARLY,FIRE,ELEVATOR,3,Phone,"MARTINEZ, ESTHER",Automatic Dispatch,2026-06-17 18:40:01.000,2026-06-17 18:41:12.000,2026-06-17 18:40:38.000,37,36,1,2026-06-17 18:40:39.393,1,1,0,2026-06-17 18:41:06.000,65,64,1,2026-06-17 18:41:01.547,38,38,0,2026-06-17 18:41:01.547,22,22,0,2026-06-17 18:47:24.743,383,383,0,2026-06-17 19:21:22.587,2026-06-17 19:21:22.587,0,NULL,2026-06-17 19:21:22.643,2481,2481,0,UNDEFINED
26-049034,2026-06-17 18:41:54.000,25,WED,17,18,A,DAY,EARLY,POLICE,DOMESTIC VIOL NO INJ,2,E-911,"ANDERSON, MARILYN","WALKER, LATITIA",2026-06-17 18:41:54.000,2026-06-17 18:42:43.000,2026-06-17 18:42:39.000,45,45,0,2026-06-17 18:43:43.550,64,64,0,2026-06-17 18:44:57.000,183,183,0,2026-06-17 18:43:50.923,109,109,0,2026-06-17 18:43:50.923,7,7,0,2026-06-17 18:45:05.277,75,74,1,2026-06-17 18:46:41.663,2026-06-17 21:06:37.057,0,NULL,2026-06-17 21:06:37.137,8683,8683,0,RE-Report
26-015046,2026-06-17 18:49:56.000,25,WED,17,18,A,DAY,EARLY,FIRE,FIRE ALARM,3,Phone,"MCLEOD, DOUGLAS",Automatic Dispatch,2026-06-17 18:49:55.000,2026-06-17 18:50:51.000,2026-06-17 18:50:42.000,47,46,1,2026-06-17 18:50:43.990,1,1,0,2026-06-17 18:51:20.000,85,84,1,2026-06-17 18:51:51.477,48,48,0,2026-06-17 18:51:51.477,68,67,1,2026-06-17 19:01:28.357,577,576,1,2026-06-17 19:10:17.553,2026-06-17 19:10:17.553,0,NULL,2026-06-17 19:10:17.620,1222,1222,0,UNDEFINED
26-049040,2026-06-17 18:52:26.000,25,WED,17,18,A,DAY,EARLY,POLICE,PARKING COMPLAINT,4,Phone,"MARTINEZ, ESTHER",NULL,2026-06-17 18:52:26.000,NULL,2026-06-17 18:53:14.000,48,48,0,2026-06-17 18:54:15.347,61,61,0,2026-06-17 18:53:52.000,86,86,0,2026-06-17 18:54:15.347,109,109,0,2026-06-17 18:54:15.347,0,0,0,2026-06-17 19:08:26.043,851,850,1,2026-06-17 19:18:23.097,2026-06-17 19:18:23.097,0,NULL,2026-06-17 19:18:23.290,1557,1557,0,NR-No Report
26-015047,2026-06-17 18:58:41.000,25,WED,17,18,A,DAY,EARLY,FIRE,MUTUAL AID,2,Phone,"FOSTER, KANESHA","FOSTER, KANESHA",2026-06-17 18:58:40.000,2026-06-17 19:00:19.370,2026-06-17 18:59:53.000,73,72,1,2026-06-17 19:00:19.310,26,26,0,2026-06-17 19:01:56.000,196,195,1,2026-06-17 19:00:27.313,99,99,0,2026-06-17 19:00:27.313,8,8,0,2026-06-17 19:07:51.780,444,444,0,2026-06-17 19:16:34.847,2026-06-17 19:16:34.847,0,NULL,2026-06-17 19:16:34.930,1074,1074,0,UNDEFINED
26-015048,2026-06-17 19:00:45.000,25,WED,17,19,C,NIGHT,EARLY,EMS,PUBLIC SERVICE EMS,4,E-911,"ANDERSON, MARILYN",Automatic Dispatch,2026-06-17 19:00:45.000,2026-06-17 19:02:02.000,2026-06-17 19:01:38.000,53,53,0,2026-06-17 19:01:40.760,2,2,0,2026-06-17 19:02:33.000,108,108,0,2026-06-17 19:02:48.033,55,55,0,2026-06-17 19:02:48.033,68,67,1,2026-06-17 19:07:39.417,291,291,0,2026-06-17 19:23:33.827,2026-06-17 19:23:33.827,0,NULL,2026-06-17 19:23:33.923,1368,1368,0,UNDEFINED
26-015049,2026-06-17 19:05:10.000,25,WED,17,19,C,NIGHT,EARLY,EMS,UNCONSCIOUS ALS 2,1,E-911,"ANDERSON, MARILYN",Automatic Dispatch,2026-06-17 19:05:09.000,2026-06-17 19:05:57.000,2026-06-17 19:05:45.000,36,35,1,2026-06-17 19:05:47.977,2,2,0,2026-06-17 19:07:40.000,151,150,1,2026-06-17 19:06:41.647,38,38,0,2026-06-17 19:06:41.647,54,53,1,2026-06-17 19:10:23.257,222,221,1,2026-06-17 19:16:23.507,2026-06-17 19:59:52.163,0,NULL,2026-06-17 19:59:52.243,3283,3283,0,UNDEFINED
26-049045,2026-06-17 19:05:17.000,25,WED,17,19,C,NIGHT,EARLY,POLICE,ADMINISTRATIVE TASK,2,Phone,"MCLEOD, DOUGLAS",NULL,2026-06-17 19:05:15.000,2026-06-17 20:27:00.000,2026-06-17 19:07:23.000,128,126,2,2026-06-17 19:51:20.343,2637,2637,0,2026-06-17 19:07:33.000,138,136,2,2026-06-17 19:51:22.957,2765,2765,0,2026-06-17 19:51:22.957,2,2,0,2026-06-17 20:05:13.533,831,830,1,2026-06-17 21:23:01.273,2026-06-17 21:23:01.273,0,NULL,2026-06-17 21:23:01.383,8266,8266,0,NR-No Report
26-049046,2026-06-17 19:07:27.000,25,WED,17,19,C,NIGHT,EARLY,POLICE,BOLO,2,Radio,"WALKER, LATITIA",NULL,2026-06-17 19:07:25.000,2026-06-17 19:09:44.000,2026-06-17 19:07:57.000,32,30,2,2026-06-17 19:09:59.313,122,122,0,2026-06-17 19:12:56.000,331,329,2,2026-06-17 19:09:59.370,154,154,0,2026-06-17 19:09:59.370,0,0,0,2026-06-17 19:13:15.070,196,195,1,2026-06-17 19:48:12.213,2026-06-17 20:59:36.707,0,NULL,2026-06-17 20:59:36.767,6731,6731,0,NR-No Report
26-049048,2026-06-17 19:14:18.000,25,WED,17,19,C,NIGHT,EARLY,POLICE,DEST OF PROP VEH DELAY,4,Phone,"MCLEOD, DOUGLAS",NULL,2026-06-17 19:14:16.000,2026-06-18 13:17:31.000,2026-06-17 19:16:15.000,119,117,2,2026-06-17 23:29:50.433,15215,15215,0,2026-06-17 19:16:49.000,153,151,2,2026-06-17 23:29:54.497,15334,15334,0,2026-06-17 23:29:54.497,4,4,0,2026-06-17 23:45:28.200,934,933,1,2026-06-17 23:58:04.107,2026-06-17 23:58:04.107,1,2026-06-18 13:16:39.497,2026-06-18 20:52:00.007,17028,5863,11165,RE-Report
26-049049,2026-06-17 19:17:45.000,25,WED,17,19,C,NIGHT,EARLY,POLICE,DOMESTIC VIOL NO INJ,2,Phone,"MARTINEZ, ESTHER",NULL,2026-06-17 19:17:44.000,2026-06-17 19:19:30.000,2026-06-17 19:18:19.000,35,34,1,2026-06-17 19:56:45.753,2306,2306,0,2026-06-17 19:19:25.000,101,100,1,2026-06-17 19:56:54.500,2341,2341,0,2026-06-17 19:56:54.500,9,8,1,2026-06-17 20:07:02.083,608,607,1,2026-06-17 20:10:26.193,2026-06-17 20:28:21.893,0,NULL,2026-06-17 20:28:21.977,4237,4237,0,NR-No Report
26-049050,2026-06-17 19:19:31.000,25,WED,17,19,C,NIGHT,EARLY,POLICE,MVC PROPERTY DAMAGE,2,Phone,"ANDERSON, MARILYN",NULL,2026-06-17 19:19:30.000,2026-06-17 19:24:57.000,2026-06-17 19:21:05.000,95,94,1,2026-06-17 19:46:30.110,1525,1525,0,2026-06-17 19:22:23.000,173,172,1,2026-06-17 19:46:30.110,1620,1620,0,2026-06-17 19:46:30.110,0,0,0,2026-06-17 19:46:31.913,1,1,0,2026-06-17 21:11:48.163,2026-06-17 21:11:48.163,0,NULL,2026-06-17 21:11:48.250,6738,6738,0,NR-No Report
26-015050,2026-06-17 19:28:44.417,25,WED,17,19,C,NIGHT,EARLY,EMS,MUTUAL BLS,1,C2C,CAD to CAD Service 1,CAD to CAD Service 1,2026-06-17 19:28:10.000,NULL,2026-06-17 19:28:44.743,34,0,34,2026-06-17 19:28:44.807,0,0,0,NULL,NULL,NULL,NULL,2026-06-17 19:29:09.093,34,-9999,10033,2026-06-17 19:29:09.093,25,18,7,2026-06-17 19:34:16.730,307,307,0,2026-06-17 19:42:39.333,2026-06-17 19:43:05.860,0,NULL,2026-06-17 19:43:05.890,895,895,0,CAD2CAD
26-015051,2026-06-17 19:30:01.000,25,WED,17,19,C,NIGHT,EARLY,EMS,SEIZURE ALS 1,1,E-911,"MCLEOD, DOUGLAS",Automatic Dispatch,2026-06-17 19:30:01.000,2026-06-17 19:30:34.000,2026-06-17 19:30:27.000,26,26,0,2026-06-17 19:30:29.383,2,2,0,2026-06-17 19:32:21.000,140,140,0,2026-06-17 19:31:33.073,28,28,0,2026-06-17 19:31:33.073,64,63,1,2026-06-17 19:35:38.270,245,245,0,2026-06-17 19:46:39.397,2026-06-17 19:55:51.340,0,NULL,2026-06-17 19:55:51.403,1550,1550,0,UNDEFINED
26-049054,2026-06-17 19:39:10.000,25,WED,17,19,C,NIGHT,EARLY,POLICE,LARCENY COMM IN PROG,2,E-911,"MARTINEZ, ESTHER",NULL,2026-06-17 19:39:09.000,2026-06-17 19:40:56.000,2026-06-17 19:40:48.000,99,98,1,2026-06-17 20:32:17.943,3089,3089,0,2026-06-17 19:42:16.000,187,186,1,2026-06-17 20:32:18.013,3188,3188,0,2026-06-17 20:32:18.013,1,0,1,2026-06-17 20:43:12.210,654,654,0,2026-06-17 23:48:09.373,2026-06-17 23:48:09.373,0,NULL,2026-06-17 23:48:09.433,14940,14940,0,RE-Report
26-015052,2026-06-17 19:40:39.000,25,WED,17,19,C,NIGHT,EARLY,FIRE,ELEVATOR,3,E-911,"MCLEOD, DOUGLAS",Automatic Dispatch,2026-06-17 19:40:37.000,2026-06-17 19:41:13.000,2026-06-17 19:40:58.000,21,19,2,2026-06-17 19:40:59.333,1,1,0,2026-06-17 19:41:56.000,79,77,2,2026-06-17 19:42:14.573,22,22,0,2026-06-17 19:42:14.573,75,75,0,2026-06-17 19:50:52.087,518,517,1,2026-06-17 20:22:37.703,2026-06-17 20:22:37.703,0,NULL,2026-06-17 20:22:37.860,2520,2520,0,UNDEFINED
26-015053,2026-06-17 19:41:01.637,25,WED,17,19,C,NIGHT,EARLY,EMS,DIABETIC EMERGENCY ALS 1,1,CAD2CAD,"WALKER, LATITIA",Automatic Dispatch,2026-06-17 19:41:01.637,2026-06-17 19:41:19.000,2026-06-17 19:41:01.637,0,1,-1,2026-06-17 19:41:04.040,3,2,1,2026-06-17 19:41:01.637,0,NULL,0,2026-06-17 19:42:58.617,3,2,1,2026-06-17 19:42:58.617,114,114,0,2026-06-17 19:44:54.150,116,115,1,2026-06-17 19:56:55.340,2026-06-17 20:08:48.070,0,NULL,2026-06-17 20:08:48.173,1667,1666,1,UNDEFINED
26-049055,2026-06-17 19:43:54.000,25,WED,17,19,C,NIGHT,EARLY,POLICE,DISORDERLY CONDUCT,2,Phone,"MARTINEZ, ESTHER","LEWIS, LESLIE",2026-06-17 19:43:54.000,2026-06-17 19:45:00.000,2026-06-17 19:44:52.000,58,58,0,2026-06-17 20:01:56.197,1024,1024,0,2026-06-17 19:45:44.000,110,110,0,2026-06-17 20:02:13.577,1082,1082,0,2026-06-17 20:02:13.577,17,7,10,2026-06-17 20:17:41.940,928,928,0,2026-06-17 20:03:12.893,2026-06-17 23:55:11.087,0,NULL,2026-06-17 23:55:11.193,15077,15077,0,RE-Report
26-049059,2026-06-17 19:52:48.000,25,WED,17,19,C,NIGHT,EARLY,POLICE,DOMESTIC VIOL NO INJ,2,E-911,"MARTINEZ, ESTHER",NULL,2026-06-17 19:52:48.000,2026-06-17 19:54:08.000,2026-06-17 19:53:53.000,65,65,0,2026-06-17 20:29:34.623,2141,2141,0,2026-06-17 19:55:35.000,167,167,0,2026-06-17 20:29:37.630,2206,2206,0,2026-06-17 20:29:37.630,3,3,0,2026-06-17 20:41:24.663,707,707,0,2026-06-17 23:41:27.000,2026-06-18 00:48:54.413,0,NULL,2026-06-18 00:48:54.427,17766,17766,0,RE-Report
26-015054,2026-06-17 19:57:58.973,25,WED,17,19,C,NIGHT,EARLY,EMS,DIABETIC EMERGENCY ALS 1,1,E-911,"LEWIS, LESLIE",Automatic Dispatch,2026-06-17 19:57:58.973,2026-06-17 19:58:06.000,2026-06-17 19:57:58.973,0,0,0,2026-06-17 19:58:01.270,3,2,1,2026-06-17 19:57:58.973,0,NULL,0,2026-06-17 19:58:13.510,3,2,1,2026-06-17 19:58:13.510,12,12,0,2026-06-17 20:03:14.903,301,301,0,2026-06-17 20:08:53.697,2026-06-17 20:12:21.857,0,NULL,2026-06-17 20:12:21.957,863,862,1,UNDEFINED
26-015055,2026-06-17 20:01:59.000,25,WED,17,20,C,NIGHT,EARLY,EMS,ABDOMINAL PAIN BLS,3,E-911,"MCLEOD, DOUGLAS",Automatic Dispatch,2026-06-17 20:01:59.000,2026-06-17 20:03:16.000,2026-06-17 20:02:56.000,57,57,0,2026-06-17 20:02:58.203,2,2,0,2026-06-17 20:04:44.000,165,165,0,2026-06-17 20:04:26.280,59,59,0,2026-06-17 20:04:26.280,88,88,0,2026-06-17 20:12:50.783,504,504,0,2026-06-17 21:58:43.460,2026-06-17 21:58:43.460,0,NULL,2026-06-17 21:58:43.570,7004,7004,0,UNDEFINED
26-049062,2026-06-17 20:03:52.000,25,WED,17,20,C,NIGHT,EARLY,POLICE,ALARM HOLDUP,1,Phone,"MARTINEZ, ESTHER","LEWIS, LESLIE",2026-06-17 20:03:51.000,2026-06-17 20:04:47.000,2026-06-17 20:04:41.000,50,49,1,2026-06-17 20:05:14.777,33,33,0,2026-06-17 20:06:03.000,132,131,1,2026-06-17 20:05:19.380,83,83,0,2026-06-17 20:05:19.380,5,4,1,2026-06-17 20:09:46.790,267,267,0,2026-06-17 20:25:30.663,2026-06-17 20:28:40.923,0,NULL,2026-06-17 20:28:41.007,1489,1489,0,FALSE-False Alarm
26-049064,2026-06-17 20:07:06.000,25,WED,17,20,C,NIGHT,EARLY,POLICE,PARKING COMPLAINT,4,Phone,"MCLEOD, DOUGLAS",NULL,2026-06-17 20:07:04.000,NULL,2026-06-17 20:07:39.000,35,33,2,2026-06-17 20:23:41.583,962,962,0,2026-06-17 20:07:48.000,44,42,2,2026-06-17 20:23:41.583,997,997,0,2026-06-17 20:23:41.583,0,0,0,2026-06-17 20:28:29.930,288,288,0,2026-06-17 20:40:26.673,2026-06-17 20:40:26.673,0,NULL,2026-06-17 20:40:27.770,2002,2002,0,NR-No Report
26-049065,2026-06-17 20:09:22.000,25,WED,17,20,C,NIGHT,EARLY,POLICE,SUSPICIOUS EVENT,2,E-911,"MCLEOD, DOUGLAS","LEWIS, LESLIE",2026-06-17 20:09:22.000,2026-06-17 20:14:27.000,2026-06-17 20:11:49.000,147,147,0,2026-06-17 20:21:34.473,585,585,0,2026-06-17 20:11:59.000,157,157,0,2026-06-17 20:21:34.513,732,732,0,2026-06-17 20:21:34.513,0,0,0,2026-06-17 20:36:39.550,905,905,0,2026-06-17 20:47:37.260,2026-06-17 20:47:37.260,0,NULL,2026-06-17 20:47:37.297,2295,2295,0,NR-No Report
26-049067,2026-06-17 20:15:27.000,25,WED,17,20,C,NIGHT,EARLY,POLICE,PARKING COMPLAINT,4,Phone,"MARTINEZ, ESTHER",NULL,2026-06-17 20:15:25.000,2026-06-17 20:36:29.000,2026-06-17 20:16:08.000,43,41,2,2026-06-17 20:43:39.357,1651,1651,0,2026-06-17 20:17:01.000,96,94,2,2026-06-17 20:43:39.357,1694,1694,0,2026-06-17 20:43:39.357,0,-9999,9999,2026-06-17 20:46:06.033,147,146,1,2026-06-17 21:00:03.453,2026-06-17 21:00:03.453,0,NULL,2026-06-17 21:00:03.830,2678,2678,0,NR-No Report
26-049070,2026-06-17 20:19:05.000,25,WED,17,20,C,NIGHT,EARLY,POLICE,DOMESTIC VIOL DELAY,4,Phone,"MARTINEZ, ESTHER","LEWIS, LESLIE",2026-06-17 20:19:04.000,2026-06-17 20:21:07.000,2026-06-17 20:20:26.000,82,81,1,2026-06-17 20:30:15.860,589,589,0,2026-06-17 20:22:41.000,217,216,1,2026-06-17 20:30:32.313,671,671,0,2026-06-17 20:30:32.313,17,16,1,2026-06-17 20:30:37.740,5,5,0,2026-06-17 22:11:16.583,2026-06-17 22:11:16.583,0,NULL,2026-06-17 22:11:16.653,6732,6732,0,RE-Report
26-049072,2026-06-17 20:31:52.000,25,WED,17,20,C,NIGHT,EARLY,POLICE,FIGHT NO WEAPONS,1,E-911,"MARTINEZ, ESTHER",NULL,2026-06-17 20:31:51.000,2026-06-17 20:33:27.177,2026-06-17 20:33:01.000,70,69,1,2026-06-17 20:33:27.067,26,26,0,2026-06-17 20:34:11.000,140,139,1,2026-06-17 20:33:31.420,96,96,0,2026-06-17 20:33:31.420,4,4,0,2026-06-17 20:36:16.580,165,165,0,2026-06-17 20:34:27.750,2026-06-17 20:57:11.037,0,NULL,2026-06-17 20:57:11.087,1520,1520,0,NR-No Report
26-049077,2026-06-17 20:35:08.000,25,WED,17,20,C,NIGHT,EARLY,POLICE,PUBLIC SERVICE MULTI OFFICER,3,Phone,"WALKER, LATITIA","MCLEOD, DOUGLAS",2026-06-17 20:35:06.000,2026-06-17 20:43:47.000,2026-06-17 20:43:38.000,512,510,2,2026-06-17 22:46:09.220,7351,7351,0,2026-06-17 20:51:34.000,988,986,2,2026-06-17 22:46:11.530,7863,7863,0,2026-06-17 22:46:11.530,2,2,0,2026-06-17 22:52:28.893,377,377,0,2026-06-17 22:46:53.697,2026-06-17 23:20:15.377,0,NULL,2026-06-17 23:20:15.460,9909,9909,0,NR-No Report
26-015056,2026-06-17 20:36:25.000,25,WED,17,20,C,NIGHT,EARLY,FIRE,FIRE ALARM,3,Phone,"MARTINEZ, ESTHER",Automatic Dispatch,2026-06-17 20:36:24.000,2026-06-17 20:37:10.000,2026-06-17 20:36:58.000,34,33,1,2026-06-17 20:37:01.150,3,3,0,2026-06-17 20:37:39.000,75,74,1,2026-06-17 20:38:39.037,37,37,0,2026-06-17 20:38:39.037,98,97,1,2026-06-17 20:41:18.053,159,159,0,2026-06-17 20:49:32.970,2026-06-17 20:49:32.970,0,NULL,2026-06-17 20:49:33.100,788,788,0,UNDEFINED
26-049074,2026-06-17 20:36:59.000,25,WED,17,20,C,NIGHT,EARLY,POLICE,MVC CITY PROPERTY DAMAGE,2,OFFICER,"LEWIS, LESLIE","LEWIS, LESLIE",2026-06-17 20:36:58.000,2026-06-17 23:07:16.000,2026-06-17 20:37:15.000,17,16,1,2026-06-17 20:37:37.077,22,22,0,2026-06-17 20:37:39.000,41,40,1,2026-06-17 20:37:37.113,39,39,0,2026-06-17 20:37:37.113,0,0,0,2026-06-17 20:37:37.140,0,0,0,2026-06-17 21:32:32.367,2026-06-17 21:32:32.367,1,2026-06-17 23:07:13.840,2026-06-17 21:32:32.407,3334,9031,-5697,RE-Report
26-049076,2026-06-17 20:40:43.000,25,WED,17,20,C,NIGHT,EARLY,POLICE,RUNAWAY IN PROG,2,E-911,"MCLEOD, DOUGLAS",NULL,2026-06-17 20:40:43.000,2026-06-17 20:43:37.000,2026-06-17 20:43:18.000,155,155,0,2026-06-17 22:28:17.993,6299,6299,0,2026-06-17 20:45:01.000,258,258,0,2026-06-17 22:28:18.037,6454,6454,0,2026-06-17 22:28:18.037,1,0,1,2026-06-17 22:36:24.723,486,486,0,2026-06-17 22:57:04.540,2026-06-17 23:23:22.780,0,NULL,2026-06-17 23:23:22.820,9759,9759,0,NR-No Report
26-049078,2026-06-17 20:43:09.000,25,WED,17,20,C,NIGHT,EARLY,POLICE,DISORDERLY CONDUCT,2,E-911,"SWINTON, LATOYA","LEWIS, LESLIE",2026-06-17 20:43:09.000,2026-06-17 20:49:17.000,2026-06-17 20:48:16.000,307,307,0,2026-06-17 20:53:39.440,323,323,0,2026-06-17 20:55:20.000,731,731,0,2026-06-17 20:53:44.080,630,630,0,2026-06-17 20:53:44.080,5,4,1,2026-06-17 21:02:24.860,520,520,0,2026-06-17 20:56:32.073,2026-06-17 21:34:08.190,0,NULL,2026-06-17 21:34:08.267,3059,3059,0,NR-No Report
26-049079,2026-06-17 21:03:58.000,25,WED,17,21,C,NIGHT,EARLY,POLICE,POLICE INFORMATION,4,E-911,"MARTINEZ, ESTHER",NULL,2026-06-17 21:03:58.000,2026-06-18 23:18:54.000,2026-06-17 21:04:40.000,42,42,0,2026-06-17 21:07:53.447,193,193,0,2026-06-17 21:06:09.000,131,131,0,2026-06-17 21:08:52.587,235,235,0,2026-06-17 21:08:52.587,59,59,0,2026-06-17 21:23:07.840,855,855,0,2026-06-17 21:36:22.597,2026-06-18 05:14:28.540,1,2026-06-18 23:06:43.730,2026-06-19 03:23:35.513,29430,22777,6653,RE-Report
26-049081,2026-06-17 21:04:32.000,25,WED,17,21,C,NIGHT,EARLY,POLICE,RUNAWAY NOT ON SCENE,2,Phone,"WALKER, LATITIA",NULL,2026-06-17 21:04:30.000,2026-06-18 22:25:50.000,2026-06-17 21:10:08.000,338,336,2,2026-06-17 22:43:39.913,5611,5611,0,2026-06-17 21:11:30.000,420,418,2,2026-06-17 22:43:45.743,5949,5949,0,2026-06-17 22:43:45.743,6,5,1,2026-06-17 23:24:23.853,2438,2438,0,2026-06-18 04:20:24.240,2026-06-18 04:20:24.240,1,2026-06-18 22:04:47.657,2026-06-19 02:59:11.117,26154,21281,4873,SUP-Supplement
26-015057,2026-06-17 21:04:40.000,25,WED,17,21,C,NIGHT,EARLY,EMS,ASSAULT ALS 1,3,Radio,"MARTINEZ, ESTHER",Automatic Dispatch,2026-06-17 21:04:40.000,2026-06-17 21:04:46.000,2026-06-17 21:04:40.000,0,NULL,0,2026-06-17 21:04:42.770,2,2,0,2026-06-17 21:04:40.000,0,0,0,2026-06-17 21:06:00.257,2,2,0,2026-06-17 21:06:00.257,78,77,1,2026-06-17 21:08:57.557,177,177,0,2026-06-17 21:14:55.427,2026-06-17 21:43:02.420,0,NULL,2026-06-17 21:43:02.517,2302,2302,0,UNDEFINED
26-049083,2026-06-17 21:15:01.000,25,WED,17,21,C,NIGHT,EARLY,POLICE,DISORDERLY CONDUCT,2,E-911,"WALKER, LATITIA","LEWIS, LESLIE",2026-06-17 21:15:01.000,2026-06-17 21:16:39.000,2026-06-17 21:16:14.000,73,73,0,2026-06-17 21:36:25.610,1211,1211,0,2026-06-17 21:16:44.000,103,103,0,2026-06-17 21:36:25.657,1284,1284,0,2026-06-17 21:36:25.657,0,0,0,2026-06-17 21:36:25.677,0,0,0,2026-06-17 22:09:03.193,2026-06-17 22:09:08.930,0,NULL,2026-06-17 22:09:08.930,3247,3247,0,NR-No Report
26-015058,2026-06-17 21:16:44.400,25,WED,17,21,C,NIGHT,EARLY,FIRE,MUTUAL GAS LEAK,1,C2C,CAD to CAD Service 1,CAD to CAD Service 1,2026-06-17 21:15:04.000,NULL,2026-06-17 21:16:44.697,100,0,100,2026-06-17 21:16:44.777,0,0,0,NULL,NULL,NULL,NULL,2026-06-17 21:17:14.897,100,-9999,10099,2026-06-17 21:17:14.897,30,30,0,2026-06-17 21:22:02.780,288,287,1,2026-06-17 21:30:22.910,2026-06-17 21:41:23.737,0,NULL,2026-06-17 21:41:23.847,1579,1579,0,UNDEFINED
26-049084,2026-06-17 21:17:34.000,25,WED,17,21,C,NIGHT,EARLY,POLICE,WALK IN HQ LOBBY,3,Phone,"MCLEOD, DOUGLAS","LEWIS, LESLIE",2026-06-17 21:17:32.000,2026-06-17 21:22:35.000,2026-06-17 21:21:28.000,236,234,2,2026-06-17 21:27:13.237,345,345,0,2026-06-17 21:24:04.000,392,390,2,2026-06-17 21:27:14.537,581,581,0,2026-06-17 21:27:14.537,1,1,0,2026-06-17 21:40:08.093,774,773,1,2026-06-17 23:07:26.047,2026-06-17 23:07:26.040,0,NULL,2026-06-17 23:07:26.040,6594,6594,0,NR-No Report
26-049085,2026-06-17 21:22:53.000,25,WED,17,21,C,NIGHT,EARLY,POLICE,SUSPICIOUS EVENT,2,Phone,"SWINTON, LATOYA","LEWIS, LESLIE",2026-06-17 21:22:51.000,2026-06-17 21:27:22.000,2026-06-17 21:24:53.000,122,120,2,2026-06-17 21:29:36.290,283,283,0,2026-06-17 21:26:19.000,208,206,2,2026-06-17 21:29:39.950,405,405,0,2026-06-17 21:29:39.950,3,3,0,2026-06-17 21:38:23.460,524,523,1,2026-06-17 21:33:10.173,2026-06-17 22:29:21.113,0,NULL,2026-06-17 22:29:21.153,3990,3990,0,NR-No Report
26-049086,2026-06-17 21:24:54.000,25,WED,17,21,C,NIGHT,EARLY,POLICE,TRESPASSING IN PROG,2,Phone,"MCLEOD, DOUGLAS","MCLEOD, DOUGLAS",2026-06-17 21:24:52.000,2026-06-17 21:29:23.000,2026-06-17 21:25:48.000,56,54,2,2026-06-17 22:11:44.787,2756,2756,0,2026-06-17 21:26:29.000,97,95,2,2026-06-17 22:11:44.857,2812,2812,0,2026-06-17 22:11:44.857,0,0,0,2026-06-17 22:12:32.417,48,47,1,2026-06-17 22:27:47.637,2026-06-17 22:28:10.637,0,NULL,2026-06-17 22:28:10.683,3798,3798,0,NR-No Report
26-049087,2026-06-17 21:26:07.000,25,WED,17,21,C,NIGHT,EARLY,POLICE,TRAFFIC STOP,2,OFFICER,"JOHNSON, TIAZ J.",NULL,2026-06-17 21:26:07.000,NULL,2026-06-17 21:26:07.000,0,1,-1,2026-06-17 21:26:07.000,0,0,0,2026-06-17 21:26:07.000,0,NULL,0,2026-06-17 21:26:07.000,0,0,0,2026-06-17 21:26:07.000,0,0,0,2026-06-17 21:26:07.000,0,0,0,2026-06-17 21:32:15.873,2026-06-17 21:32:15.873,0,NULL,2026-06-17 21:32:15.953,368,368,0,NR-No Report
26-049088,2026-06-17 21:36:09.000,25,WED,17,21,C,NIGHT,EARLY,POLICE,FLAG DOWN,2,OFFICER,"LEWIS, LESLIE","LEWIS, LESLIE",2026-06-17 21:36:09.000,NULL,2026-06-17 21:36:20.000,11,11,0,2026-06-17 21:36:43.953,23,23,0,2026-06-17 21:36:48.000,39,39,0,2026-06-17 21:36:43.997,34,34,0,2026-06-17 21:36:43.997,0,0,0,2026-06-17 21:36:44.013,1,0,1,2026-06-17 21:46:13.900,2026-06-17 21:46:13.900,0,NULL,2026-06-17 21:46:13.963,604,604,0,NR-No Report
26-015059,2026-06-17 21:36:15.000,25,WED,17,21,C,NIGHT,EARLY,EMS,TROUBLE BREATHING ALS 1,1,E-911,"MARTINEZ, ESTHER","FOSTER, KANESHA",2026-06-17 21:36:15.000,2026-06-17 21:37:42.000,2026-06-17 21:37:08.000,53,53,0,2026-06-17 21:37:10.710,2,2,0,2026-06-17 21:39:49.000,214,214,0,2026-06-17 21:38:20.760,55,55,0,2026-06-17 21:38:20.760,70,70,0,2026-06-17 21:43:22.087,302,301,1,2026-06-17 21:40:29.460,2026-06-17 22:04:55.817,0,NULL,2026-06-17 22:04:55.950,1720,1720,0,UNDEFINED
26-015060,2026-06-17 21:46:21.000,25,WED,17,21,C,NIGHT,EARLY,EMS,FALL BLS,3,E-911,"WALKER, LATITIA",Automatic Dispatch,2026-06-17 21:46:21.000,2026-06-17 21:47:19.000,2026-06-17 21:47:11.000,50,50,0,2026-06-17 21:47:14.003,3,3,0,2026-06-17 21:49:04.000,163,163,0,2026-06-17 21:48:32.550,53,53,0,2026-06-17 21:48:32.550,78,78,0,2026-06-17 21:56:20.953,468,468,0,2026-06-17 22:36:13.927,2026-06-17 22:36:13.927,0,NULL,2026-06-17 22:36:14.003,2992,2992,0,UNDEFINED
26-015061,2026-06-17 21:53:04.000,25,WED,17,21,C,NIGHT,EARLY,EMS,TROUBLE BREATHING ALS 1,1,E-911,"MARTINEZ, ESTHER",Automatic Dispatch,2026-06-17 21:53:04.000,2026-06-17 21:54:59.000,2026-06-17 21:53:31.000,27,27,0,2026-06-17 21:53:33.530,2,2,0,2026-06-17 21:55:14.000,130,130,0,2026-06-17 21:54:32.917,29,29,0,2026-06-17 21:54:32.917,59,59,0,2026-06-17 21:57:14.020,162,161,1,2026-06-17 22:08:20.733,2026-06-17 23:23:48.590,0,NULL,2026-06-17 23:23:48.703,5444,5444,0,UNDEFINED
26-049091,2026-06-17 21:59:47.000,25,WED,17,21,C,NIGHT,EARLY,POLICE,OFF DUTY DETAIL,8,OFFICER,"GARDIZI, LEMAR",NULL,2026-06-17 21:59:47.000,2026-06-17 22:00:06.000,2026-06-17 21:59:47.000,0,0,0,2026-06-17 21:59:47.000,0,0,0,2026-06-17 21:59:47.000,0,NULL,0,2026-06-17 21:59:47.000,0,0,0,2026-06-17 21:59:47.000,0,0,0,2026-06-17 21:59:47.000,0,0,0,2026-06-18 06:00:40.777,2026-06-18 06:00:40.777,0,NULL,2026-06-18 06:00:40.817,28853,28853,0,NR-No Report
26-049092,2026-06-17 22:00:37.000,25,WED,17,22,C,NIGHT,MIDS,POLICE,TRESPASSING IN PROG,2,Phone,"MARTINEZ, ESTHER","MCLEOD, DOUGLAS",2026-06-17 22:00:36.000,2026-06-17 22:12:17.000,2026-06-17 22:01:39.000,63,62,1,2026-06-17 22:12:58.263,679,679,0,2026-06-17 22:03:10.000,154,153,1,2026-06-17 22:12:58.323,742,742,0,2026-06-17 22:12:58.323,0,0,0,2026-06-17 22:20:18.910,440,440,0,2026-06-17 22:59:50.990,2026-06-17 22:59:50.990,0,NULL,2026-06-17 22:59:51.030,3554,3554,0,NR-No Report
26-049094,2026-06-17 22:05:14.000,25,WED,17,22,C,NIGHT,MIDS,POLICE,SUSPICIOUS EVENT,1,E-911,"WALKER, JUANITA",NULL,2026-06-17 22:05:13.000,2026-06-17 22:10:23.000,2026-06-17 22:09:57.000,284,283,1,2026-06-17 22:15:32.753,335,335,0,2026-06-17 22:10:09.000,296,295,1,2026-06-17 22:15:34.960,619,619,0,2026-06-17 22:15:34.960,2,2,0,2026-06-17 22:17:40.413,126,125,1,2026-06-17 22:23:25.653,2026-06-17 22:24:38.930,0,NULL,2026-06-17 22:24:39.123,1165,1165,0,NR-No Report
26-049095,2026-06-17 22:15:24.000,25,WED,17,22,C,NIGHT,MIDS,POLICE,PROTECTIVE ORDER ISSUED,4,Phone,"MARTINEZ, ESTHER","MARTINEZ, ESTHER",2026-06-17 22:15:23.000,NULL,2026-06-17 22:15:43.000,20,19,1,2026-06-17 22:16:54.120,71,71,0,2026-06-17 22:17:29.000,126,125,1,2026-06-17 22:16:54.177,91,91,0,2026-06-17 22:16:54.177,0,0,0,2026-06-17 22:16:54.207,0,0,0,2026-06-17 23:03:46.750,2026-06-17 23:06:28.893,0,NULL,2026-06-17 23:06:28.963,3065,3065,0,NR-No Report
26-049096,2026-06-17 22:19:04.000,25,WED,17,22,C,NIGHT,MIDS,POLICE,SUSPICIOUS EVENT,2,Phone,"MARTINEZ, ESTHER","MCLEOD, DOUGLAS",2026-06-17 22:19:03.000,2026-06-17 22:20:31.000,2026-06-17 22:19:53.000,50,49,1,2026-06-17 22:21:09.957,76,76,0,2026-06-17 22:20:55.000,112,111,1,2026-06-17 22:21:13.820,126,126,0,2026-06-17 22:21:13.820,4,3,1,2026-06-17 22:24:13.253,180,179,1,2026-06-17 22:29:25.560,2026-06-17 22:35:22.783,0,NULL,2026-06-17 22:35:22.817,979,979,0,NR-No Report
26-015062,2026-06-17 22:25:37.000,25,WED,17,22,C,NIGHT,MIDS,FIRE,FIRE ALARM,3,Phone,"SWINTON, LATOYA",Automatic Dispatch,2026-06-17 22:25:35.000,2026-06-17 22:26:34.000,2026-06-17 22:26:21.000,46,44,2,2026-06-17 22:26:23.587,2,2,0,2026-06-17 22:28:02.000,147,145,2,2026-06-17 22:28:05.060,48,48,0,2026-06-17 22:28:05.060,102,101,1,2026-06-17 22:34:36.097,391,391,0,2026-06-17 22:41:32.197,2026-06-17 22:41:32.197,0,NULL,2026-06-17 22:41:32.447,957,957,0,UNDEFINED
26-049097,2026-06-17 22:27:02.000,25,WED,17,22,C,NIGHT,MIDS,POLICE,ESCORT,2,Radio,"MCLEOD, DOUGLAS",NULL,2026-06-17 22:27:02.000,2026-06-17 22:27:06.000,2026-06-17 22:27:02.000,0,0,0,2026-06-17 22:27:02.000,0,0,0,2026-06-17 22:27:02.000,0,0,0,2026-06-17 22:27:34.887,0,0,0,2026-06-17 22:27:02.000,0,0,0,2026-06-17 22:27:02.000,0,0,0,2026-06-17 22:28:26.343,2026-06-18 02:19:07.410,0,NULL,2026-06-18 02:19:07.470,13925,13925,0,NR-No Report
26-049099,2026-06-17 22:32:42.000,25,WED,17,22,C,NIGHT,MIDS,POLICE,NOISE COMPLAINT IN PROG,4,Phone,"SWINTON, LATOYA",NULL,2026-06-17 22:32:40.000,2026-06-17 22:39:27.000,2026-06-17 22:33:20.000,40,38,2,2026-06-18 00:12:57.267,5977,5977,0,2026-06-17 22:35:51.000,191,189,2,2026-06-18 00:12:57.267,6017,6017,0,2026-06-18 00:12:57.267,0,0,0,2026-06-18 00:13:09.037,12,11,1,2026-06-18 00:16:21.933,2026-06-18 00:16:21.933,0,NULL,2026-06-18 00:16:22.017,6221,6221,0,NR-No Report
26-015063,2026-06-17 22:38:28.307,25,WED,17,22,C,NIGHT,MIDS,EMS,MUTUAL CPR,1,C2C,CAD to CAD Service 1,CAD to CAD Service 1,2026-06-17 22:37:04.000,NULL,2026-06-17 22:38:28.683,84,0,84,2026-06-17 22:38:28.747,0,0,0,NULL,NULL,NULL,NULL,2026-06-17 22:39:05.670,84,103,-19,2026-06-17 22:39:05.670,37,18,19,2026-06-17 22:42:18.740,193,193,0,2026-06-17 23:03:56.863,2026-06-17 23:27:21.843,0,NULL,2026-06-17 23:27:21.877,3017,3017,0,CAD2CAD
26-015064,2026-06-17 22:38:40.000,25,WED,17,22,C,NIGHT,MIDS,FIRE,ODOR OF SMOKE HR RESIDENTIAL,1,E-911,"MARTINEZ, ESTHER","LEWIS, LESLIE",2026-06-17 22:38:40.000,2026-06-17 22:39:40.000,2026-06-17 22:39:28.000,48,48,0,2026-06-17 22:39:30.703,2,2,0,2026-06-17 22:40:15.000,95,95,0,2026-06-17 22:40:41.550,50,50,0,2026-06-17 22:40:41.550,71,70,1,2026-06-17 22:43:41.923,180,180,0,2026-06-17 22:50:56.130,2026-06-17 23:31:59.290,0,NULL,2026-06-17 23:31:59.573,3199,3199,0,UNDEFINED
26-049101,2026-06-17 22:52:15.000,25,WED,17,22,C,NIGHT,MIDS,POLICE,SUSPICIOUS EVENT,2,OFFICER,"MCLEOD, DOUGLAS",NULL,2026-06-17 22:52:13.000,2026-06-17 22:53:12.000,2026-06-17 22:52:55.000,42,40,2,2026-06-17 22:57:08.893,253,253,0,2026-06-17 22:54:47.000,154,152,2,2026-06-17 22:57:08.893,295,295,0,2026-06-17 22:57:08.893,0,0,0,2026-06-17 22:57:26.640,18,17,1,2026-06-17 23:16:04.187,2026-06-17 23:16:04.187,0,NULL,2026-06-17 23:16:04.227,1431,1431,0,NR-No Report
26-049103,2026-06-17 23:06:18.000,25,WED,17,23,C,NIGHT,MIDS,POLICE,MENTAL HEALTH CASE,2,Phone,"SWINTON, LATOYA",NULL,2026-06-17 23:06:16.000,2026-06-17 23:09:22.000,2026-06-17 23:09:02.000,166,164,2,2026-06-17 23:12:43.703,221,221,0,2026-06-17 23:10:00.000,224,222,2,2026-06-17 23:12:46.180,387,387,0,2026-06-17 23:12:46.180,3,2,1,2026-06-17 23:23:06.650,620,620,0,2026-06-17 23:41:20.273,2026-06-18 21:25:42.760,0,NULL,2026-06-18 21:25:42.847,80366,80366,0,RE-Report
26-049104,2026-06-17 23:21:23.000,25,WED,17,23,C,NIGHT,MIDS,POLICE,TRAFFIC STOP,2,Radio,"RAHIM, AHMAD",NULL,2026-06-17 23:21:23.000,2026-06-17 23:21:41.000,2026-06-17 23:21:23.000,0,1,-1,2026-06-17 23:21:23.000,0,0,0,2026-06-17 23:21:23.000,0,NULL,0,2026-06-17 23:21:23.000,0,0,0,2026-06-17 23:21:23.000,0,0,0,2026-06-17 23:21:23.000,0,0,0,2026-06-17 23:35:28.287,2026-06-17 23:35:42.937,0,NULL,2026-06-17 23:35:42.960,859,859,0,NR-No Report
26-049105,2026-06-17 23:22:10.000,25,WED,17,23,C,NIGHT,MIDS,POLICE,TRESPASSING IN PROG,2,Radio,"MCLEOD, DOUGLAS","MCLEOD, DOUGLAS",2026-06-17 23:22:10.000,2026-06-17 23:32:49.000,2026-06-17 23:22:10.000,0,0,0,2026-06-17 23:22:10.000,0,0,0,2026-06-17 23:22:10.000,0,0,0,2026-06-17 23:22:49.903,0,0,0,2026-06-17 23:22:10.000,0,0,0,2026-06-17 23:22:10.000,0,0,0,2026-06-17 23:28:33.500,2026-06-17 23:39:53.520,0,NULL,2026-06-17 23:39:53.577,1063,1063,0,NR-No Report
26-015065,2026-06-17 23:31:28.000,25,WED,17,23,C,NIGHT,MIDS,EMS,BLS EMERGENCY,3,E-911,"MARTINEZ, ESTHER",Automatic Dispatch,2026-06-17 23:31:28.000,2026-06-17 23:32:23.000,2026-06-17 23:32:19.000,51,51,0,2026-06-17 23:32:21.157,2,2,0,2026-06-17 23:34:28.000,180,180,0,2026-06-17 23:33:19.203,53,53,0,2026-06-17 23:33:19.203,58,58,0,2026-06-17 23:42:22.607,543,543,0,2026-06-18 00:39:38.113,2026-06-18 00:39:38.113,0,NULL,2026-06-18 00:39:38.177,4090,4090,0,UNDEFINED
26-049106,2026-06-17 23:36:26.000,25,WED,17,23,C,NIGHT,MIDS,POLICE,DOMESTIC VIOL NO INJ,1,E-911,"WALKER, JUANITA",NULL,2026-06-17 23:36:25.000,2026-06-17 23:37:50.000,2026-06-17 23:37:45.000,80,79,1,2026-06-17 23:38:08.270,23,23,0,2026-06-17 23:43:30.000,425,424,1,2026-06-17 23:38:11.027,103,103,0,2026-06-17 23:38:11.027,3,2,1,2026-06-17 23:40:00.313,109,109,0,2026-06-17 23:44:03.783,2026-06-18 01:00:03.320,0,NULL,2026-06-18 01:00:03.403,5018,5018,0,NR-No Report
26-049107,2026-06-17 23:57:26.000,25,WED,17,23,C,NIGHT,MIDS,POLICE,FLAG DOWN,2,Radio,"WALKER, JUANITA","WALKER, JUANITA",2026-06-17 23:57:26.000,2026-06-17 23:57:34.307,2026-06-17 23:57:26.000,0,0,0,2026-06-17 23:57:26.000,0,0,0,2026-06-17 23:57:26.000,0,0,0,2026-06-17 23:57:37.210,0,0,0,2026-06-17 23:57:26.000,0,0,0,2026-06-17 23:57:26.000,0,0,0,2026-06-18 00:12:05.500,2026-06-18 00:13:09.723,0,NULL,2026-06-18 00:13:09.850,943,943,0,NR-No Report
26-015066,2026-06-18 00:00:08.417,25,THU,18,0,C,NIGHT,MIDS,EMS,INJURED PERSON BLS,3,Radio,"WALKER, JUANITA",Automatic Dispatch,2026-06-18 00:00:08.417,2026-06-18 00:00:20.000,2026-06-18 00:00:08.417,0,0,0,2026-06-18 00:00:10.713,2,2,0,2026-06-18 00:00:08.417,0,NULL,0,2026-06-18 00:02:05.797,2,2,0,2026-06-18 00:02:05.797,115,115,0,2026-06-18 00:06:54.927,289,289,0,2026-06-18 00:42:51.130,2026-06-18 00:42:51.130,0,NULL,2026-06-18 00:42:51.207,2563,2562,1,UNDEFINED
26-049108,2026-06-18 00:08:38.000,25,THU,18,0,C,NIGHT,MIDS,POLICE,OFF DUTY DETAIL,8,OFFICER,"SUAREZ, ANGGELO J",NULL,2026-06-18 00:08:38.000,NULL,2026-06-18 00:08:38.000,0,0,0,2026-06-18 00:08:38.000,0,0,0,2026-06-18 00:08:38.000,0,NULL,0,2026-06-18 00:08:38.000,0,0,0,2026-06-18 00:08:38.000,0,0,0,2026-06-18 00:08:38.000,0,0,0,2026-06-18 01:58:47.437,2026-06-18 01:58:47.400,0,NULL,2026-06-18 01:58:47.400,6609,6609,0,NR-No Report
26-049112,2026-06-18 00:25:19.000,25,THU,18,0,C,NIGHT,MIDS,POLICE,ASSIST OUTSIDE AGENCY,4,VCIN,"SWINTON, LATOYA",NULL,2026-06-18 00:25:17.000,2026-06-18 05:37:16.000,2026-06-18 00:28:53.000,216,214,2,2026-06-18 07:52:46.543,26633,8134,18499,2026-06-18 00:29:39.000,262,260,2,2026-06-18 07:52:46.587,26849,26849,0,2026-06-18 07:52:46.587,0,0,0,2026-06-18 07:54:48.310,122,121,1,2026-06-18 13:02:28.880,2026-06-18 02:04:53.000,1,2026-06-18 05:37:11.590,2026-06-18 13:04:39.520,5976,45562,-39586,NR-No Report
26-015068,2026-06-18 00:32:23.000,25,THU,18,0,C,NIGHT,MIDS,EMS,TROUBLE BREATHING ALS 1,1,E-911,"SWINTON, LATOYA",Automatic Dispatch,2026-06-18 00:32:23.000,2026-06-18 00:33:27.000,2026-06-18 00:33:04.000,41,41,0,2026-06-18 00:33:07.090,3,3,0,2026-06-18 00:34:57.000,154,154,0,2026-06-18 00:35:03.923,44,44,0,2026-06-18 00:35:03.923,116,116,0,2026-06-18 00:38:12.077,189,188,1,2026-06-18 01:37:22.007,2026-06-18 02:04:01.437,0,NULL,2026-06-18 02:04:01.547,5498,5498,0,UNDEFINED
26-049113,2026-06-18 00:35:18.000,25,THU,18,0,C,NIGHT,MIDS,POLICE,TRAFFIC STOP,2,Radio,"WALKER, JUANITA","WALKER, JUANITA",2026-06-18 00:35:18.000,2026-06-18 00:35:23.000,2026-06-18 00:35:18.000,0,0,0,2026-06-18 00:35:18.000,0,0,0,2026-06-18 00:35:18.000,0,0,0,2026-06-18 00:35:53.987,0,0,0,2026-06-18 00:35:18.000,0,0,0,2026-06-18 00:35:18.000,0,0,0,2026-06-18 00:56:52.503,2026-06-18 00:58:27.443,0,NULL,2026-06-18 00:58:27.483,1389,1389,0,CI-Citation
26-049114,2026-06-18 00:38:52.000,25,THU,18,0,C,NIGHT,MIDS,POLICE,ALARM COMMERCIAL,2,Phone,"MCLEOD, DOUGLAS","WALKER, JUANITA",2026-06-18 00:38:50.000,2026-06-18 00:39:41.000,2026-06-18 00:39:33.000,43,41,2,2026-06-18 00:39:54.650,21,21,0,2026-06-18 00:40:08.000,78,76,2,2026-06-18 00:39:58.230,64,64,0,2026-06-18 00:39:58.230,4,3,1,2026-06-18 00:43:20.753,202,202,0,2026-06-18 00:57:46.043,2026-06-18 01:02:57.027,0,NULL,2026-06-18 01:02:57.060,1447,1447,0,NR-No Report
26-015069,2026-06-18 00:45:49.000,25,THU,18,0,C,NIGHT,MIDS,EMS,BACK PAIN BLS,3,E-911,"MCLEOD, DOUGLAS",Automatic Dispatch,2026-06-18 00:45:49.000,2026-06-18 00:46:31.000,2026-06-18 00:46:22.000,33,33,0,2026-06-18 00:46:24.897,2,2,0,2026-06-18 00:47:34.000,105,105,0,2026-06-18 00:47:58.783,35,35,0,2026-06-18 00:47:58.783,94,93,1,2026-06-18 00:51:21.577,203,202,1,2026-06-18 01:53:00.123,2026-06-18 01:53:00.123,0,NULL,2026-06-18 01:53:00.143,4031,4031,0,UNDEFINED
26-015070,2026-06-18 00:53:46.000,25,THU,18,0,C,NIGHT,MIDS,EMS,INJURED PERSON BLS,3,E-911,"MCLEOD, DOUGLAS",Automatic Dispatch,2026-06-18 00:53:46.000,2026-06-18 00:55:01.000,2026-06-18 00:54:30.000,44,44,0,2026-06-18 00:54:33.033,3,3,0,2026-06-18 00:56:01.000,135,135,0,2026-06-18 00:56:48.083,47,47,0,2026-06-18 00:56:48.083,135,135,0,2026-06-18 01:06:05.287,557,557,0,2026-06-18 01:42:29.627,2026-06-18 01:42:29.627,0,NULL,2026-06-18 01:42:29.673,2923,2923,0,CAD2CAD
26-049116,2026-06-18 00:58:39.000,25,THU,18,0,C,NIGHT,MIDS,POLICE,OCCUPIED VEHICLE CHECK,2,OFFICER,"WALKER, JUANITA","WALKER, JUANITA",2026-06-18 00:58:39.000,2026-06-18 00:58:51.103,2026-06-18 00:58:39.000,0,0,0,2026-06-18 00:58:39.000,0,0,0,2026-06-18 00:58:39.000,0,0,0,2026-06-18 00:58:54.607,0,0,0,2026-06-18 00:58:39.000,0,0,0,2026-06-18 00:58:39.000,0,0,0,2026-06-18 01:31:53.513,2026-06-18 01:32:45.880,0,NULL,2026-06-18 01:32:45.937,2046,2046,0,NR-No Report
26-015071,2026-06-18 01:06:12.000,25,THU,18,1,C,NIGHT,MIDS,EMS,BLS EMERGENCY,3,E-911,"MCLEOD, DOUGLAS",Automatic Dispatch,2026-06-18 01:06:12.000,2026-06-18 01:07:17.000,2026-06-18 01:07:00.000,48,48,0,2026-06-18 01:07:02.607,2,2,0,2026-06-18 01:09:13.000,181,181,0,2026-06-18 01:08:33.787,50,50,0,2026-06-18 01:08:33.787,91,91,0,2026-06-18 01:17:34.470,541,540,1,2026-06-18 01:34:26.130,2026-06-18 01:34:26.130,0,NULL,2026-06-18 01:34:26.163,1694,1694,0,CAD2CAD
26-049120,2026-06-18 01:06:19.000,25,THU,18,1,C,NIGHT,MIDS,POLICE,MENTAL HEALTH CASE,4,Phone,"SWINTON, LATOYA","WALKER, JUANITA",2026-06-18 01:06:16.000,2026-06-18 01:16:09.000,2026-06-18 01:14:00.000,464,461,3,2026-06-18 01:17:15.073,195,195,0,2026-06-18 01:14:22.000,486,483,3,2026-06-18 01:30:25.243,659,659,0,2026-06-18 01:30:25.243,790,6,784,2026-06-18 01:49:42.110,1157,1156,1,2026-06-18 04:28:19.967,2026-06-18 05:00:45.087,0,NULL,2026-06-18 05:00:45.177,14069,14069,0,RE-Report
26-049119,2026-06-18 01:06:21.000,25,THU,18,1,C,NIGHT,MIDS,POLICE,TRAFFIC STOP,2,Radio,"WALKER, JUANITA","WALKER, JUANITA",2026-06-18 01:06:21.000,2026-06-18 01:10:19.000,2026-06-18 01:06:21.000,0,0,0,2026-06-18 01:06:21.000,0,0,0,2026-06-18 01:06:21.000,0,0,0,2026-06-18 01:10:43.220,0,0,0,2026-06-18 01:06:21.000,0,0,0,2026-06-18 01:06:21.000,0,0,0,2026-06-18 01:44:38.317,2026-06-18 01:56:22.420,0,NULL,2026-06-18 01:56:22.453,3001,3001,0,CI-Citation
26-015072,2026-06-18 01:15:45.000,25,THU,18,1,C,NIGHT,MIDS,EMS,BACK PAIN BLS,3,E-911,"SWINTON, LATOYA",Automatic Dispatch,2026-06-18 01:15:45.000,2026-06-18 01:16:28.000,2026-06-18 01:16:21.000,36,36,0,2026-06-18 01:16:23.480,2,2,0,2026-06-18 01:19:56.000,251,251,0,2026-06-18 01:17:40.543,38,38,0,2026-06-18 01:17:40.543,77,77,0,2026-06-18 01:27:18.117,578,577,1,2026-06-18 02:00:06.930,2026-06-18 02:00:06.930,0,NULL,2026-06-18 02:00:07.000,2661,2661,0,UNDEFINED
26-015073,2026-06-18 01:27:05.000,25,THU,18,1,C,NIGHT,MIDS,EMS,PUBLIC SERVICE EMS,4,Phone,"SWINTON, LATOYA",Automatic Dispatch,2026-06-18 01:27:04.000,2026-06-18 01:28:23.000,2026-06-18 01:28:07.000,63,62,1,2026-06-18 01:28:09.433,2,2,0,2026-06-18 01:28:44.000,100,99,1,2026-06-18 01:30:06.110,65,65,0,2026-06-18 01:30:06.110,117,116,1,2026-06-18 01:37:07.573,421,421,0,2026-06-18 01:52:00.260,2026-06-18 01:52:00.260,0,NULL,2026-06-18 01:52:00.270,1496,1496,0,UNDEFINED
26-049123,2026-06-18 01:31:06.000,25,THU,18,1,C,NIGHT,MIDS,POLICE,SUICIDE IN PROG NO INJ,1,Phone,"SWINTON, LATOYA",NULL,2026-06-18 01:31:05.000,2026-06-18 01:34:16.000,2026-06-18 01:34:08.000,183,182,1,2026-06-18 01:34:33.387,25,25,0,2026-06-18 01:38:29.000,444,443,1,2026-06-18 01:35:05.220,208,208,0,2026-06-18 01:35:05.220,32,31,1,2026-06-18 01:36:25.987,80,80,0,2026-06-18 02:03:42.997,2026-06-18 02:12:00.107,0,NULL,2026-06-18 02:12:00.240,2455,2455,0,NR-No Report
26-049122,2026-06-18 01:32:45.000,25,THU,18,1,C,NIGHT,MIDS,POLICE,SUBJECT STOP,2,OFFICER,"WALKER, JUANITA","WALKER, JUANITA",2026-06-18 01:32:45.000,2026-06-18 01:32:56.183,2026-06-18 01:32:45.000,0,0,0,2026-06-18 01:32:45.000,0,0,0,2026-06-18 01:32:45.000,0,0,0,2026-06-18 01:33:04.963,0,0,0,2026-06-18 01:32:45.000,0,0,0,2026-06-18 01:32:45.000,0,0,0,2026-06-18 02:12:37.157,2026-06-18 02:12:37.113,0,NULL,2026-06-18 02:12:37.113,2392,2392,0,NR-No Report
26-015074,2026-06-18 01:33:08.000,25,THU,18,1,C,NIGHT,MIDS,EMS,CHEST PAIN ALS 1,1,Phone,"MARTINEZ, ESTHER",Automatic Dispatch,2026-06-18 01:33:08.000,2026-06-18 01:33:23.000,2026-06-18 01:33:08.000,0,NULL,0,2026-06-18 01:33:10.780,2,2,0,2026-06-18 01:33:08.000,0,0,0,2026-06-18 01:34:47.623,2,2,0,2026-06-18 01:34:47.623,97,96,1,2026-06-18 01:43:52.727,545,545,0,2026-06-18 02:07:55.447,2026-06-18 03:38:31.717,0,NULL,2026-06-18 03:38:31.827,7523,7523,0,UNDEFINED
26-049124,2026-06-18 01:34:59.680,25,THU,18,1,C,NIGHT,MIDS,POLICE,ASSIST FIRE - IMMEDIATE,2,NOT CAPTURED,"MARTINEZ, ESTHER","WALKER, JUANITA",2026-06-18 01:34:59.680,2026-06-18 01:53:40.000,2026-06-18 01:34:59.680,0,0,0,2026-06-18 01:53:49.913,1130,12,1118,2026-06-18 01:34:59.680,0,NULL,0,2026-06-18 01:53:53.463,1130,1130,0,2026-06-18 01:53:53.463,4,3,1,2026-06-18 01:57:18.713,205,205,0,2026-06-18 01:59:52.003,2026-06-18 01:48:52.000,1,2026-06-18 01:53:37.500,2026-06-18 02:08:42.910,833,2023,-1190,NR-No Report
26-049125,2026-06-18 01:38:20.000,25,THU,18,1,C,NIGHT,MIDS,POLICE,NOISE COMPLAINT DELAY,4,Phone,"MARTINEZ, ESTHER","WALKER, JUANITA",2026-06-18 01:38:20.000,2026-06-18 01:46:15.000,2026-06-18 01:38:53.000,33,33,0,2026-06-18 02:03:35.003,1482,1482,0,2026-06-18 01:39:19.000,59,59,0,2026-06-18 02:03:39.700,1515,1515,0,2026-06-18 02:03:39.700,4,4,0,2026-06-18 02:03:39.700,0,0,0,2026-06-18 02:03:51.023,2026-06-18 02:03:51.023,0,NULL,2026-06-18 02:03:51.073,1531,1531,0,NR-No Report
26-015075,2026-06-18 01:39:10.000,25,THU,18,1,C,NIGHT,MIDS,FIRE,ELEVATOR,3,E-911,"SWINTON, LATOYA",Automatic Dispatch,2026-06-18 01:39:10.000,2026-06-18 01:39:56.000,2026-06-18 01:39:46.000,36,36,0,2026-06-18 01:39:47.767,1,1,0,2026-06-18 01:40:52.000,102,102,0,2026-06-18 01:42:11.247,37,37,0,2026-06-18 01:42:11.247,144,143,1,NULL,NULL,-9999,NULL,2026-06-18 01:49:13.323,2026-06-18 01:49:13.323,0,NULL,2026-06-18 01:49:13.417,603,603,0,CAD2CAD
26-049126,2026-06-18 01:41:17.000,25,THU,18,1,C,NIGHT,MIDS,POLICE,TROUBLE UNKNOWN NO EMS,2,E-911,"MARTINEZ, ESTHER","WALKER, JUANITA",2026-06-18 01:41:16.000,2026-06-18 01:42:25.000,2026-06-18 01:42:01.000,45,44,1,2026-06-18 01:43:56.833,115,115,0,2026-06-18 01:43:01.000,105,104,1,2026-06-18 01:44:00.983,160,160,0,2026-06-18 01:44:00.983,4,4,0,2026-06-18 01:49:46.157,346,345,1,2026-06-18 01:44:58.737,2026-06-18 01:56:31.427,0,NULL,2026-06-18 01:56:31.483,915,915,0,NR-No Report
26-015076,2026-06-18 01:45:53.967,25,THU,18,1,C,NIGHT,MIDS,EMS,MUTUAL ALS,1,C2C,CAD to CAD Service 1,CAD to CAD Service 1,2026-06-18 01:43:33.000,2026-06-18 01:46:09.000,2026-06-18 01:45:54.340,141,0,141,2026-06-18 01:45:54.387,0,0,0,NULL,NULL,NULL,NULL,2026-06-18 01:47:38.147,141,192,-51,2026-06-18 01:47:38.147,104,103,1,2026-06-18 01:50:53.487,195,195,0,2026-06-18 01:51:29.897,2026-06-18 03:29:46.240,0,NULL,2026-06-18 03:29:46.330,6373,6373,0,UNDEFINED
26-049127,2026-06-18 02:06:02.000,25,THU,18,2,C,NIGHT,LATE,POLICE,ADMINISTRATIVE TASK,2,Phone,"MARTINEZ, ESTHER",NULL,2026-06-18 02:06:02.000,2026-06-18 02:07:15.000,2026-06-18 02:06:35.000,33,33,0,2026-06-18 02:08:12.963,97,97,0,2026-06-18 02:07:00.000,58,58,0,2026-06-18 02:08:16.390,130,130,0,2026-06-18 02:08:16.390,4,3,1,2026-06-18 02:38:23.920,1807,1807,0,2026-06-18 02:30:31.657,2026-06-18 03:18:40.213,0,NULL,2026-06-18 03:18:40.290,4358,4358,0,NR-No Report
26-049128,2026-06-18 02:09:59.000,25,THU,18,2,C,NIGHT,LATE,POLICE,SUBJECT STOP,2,OFFICER,"WALKER, JUANITA","WALKER, JUANITA",2026-06-18 02:09:59.000,2026-06-18 02:10:08.700,2026-06-18 02:09:59.000,0,0,0,2026-06-18 02:09:59.000,0,0,0,2026-06-18 02:09:59.000,0,0,0,2026-06-18 02:10:10.437,0,0,0,2026-06-18 02:09:59.000,0,0,0,2026-06-18 02:09:59.000,0,0,0,2026-06-18 02:15:14.260,2026-06-18 02:18:57.147,0,NULL,2026-06-18 02:18:57.190,538,538,0,NR-No Report
26-049129,2026-06-18 02:10:20.497,25,THU,18,2,C,NIGHT,LATE,POLICE,POLICE INFORMATION,4,Radio,"LEWIS, LESLIE","WALKER, JUANITA",2026-06-18 02:10:20.497,2026-06-18 02:10:25.000,2026-06-18 02:10:20.497,0,0,0,2026-06-18 02:11:39.503,79,79,0,2026-06-18 02:10:20.497,0,NULL,0,2026-06-18 02:11:49.137,79,79,0,2026-06-18 02:11:49.137,10,9,1,2026-06-18 05:33:28.100,12099,12098,1,2026-06-18 02:34:56.960,2026-06-18 09:40:01.420,0,NULL,2026-06-18 09:40:01.490,26981,26980,1,RE-Report
26-049130,2026-06-18 02:22:13.000,25,THU,18,2,C,NIGHT,LATE,POLICE,DOMESTIC VIOL NO INJ,2,E-911,"MARTINEZ, ESTHER","MCLEOD, DOUGLAS",2026-06-18 02:22:12.000,2026-06-18 02:23:29.000,2026-06-18 02:23:03.000,51,50,1,2026-06-18 02:23:56.373,53,53,0,2026-06-18 02:25:40.000,208,207,1,2026-06-18 02:24:05.730,104,104,0,2026-06-18 02:24:05.730,9,9,0,2026-06-18 02:31:06.973,421,421,0,2026-06-18 02:49:51.153,2026-06-18 02:50:12.427,0,NULL,2026-06-18 02:50:12.477,1680,1680,0,NR-No Report
26-049133,2026-06-18 02:30:15.000,25,THU,18,2,C,NIGHT,LATE,POLICE,DEST OF PROP OTH IN PROG,2,E-911,"MARTINEZ, ESTHER",NULL,2026-06-18 02:30:15.000,2026-06-18 02:31:31.000,2026-06-18 02:31:22.000,67,67,0,2026-06-18 02:31:53.967,31,31,0,2026-06-18 02:34:35.000,260,260,0,2026-06-18 02:31:59.173,98,98,0,2026-06-18 02:31:59.173,6,5,1,2026-06-18 02:38:05.920,366,366,0,2026-06-18 02:32:39.687,2026-06-18 07:25:32.050,0,NULL,2026-06-18 07:25:32.110,17717,17717,0,SUP-Supplement
26-015078,2026-06-18 02:35:19.000,25,THU,18,2,C,NIGHT,LATE,EMS,TROUBLE BREATHING ALS 1,1,E-911,"WALKER, JUANITA","ALLEN, TIANA",2026-06-18 02:35:19.000,2026-06-18 02:37:32.000,2026-06-18 02:36:39.000,80,80,0,2026-06-18 02:36:41.923,2,2,0,2026-06-18 02:37:51.000,152,152,0,2026-06-18 02:38:13.807,82,82,0,2026-06-18 02:38:13.807,92,91,1,2026-06-18 02:49:13.940,660,660,0,2026-06-18 02:41:12.550,2026-06-18 03:41:52.947,0,NULL,2026-06-18 03:41:53.047,3993,3993,0,UNDEFINED
26-049134,2026-06-18 02:38:53.000,25,THU,18,2,C,NIGHT,LATE,POLICE,DWI - DRUNK/INTOX DRIVER,2,Radio,"MCLEOD, DOUGLAS","MCLEOD, DOUGLAS",2026-06-18 02:38:53.000,2026-06-18 02:39:00.000,2026-06-18 02:38:53.000,0,0,0,2026-06-18 02:38:53.000,0,0,0,2026-06-18 02:38:53.000,0,0,0,2026-06-18 02:39:07.963,0,0,0,2026-06-18 02:38:53.000,0,0,0,2026-06-18 02:38:53.000,0,0,0,2026-06-18 03:09:27.207,2026-06-18 07:41:23.400,0,NULL,2026-06-18 07:41:23.457,18150,18150,0,RE-Report
26-049136,2026-06-18 02:58:55.000,25,THU,18,2,C,NIGHT,LATE,POLICE,BURGLARY RESIDENTIAL IN PROG,1,E-911,"MARTINEZ, ESTHER",NULL,2026-06-18 02:58:54.000,2026-06-18 02:59:53.000,2026-06-18 02:59:34.000,40,39,1,2026-06-18 03:00:18.587,44,44,0,2026-06-18 03:03:12.000,258,257,1,2026-06-18 03:00:22.427,84,84,0,2026-06-18 03:00:22.427,4,3,1,2026-06-18 03:03:04.807,162,162,0,2026-06-18 03:21:22.417,2026-06-18 03:31:16.297,0,NULL,2026-06-18 03:31:16.377,1942,1942,0,NR-No Report
26-015079,2026-06-18 03:09:48.000,25,THU,18,3,C,NIGHT,LATE,EMS,FALL BLS,3,E-911,"MARTINEZ, ESTHER","ALLEN, TIANA",2026-06-18 03:09:48.000,2026-06-18 03:10:59.000,2026-06-18 03:10:45.000,57,57,0,2026-06-18 03:10:47.700,2,2,0,2026-06-18 03:13:08.000,200,200,0,2026-06-18 03:13:03.967,59,59,0,2026-06-18 03:13:03.967,136,136,0,2026-06-18 03:18:32.410,329,328,1,2026-06-18 03:31:19.610,2026-06-18 04:27:42.113,0,NULL,2026-06-18 04:27:42.210,4674,4674,0,UNDEFINED
26-015080,2026-06-18 03:38:56.000,25,THU,18,3,C,NIGHT,LATE,FIRE,INVESTIGATION,3,Phone,"MARTINEZ, ESTHER",Automatic Dispatch,2026-06-18 03:38:55.000,2026-06-18 03:40:20.000,2026-06-18 03:40:12.000,77,76,1,2026-06-18 03:40:15.230,3,3,0,2026-06-18 03:42:56.000,241,240,1,2026-06-18 03:41:03.010,80,80,0,2026-06-18 03:41:03.010,48,47,1,2026-06-18 03:47:00.027,357,357,0,2026-06-18 03:53:54.223,2026-06-18 03:53:54.223,0,NULL,2026-06-18 03:53:54.423,899,899,0,UNDEFINED
26-049139,2026-06-18 04:05:34.000,25,THU,18,4,C,NIGHT,LATE,POLICE,DEST OF PROP COM DELAY,4,Radio,"WALKER, JUANITA",NULL,2026-06-18 04:05:32.000,2026-06-18 05:07:49.000,2026-06-18 04:06:04.000,32,30,2,2026-06-18 04:06:35.677,31,31,0,2026-06-18 04:13:23.000,471,469,2,2026-06-18 04:06:42.433,63,63,0,2026-06-18 04:06:42.433,7,6,1,2026-06-18 04:09:47.010,185,184,1,2026-06-18 05:05:56.973,2026-06-18 05:05:56.973,1,2026-06-18 05:07:46.620,2026-06-18 05:05:57.100,3624,3745,-121,RE-Report
26-049140,2026-06-18 04:20:59.000,25,THU,18,4,C,NIGHT,LATE,POLICE,TRAFFIC STOP,2,OFFICER,"WALKER, JUANITA","WALKER, JUANITA",2026-06-18 04:20:59.000,2026-06-18 04:21:10.000,2026-06-18 04:20:59.000,0,0,0,2026-06-18 04:20:59.000,0,0,0,2026-06-18 04:20:59.000,0,0,0,2026-06-18 04:21:48.353,0,0,0,2026-06-18 04:20:59.000,0,0,0,2026-06-18 04:20:59.000,0,0,0,2026-06-18 04:29:34.427,2026-06-18 04:30:06.617,0,NULL,2026-06-18 04:30:06.780,547,547,0,NR-No Report
26-049143,2026-06-18 04:26:36.000,25,THU,18,4,C,NIGHT,LATE,POLICE,ADMINISTRATIVE TASK,2,Phone,"MARTINEZ, ESTHER",NULL,2026-06-18 04:26:35.000,2026-06-18 04:29:05.000,2026-06-18 04:27:25.000,50,49,1,2026-06-18 04:34:45.120,440,440,0,2026-06-18 04:27:37.000,62,61,1,2026-06-18 04:36:56.683,490,490,0,2026-06-18 04:36:56.683,131,-9999,10130,NULL,NULL,-9999,NULL,NULL,2026-06-18 05:09:27.000,0,NULL,NULL,2572,2572,0,NR-No Report
26-049145,2026-06-18 04:33:55.000,25,THU,18,4,C,NIGHT,LATE,POLICE,DOMESTIC VIOL NO INJ,2,E-911,"MARTINEZ, ESTHER","WALKER, JUANITA",2026-06-18 04:33:55.000,2026-06-18 04:35:33.000,2026-06-18 04:35:25.000,90,90,0,2026-06-18 04:36:00.063,35,35,0,2026-06-18 04:35:58.000,123,123,0,2026-06-18 04:36:02.613,125,125,0,2026-06-18 04:36:02.613,2,2,0,2026-06-18 04:42:10.933,368,368,0,2026-06-18 04:55:23.783,2026-06-18 04:55:49.310,0,NULL,2026-06-18 04:55:49.337,1314,1314,0,NR-No Report
26-015081,2026-06-18 04:45:11.000,25,THU,18,4,C,NIGHT,LATE,EMS,TROUBLE BREATHING ALS 1,1,E-911,"MARTINEZ, ESTHER",Automatic Dispatch,2026-06-18 04:45:11.000,2026-06-18 04:46:16.000,2026-06-18 04:45:28.000,17,17,0,2026-06-18 04:45:31.760,3,3,0,2026-06-18 04:47:36.000,145,145,0,2026-06-18 04:47:09.710,20,20,0,2026-06-18 04:47:09.710,98,97,1,2026-06-18 04:50:27.440,198,197,1,2026-06-18 05:30:06.780,2026-06-18 06:06:51.997,0,NULL,2026-06-18 06:06:52.100,4900,4900,0,UNDEFINED
26-015082,2026-06-18 04:58:01.000,25,THU,18,4,C,NIGHT,LATE,EMS,TROUBLE BREATHING ALS 1,1,E-911,"MARTINEZ, ESTHER","LEWIS, LESLIE",2026-06-18 04:58:01.000,2026-06-18 04:59:28.000,2026-06-18 04:58:40.000,39,39,0,2026-06-18 04:58:43.647,3,3,0,2026-06-18 05:01:53.000,232,232,0,2026-06-18 05:00:09.330,42,42,0,2026-06-18 05:00:09.330,86,85,1,2026-06-18 05:04:47.027,278,277,1,2026-06-18 05:01:39.487,2026-06-18 06:17:29.700,0,NULL,2026-06-18 06:17:29.767,4768,4768,0,UNDEFINED
26-049146,2026-06-18 05:18:50.000,25,THU,18,5,C,NIGHT,LATE,POLICE,FLAG DOWN,2,OFFICER,"SIMS, LADARICK H",NULL,2026-06-18 05:18:50.000,2026-06-18 05:19:35.000,2026-06-18 05:18:50.000,0,0,0,2026-06-18 05:18:50.000,0,0,0,2026-06-18 05:18:50.000,0,NULL,0,2026-06-18 05:18:50.000,0,0,0,2026-06-18 05:18:50.000,0,0,0,2026-06-18 05:18:50.000,0,0,0,NULL,2026-06-18 05:19:40.000,0,NULL,NULL,50,50,0,NR-No Report
26-049147,2026-06-18 05:22:16.000,25,THU,18,5,C,NIGHT,LATE,POLICE,ASSIST CITIZEN DELAY,4,Phone,"MCLEOD, DOUGLAS","WALKER, JUANITA",2026-06-18 05:22:15.000,2026-06-18 05:25:32.000,2026-06-18 05:25:06.000,171,170,1,2026-06-18 05:30:02.193,296,296,0,2026-06-18 05:25:18.000,183,182,1,2026-06-18 05:30:02.263,467,467,0,2026-06-18 05:30:02.263,0,0,0,2026-06-18 05:38:31.780,509,509,0,2026-06-18 05:51:24.030,2026-06-18 05:54:54.930,0,NULL,2026-06-18 05:54:54.970,1959,1959,0,NR-No Report
26-049148,2026-06-18 05:35:19.000,25,THU,18,5,C,NIGHT,LATE,POLICE,ASSIST CITIZEN DELAY,4,Phone,"MARTINEZ, ESTHER","MCLEOD, DOUGLAS",2026-06-18 05:35:19.000,2026-06-18 05:37:21.000,2026-06-18 05:37:15.000,116,116,0,2026-06-18 07:49:01.773,7906,7906,0,2026-06-18 05:38:55.000,216,216,0,2026-06-18 07:49:01.830,8022,8022,0,2026-06-18 07:49:01.830,0,0,0,2026-06-18 07:51:20.343,139,138,1,2026-06-18 07:58:09.653,2026-06-18 07:58:09.653,0,NULL,2026-06-18 07:58:09.710,8570,8570,0,NR-No Report
26-049150,2026-06-18 05:40:49.000,25,THU,18,5,C,NIGHT,LATE,POLICE,TRESPASSING IN PROG,2,Phone,"MCLEOD, DOUGLAS","WALKER, JUANITA",2026-06-18 05:40:47.000,2026-06-18 05:41:50.000,2026-06-18 05:41:29.000,42,40,2,2026-06-18 05:42:13.950,44,44,0,2026-06-18 05:42:48.000,121,119,2,2026-06-18 05:42:22.637,86,86,0,2026-06-18 05:42:22.637,9,8,1,2026-06-18 05:53:47.833,685,685,0,2026-06-18 06:08:43.470,2026-06-18 06:09:41.107,0,NULL,2026-06-18 06:09:41.140,1734,1734,0,NR-No Report
26-049151,2026-06-18 05:57:26.000,25,THU,18,5,C,NIGHT,LATE,POLICE,POLICE INFORMATION,4,Phone,"GOODWIN, SHEENA","GOODWIN, SHEENA",2026-06-18 05:57:24.000,2026-06-18 05:58:00.647,2026-06-18 05:57:48.000,24,22,2,2026-06-18 05:58:00.557,12,12,0,2026-06-18 05:58:15.000,51,49,2,2026-06-18 05:58:03.430,36,36,0,2026-06-18 05:58:03.430,3,2,1,2026-06-18 05:58:03.430,0,0,0,2026-06-18 05:58:44.517,2026-06-18 05:58:44.517,0,NULL,2026-06-18 05:58:44.540,80,80,0,RE-Report
26-049152,2026-06-18 06:00:16.000,25,THU,18,6,A,DAY,EARLY,POLICE,OFF DUTY DETAIL,8,OFFICER,"ANDERSON, ALEX D",NULL,2026-06-18 06:00:16.000,2026-06-18 06:00:28.000,2026-06-18 06:00:16.000,0,1,-1,2026-06-18 06:00:16.000,0,0,0,2026-06-18 06:00:16.000,0,NULL,0,2026-06-18 06:00:16.000,0,0,0,2026-06-18 06:00:16.000,0,0,0,2026-06-18 06:00:16.000,0,0,0,2026-06-18 09:17:45.073,2026-06-18 09:17:45.073,0,NULL,2026-06-18 09:17:45.137,11849,11849,0,NR-No Report
26-015083,2026-06-18 06:16:22.000,25,THU,18,6,A,DAY,EARLY,EMS,FACILITY BLS,3,E-911,"GOODWIN, SHEENA",Automatic Dispatch,2026-06-18 06:16:22.000,2026-06-18 06:17:44.000,2026-06-18 06:17:31.000,69,69,0,2026-06-18 06:17:33.313,2,2,0,2026-06-18 06:24:10.000,468,468,0,2026-06-18 06:19:04.603,71,71,0,2026-06-18 06:19:04.603,91,91,0,2026-06-18 06:23:17.827,253,253,0,2026-06-18 06:44:24.637,2026-06-18 07:12:25.993,0,NULL,2026-06-18 07:12:26.120,3363,3363,0,UNDEFINED
26-049155,2026-06-18 06:18:04.000,25,THU,18,6,A,DAY,EARLY,POLICE,PARKING COMPLAINT,4,Phone,"PATTERSON, JAHAIRA","PATTERSON, JAHAIRA",2026-06-18 06:18:02.000,2026-06-18 07:51:09.000,2026-06-18 06:19:51.000,109,107,2,2026-06-18 07:08:14.133,2903,2903,0,2026-06-18 06:19:52.000,110,108,2,2026-06-18 07:08:14.133,3012,3012,0,2026-06-18 07:08:14.133,0,-9999,9999,2026-06-18 07:16:34.290,500,500,0,2026-06-18 07:36:51.427,2026-06-18 07:36:51.427,1,2026-06-18 07:51:06.837,2026-06-18 07:55:53.297,4729,5870,-1141,RE-Report
26-049156,2026-06-18 06:31:11.000,25,THU,18,6,A,DAY,EARLY,POLICE,TRAFFIC STOP,2,OFFICER,"MONTGOMERY, NICHOLAS",NULL,2026-06-18 06:31:11.000,2026-06-18 06:31:47.000,2026-06-18 06:31:11.000,0,1,-1,2026-06-18 06:31:11.000,0,0,0,2026-06-18 06:31:11.000,0,NULL,0,2026-06-18 06:31:11.000,0,0,0,2026-06-18 06:31:11.000,0,0,0,2026-06-18 06:31:11.000,0,0,0,2026-06-18 06:35:44.513,2026-06-18 06:45:18.607,0,NULL,2026-06-18 06:45:18.687,847,847,0,NR-No Report
26-049157,2026-06-18 06:32:36.000,25,THU,18,6,A,DAY,EARLY,POLICE,LARCENY OTHER IN PROG,2,E-911,"GOODWIN, SHEENA",NULL,2026-06-18 06:32:36.000,2026-06-18 06:35:18.000,2026-06-18 06:35:14.000,158,158,0,2026-06-18 06:35:39.000,25,24,1,2026-06-18 06:49:32.000,1016,1016,0,2026-06-18 06:35:42.010,183,182,1,2026-06-18 06:35:42.010,3,3,0,2026-06-18 06:36:23.417,41,41,0,2026-06-18 06:53:23.557,2026-06-18 08:21:13.000,0,NULL,2026-06-18 09:14:56.643,6517,9740,-3223,RE-Report
26-049159,2026-06-18 06:39:59.000,25,THU,18,6,A,DAY,EARLY,POLICE,PARKING COMPLAINT,4,Phone,"PATTERSON, JAHAIRA",NULL,2026-06-18 06:39:59.000,NULL,2026-06-18 06:40:48.000,49,49,0,2026-06-18 06:41:23.057,35,35,0,2026-06-18 06:47:16.000,437,437,0,2026-06-18 06:41:23.057,84,84,0,2026-06-18 06:41:23.057,0,-9999,9999,2026-06-18 06:49:19.400,476,476,0,2026-06-18 07:00:10.740,2026-06-18 07:00:10.740,0,NULL,2026-06-18 07:00:11.367,1211,1211,0,CI-Citation
26-015084,2026-06-18 06:47:26.000,25,THU,18,6,A,DAY,EARLY,EMS,PUBLIC SERVICE EMS,4,Phone,"PATTERSON, JAHAIRA",Automatic Dispatch,2026-06-18 06:47:23.000,2026-06-18 06:48:01.000,2026-06-18 06:47:50.000,27,24,3,2026-06-18 06:47:52.977,2,2,0,2026-06-18 06:48:31.000,68,65,3,2026-06-18 06:49:52.050,29,29,0,2026-06-18 06:49:52.050,120,119,1,2026-06-18 06:53:09.013,197,196,1,2026-06-18 06:56:20.583,2026-06-18 06:56:20.583,0,NULL,2026-06-18 06:56:20.887,537,537,0,UNDEFINED
26-015085,2026-06-18 06:57:22.000,25,THU,18,6,A,DAY,EARLY,FIRE,FIRE ALARM,3,Phone,"JONES, DAESHA",Automatic Dispatch,2026-06-18 06:57:20.000,2026-06-18 06:59:37.000,2026-06-18 06:57:53.000,33,31,2,2026-06-18 06:57:55.323,2,2,0,2026-06-18 06:59:20.000,120,118,2,2026-06-18 06:59:28.433,35,35,0,2026-06-18 06:59:28.433,93,93,0,2026-06-18 07:02:19.917,171,171,0,2026-06-18 07:07:00.867,2026-06-18 07:07:00.867,0,NULL,2026-06-18 07:07:01.003,580,580,0,UNDEFINED
26-049163,2026-06-18 07:02:05.000,25,THU,18,7,A,DAY,EARLY,POLICE,TROUBLE UNKNOWN NO EMS,2,E-911,"JONES, DAESHA","MCLEOD, DOUGLAS",2026-06-18 07:02:05.000,2026-06-18 07:02:56.000,2026-06-18 07:02:48.000,43,43,0,2026-06-18 07:03:23.957,35,35,0,2026-06-18 07:06:24.000,259,259,0,2026-06-18 07:03:27.343,78,78,0,2026-06-18 07:03:27.343,4,3,1,2026-06-18 07:11:53.983,506,506,0,2026-06-18 07:47:36.837,2026-06-18 07:48:15.233,0,NULL,2026-06-18 07:48:15.300,2770,2770,0,NR-No Report
26-049164,2026-06-18 07:04:31.000,25,THU,18,7,A,DAY,EARLY,POLICE,PARKING COMPLAINT,4,Phone,"PATTERSON, JAHAIRA",NULL,2026-06-18 07:04:29.000,2026-06-18 07:08:13.000,2026-06-18 07:04:39.000,10,8,2,2026-06-18 07:08:48.920,249,249,0,2026-06-18 07:05:04.000,35,33,2,2026-06-18 07:08:48.920,259,259,0,2026-06-18 07:08:48.920,0,0,0,2026-06-18 07:23:38.647,890,889,1,2026-06-18 07:50:49.413,2026-06-18 07:50:49.413,0,NULL,2026-06-18 07:50:49.907,2780,2780,0,CI-Citation
26-015086,2026-06-18 07:09:01.720,25,THU,18,7,A,DAY,EARLY,EMS,MUTUAL CPR,1,C2C,CAD to CAD Service 1,CAD to CAD Service 1,2026-06-18 07:07:57.000,2026-06-18 07:12:16.000,2026-06-18 07:09:01.983,64,0,64,2026-06-18 07:09:02.030,1,0,1,NULL,NULL,NULL,NULL,2026-06-18 07:09:39.407,65,251,-186,2026-06-18 07:09:39.407,37,37,0,2026-06-18 07:13:08.650,209,209,0,2026-06-18 07:12:03.223,2026-06-18 07:25:00.267,0,NULL,2026-06-18 07:25:00.297,1023,1023,0,CAD2CAD
26-049174,2026-06-18 07:17:21.000,25,THU,18,7,A,DAY,EARLY,POLICE,ANIMAL DECEASED,3,Phone,"PATTERSON, JAHAIRA","PATTERSON, JAHAIRA",2026-06-18 07:17:20.000,2026-06-18 08:15:50.000,2026-06-18 07:58:29.000,2469,2468,1,2026-06-18 08:17:50.903,1161,1161,0,2026-06-18 07:58:31.000,2471,2470,1,2026-06-18 08:17:50.947,3630,3630,0,2026-06-18 08:17:50.947,0,0,0,2026-06-18 08:17:50.963,0,0,0,2026-06-18 08:17:54.717,2026-06-18 08:17:54.717,0,NULL,2026-06-18 08:17:54.783,3634,3634,0,ACOR-Animal Control Report
26-015087,2026-06-18 07:30:14.000,25,THU,18,7,A,DAY,EARLY,EMS,UNKNOWN MEDICAL ALS 1,1,E-911,"JONES, DAESHA",Automatic Dispatch,2026-06-18 07:30:14.000,2026-06-18 07:32:33.000,2026-06-18 07:32:21.000,127,127,0,2026-06-18 07:32:23.780,2,2,0,2026-06-18 07:49:18.000,1144,1144,0,2026-06-18 07:33:04.690,129,129,0,2026-06-18 07:33:04.690,41,40,1,2026-06-18 07:37:57.427,293,292,1,2026-06-18 07:40:04.060,2026-06-18 08:14:15.833,0,NULL,2026-06-18 08:14:15.880,2641,2641,0,UNDEFINED
26-049168,2026-06-18 07:39:15.000,25,THU,18,7,A,DAY,EARLY,POLICE,WEAPON VIOL GUN IN PROG,1,Phone,"PATTERSON, JAHAIRA","MCLEOD, DOUGLAS",2026-06-18 07:39:15.000,2026-06-18 07:40:10.000,2026-06-18 07:40:04.000,49,49,0,2026-06-18 07:40:17.627,13,13,0,2026-06-18 07:40:04.000,49,NULL,49,2026-06-18 07:40:20.760,62,62,0,2026-06-18 07:40:20.760,3,3,0,2026-06-18 07:43:44.723,204,203,1,2026-06-18 07:47:32.553,2026-06-18 07:49:29.493,0,NULL,2026-06-18 07:49:29.563,614,614,0,NR-No Report
26-049169,2026-06-18 07:42:18.000,25,THU,18,7,A,DAY,EARLY,POLICE,PARKING COMPLAINT,4,Phone,"GOODWIN, SHEENA",NULL,2026-06-18 07:42:16.000,NULL,2026-06-18 07:42:41.000,25,23,2,2026-06-18 07:55:55.917,794,794,0,2026-06-18 07:43:48.000,92,90,2,2026-06-18 07:55:55.917,819,819,0,2026-06-18 07:55:55.917,0,0,0,2026-06-18 08:09:20.677,805,804,1,2026-06-18 08:13:28.577,2026-06-18 08:13:28.577,0,NULL,2026-06-18 08:13:29.533,1872,1872,0,CI-Citation
26-049170,2026-06-18 07:45:49.000,25,THU,18,7,A,DAY,EARLY,POLICE,TRAFFIC STOP,2,OFFICER,"SCHIPANOV, KIRILL I",NULL,2026-06-18 07:45:49.000,2026-06-18 07:46:01.000,2026-06-18 07:45:49.000,0,1,-1,2026-06-18 07:45:49.000,0,0,0,2026-06-18 07:45:49.000,0,NULL,0,2026-06-18 07:45:49.000,0,0,0,2026-06-18 07:45:49.000,0,0,0,2026-06-18 07:45:49.000,0,0,0,2026-06-18 07:52:33.387,2026-06-18 07:52:33.387,0,NULL,2026-06-18 07:52:33.440,404,404,0,CI-Citation
26-049171,2026-06-18 07:48:25.000,25,THU,18,7,A,DAY,EARLY,POLICE,POLICE INFORMATION,4,Phone,"PATTERSON, JAHAIRA","PATTERSON, JAHAIRA",2026-06-18 07:48:23.000,NULL,2026-06-18 07:48:41.000,18,16,2,2026-06-18 07:48:47.847,6,6,0,2026-06-18 07:49:07.000,44,42,2,2026-06-18 07:48:47.930,24,24,0,2026-06-18 07:48:47.930,0,0,0,2026-06-18 07:48:47.970,0,0,0,2026-06-18 08:13:02.367,2026-06-18 08:13:02.367,0,NULL,2026-06-18 08:13:02.410,1479,1479,0,RE-Report
26-049173,2026-06-18 07:53:36.000,25,THU,18,7,A,DAY,EARLY,POLICE,GLA RECOVERY IN PROG,2,E-911,"DEWBERRY, RE'KEYA","MCLEOD, DOUGLAS",2026-06-18 07:53:36.000,2026-06-18 07:57:43.000,2026-06-18 07:57:24.000,228,228,0,2026-06-18 07:59:04.123,100,100,0,2026-06-18 08:01:24.000,468,468,0,2026-06-18 07:59:08.057,328,328,0,2026-06-18 07:59:08.057,4,3,1,2026-06-18 07:59:57.317,49,49,0,2026-06-18 11:01:36.637,2026-06-18 11:01:36.637,0,NULL,2026-06-18 11:01:36.723,11280,11280,0,RE-Report
26-049172,2026-06-18 07:57:12.000,25,THU,18,7,A,DAY,EARLY,POLICE,TRAFFIC STOP,2,OFFICER,"SCHIPANOV, KIRILL I",NULL,2026-06-18 07:57:12.000,2026-06-18 07:57:22.000,2026-06-18 07:57:12.000,0,1,-1,2026-06-18 07:57:12.000,0,0,0,2026-06-18 07:57:12.000,0,NULL,0,2026-06-18 07:57:12.000,0,0,0,2026-06-18 07:57:12.000,0,0,0,2026-06-18 07:57:12.000,0,0,0,2026-06-18 08:05:14.310,2026-06-18 08:05:14.310,0,NULL,2026-06-18 08:05:14.390,482,482,0,CI-Citation
26-015088,2026-06-18 07:59:46.000,25,THU,18,7,A,DAY,EARLY,EMS,STROKE ALS 2,1,E-911,"GOODWIN, SHEENA",Automatic Dispatch,2026-06-18 07:59:46.000,2026-06-18 08:01:40.000,2026-06-18 08:01:35.000,109,109,0,2026-06-18 08:01:38.337,3,3,0,2026-06-18 08:04:54.000,308,308,0,2026-06-18 08:02:45.243,112,112,0,2026-06-18 08:02:45.243,67,66,1,2026-06-18 08:06:02.737,197,197,0,2026-06-18 08:16:32.033,2026-06-18 08:20:31.180,0,NULL,2026-06-18 08:20:31.277,1245,1245,0,UNDEFINED
26-015090,2026-06-18 08:04:32.000,25,THU,18,8,A,DAY,EARLY,EMS,FACILITY BLS,3,E-911,"CRUZ, STEPHANIE","FOSTER, KANESHA",2026-06-18 08:04:32.000,2026-06-18 08:05:54.000,2026-06-18 08:05:43.000,71,71,0,2026-06-18 08:05:45.460,2,2,0,2026-06-18 08:08:19.000,227,227,0,2026-06-18 08:06:28.860,73,73,0,2026-06-18 08:06:28.860,43,43,0,2026-06-18 08:20:00.820,812,811,1,2026-06-18 08:11:38.677,2026-06-18 09:13:17.237,0,NULL,2026-06-18 09:13:17.317,4125,4125,0,UNDEFINED
26-015089,2026-06-18 08:04:47.000,25,THU,18,8,A,DAY,EARLY,EMS,HEART PROBLEMS ALS 1,1,E-911,"DEWBERRY, RE'KEYA",Automatic Dispatch,2026-06-18 08:04:47.000,2026-06-18 08:05:47.000,2026-06-18 08:05:35.000,48,48,0,2026-06-18 08:05:37.770,2,2,0,2026-06-18 08:18:01.000,794,794,0,2026-06-18 08:05:49.247,50,50,0,2026-06-18 08:05:49.247,12,11,1,2026-06-18 08:06:24.187,35,34,1,2026-06-18 08:26:11.763,2026-06-18 08:32:17.200,0,NULL,2026-06-18 08:32:17.367,1650,1650,0,UNDEFINED
26-015091,2026-06-18 08:05:24.000,25,THU,18,8,A,DAY,EARLY,EMS,DIABETIC EMERGENCY ALS 1,1,E-911,"GOODWIN, SHEENA","FOSTER, KANESHA",2026-06-18 08:05:22.000,2026-06-18 08:07:13.000,2026-06-18 08:06:54.000,92,90,2,2026-06-18 08:06:55.973,1,1,0,2026-06-18 08:10:45.000,323,321,2,2026-06-18 08:07:43.687,93,93,0,2026-06-18 08:07:43.687,48,47,1,2026-06-18 08:17:17.013,574,573,1,2026-06-18 08:09:17.037,2026-06-18 10:30:57.853,0,NULL,2026-06-18 10:30:57.930,8735,8735,0,UNDEFINED
26-049176,2026-06-18 08:10:25.000,25,THU,18,8,A,DAY,EARLY,POLICE,TRAFFIC STOP,2,OFFICER,"SCHIPANOV, KIRILL I",NULL,2026-06-18 08:10:25.000,2026-06-18 08:10:38.000,2026-06-18 08:10:25.000,0,1,-1,2026-06-18 08:10:25.000,0,0,0,2026-06-18 08:10:25.000,0,NULL,0,2026-06-18 08:10:25.000,0,0,0,2026-06-18 08:10:25.000,0,0,0,2026-06-18 08:10:25.000,0,0,0,2026-06-18 08:29:24.707,2026-06-18 08:29:24.707,0,NULL,2026-06-18 08:29:24.827,1139,1139,0,CI-Citation
26-049178,2026-06-18 08:10:54.000,25,THU,18,8,A,DAY,EARLY,POLICE,DISORDERLY CONDUCT,2,Phone,"PICKERAL, LAUREN","MCLEOD, DOUGLAS",2026-06-18 08:10:53.000,2026-06-18 08:14:41.000,2026-06-18 08:11:53.000,60,59,1,2026-06-18 08:14:52.170,179,179,0,2026-06-18 08:12:03.000,70,69,1,2026-06-18 08:14:58.923,239,239,0,2026-06-18 08:14:58.923,6,6,0,2026-06-18 08:25:28.677,630,629,1,2026-06-18 09:26:47.683,2026-06-18 09:31:48.947,0,NULL,2026-06-18 09:31:49.113,4855,4855,0,NR-No Report
26-049180,2026-06-18 08:13:01.000,25,THU,18,8,A,DAY,EARLY,POLICE,MVC PROPERTY DAMAGE,2,E-911,"JONES, DAESHA","MCLEOD, DOUGLAS",2026-06-18 08:13:00.000,2026-06-18 08:14:09.000,2026-06-18 08:13:58.000,58,57,1,2026-06-18 08:15:22.913,84,84,0,2026-06-18 08:14:00.000,60,59,1,2026-06-18 08:15:30.603,142,142,0,2026-06-18 08:15:30.603,8,7,1,2026-06-18 08:24:31.897,541,541,0,2026-06-18 09:13:11.220,2026-06-18 09:15:37.603,0,NULL,2026-06-18 09:15:37.707,3757,3757,0,NR-No Report
26-015092,2026-06-18 08:20:21.000,25,THU,18,8,A,DAY,EARLY,FIRE,ELEVATOR,3,E-911,"DEWBERRY, RE'KEYA",Automatic Dispatch,2026-06-18 08:20:21.000,2026-06-18 08:21:26.000,2026-06-18 08:20:48.000,27,27,0,2026-06-18 08:20:49.737,1,1,0,2026-06-18 08:22:12.000,111,111,0,2026-06-18 08:21:33.560,28,28,0,2026-06-18 08:21:33.560,44,43,1,2026-06-18 08:30:05.280,512,511,1,2026-06-18 08:37:22.150,2026-06-18 08:37:22.150,0,NULL,2026-06-18 08:37:22.210,1021,1021,0,CAD2CAD
26-049184,2026-06-18 08:23:51.000,25,THU,18,8,A,DAY,EARLY,POLICE,POLICE INFORMATION,4,E-911,"GOODWIN, SHEENA","MCLEOD, DOUGLAS",2026-06-18 08:23:51.000,2026-06-18 08:24:57.000,2026-06-18 08:24:48.000,57,57,0,2026-06-18 08:25:14.387,26,26,0,2026-06-18 08:56:37.000,1966,1966,0,2026-06-18 08:25:20.090,83,83,0,2026-06-18 08:25:20.090,6,5,1,2026-06-18 08:29:44.247,264,264,0,2026-06-18 08:29:16.173,2026-06-18 10:10:31.363,0,NULL,2026-06-18 10:10:31.480,6400,6400,0,RE-Report
26-015093,2026-06-18 08:25:28.000,25,THU,18,8,A,DAY,EARLY,EMS,PUBLIC SERVICE EMS,4,E-911,"JONES, DAESHA",Automatic Dispatch,2026-06-18 08:25:28.000,2026-06-18 08:26:14.000,2026-06-18 08:26:10.000,42,42,0,2026-06-18 08:26:12.260,2,2,0,2026-06-18 08:35:15.000,587,587,0,2026-06-18 08:26:48.143,44,44,0,2026-06-18 08:26:48.143,36,35,1,2026-06-18 08:39:26.900,758,758,0,2026-06-18 08:55:50.087,2026-06-18 08:55:50.087,0,NULL,2026-06-18 08:55:50.237,1822,1822,0,UNDEFINED
26-049186,2026-06-18 08:29:43.000,25,THU,18,8,A,DAY,EARLY,POLICE,TRAFFIC STOP,2,OFFICER,"SCHIPANOV, KIRILL I",NULL,2026-06-18 08:29:43.000,2026-06-18 08:29:55.000,2026-06-18 08:29:43.000,0,1,-1,2026-06-18 08:29:43.000,0,0,0,2026-06-18 08:29:43.000,0,NULL,0,2026-06-18 08:29:43.000,0,0,0,2026-06-18 08:29:43.000,0,0,0,2026-06-18 08:29:43.000,0,0,0,2026-06-18 08:50:04.323,2026-06-18 08:50:04.323,0,NULL,2026-06-18 08:50:04.397,1221,1221,0,CI-Citation
26-049189,2026-06-18 08:37:04.000,25,THU,18,8,A,DAY,EARLY,POLICE,DOMESTIC VIOL NO INJ,1,E-911,"DEWBERRY, RE'KEYA",NULL,2026-06-18 08:37:04.000,2026-06-18 08:38:38.000,2026-06-18 08:37:37.000,33,33,0,2026-06-18 08:39:26.290,109,109,0,2026-06-18 08:41:26.000,262,262,0,2026-06-18 08:39:57.227,142,142,0,2026-06-18 08:39:57.227,31,30,1,2026-06-18 08:48:42.700,525,525,0,2026-06-18 09:29:22.540,2026-06-18 14:28:56.533,0,NULL,2026-06-18 14:28:56.607,21112,21112,0,RE-Report
26-049190,2026-06-18 08:38:12.000,25,THU,18,8,A,DAY,EARLY,POLICE,ALARM RESIDENTIAL,2,Phone,"JONES, DAESHA",NULL,2026-06-18 08:38:10.000,2026-06-18 08:38:37.000,2026-06-18 08:38:29.000,19,17,2,2026-06-18 08:41:43.307,194,194,0,2026-06-18 08:39:59.000,109,107,2,2026-06-18 08:41:43.307,213,213,0,2026-06-18 08:41:43.307,0,0,0,2026-06-18 08:42:07.220,24,23,1,2026-06-18 08:52:08.577,2026-06-18 08:52:08.577,0,NULL,2026-06-18 08:52:08.710,838,838,0,FALSE-False Alarm
26-015094,2026-06-18 08:41:28.000,25,THU,18,8,A,DAY,EARLY,EMS,ALTERED LOC ALS 1,1,Phone,"DEWBERRY, RE'KEYA",Automatic Dispatch,2026-06-18 08:41:27.000,2026-06-18 08:42:32.000,2026-06-18 08:42:22.000,55,54,1,2026-06-18 08:42:24.210,2,2,0,2026-06-18 08:44:26.000,179,178,1,2026-06-18 08:42:45.367,57,57,0,2026-06-18 08:42:45.367,21,21,0,2026-06-18 08:47:04.023,259,258,1,2026-06-18 09:28:33.080,2026-06-18 10:34:32.050,0,NULL,2026-06-18 10:34:32.127,6785,6785,0,CAD2CAD
26-049191,2026-06-18 08:42:24.000,25,THU,18,8,A,DAY,EARLY,POLICE,PARKING COMPLAINT,4,Phone,"JONES, DAESHA",NULL,2026-06-18 08:42:23.000,NULL,2026-06-18 08:43:07.000,44,43,1,2026-06-18 08:58:06.223,899,899,0,2026-06-18 08:43:33.000,70,69,1,2026-06-18 08:58:06.223,943,943,0,2026-06-18 08:58:06.223,0,0,0,2026-06-18 08:58:08.397,2,2,0,2026-06-18 09:08:18.793,2026-06-18 09:08:18.793,0,NULL,2026-06-18 09:08:19.287,1555,1555,0,NR-No Report
26-049193,2026-06-18 08:50:19.000,25,THU,18,8,A,DAY,EARLY,POLICE,ANIMAL BITE ANIMAL IN PROG,2,E-911,"DEWBERRY, RE'KEYA","PATTERSON, JAHAIRA",2026-06-18 08:50:19.000,2026-06-18 08:52:43.000,2026-06-18 08:52:23.000,124,124,0,2026-06-18 08:54:25.560,122,122,0,2026-06-18 08:52:23.000,124,NULL,124,2026-06-18 08:54:25.620,246,246,0,2026-06-18 08:54:25.620,0,0,0,2026-06-18 08:54:25.657,0,0,0,2026-06-18 08:54:29.617,2026-06-18 08:54:29.617,0,NULL,2026-06-18 08:54:29.653,250,250,0,ACOR-Animal Control Report
26-015095,2026-06-18 08:51:31.000,25,THU,18,8,A,DAY,EARLY,FIRE,MUTUAL AID,2,Phone,"FOSTER, KANESHA","FOSTER, KANESHA",2026-06-18 08:51:29.000,2026-06-18 08:52:44.547,2026-06-18 08:52:10.000,41,39,2,2026-06-18 08:52:44.477,34,34,0,2026-06-18 08:52:51.000,82,80,2,2026-06-18 08:53:28.697,75,75,0,2026-06-18 08:53:28.697,44,44,0,2026-06-18 09:01:16.323,468,467,1,2026-06-18 10:34:35.680,2026-06-18 10:34:35.680,0,NULL,2026-06-18 10:34:35.827,6186,6186,0,UNDEFINED
26-049192,2026-06-18 08:51:37.000,25,THU,18,8,A,DAY,EARLY,POLICE,TRAFFIC STOP,2,OFFICER,"TRAPERO, HUMBERTO A",NULL,2026-06-18 08:51:37.000,NULL,2026-06-18 08:51:37.000,0,1,-1,2026-06-18 08:51:37.000,0,0,0,2026-06-18 08:51:37.000,0,NULL,0,2026-06-18 08:51:37.000,0,0,0,2026-06-18 08:51:37.000,0,0,0,2026-06-18 08:51:37.000,0,0,0,2026-06-18 08:55:43.410,2026-06-18 08:55:43.410,0,NULL,2026-06-18 08:55:43.520,246,246,0,NR-No Report
26-049197,2026-06-18 09:01:19.000,25,THU,18,9,A,DAY,EARLY,POLICE,TRAFFIC STOP,2,OFFICER,"TRAPERO, HUMBERTO A",NULL,2026-06-18 09:01:19.000,2026-06-18 09:01:30.000,2026-06-18 09:01:19.000,0,1,-1,2026-06-18 09:01:19.000,0,0,0,2026-06-18 09:01:19.000,0,NULL,0,2026-06-18 09:01:19.000,0,0,0,2026-06-18 09:01:19.000,0,0,0,2026-06-18 09:01:19.000,0,0,0,2026-06-18 09:04:58.770,2026-06-18 09:04:58.770,0,NULL,2026-06-18 09:04:58.780,219,219,0,CI-Citation
26-049199,2026-06-18 09:08:33.000,25,THU,18,9,A,DAY,EARLY,POLICE,TRAFFIC STOP,2,OFFICER,"TRAPERO, HUMBERTO A","FOSTER, KANESHA",2026-06-18 09:08:33.000,2026-06-18 09:11:00.000,2026-06-18 09:08:33.000,0,0,0,2026-06-18 09:08:33.000,0,0,0,2026-06-18 09:08:33.000,0,NULL,0,2026-06-18 09:08:33.000,0,0,0,2026-06-18 09:08:33.000,0,0,0,2026-06-18 09:08:33.000,0,0,0,2026-06-18 09:33:31.723,2026-06-18 09:41:27.873,0,NULL,2026-06-18 09:41:27.913,1974,1974,0,CI-Citation
26-049200,2026-06-18 09:09:30.000,25,THU,18,9,A,DAY,EARLY,POLICE,PARKING COMPLAINT,4,Phone,"JONES, DAESHA",NULL,2026-06-18 09:09:28.000,2026-06-18 09:36:14.000,2026-06-18 09:10:12.000,44,42,2,2026-06-18 11:16:00.560,7548,7548,0,2026-06-18 09:11:44.000,136,134,2,2026-06-18 11:16:00.560,7592,7592,0,2026-06-18 11:16:00.560,0,0,0,2026-06-18 11:22:36.233,396,395,1,2026-06-18 11:33:48.183,2026-06-18 11:33:48.170,0,NULL,2026-06-18 11:33:48.170,8660,8660,0,CI-Citation
26-049203,2026-06-18 09:21:32.000,25,THU,18,9,A,DAY,EARLY,POLICE,PARKING COMPLAINT,4,Phone,"JONES, DAESHA",NULL,2026-06-18 09:21:30.000,2026-06-18 09:22:43.000,2026-06-18 09:22:39.000,69,67,2,2026-06-18 09:32:40.277,601,601,0,2026-06-18 09:22:40.000,70,68,2,2026-06-18 09:32:40.277,670,670,0,2026-06-18 09:32:40.277,0,-9999,9999,2026-06-18 09:34:31.800,111,111,0,2026-06-18 09:34:39.377,2026-06-18 09:37:03.913,0,NULL,2026-06-18 09:37:04.377,933,933,0,NR-No Report
26-049204,2026-06-18 09:31:07.000,25,THU,18,9,A,DAY,EARLY,POLICE,ASSIST CITIZEN PROMPT,3,E-911,"DEWBERRY, RE'KEYA","FOSTER, KANESHA",2026-06-18 09:31:06.000,2026-06-18 09:34:16.747,2026-06-18 09:32:23.000,77,76,1,2026-06-18 09:34:16.700,113,113,0,2026-06-18 09:33:30.000,144,143,1,2026-06-18 09:34:24.560,190,190,0,2026-06-18 09:34:24.560,8,7,1,2026-06-18 09:43:00.553,516,515,1,2026-06-18 10:56:22.463,2026-06-18 10:56:22.463,0,NULL,2026-06-18 10:56:22.780,5116,5116,0,NR-No Report
26-049205,2026-06-18 09:33:09.000,25,THU,18,9,A,DAY,EARLY,POLICE,LARCENY FROM AUTO DELAY,4,Radio,"FOSTER, KANESHA",NULL,2026-06-18 09:33:08.000,NULL,2026-06-18 09:33:31.000,23,22,1,2026-06-18 09:33:43.667,12,12,0,2026-06-18 09:34:11.000,63,62,1,2026-06-18 09:33:43.757,35,35,0,2026-06-18 09:33:43.757,0,0,0,2026-06-18 09:33:43.800,0,0,0,2026-06-18 11:25:47.500,2026-06-18 11:25:47.500,0,NULL,2026-06-18 11:25:47.593,6759,6759,0,RE-Report
26-049206,2026-06-18 09:35:29.000,25,THU,18,9,A,DAY,EARLY,POLICE,TRAFFIC STOP,2,OFFICER,"LEACH, JOSHUA C",NULL,2026-06-18 09:35:29.000,NULL,2026-06-18 09:35:29.000,0,1,-1,2026-06-18 09:35:29.000,0,0,0,2026-06-18 09:35:29.000,0,NULL,0,2026-06-18 09:35:29.000,0,0,0,2026-06-18 09:35:29.000,0,0,0,2026-06-18 09:35:29.000,0,0,0,2026-06-18 09:39:00.797,2026-06-18 09:39:00.797,0,NULL,2026-06-18 09:39:00.817,211,211,0,NR-No Report
26-049208,2026-06-18 09:37:11.000,25,THU,18,9,A,DAY,EARLY,POLICE,DISORDERLY CONDUCT,2,Phone,"DEWBERRY, RE'KEYA",NULL,2026-06-18 09:37:08.000,2026-06-18 09:39:15.000,2026-06-18 09:37:47.000,39,36,3,2026-06-18 09:43:26.473,339,339,0,2026-06-18 09:37:47.000,39,NULL,39,2026-06-18 09:43:26.473,378,378,0,2026-06-18 09:43:26.473,0,0,0,2026-06-18 09:44:09.507,43,43,0,2026-06-18 09:49:05.823,2026-06-18 09:49:05.823,0,NULL,2026-06-18 09:49:05.943,717,717,0,NR-No Report
26-049209,2026-06-18 09:40:16.000,25,THU,18,9,A,DAY,EARLY,POLICE,MVC PROPERTY DAMAGE,2,Phone,"MCLEOD, DOUGLAS","FOSTER, KANESHA",2026-06-18 09:40:14.000,2026-06-18 09:41:45.000,2026-06-18 09:41:32.000,78,76,2,2026-06-18 09:43:51.853,139,139,0,2026-06-18 09:42:19.000,125,123,2,2026-06-18 09:43:56.123,217,217,0,2026-06-18 09:43:56.123,5,4,1,2026-06-18 09:57:10.483,794,794,0,2026-06-18 09:44:22.973,2026-06-18 10:32:13.530,0,NULL,2026-06-18 10:32:13.570,3119,3119,0,NR-No Report
26-015096,2026-06-18 09:44:14.000,25,THU,18,9,A,DAY,EARLY,EMS,UNCONSCIOUS ALS 2,1,E-911,"JONES, DAESHA",Automatic Dispatch,2026-06-18 09:44:14.000,2026-06-18 09:47:06.000,2026-06-18 09:46:31.000,137,137,0,2026-06-18 09:46:33.610,2,2,0,2026-06-18 09:53:37.000,563,563,0,2026-06-18 09:48:00.907,139,139,0,2026-06-18 09:48:00.907,87,87,0,2026-06-18 09:53:50.600,350,349,1,2026-06-18 10:15:36.057,2026-06-18 11:09:08.030,0,NULL,2026-06-18 11:09:08.060,5094,5094,0,CAD2CAD
26-049211,2026-06-18 09:46:43.000,25,THU,18,9,A,DAY,EARLY,POLICE,ASSIST FIRE - EMERGENCY,1,Phone,"JONES, DAESHA","FOSTER, KANESHA",2026-06-18 09:46:43.000,2026-06-18 09:46:47.000,2026-06-18 09:46:43.000,0,NULL,0,2026-06-18 09:46:56.093,13,13,0,2026-06-18 09:46:43.000,0,0,0,2026-06-18 09:46:59.307,13,12,1,2026-06-18 09:46:59.307,3,3,0,NULL,NULL,-9999,NULL,NULL,2026-06-18 09:49:43.000,0,NULL,NULL,180,179,1,CN-Cancellation
26-049212,2026-06-18 09:53:19.000,25,THU,18,9,A,DAY,EARLY,POLICE,PARKING COMPLAINT,4,Phone,"DEWBERRY, RE'KEYA",NULL,2026-06-18 09:53:18.000,NULL,2026-06-18 09:53:34.000,16,15,1,2026-06-18 11:04:29.037,4255,4255,0,2026-06-18 09:54:15.000,57,56,1,2026-06-18 11:04:29.037,4271,4271,0,2026-06-18 11:04:29.037,0,-9999,9999,2026-06-18 11:07:11.460,162,162,0,2026-06-18 11:15:52.670,2026-06-18 11:15:52.617,0,NULL,2026-06-18 11:15:52.617,4954,4954,0,NR-No Report
26-049215,2026-06-18 10:01:26.000,25,THU,18,10,A,DAY,MIDS,POLICE,TRAFFIC STOP,2,OFFICER,"TRAPERO, HUMBERTO A",NULL,2026-06-18 10:01:26.000,NULL,2026-06-18 10:01:26.000,0,1,-1,2026-06-18 10:01:26.000,0,0,0,2026-06-18 10:01:26.000,0,NULL,0,2026-06-18 10:01:26.000,0,0,0,2026-06-18 10:01:26.000,0,0,0,2026-06-18 10:01:26.000,0,0,0,2026-06-18 10:06:26.807,2026-06-18 10:06:26.807,0,NULL,2026-06-18 10:06:26.973,300,300,0,CI-Citation
26-015097,2026-06-18 10:01:45.523,25,THU,18,10,A,DAY,MIDS,EMS,MUTUAL ALS,1,C2C,CAD to CAD Service 1,CAD to CAD Service 1,2026-06-18 10:00:46.000,NULL,2026-06-18 10:01:45.773,59,0,59,2026-06-18 10:01:45.820,0,0,0,NULL,NULL,NULL,NULL,2026-06-18 10:02:15.327,59,217,-158,2026-06-18 10:02:15.327,30,29,1,2026-06-18 10:09:45.717,450,450,0,2026-06-18 10:09:59.617,2026-06-18 10:31:16.923,0,NULL,2026-06-18 10:31:16.957,1830,1830,0,CAD2CAD
26-015098,2026-06-18 10:03:52.303,25,THU,18,10,A,DAY,MIDS,EMS,MUTUAL ALS,1,C2C,CAD to CAD Service 1,CAD to CAD Service 1,2026-06-18 10:00:34.000,NULL,2026-06-18 10:03:52.570,198,0,198,2026-06-18 10:03:52.617,0,0,0,NULL,NULL,NULL,NULL,2026-06-18 10:04:32.213,198,238,-40,2026-06-18 10:04:32.213,40,0,40,2026-06-18 10:10:05.533,333,333,0,2026-06-18 10:05:09.833,2026-06-18 11:26:22.563,0,NULL,2026-06-18 11:26:22.673,5148,5148,0,UNDEFINED
26-049218,2026-06-18 10:14:52.000,25,THU,18,10,A,DAY,MIDS,POLICE,ANIMAL COMPLAINT,4,Phone,"PATTERSON, JAHAIRA","FOSTER, KANESHA",2026-06-18 10:14:51.000,2026-06-18 10:21:23.000,2026-06-18 10:17:02.000,131,130,1,2026-06-18 10:20:07.713,185,185,0,2026-06-18 10:17:11.000,140,139,1,2026-06-18 10:20:07.780,316,316,0,2026-06-18 10:20:07.780,0,0,0,NULL,NULL,-9999,NULL,2026-06-18 10:22:13.247,2026-06-18 10:22:13.247,0,NULL,2026-06-18 10:22:13.343,442,442,0,ACOR-Animal Control Report
26-049217,2026-06-18 10:16:28.000,25,THU,18,10,A,DAY,MIDS,POLICE,TRAFFIC STOP,2,OFFICER,"TRAPERO, HUMBERTO A",NULL,2026-06-18 10:16:28.000,2026-06-18 10:19:41.000,2026-06-18 10:16:28.000,0,1,-1,2026-06-18 10:16:28.000,0,0,0,2026-06-18 10:16:28.000,0,NULL,0,2026-06-18 10:16:28.000,0,0,0,2026-06-18 10:16:28.000,0,0,0,2026-06-18 10:16:28.000,0,0,0,2026-06-18 10:29:02.390,2026-06-18 10:29:02.390,0,NULL,2026-06-18 10:29:02.410,754,754,0,CI-Citation
26-049219,2026-06-18 10:18:03.000,25,THU,18,10,A,DAY,MIDS,POLICE,PARKING COMPLAINT,4,Phone,"PATTERSON, JAHAIRA",NULL,2026-06-18 10:18:03.000,NULL,2026-06-18 10:18:47.000,44,44,0,2026-06-18 10:22:23.923,216,216,0,2026-06-18 10:19:33.000,90,90,0,2026-06-18 10:22:23.923,260,260,0,2026-06-18 10:22:23.923,0,-9999,9999,2026-06-18 10:27:55.723,332,331,1,2026-06-18 10:47:46.237,2026-06-18 10:47:46.237,0,NULL,2026-06-18 10:47:47.193,1783,1783,0,CI-Citation
26-049221,2026-06-18 10:23:57.000,25,THU,18,10,A,DAY,MIDS,POLICE,TELEPHONE COMPLAINT,4,Phone,"PATTERSON, JAHAIRA","FOSTER, KANESHA",2026-06-18 10:23:57.000,2026-06-18 10:31:30.000,2026-06-18 10:25:25.000,88,88,0,2026-06-18 11:14:56.030,2971,2971,0,2026-06-18 10:27:58.000,241,241,0,2026-06-18 11:14:58.640,3059,3059,0,2026-06-18 11:14:58.640,2,2,0,2026-06-18 11:29:16.620,858,857,1,2026-06-18 11:37:12.290,2026-06-18 11:37:12.290,0,NULL,2026-06-18 11:37:12.317,4395,4395,0,NR-No Report
26-015099,2026-06-18 10:29:39.000,25,THU,18,10,A,DAY,MIDS,FIRE,FIRE ALARM,3,Phone,"DEWBERRY, RE'KEYA",Automatic Dispatch,2026-06-18 10:29:38.000,2026-06-18 10:30:48.000,2026-06-18 10:30:24.000,46,45,1,2026-06-18 10:30:26.220,2,2,0,2026-06-18 10:36:05.000,387,386,1,2026-06-18 10:30:48.110,48,48,0,2026-06-18 10:30:48.110,22,21,1,2026-06-18 10:38:17.010,449,448,1,2026-06-18 10:40:48.087,2026-06-18 10:40:48.087,0,NULL,2026-06-18 10:40:48.167,670,670,0,UNDEFINED
26-049228,2026-06-18 10:36:34.000,25,THU,18,10,A,DAY,MIDS,POLICE,ANIMAL STRAY,2,Phone,"PERALTA, ANNETTE","FOSTER, KANESHA",2026-06-18 10:36:32.000,2026-06-18 10:40:22.000,2026-06-18 10:38:09.000,97,95,2,2026-06-18 10:38:50.170,41,41,0,2026-06-18 10:44:15.000,463,461,2,2026-06-18 10:38:50.217,138,138,0,2026-06-18 10:38:50.217,0,0,0,NULL,NULL,-9999,NULL,NULL,2026-06-18 10:44:32.000,0,NULL,NULL,480,480,0,ACOR-Animal Control Report
26-049233,2026-06-18 10:38:30.000,25,THU,18,10,A,DAY,MIDS,POLICE,PUBLIC SERVICE MULTI OFFICER,2,E-911,"PERALTA, ANNETTE","FOSTER, KANESHA",2026-06-18 10:38:30.000,2026-06-18 10:50:47.000,2026-06-18 10:43:16.000,286,286,0,2026-06-18 10:51:17.333,481,481,0,2026-06-18 10:44:04.000,334,334,0,2026-06-18 10:53:02.483,767,767,0,2026-06-18 10:53:02.483,105,105,0,2026-06-18 11:06:41.787,819,819,0,2026-06-18 11:16:31.450,2026-06-18 11:16:31.450,0,NULL,2026-06-18 11:16:31.540,2281,2281,0,NR-No Report
26-015100,2026-06-18 10:41:07.593,25,THU,18,10,A,DAY,MIDS,EMS,MUTUAL ALS,1,C2C,CAD to CAD Service 1,CAD to CAD Service 1,2026-06-18 10:40:36.000,2026-06-18 10:45:45.000,2026-06-18 10:41:07.937,31,0,31,2026-06-18 10:41:08.017,1,0,1,NULL,NULL,NULL,NULL,2026-06-18 10:42:03.287,32,-9999,10031,2026-06-18 10:42:03.287,55,55,0,2026-06-18 10:45:43.873,220,220,0,2026-06-18 11:01:22.020,2026-06-18 12:00:24.443,0,NULL,2026-06-18 12:00:24.490,4788,4788,0,CAD2CAD
26-015101,2026-06-18 10:42:22.317,25,THU,18,10,A,DAY,MIDS,EMS,MUTUAL ALS,1,C2C,CAD to CAD Service 1,CAD to CAD Service 1,2026-06-18 10:39:34.000,NULL,2026-06-18 10:42:22.613,168,0,168,2026-06-18 10:42:22.660,0,0,0,NULL,NULL,NULL,NULL,2026-06-18 10:43:45.400,168,-9999,10167,2026-06-18 10:43:45.400,83,72,11,2026-06-18 10:48:57.913,312,312,0,2026-06-18 10:55:52.577,2026-06-18 12:01:20.710,0,NULL,2026-06-18 12:01:20.757,4906,4906,0,CAD2CAD
26-049232,2026-06-18 10:43:07.000,25,THU,18,10,A,DAY,MIDS,POLICE,MVC PROPERTY DAMAGE,2,Phone,"FOSTER, KANESHA","FOSTER, KANESHA",2026-06-18 10:43:07.000,2026-06-18 10:43:11.000,2026-06-18 10:43:07.000,0,0,0,2026-06-18 10:43:07.000,0,0,0,2026-06-18 10:43:07.000,0,0,0,2026-06-18 10:43:36.107,0,0,0,2026-06-18 10:43:07.000,0,0,0,2026-06-18 10:43:07.000,0,0,0,2026-06-18 11:07:07.957,2026-06-18 11:07:14.587,0,NULL,2026-06-18 11:07:14.617,1447,1447,0,NR-No Report
26-015102,2026-06-18 10:49:11.907,25,THU,18,10,A,DAY,MIDS,EMS,MUTUAL ALS,1,C2C,CAD to CAD Service 1,CAD to CAD Service 1,2026-06-18 10:46:02.000,NULL,2026-06-18 10:49:12.207,190,0,190,2026-06-18 10:49:12.270,0,0,0,NULL,NULL,NULL,NULL,2026-06-18 10:49:25.477,190,203,-13,2026-06-18 10:49:25.477,13,0,13,2026-06-18 10:52:37.637,192,192,0,2026-06-18 10:50:11.113,2026-06-18 12:10:27.410,0,NULL,2026-06-18 12:10:27.470,5065,5065,0,UNDEFINED
26-049237,2026-06-18 10:56:56.000,25,THU,18,10,A,DAY,MIDS,POLICE,CIVIL PROCESS EVICTION,2,Radio,"FOSTER, KANESHA","FOSTER, KANESHA",2026-06-18 10:56:56.000,2026-06-18 10:56:59.000,2026-06-18 10:56:56.000,0,0,0,2026-06-18 10:56:56.000,0,0,0,2026-06-18 10:56:56.000,0,0,0,2026-06-18 10:57:09.433,0,0,0,2026-06-18 10:56:56.000,0,0,0,2026-06-18 10:56:56.000,0,0,0,2026-06-18 11:06:10.753,2026-06-18 11:25:21.827,0,NULL,2026-06-18 11:25:21.857,1705,1705,0,NR-No Report
26-049238,2026-06-18 10:57:53.000,25,THU,18,10,A,DAY,MIDS,POLICE,DISORDERLY CONDUCT,2,Phone,"PICKERAL, LAUREN","FOSTER, KANESHA",2026-06-18 10:57:52.000,2026-06-18 10:59:22.000,2026-06-18 10:58:08.000,16,15,1,2026-06-18 10:59:30.487,82,82,0,2026-06-18 10:59:39.000,107,106,1,2026-06-18 10:59:37.787,98,98,0,2026-06-18 10:59:37.787,7,7,0,2026-06-18 11:03:26.253,229,228,1,2026-06-18 11:12:35.640,2026-06-18 11:24:44.193,0,NULL,2026-06-18 11:24:44.233,1612,1612,0,NR-No Report
26-015103,2026-06-18 10:59:55.000,25,THU,18,10,A,DAY,MIDS,FIRE,FIRE ALARM,3,Phone,"PATTERSON, JAHAIRA",Automatic Dispatch,2026-06-18 10:59:55.000,2026-06-18 11:00:52.000,2026-06-18 11:00:14.000,19,19,0,2026-06-18 11:00:16.260,2,2,0,2026-06-18 11:00:14.000,19,NULL,19,NULL,21,21,0,NULL,NULL,-9999,NULL,NULL,NULL,-9999,NULL,2026-06-18 11:01:48.777,2026-06-18 11:01:48.777,0,NULL,2026-06-18 11:01:49.047,113,113,0,UNDEFINED
26-049244,2026-06-18 11:06:14.000,25,THU,18,11,A,DAY,MIDS,POLICE,ANIMAL COMPLAINT,4,Phone,"PATTERSON, JAHAIRA","FOSTER, KANESHA",2026-06-18 11:06:14.000,2026-06-18 11:18:56.437,2026-06-18 11:07:07.000,53,53,0,2026-06-18 11:18:56.380,709,709,0,2026-06-18 11:07:47.000,93,93,0,NULL,762,762,0,NULL,NULL,-9999,NULL,NULL,NULL,-9999,NULL,NULL,2026-06-18 11:22:31.000,0,NULL,NULL,977,977,0,RE-Report
26-049243,2026-06-18 11:06:37.000,25,THU,18,11,A,DAY,MIDS,POLICE,TRAFFIC STOP,2,OFFICER,"ESCOBAR, STEVEN R",NULL,2026-06-18 11:06:37.000,NULL,2026-06-18 11:06:37.000,0,0,0,2026-06-18 11:06:37.000,0,0,0,2026-06-18 11:06:37.000,0,NULL,0,2026-06-18 11:06:37.000,0,0,0,2026-06-18 11:06:37.000,0,0,0,2026-06-18 11:06:37.000,0,0,0,2026-06-18 11:13:20.170,2026-06-18 11:13:20.170,0,NULL,2026-06-18 11:13:20.217,403,403,0,NR-No Report
26-049245,2026-06-18 11:08:08.000,25,THU,18,11,A,DAY,MIDS,POLICE,TRAFFIC STOP,2,OFFICER,"TRAPERO, HUMBERTO A",NULL,2026-06-18 11:08:08.000,NULL,2026-06-18 11:08:08.000,0,1,-1,2026-06-18 11:08:08.000,0,0,0,2026-06-18 11:08:08.000,0,NULL,0,2026-06-18 11:08:08.000,0,0,0,2026-06-18 11:08:08.000,0,0,0,2026-06-18 11:08:08.000,0,0,0,2026-06-18 11:11:25.047,2026-06-18 11:11:25.047,0,NULL,2026-06-18 11:11:25.107,197,197,0,NR-No Report
26-049246,2026-06-18 11:13:54.000,25,THU,18,11,A,DAY,MIDS,POLICE,CIVIL PROCESS EVICTION,2,Radio,"FOSTER, KANESHA",NULL,2026-06-18 11:13:54.000,2026-06-18 11:13:57.000,2026-06-18 11:13:54.000,0,0,0,2026-06-18 11:13:54.000,0,0,0,2026-06-18 11:13:54.000,0,0,0,2026-06-18 11:25:35.893,0,0,0,2026-06-18 11:13:54.000,0,0,0,2026-06-18 11:13:54.000,0,0,0,2026-06-18 11:25:56.453,2026-06-18 11:28:00.040,0,NULL,2026-06-18 11:28:00.073,846,846,0,NR-No Report
26-049247,2026-06-18 11:16:42.000,25,THU,18,11,A,DAY,MIDS,POLICE,SUSPICIOUS EVENT,2,Phone,"PICKERAL, LAUREN","FOSTER, KANESHA",2026-06-18 11:16:41.000,2026-06-18 11:17:59.000,2026-06-18 11:17:49.000,68,67,1,2026-06-18 11:25:10.173,441,441,0,2026-06-18 11:20:16.000,215,214,1,2026-06-18 11:25:14.057,509,509,0,2026-06-18 11:25:14.057,4,3,1,2026-06-18 11:27:24.277,130,130,0,2026-06-18 11:26:30.650,2026-06-18 12:31:13.237,0,NULL,2026-06-18 12:31:13.347,4472,4472,0,NR-No Report
26-049248,2026-06-18 11:17:19.000,25,THU,18,11,A,DAY,MIDS,POLICE,WALK IN HQ LOBBY,3,Phone,"JONES, DAESHA",NULL,2026-06-18 11:17:17.000,2026-06-18 11:18:04.000,2026-06-18 11:17:39.000,22,20,2,2026-06-18 11:38:27.700,1248,1248,0,2026-06-18 11:17:39.000,22,NULL,22,2026-06-18 11:38:31.483,1270,1270,0,2026-06-18 11:38:31.483,4,3,1,2026-06-18 11:39:05.910,34,34,0,2026-06-18 19:31:06.800,2026-06-18 19:31:06.800,0,NULL,2026-06-18 19:31:06.890,29629,29629,0,NR-No Report
26-015104,2026-06-18 11:22:07.543,25,THU,18,11,A,DAY,MIDS,EMS,MUTUAL ALS,1,C2C,CAD to CAD Service 1,CAD to CAD Service 1,2026-06-18 11:19:41.000,NULL,2026-06-18 11:22:07.763,146,0,146,2026-06-18 11:22:07.810,0,0,0,NULL,NULL,NULL,NULL,2026-06-18 11:22:25.590,146,296,-150,2026-06-18 11:22:25.590,18,17,1,2026-06-18 11:27:26.093,301,300,1,2026-06-18 11:24:31.767,2026-06-18 12:16:17.580,0,NULL,2026-06-18 12:16:17.627,3396,3396,0,CAD2CAD
26-049252,2026-06-18 11:24:19.000,25,THU,18,11,A,DAY,MIDS,POLICE,ESCORT,2,Radio,"FOSTER, KANESHA","FOSTER, KANESHA",2026-06-18 11:24:19.000,2026-06-18 11:24:24.000,2026-06-18 11:24:19.000,0,0,0,2026-06-18 11:24:19.000,0,0,0,2026-06-18 11:24:19.000,0,0,0,2026-06-18 11:25:30.940,0,0,0,2026-06-18 11:24:19.000,0,0,0,2026-06-18 11:24:19.000,0,0,0,2026-06-18 19:20:46.307,2026-06-18 22:09:09.900,0,NULL,2026-06-18 22:09:09.967,38690,38690,0,NR-No Report
26-015105,2026-06-18 11:26:22.000,25,THU,18,11,A,DAY,MIDS,FIRE,MUTUAL AID,2,CAD2CAD,"GOODWIN, SHEENA","GOODWIN, SHEENA",2026-06-18 11:26:20.000,2026-06-18 11:27:20.023,2026-06-18 11:27:11.000,51,49,2,2026-06-18 11:27:19.963,8,8,0,2026-06-18 11:28:01.000,101,99,2,2026-06-18 11:28:24.717,59,59,0,2026-06-18 11:28:24.717,65,64,1,NULL,NULL,-9999,NULL,2026-06-18 11:31:48.533,2026-06-18 11:31:48.533,0,NULL,2026-06-18 11:31:48.807,328,328,0,UNDEFINED
26-049254,2026-06-18 11:27:47.000,25,THU,18,11,A,DAY,MIDS,POLICE,ASSIST CITIZEN PROMPT,3,Radio,"FOSTER, KANESHA","FOSTER, KANESHA",2026-06-18 11:27:45.000,2026-06-18 11:30:23.000,2026-06-18 11:28:48.000,63,61,2,2026-06-18 11:30:34.493,106,106,0,2026-06-18 11:28:48.000,63,NULL,63,2026-06-18 11:30:48.657,169,169,0,2026-06-18 11:30:48.657,14,14,0,NULL,NULL,-9999,NULL,2026-06-18 12:36:08.653,2026-06-18 12:36:08.653,0,NULL,2026-06-18 12:36:08.700,4103,4103,0,NR-No Report
26-049253,2026-06-18 11:27:50.000,25,THU,18,11,A,DAY,MIDS,POLICE,OFF DUTY DETAIL,8,OFFICER,"WARREN, SHAKITA L",NULL,2026-06-18 11:27:50.000,NULL,2026-06-18 11:27:50.000,0,1,-1,2026-06-18 11:27:50.000,0,0,0,2026-06-18 11:27:50.000,0,NULL,0,2026-06-18 11:27:50.000,0,0,0,2026-06-18 11:27:50.000,0,0,0,2026-06-18 11:27:50.000,0,0,0,2026-06-18 17:09:03.317,2026-06-18 17:09:03.317,0,NULL,2026-06-18 17:09:03.370,20473,20473,0,NR-No Report
26-049256,2026-06-18 11:29:36.000,25,THU,18,11,A,DAY,MIDS,POLICE,ANIMAL DECEASED,3,Phone,"PATTERSON, JAHAIRA","FOSTER, KANESHA",2026-06-18 11:29:34.000,2026-06-18 11:39:18.000,2026-06-18 11:30:43.000,69,67,2,2026-06-18 11:38:09.923,446,446,0,2026-06-18 11:30:45.000,71,69,2,2026-06-18 11:38:09.970,515,515,0,2026-06-18 11:38:09.970,0,0,0,NULL,NULL,-9999,NULL,2026-06-18 11:39:45.503,2026-06-18 11:39:45.503,0,NULL,2026-06-18 11:39:45.597,611,611,0,ACOR-Animal Control Report
26-049257,2026-06-18 11:33:08.000,25,THU,18,11,A,DAY,MIDS,POLICE,ANIMAL STRAY,2,Phone,"PATTERSON, JAHAIRA","PATTERSON, JAHAIRA",2026-06-18 11:33:06.000,NULL,2026-06-18 11:33:39.000,33,31,2,2026-06-18 11:40:51.407,432,432,0,2026-06-18 11:33:39.000,33,NULL,33,2026-06-18 11:40:51.470,465,465,0,2026-06-18 11:40:51.470,0,0,0,2026-06-18 11:40:51.490,0,0,0,2026-06-18 11:40:55.110,2026-06-18 11:40:55.110,0,NULL,2026-06-18 11:40:55.167,469,469,0,ACOR-Animal Control Report
26-049258,2026-06-18 11:33:33.000,25,THU,18,11,A,DAY,MIDS,POLICE,ASSIST CITIZEN PROMPT,2,E-911,"DEWBERRY, RE'KEYA","FOSTER, KANESHA",2026-06-18 11:33:32.000,2026-06-18 11:35:12.000,2026-06-18 11:35:00.000,88,87,1,2026-06-18 11:36:56.350,116,116,0,2026-06-18 11:37:40.000,248,247,1,2026-06-18 11:36:58.610,204,204,0,2026-06-18 11:36:58.610,2,2,0,2026-06-18 11:47:01.863,603,603,0,2026-06-18 12:20:01.880,2026-06-18 12:20:01.880,0,NULL,2026-06-18 12:20:01.897,2789,2789,0,NR-No Report
26-015106,2026-06-18 11:38:18.000,25,THU,18,11,A,DAY,MIDS,EMS,HEART PROBLEMS ALS 1,1,E-911,"JONES, DAESHA",Automatic Dispatch,2026-06-18 11:38:18.000,2026-06-18 11:40:12.000,2026-06-18 11:39:52.000,94,94,0,2026-06-18 11:39:54.497,2,2,0,2026-06-18 11:42:04.000,226,226,0,2026-06-18 11:39:58.177,96,96,0,2026-06-18 11:39:58.177,4,3,1,2026-06-18 11:43:31.827,213,213,0,2026-06-18 11:41:24.163,2026-06-18 12:45:01.133,0,NULL,2026-06-18 12:45:01.203,4003,4003,0,UNDEFINED
26-049260,2026-06-18 11:43:39.000,25,THU,18,11,A,DAY,MIDS,POLICE,TRNSPORT PRISONER MED LOCAL,2,Radio,"FOSTER, KANESHA","FOSTER, KANESHA",2026-06-18 11:43:39.000,2026-06-18 11:44:22.000,2026-06-18 11:43:39.000,0,0,0,2026-06-18 11:43:39.000,0,0,0,2026-06-18 11:43:39.000,0,0,0,2026-06-18 11:44:07.343,0,0,0,2026-06-18 11:43:39.000,0,0,0,2026-06-18 11:43:39.000,0,0,0,2026-06-18 12:05:53.253,2026-06-18 12:05:56.140,0,NULL,2026-06-18 12:05:56.200,1337,1337,0,NR-No Report
26-015107,2026-06-18 11:53:23.907,25,THU,18,11,A,DAY,MIDS,EMS,ALTERED LOC ALS 1,1,Radio,"FOSTER, KANESHA",Automatic Dispatch,2026-06-18 11:53:23.907,2026-06-18 11:54:05.000,2026-06-18 11:53:23.907,0,0,0,2026-06-18 11:53:26.067,3,2,1,2026-06-18 11:53:23.907,0,NULL,0,2026-06-18 11:54:13.637,3,2,1,2026-06-18 11:54:13.637,47,47,0,2026-06-18 12:00:44.613,391,390,1,2026-06-18 12:12:56.550,2026-06-18 12:49:43.957,0,NULL,2026-06-18 12:49:44.017,3380,3380,0,UNDEFINED
26-049265,2026-06-18 12:04:25.000,25,THU,18,12,A,DAY,MIDS,POLICE,OFF DUTY DETAIL,8,OFFICER,"SAVOY, CARL L",NULL,2026-06-18 12:04:25.000,2026-06-18 12:04:51.000,2026-06-18 12:04:25.000,0,1,-1,2026-06-18 12:04:25.000,0,0,0,2026-06-18 12:04:25.000,0,NULL,0,2026-06-18 12:04:25.000,0,0,0,2026-06-18 12:04:25.000,0,0,0,2026-06-18 12:04:25.000,0,0,0,2026-06-18 18:26:49.210,2026-06-18 18:26:49.210,0,NULL,2026-06-18 18:26:49.270,22944,22944,0,NR-No Report
26-015108,2026-06-18 12:10:18.000,25,THU,18,12,A,DAY,MIDS,FIRE,CO ALARM,2,E-911,"PERALTA, ANNETTE",Automatic Dispatch,2026-06-18 12:10:18.000,2026-06-18 12:13:05.000,2026-06-18 12:12:39.000,141,141,0,2026-06-18 12:12:41.053,2,2,0,2026-06-18 12:13:15.000,177,177,0,2026-06-18 12:14:13.847,143,143,0,2026-06-18 12:14:13.847,92,92,0,2026-06-18 12:18:19.427,246,245,1,2026-06-18 12:24:06.400,2026-06-18 12:24:06.400,0,NULL,2026-06-18 12:24:06.747,828,828,0,UNDEFINED
26-049268,2026-06-18 12:10:50.000,25,THU,18,12,A,DAY,MIDS,POLICE,DRUG COMPLAINT IN PROG,2,Phone,"CRUZ, STEPHANIE","DEWBERRY, RE'KEYA",2026-06-18 12:10:48.000,2026-06-18 12:13:07.000,2026-06-18 12:12:41.000,113,111,2,2026-06-18 12:13:33.950,52,52,0,2026-06-18 12:15:22.000,274,272,2,2026-06-18 12:13:55.107,165,165,0,2026-06-18 12:13:55.107,22,21,1,2026-06-18 12:18:15.590,260,260,0,2026-06-18 12:21:33.823,2026-06-18 12:26:33.467,0,NULL,2026-06-18 12:26:33.553,945,945,0,NR-No Report
26-015109,2026-06-18 12:17:32.273,25,THU,18,12,A,DAY,MIDS,EMS,MUTUAL ALS,1,C2C,CAD to CAD Service 1,CAD to CAD Service 1,2026-06-18 12:15:18.000,NULL,2026-06-18 12:17:32.540,134,0,134,2026-06-18 12:17:32.570,0,0,0,NULL,NULL,NULL,NULL,2026-06-18 12:18:08.167,134,-9999,10133,2026-06-18 12:18:08.167,36,28,8,2026-06-18 12:30:48.850,760,760,0,2026-06-18 12:39:31.683,2026-06-18 13:33:16.093,0,NULL,2026-06-18 13:33:16.213,4678,4678,0,UNDEFINED
26-015110,2026-06-18 12:22:08.000,25,THU,18,12,A,DAY,MIDS,EMS,TROUBLE BREATHING ALS 1,1,E-911,"CRUZ, STEPHANIE",Automatic Dispatch,2026-06-18 12:22:08.000,2026-06-18 12:23:43.000,2026-06-18 12:22:53.000,45,45,0,2026-06-18 12:22:55.453,2,2,0,2026-06-18 12:25:31.000,203,203,0,2026-06-18 12:24:08.570,47,47,0,2026-06-18 12:24:08.570,73,73,0,2026-06-18 12:28:01.443,233,232,1,2026-06-18 12:42:45.953,2026-06-18 13:22:28.743,0,NULL,2026-06-18 13:22:28.873,3620,3620,0,UNDEFINED
26-015111,2026-06-18 12:29:38.000,25,THU,18,12,A,DAY,MIDS,EMS,CHOKING ALS 1,1,E-911,"PERALTA, ANNETTE",Automatic Dispatch,2026-06-18 12:29:38.000,2026-06-18 12:33:06.000,2026-06-18 12:32:43.000,185,185,0,2026-06-18 12:32:45.757,2,2,0,2026-06-18 12:34:42.000,304,304,0,2026-06-18 12:34:16.980,187,187,0,2026-06-18 12:34:16.980,91,91,0,2026-06-18 12:36:00.510,104,103,1,2026-06-18 12:50:48.590,2026-06-18 15:27:52.893,0,NULL,2026-06-18 15:27:52.957,10694,10694,0,UNDEFINED
26-015112,2026-06-18 12:33:16.000,25,THU,18,12,A,DAY,MIDS,FIRE,TRUCK FIRE,1,E-911,"CRUZ, STEPHANIE",Automatic Dispatch,2026-06-18 12:33:16.000,2026-06-18 12:35:36.000,2026-06-18 12:35:27.000,131,131,0,2026-06-18 12:35:29.190,2,2,0,2026-06-18 12:38:58.000,342,342,0,2026-06-18 12:36:22.660,133,133,0,2026-06-18 12:36:22.660,53,53,0,2026-06-18 12:38:05.183,103,102,1,2026-06-18 12:36:37.177,2026-06-18 12:40:00.080,0,NULL,2026-06-18 12:40:00.270,404,404,0,UNDEFINED
26-049273,2026-06-18 12:35:27.000,25,THU,18,12,A,DAY,MIDS,POLICE,ASSIST FIRE - PROMPT,3,NOT CAPTURED,"CRUZ, STEPHANIE","DEWBERRY, RE'KEYA",2026-06-18 12:35:27.000,2026-06-18 12:36:12.000,2026-06-18 12:35:27.000,0,NULL,0,2026-06-18 12:36:24.577,57,57,0,2026-06-18 12:35:27.000,0,0,0,2026-06-18 12:36:28.457,57,57,0,2026-06-18 12:36:28.457,4,3,1,NULL,NULL,-9999,NULL,2026-06-18 12:40:54.760,2026-06-18 12:40:54.760,0,NULL,2026-06-18 12:40:54.820,327,327,0,CN-Cancellation
26-049276,2026-06-18 12:37:33.000,25,THU,18,12,A,DAY,MIDS,POLICE,MVC PROPERTY DAMAGE,2,E-911,"PERALTA, ANNETTE","LEWIS, LESLIE",2026-06-18 12:37:33.000,NULL,2026-06-18 12:40:18.000,165,165,0,2026-06-18 12:41:13.817,55,55,0,2026-06-18 12:40:26.000,173,173,0,2026-06-18 12:41:19.340,220,220,0,2026-06-18 12:41:19.340,6,5,1,2026-06-18 12:48:15.150,416,415,1,2026-06-18 15:47:41.700,2026-06-18 15:47:41.700,1,2026-06-24 08:50:29.427,2026-06-24 10:34:00.493,11408,78987,-67579,RE-Report
26-049277,2026-06-18 12:40:36.000,25,THU,18,12,A,DAY,MIDS,POLICE,LARCENY COMM IN PROG,2,E-911,"WALKER, LATITIA",NULL,2026-06-18 12:40:36.000,2026-06-18 12:41:43.000,2026-06-18 12:41:25.000,49,49,0,2026-06-18 12:41:54.413,29,29,0,2026-06-18 12:43:36.000,180,180,0,2026-06-18 12:42:22.620,78,78,0,2026-06-18 12:42:22.620,28,28,0,2026-06-18 12:44:28.353,126,125,1,2026-06-18 12:55:07.320,2026-06-18 19:36:53.117,0,NULL,2026-06-18 19:36:53.220,24977,24977,0,RE-Report
26-015113,2026-06-18 12:55:52.000,25,THU,18,12,A,DAY,MIDS,EMS,UNKNOWN MEDICAL ALS 1,1,E-911,"CRUZ, STEPHANIE",Automatic Dispatch,2026-06-18 12:55:52.000,2026-06-18 12:57:47.000,2026-06-18 12:57:35.000,103,103,0,2026-06-18 12:57:37.720,2,2,0,2026-06-18 13:02:20.000,388,388,0,2026-06-18 12:58:33.790,105,105,0,2026-06-18 12:58:33.790,56,56,0,2026-06-18 13:02:06.753,213,212,1,2026-06-18 13:20:43.827,2026-06-18 13:53:20.023,0,NULL,2026-06-18 13:53:20.083,3448,3448,0,UNDEFINED
26-015114,2026-06-18 12:59:30.000,25,THU,18,12,A,DAY,MIDS,EMS,ABDOMINAL PAIN BLS,3,E-911,"WALKER, LATITIA",Automatic Dispatch,2026-06-18 12:59:29.000,2026-06-18 13:00:28.000,2026-06-18 12:59:53.000,24,23,1,2026-06-18 12:59:54.977,1,1,0,2026-06-18 13:02:08.000,159,158,1,2026-06-18 13:01:05.607,25,25,0,2026-06-18 13:01:05.607,71,70,1,2026-06-18 13:08:51.160,466,465,1,2026-06-18 14:03:47.657,2026-06-18 14:03:47.657,0,NULL,2026-06-18 14:03:47.703,3858,3858,0,UNDEFINED
26-049280,2026-06-18 13:05:14.000,25,THU,18,13,A,DAY,MIDS,POLICE,HAZARD,2,Phone,"PATTERSON, JAHAIRA","DEWBERRY, RE'KEYA",2026-06-18 13:05:14.000,2026-06-18 13:08:41.000,2026-06-18 13:07:45.000,151,151,0,2026-06-18 13:08:54.610,69,69,0,2026-06-18 13:13:44.000,510,510,0,2026-06-18 13:08:57.197,220,220,0,2026-06-18 13:08:57.197,3,2,1,2026-06-18 13:15:46.650,409,409,0,2026-06-18 14:06:19.073,2026-06-18 14:06:19.073,0,NULL,2026-06-18 14:06:19.203,3665,3665,0,NR-No Report
26-015116,2026-06-18 13:12:11.000,25,THU,18,13,A,DAY,MIDS,FIRE,OUTSIDE FIRE,3,E-911,"JONES, DAESHA",Automatic Dispatch,2026-06-18 13:12:11.000,2026-06-18 13:13:07.000,2026-06-18 13:13:00.000,49,49,0,2026-06-18 13:13:02.443,2,2,0,2026-06-18 13:15:18.000,187,187,0,2026-06-18 13:14:15.213,51,51,0,2026-06-18 13:14:15.213,73,72,1,2026-06-18 13:26:56.517,761,761,0,2026-06-18 13:27:32.147,2026-06-18 13:27:32.147,0,NULL,2026-06-18 13:27:32.213,921,921,0,UNDEFINED
26-049281,2026-06-18 13:13:45.000,25,THU,18,13,A,DAY,MIDS,POLICE,PARKING COMPLAINT,4,Phone,"PATTERSON, JAHAIRA",NULL,2026-06-18 13:13:45.000,NULL,2026-06-18 13:14:12.000,27,27,0,2026-06-18 14:05:53.400,3101,3101,0,2026-06-18 13:14:31.000,46,46,0,2026-06-18 14:05:53.400,3128,3128,0,2026-06-18 14:05:53.400,0,0,0,NULL,NULL,-9999,NULL,2026-06-18 14:06:59.920,2026-06-18 14:06:59.920,0,NULL,2026-06-18 14:07:00.703,3194,3194,0,NR-No Report
26-049283,2026-06-18 13:20:00.000,25,THU,18,13,A,DAY,MIDS,POLICE,PARKING COMPLAINT,3,Phone,"JONES, DAESHA",NULL,2026-06-18 13:19:57.000,2026-06-18 15:00:04.000,2026-06-18 13:20:53.000,56,53,3,2026-06-18 14:50:50.080,5397,5397,0,2026-06-18 13:21:47.000,110,107,3,2026-06-18 14:50:50.080,5453,5453,0,2026-06-18 14:50:50.080,0,0,0,2026-06-18 15:06:41.273,951,951,0,2026-06-18 16:21:17.247,2026-06-18 16:21:17.247,0,NULL,2026-06-18 16:21:17.833,10880,10880,0,NR-No Report
26-015117,2026-06-18 13:24:49.000,25,THU,18,13,A,DAY,MIDS,EMS,BLS EMERGENCY,3,E-911,"WALKER, LATITIA",Automatic Dispatch,2026-06-18 13:24:48.000,2026-06-18 13:26:55.000,2026-06-18 13:26:15.000,87,86,1,2026-06-18 13:26:17.723,2,2,0,2026-06-18 13:28:56.000,248,247,1,2026-06-18 13:27:05.380,89,89,0,2026-06-18 13:27:05.380,48,47,1,2026-06-18 13:34:39.323,454,453,1,2026-06-18 13:46:01.193,2026-06-18 13:46:01.193,0,NULL,2026-06-18 13:46:01.263,1273,1273,0,UNDEFINED
26-015118,2026-06-18 13:40:38.060,25,THU,18,13,A,DAY,MIDS,FIRE,MUTUAL STRUCTURE FIRE,1,C2C,CAD to CAD Service 1,CAD to CAD Service 1,2026-06-18 13:40:38.000,NULL,2026-06-18 13:40:38.403,0,0,0,2026-06-18 13:40:38.450,0,0,0,NULL,NULL,NULL,NULL,2026-06-18 13:41:12.140,0,33,-33,2026-06-18 13:41:12.140,34,29,5,2026-06-18 13:41:52.423,40,40,0,2026-06-18 13:49:15.307,2026-06-18 14:16:08.720,0,NULL,2026-06-18 14:16:08.767,2130,2130,0,CAD2CAD
26-049287,2026-06-18 13:41:30.000,25,THU,18,13,A,DAY,MIDS,POLICE,MENTAL HEALTH CASE,2,Phone,"WALKER, LATITIA","DEWBERRY, RE'KEYA",2026-06-18 13:41:28.000,2026-06-18 13:42:41.000,2026-06-18 13:42:18.000,50,48,2,2026-06-18 13:43:08.483,50,50,0,2026-06-18 13:43:01.000,93,91,2,2026-06-18 13:43:28.617,100,100,0,2026-06-18 13:43:28.617,20,20,0,2026-06-18 14:08:21.083,1493,1492,1,2026-06-18 14:23:12.013,2026-06-18 21:51:27.953,0,NULL,2026-06-18 21:51:27.987,29399,29399,0,RE-Report
26-049288,2026-06-18 13:42:30.000,25,THU,18,13,A,DAY,MIDS,POLICE,TRAFFIC STOP,2,Radio,"DEWBERRY, RE'KEYA",NULL,2026-06-18 13:42:30.000,2026-06-18 13:42:36.000,2026-06-18 13:42:30.000,0,0,0,2026-06-18 13:42:30.000,0,0,0,2026-06-18 13:42:30.000,0,0,0,2026-06-18 16:16:19.197,0,0,0,2026-06-18 13:42:30.000,0,0,0,2026-06-18 13:42:30.000,0,0,0,2026-06-18 16:16:27.287,2026-06-18 16:16:27.287,0,NULL,2026-06-18 16:16:27.423,9237,9237,0,NR-No Report
26-049289,2026-06-18 13:45:26.000,25,THU,18,13,A,DAY,MIDS,POLICE,PARKING COMPLAINT,4,Phone,"WALKER, LATITIA",NULL,2026-06-18 13:45:24.000,2026-06-18 14:41:25.000,2026-06-18 13:45:57.000,33,31,2,2026-06-18 14:06:18.963,1221,1221,0,2026-06-18 13:46:11.000,47,45,2,2026-06-18 14:06:18.963,1254,1254,0,2026-06-18 14:06:18.963,0,0,0,2026-06-18 14:39:59.877,2021,2020,1,2026-06-18 14:08:54.510,2026-06-18 14:55:17.703,0,NULL,2026-06-18 14:55:18.317,4193,4193,0,NR-No Report
26-049292,2026-06-18 13:46:10.000,25,THU,18,13,A,DAY,MIDS,POLICE,MVC INJURY MOPED/BICYCLE,1,E-911,"JONES, DAESHA","DEWBERRY, RE'KEYA",2026-06-18 13:46:09.000,2026-06-18 13:47:47.000,2026-06-18 13:47:18.000,69,68,1,2026-06-18 13:47:48.220,30,30,0,2026-06-18 13:48:14.000,125,124,1,2026-06-18 13:47:48.220,99,99,0,2026-06-18 13:47:48.220,0,0,0,2026-06-18 13:49:34.540,106,106,0,2026-06-18 13:56:30.943,2026-06-18 16:20:23.943,0,NULL,2026-06-18 16:20:24.020,9254,9254,0,RE-Report
26-049291,2026-06-18 13:46:18.000,25,THU,18,13,A,DAY,MIDS,POLICE,MVC INJURY MOPED/BICYCLE,1,E-911,"WALKER, LATITIA","DEWBERRY, RE'KEYA",2026-06-18 13:46:18.000,2026-06-18 13:47:06.000,2026-06-18 13:46:59.000,41,41,0,2026-06-18 13:47:13.923,14,14,0,2026-06-18 13:47:26.000,68,68,0,NULL,55,55,0,NULL,NULL,-9999,NULL,NULL,NULL,-9999,NULL,NULL,2026-06-18 13:47:26.000,0,NULL,NULL,68,68,0,DUPPD-Duplicate Police
26-015119,2026-06-18 13:46:59.000,25,THU,18,13,A,DAY,MIDS,EMS,BICYCLIST STRUCK ALS 1 - SUPV,1,E-911,"WALKER, LATITIA",Automatic Dispatch,2026-06-18 13:46:59.000,2026-06-18 13:47:13.000,2026-06-18 13:46:59.000,0,NULL,0,2026-06-18 13:47:01.843,2,2,0,2026-06-18 13:46:59.000,0,0,0,2026-06-18 13:47:52.137,2,1,1,2026-06-18 13:47:52.137,51,50,1,2026-06-18 13:51:03.703,191,191,0,2026-06-18 13:55:10.277,2026-06-18 14:12:39.830,0,NULL,2026-06-18 14:12:39.993,1540,1539,1,UNDEFINED
26-015120,2026-06-18 13:47:18.000,25,THU,18,13,A,DAY,MIDS,EMS,BICYCLIST STRUCK ALS 1 - SUPV,1,E-911,"JONES, DAESHA",Automatic Dispatch,2026-06-18 13:47:18.000,2026-06-18 13:47:26.000,2026-06-18 13:47:18.000,0,NULL,0,2026-06-18 13:47:20.733,2,2,0,2026-06-18 13:47:18.000,0,0,0,2026-06-18 13:48:11.280,2,2,0,2026-06-18 13:48:11.280,51,50,1,NULL,NULL,-9999,NULL,2026-06-18 13:48:13.477,2026-06-18 13:48:48.873,0,NULL,2026-06-18 13:48:48.967,90,90,0,UNDEFINED
26-015121,2026-06-18 13:56:52.000,25,THU,18,13,A,DAY,MIDS,EMS,TROUBLE BREATHING ALS 1,1,E-911,"WALKER, LATITIA",Automatic Dispatch,2026-06-18 13:56:52.000,2026-06-18 13:58:00.000,2026-06-18 13:57:18.000,26,26,0,2026-06-18 13:57:20.280,2,2,0,2026-06-18 13:59:36.000,164,164,0,2026-06-18 13:57:32.863,28,28,0,2026-06-18 13:57:32.863,12,12,0,2026-06-18 14:01:06.690,214,213,1,2026-06-18 14:20:41.480,2026-06-18 14:44:08.007,0,NULL,2026-06-18 14:44:08.107,2836,2836,0,UNDEFINED
26-049296,2026-06-18 14:00:09.000,25,THU,18,14,A,DAY,LATE,POLICE,ANIMAL WILDLIFE,3,Phone,"PATTERSON, JAHAIRA","PATTERSON, JAHAIRA",2026-06-18 14:00:08.000,2026-06-18 14:02:01.000,2026-06-18 14:01:01.000,53,52,1,2026-06-18 14:03:15.073,134,134,0,2026-06-18 14:01:01.000,53,NULL,53,2026-06-18 14:03:15.120,187,187,0,2026-06-18 14:03:15.120,0,0,0,2026-06-18 14:03:15.140,0,0,0,2026-06-18 14:03:20.927,2026-06-18 14:03:20.927,0,NULL,2026-06-18 14:03:21.030,192,192,0,ACOR-Animal Control Report
26-049297,2026-06-18 14:01:02.000,25,THU,18,14,A,DAY,LATE,POLICE,911 HANG UP,2,E-911,"PERALTA, ANNETTE","DEWBERRY, RE'KEYA",2026-06-18 14:01:02.000,2026-06-18 14:03:21.000,2026-06-18 14:03:00.000,118,118,0,2026-06-18 14:04:20.963,80,80,0,2026-06-18 14:03:10.000,128,128,0,2026-06-18 14:04:27.793,198,198,0,2026-06-18 14:04:27.793,7,6,1,2026-06-18 14:24:44.120,1217,1216,1,2026-06-18 14:34:54.473,2026-06-18 14:56:28.697,0,NULL,2026-06-18 14:56:28.863,3326,3326,0,NR-No Report
26-015122,2026-06-18 14:10:44.000,25,THU,18,14,A,DAY,LATE,EMS,INJURED PERSON BLS,3,E-911,"LEWIS, LESLIE",Automatic Dispatch,2026-06-18 14:10:44.000,2026-06-18 14:11:27.000,2026-06-18 14:11:21.000,37,37,0,2026-06-18 14:11:22.993,1,1,0,2026-06-18 14:12:58.000,134,134,0,2026-06-18 14:12:16.243,38,38,0,2026-06-18 14:12:16.243,54,53,1,2026-06-18 14:14:46.373,150,150,0,2026-06-18 14:44:12.757,2026-06-18 16:11:03.677,0,NULL,2026-06-18 16:11:03.810,7219,7219,0,UNDEFINED
26-015123,2026-06-18 14:19:58.000,25,THU,18,14,A,DAY,LATE,EMS,UNKNOWN MEDICAL ALS 1,1,Phone,"PATTERSON, JAHAIRA",Automatic Dispatch,2026-06-18 14:19:58.000,2026-06-18 14:20:07.000,2026-06-18 14:19:58.000,0,NULL,0,2026-06-18 14:20:01.113,3,3,0,2026-06-18 14:19:58.000,0,0,0,2026-06-18 14:20:31.427,3,2,1,2026-06-18 14:20:31.427,30,30,0,2026-06-18 14:22:22.090,111,110,1,2026-06-18 14:25:33.373,2026-06-18 14:27:55.853,0,NULL,2026-06-18 14:27:56.660,477,476,1,UNDEFINED
26-015125,2026-06-18 14:29:54.000,25,THU,18,14,A,DAY,LATE,FIRE,HAZARD,2,Phone,"WALKER, LATITIA",Automatic Dispatch,2026-06-18 14:29:52.000,2026-06-18 14:30:47.000,2026-06-18 14:30:41.000,49,47,2,2026-06-18 14:30:43.237,2,2,0,2026-06-18 14:31:18.000,86,84,2,NULL,51,51,0,NULL,NULL,-9999,NULL,NULL,NULL,-9999,NULL,2026-06-18 14:31:24.287,2026-06-18 14:31:24.287,0,NULL,2026-06-18 14:31:24.317,92,92,0,UNDEFINED
26-049306,2026-06-18 14:31:35.000,25,THU,18,14,A,DAY,LATE,POLICE,HAZARD,2,Phone,"WALKER, LATITIA","DEWBERRY, RE'KEYA",2026-06-18 14:31:33.000,2026-06-18 14:33:47.000,2026-06-18 14:32:37.000,64,62,2,2026-06-18 14:43:24.003,647,647,0,2026-06-18 14:33:04.000,91,89,2,2026-06-18 14:43:33.313,711,711,0,2026-06-18 14:43:33.313,9,9,0,2026-06-18 14:46:44.867,191,191,0,2026-06-18 14:50:12.130,2026-06-18 14:50:12.130,0,NULL,2026-06-18 14:50:12.150,1119,1119,0,NR-No Report
26-015126,2026-06-18 14:33:06.000,25,THU,18,14,A,DAY,LATE,EMS,UNKNOWN MEDICAL ALS 1,1,E-911,"JONES, DAESHA",Automatic Dispatch,2026-06-18 14:33:04.000,2026-06-18 14:33:46.000,2026-06-18 14:33:39.000,35,33,2,2026-06-18 14:33:41.153,2,2,0,2026-06-18 14:36:24.000,200,198,2,2026-06-18 14:33:54.730,37,37,0,2026-06-18 14:33:54.730,13,13,0,2026-06-18 14:38:04.097,250,249,1,2026-06-18 14:49:28.027,2026-06-18 14:50:13.247,0,NULL,2026-06-18 14:50:13.280,1029,1029,0,CAD2CAD
26-049308,2026-06-18 14:35:02.137,25,THU,18,14,A,DAY,LATE,POLICE,ASSIST FIRE - IMMEDIATE,2,Radio,"JONES, DAESHA","DEWBERRY, RE'KEYA",2026-06-18 14:35:02.137,2026-06-18 14:35:11.000,2026-06-18 14:35:02.137,0,0,0,2026-06-18 14:37:38.337,156,156,0,2026-06-18 14:35:02.137,0,NULL,0,2026-06-18 14:38:12.697,156,156,0,2026-06-18 14:38:12.697,34,34,0,2026-06-18 14:40:14.140,122,121,1,2026-06-18 14:41:12.843,2026-06-18 14:44:33.207,0,NULL,2026-06-18 14:44:33.287,571,571,0,NR-No Report
26-015127,2026-06-18 14:43:32.000,25,THU,18,14,A,DAY,LATE,EMS,PUBLIC SERVICE EMS,4,E-911,"WALKER, LATITIA",Automatic Dispatch,2026-06-18 14:43:32.000,2026-06-18 14:44:10.000,2026-06-18 14:44:02.000,30,30,0,2026-06-18 14:44:04.423,2,2,0,2026-06-18 14:44:49.000,77,77,0,2026-06-18 14:45:30.733,32,32,0,2026-06-18 14:45:30.733,86,86,0,2026-06-18 14:56:47.367,677,676,1,2026-06-18 15:08:59.650,2026-06-18 15:08:59.650,0,NULL,2026-06-18 15:08:59.857,1527,1527,0,UNDEFINED
26-015128,2026-06-18 14:46:48.000,25,THU,18,14,A,DAY,LATE,FIRE,FIRE ALARM,3,Phone,"PATTERSON, JAHAIRA",Automatic Dispatch,2026-06-18 14:46:48.000,2026-06-18 14:47:13.000,2026-06-18 14:47:03.000,15,15,0,2026-06-18 14:47:04.897,1,1,0,2026-06-18 14:47:51.000,63,63,0,2026-06-18 14:47:27.287,16,16,0,2026-06-18 14:47:27.287,23,22,1,2026-06-18 14:50:19.377,172,172,0,2026-06-18 15:07:07.150,2026-06-18 15:07:07.150,0,NULL,2026-06-18 15:07:07.323,1219,1219,0,UNDEFINED
26-049310,2026-06-18 14:53:55.000,25,THU,18,14,A,DAY,LATE,POLICE,POLICE INFORMATION,4,Radio,"DEWBERRY, RE'KEYA","DEWBERRY, RE'KEYA",2026-06-18 14:53:54.000,2026-06-18 16:41:23.000,2026-06-18 14:54:10.000,16,15,1,2026-06-18 14:54:15.817,5,5,0,2026-06-18 14:54:28.000,34,33,1,2026-06-18 14:54:15.857,21,21,0,2026-06-18 14:54:15.857,0,0,0,2026-06-18 14:54:18.653,3,2,1,2026-06-18 20:35:35.047,2026-06-18 20:38:32.947,0,NULL,2026-06-18 20:38:33.000,20678,20678,0,NR-No Report
26-015129,2026-06-18 14:55:03.000,25,THU,18,14,A,DAY,LATE,EMS,HEART PROBLEMS ALS 1,1,E-911,"WALKER, LATITIA",Automatic Dispatch,2026-06-18 14:55:03.000,2026-06-18 14:55:42.000,2026-06-18 14:55:30.000,27,27,0,2026-06-18 14:55:32.360,2,2,0,2026-06-18 14:57:06.000,123,123,0,2026-06-18 14:55:43.740,29,29,0,2026-06-18 14:55:43.740,11,11,0,2026-06-18 14:59:57.143,254,253,1,2026-06-18 15:09:54.353,2026-06-18 16:32:48.603,0,NULL,2026-06-18 16:32:49.023,5865,5865,0,UNDEFINED
26-015130,2026-06-18 15:00:16.000,25,THU,18,15,A,DAY,LATE,EMS,PSYCHIATRIC EMERGENCY ALS 1,2,E-911,"WALKER, LATITIA",Automatic Dispatch,2026-06-18 15:00:16.000,2026-06-18 15:02:04.000,2026-06-18 15:01:49.000,93,93,0,2026-06-18 15:01:51.347,2,2,0,2026-06-18 15:03:43.000,207,207,0,2026-06-18 15:02:45.580,95,95,0,2026-06-18 15:02:45.580,54,54,0,2026-06-18 15:04:33.373,108,107,1,2026-06-18 15:26:51.407,2026-06-18 15:58:38.463,0,NULL,2026-06-18 15:58:38.570,3502,3502,0,UNDEFINED
26-049314,2026-06-18 15:01:17.000,25,THU,18,15,A,DAY,LATE,POLICE,ANIMAL SICK-INJURED,2,Phone,"JONES, DAESHA","LEWIS, LESLIE",2026-06-18 15:01:15.000,2026-06-18 15:03:07.000,2026-06-18 15:01:57.000,42,40,2,2026-06-18 15:03:03.393,66,66,0,2026-06-18 15:01:57.000,42,NULL,42,2026-06-18 15:03:03.430,108,108,0,2026-06-18 15:03:03.430,0,0,0,2026-06-18 15:03:38.530,35,35,0,2026-06-18 15:03:45.650,2026-06-18 15:03:45.650,0,NULL,2026-06-18 15:03:45.763,150,150,0,ACOR-Animal Control Report
26-049313,2026-06-18 15:01:49.000,25,THU,18,15,A,DAY,LATE,POLICE,MENTAL HEALTH CASE,2,Phone,"WALKER, LATITIA","LEWIS, LESLIE",2026-06-18 15:01:49.000,2026-06-18 15:01:54.000,2026-06-18 15:01:49.000,0,NULL,0,2026-06-18 15:02:16.793,27,27,0,2026-06-18 15:01:49.000,0,0,0,2026-06-18 15:02:20.273,27,27,0,2026-06-18 15:02:20.273,4,3,1,2026-06-18 15:12:30.263,610,609,1,2026-06-18 15:23:27.510,2026-06-18 15:55:44.590,0,NULL,2026-06-18 15:55:44.683,3235,3235,0,NR-No Report
26-015131,2026-06-18 15:04:59.000,25,THU,18,15,A,DAY,LATE,EMS,UNCONSCIOUS ALS 2,1,E-911,"WALKER, LATITIA",Automatic Dispatch,2026-06-18 15:04:58.000,2026-06-18 15:06:01.000,2026-06-18 15:05:45.000,47,46,1,2026-06-18 15:05:47.787,2,2,0,2026-06-18 15:07:11.000,133,132,1,2026-06-18 15:06:23.350,49,49,0,2026-06-18 15:06:23.350,36,35,1,2026-06-18 15:08:08.793,105,105,0,2026-06-18 15:24:43.727,2026-06-18 16:59:02.980,0,NULL,2026-06-18 16:59:03.047,6844,6844,0,UNDEFINED
26-049315,2026-06-18 15:05:07.000,25,THU,18,15,A,DAY,LATE,POLICE,WARRANT SERVICE,2,E-911,"DEWBERRY, RE'KEYA","LEWIS, LESLIE",2026-06-18 15:05:07.000,2026-06-18 15:06:41.000,2026-06-18 15:05:35.000,28,28,0,2026-06-18 15:07:07.380,92,92,0,2026-06-18 15:11:53.000,406,406,0,2026-06-18 15:07:10.850,120,120,0,2026-06-18 15:07:10.850,3,3,0,2026-06-18 15:10:36.873,206,206,0,2026-06-18 15:19:18.360,2026-06-18 19:24:08.657,0,NULL,2026-06-18 19:24:08.707,15541,15541,0,RE-Report
26-049317,2026-06-18 15:07:44.000,25,THU,18,15,A,DAY,LATE,POLICE,MVC HIT/RUN NO INJURY,2,E-911,"JONES, DAESHA","DEWBERRY, RE'KEYA",2026-06-18 15:07:43.000,2026-06-18 15:10:36.000,2026-06-18 15:10:34.000,171,170,1,2026-06-18 15:20:55.547,621,621,0,2026-06-18 15:11:28.000,225,224,1,2026-06-18 15:21:04.763,792,792,0,2026-06-18 15:21:04.763,9,9,0,2026-06-18 15:21:41.647,37,36,1,2026-06-18 15:21:40.870,2026-06-18 17:27:57.817,0,NULL,2026-06-18 17:27:57.950,8414,8414,0,NR-No Report
26-015132,2026-06-18 15:14:02.000,25,THU,18,15,A,DAY,LATE,FIRE,FIRE ALARM,3,E-911,"WALKER, LATITIA",Automatic Dispatch,2026-06-18 15:14:02.000,2026-06-18 15:15:21.000,2026-06-18 15:15:02.000,60,60,0,2026-06-18 15:15:04.753,2,2,0,2026-06-18 15:15:31.000,89,89,0,2026-06-18 15:16:33.740,62,62,0,2026-06-18 15:16:33.740,89,88,1,2026-06-18 15:22:08.440,335,334,1,2026-06-18 15:26:25.897,2026-06-18 15:26:25.897,0,NULL,2026-06-18 15:26:25.953,743,743,0,UNDEFINED
26-049321,2026-06-18 15:14:16.000,25,THU,18,15,A,DAY,LATE,POLICE,ANIMAL DECEASED,3,Phone,"PERALTA, ANNETTE","LEWIS, LESLIE",2026-06-18 15:14:14.000,2026-06-18 15:17:17.000,2026-06-18 15:15:24.000,70,68,2,2026-06-18 15:15:47.410,23,23,0,2026-06-18 15:15:31.000,77,75,2,2026-06-18 15:15:47.453,93,93,0,2026-06-18 15:15:47.453,0,0,0,NULL,NULL,-9999,NULL,NULL,2026-06-18 15:17:42.000,0,NULL,NULL,208,208,0,RE-Report
26-049324,2026-06-18 15:16:12.000,25,THU,18,15,A,DAY,LATE,POLICE,MVC PROPERTY DAMAGE,2,E-911,"DEWBERRY, RE'KEYA","DEWBERRY, RE'KEYA",2026-06-18 15:16:12.000,2026-06-18 15:17:23.000,2026-06-18 15:16:51.000,39,39,0,2026-06-18 15:24:34.877,463,463,0,2026-06-18 15:17:41.000,89,89,0,2026-06-18 15:24:34.917,502,502,0,2026-06-18 15:24:34.917,0,0,0,2026-06-18 15:24:36.847,2,1,1,2026-06-18 16:24:09.617,2026-06-18 16:24:09.617,0,NULL,2026-06-18 16:24:09.723,4077,4077,0,RE-Report
26-015133,2026-06-18 15:18:48.573,25,THU,18,15,A,DAY,LATE,FIRE,MVC AUTO,2,E-911,"WALKER, LATITIA",Automatic Dispatch,2026-06-18 15:18:48.573,2026-06-18 15:19:13.000,2026-06-18 15:18:48.573,0,0,0,2026-06-18 15:18:50.933,2,2,0,2026-06-18 15:18:48.573,0,NULL,0,2026-06-18 15:19:34.367,2,2,0,2026-06-18 15:19:34.367,44,43,1,2026-06-18 15:21:29.027,115,114,1,2026-06-18 15:19:55.010,2026-06-18 15:30:09.030,0,NULL,2026-06-18 15:30:09.193,681,680,1,UNDEFINED
26-049330,2026-06-18 15:25:09.000,25,THU,18,15,A,DAY,LATE,POLICE,PARKING COMPLAINT,3,E-911,"PERALTA, ANNETTE",NULL,2026-06-18 15:25:09.000,2026-06-18 15:31:38.000,2026-06-18 15:30:33.000,324,324,0,2026-06-18 15:46:20.080,947,947,0,2026-06-18 15:31:34.000,385,385,0,2026-06-18 15:46:20.080,1271,1271,0,2026-06-18 15:46:20.080,0,-9999,9999,2026-06-18 16:16:23.077,1803,1802,1,2026-06-18 16:25:09.967,2026-06-18 16:25:09.967,0,NULL,2026-06-18 16:25:11.033,3600,3600,0,NR-No Report
26-049329,2026-06-18 15:29:48.000,25,THU,18,15,A,DAY,LATE,POLICE,PARKING COMPLAINT,4,Phone,"WALKER, LATITIA",NULL,2026-06-18 15:29:47.000,NULL,2026-06-18 15:30:09.000,22,21,1,2026-06-18 16:41:26.100,4277,4277,0,2026-06-18 15:31:40.000,113,112,1,2026-06-18 16:41:26.100,4299,4299,0,2026-06-18 16:41:26.100,0,0,0,2026-06-18 16:55:54.830,868,868,0,2026-06-18 17:06:15.543,2026-06-18 17:06:15.543,0,NULL,2026-06-18 17:06:16.303,5788,5788,0,NR-No Report
26-049335,2026-06-18 15:41:37.000,25,THU,18,15,A,DAY,LATE,POLICE,MVC PROPERTY DAMAGE,2,Phone,"JONES, DAESHA","LEWIS, LESLIE",2026-06-18 15:41:35.000,2026-06-18 15:45:33.000,2026-06-18 15:43:33.000,118,116,2,2026-06-18 15:52:17.387,524,524,0,2026-06-18 15:47:50.000,375,373,2,2026-06-18 15:52:23.677,642,642,0,2026-06-18 15:52:23.677,6,6,0,2026-06-18 16:03:58.270,695,694,1,2026-06-18 17:18:46.017,2026-06-18 17:18:46.017,0,NULL,2026-06-18 17:18:46.067,5831,5831,0,NR-No Report
26-049333,2026-06-18 15:42:18.000,25,THU,18,15,A,DAY,LATE,POLICE,ASSIST CITIZEN PROMPT,2,Phone,"DEWBERRY, RE'KEYA","LEWIS, LESLIE",2026-06-18 15:42:16.000,2026-06-18 15:43:37.000,2026-06-18 15:42:39.000,23,21,2,2026-06-18 15:44:22.470,103,103,0,2026-06-18 15:47:44.000,328,326,2,2026-06-18 15:44:28.597,126,126,0,2026-06-18 15:44:28.597,6,6,0,2026-06-18 15:54:13.620,585,585,0,2026-06-18 16:53:31.607,2026-06-18 16:53:31.607,0,NULL,2026-06-18 16:53:31.660,4275,4275,0,NR-No Report
26-015134,2026-06-18 15:43:24.000,25,THU,18,15,A,DAY,LATE,EMS,FALL BLS,3,E-911,"CRUZ, STEPHANIE",Automatic Dispatch,2026-06-18 15:43:24.000,2026-06-18 15:45:11.000,2026-06-18 15:44:50.000,86,86,0,2026-06-18 15:44:51.883,1,1,0,2026-06-18 15:47:14.000,230,230,0,2026-06-18 15:45:58.643,87,87,0,2026-06-18 15:45:58.643,67,66,1,2026-06-18 15:49:40.957,222,222,0,2026-06-18 16:06:51.263,2026-06-18 17:11:11.930,0,NULL,2026-06-18 17:11:12.010,5267,5267,0,UNDEFINED
26-049342,2026-06-18 15:58:31.000,25,THU,18,15,A,DAY,LATE,POLICE,OFF DUTY DETAIL,8,NOT CAPTURED,"WALKER, LATITIA",NULL,2026-06-18 15:58:31.000,NULL,2026-06-18 15:58:31.000,0,0,0,2026-06-18 15:58:31.000,0,0,0,2026-06-18 15:58:31.000,0,0,0,2026-06-18 19:52:15.740,0,0,0,2026-06-18 15:58:31.000,0,0,0,2026-06-18 15:58:31.000,0,0,0,2026-06-18 20:11:23.767,2026-06-19 00:12:22.203,0,NULL,2026-06-19 00:12:22.360,29631,29631,0,NR-No Report
26-049343,2026-06-18 16:01:11.000,25,THU,18,16,A,DAY,LATE,POLICE,BOOT REMOVAL,3,Phone,"JONES, DAESHA",NULL,2026-06-18 16:01:09.000,2026-06-18 16:08:48.000,2026-06-18 16:01:39.000,30,28,2,2026-06-18 16:26:00.917,1461,1461,0,2026-06-18 16:01:39.000,30,NULL,30,2026-06-18 16:26:00.917,1491,1491,0,2026-06-18 16:26:00.917,0,-9999,9999,2026-06-18 16:27:49.983,109,109,0,2026-06-18 16:38:59.487,2026-06-18 16:38:59.487,0,NULL,2026-06-18 16:38:59.683,2270,2270,0,NR-No Report
26-049344,2026-06-18 16:01:28.000,25,THU,18,16,A,DAY,LATE,POLICE,TRESPASSING IN PROG,2,Phone,"DEWBERRY, RE'KEYA",NULL,2026-06-18 16:01:26.000,2026-06-18 16:02:01.000,2026-06-18 16:01:44.000,18,16,2,2026-06-18 16:21:49.160,1205,1205,0,2026-06-18 16:03:43.000,137,135,2,2026-06-18 16:21:56.503,1223,1223,0,2026-06-18 16:21:56.503,7,7,0,2026-06-18 16:37:23.150,927,926,1,2026-06-18 17:09:48.783,2026-06-18 17:11:09.233,0,NULL,2026-06-18 17:11:09.293,4183,4183,0,NR-No Report
26-049346,2026-06-18 16:07:52.000,25,THU,18,16,A,DAY,LATE,POLICE,DIP - DRUNK/INTOX PERSON,2,Phone,"PERALTA, ANNETTE","LEWIS, LESLIE",2026-06-18 16:07:50.000,2026-06-18 16:09:34.000,2026-06-18 16:08:54.000,64,62,2,2026-06-18 16:21:13.993,739,739,0,2026-06-18 16:10:32.000,162,160,2,2026-06-18 16:21:14.060,803,803,0,2026-06-18 16:21:14.060,1,0,1,2026-06-18 16:25:31.673,257,257,0,2026-06-18 17:02:44.680,2026-06-18 17:12:24.287,0,NULL,2026-06-18 17:12:24.340,3874,3874,0,NR-No Report
26-049349,2026-06-18 16:14:29.000,25,THU,18,16,A,DAY,LATE,POLICE,PUBLIC SERVICE MULTI OFFICER,2,Phone,"PATTERSON, JAHAIRA","LEWIS, LESLIE",2026-06-18 16:14:29.000,2026-06-18 16:40:09.000,2026-06-18 16:22:30.000,481,481,0,2026-06-18 17:19:54.300,3444,3444,0,2026-06-18 16:43:54.000,1765,1765,0,2026-06-18 17:19:58.347,3925,3925,0,2026-06-18 17:19:58.347,4,4,0,2026-06-18 17:27:41.483,463,463,0,2026-06-18 17:43:20.770,2026-06-18 17:43:22.367,0,NULL,2026-06-18 17:43:22.433,5333,5333,0,NR-No Report
26-049348,2026-06-18 16:18:02.000,25,THU,18,16,A,DAY,LATE,POLICE,ASSAULT NO INJURY IN PROG,2,E-911,"WALKER, LATITIA","LEWIS, LESLIE",2026-06-18 16:18:01.000,2026-06-18 16:18:27.000,2026-06-18 16:18:24.000,23,22,1,2026-06-18 21:09:47.453,17483,17483,0,2026-06-18 16:20:37.000,156,155,1,2026-06-18 21:10:08.950,17506,17506,0,2026-06-18 21:10:08.950,21,21,0,2026-06-18 21:27:21.817,1033,1032,1,2026-06-18 23:05:51.093,2026-06-19 00:40:37.253,0,NULL,2026-06-19 00:40:37.293,30156,30156,0,RE-Report
26-049350,2026-06-18 16:18:17.000,25,THU,18,16,A,DAY,LATE,POLICE,GLA DELAY,4,E-911,"PERALTA, ANNETTE",NULL,2026-06-18 16:18:17.000,2026-06-19 05:57:34.000,2026-06-18 16:22:39.000,262,262,0,2026-06-19 01:48:48.430,33969,33969,0,2026-06-18 16:23:33.000,316,316,0,2026-06-19 01:49:06.557,34231,34231,0,2026-06-19 01:49:06.557,18,18,0,2026-06-19 01:58:20.950,554,554,0,2026-06-19 17:56:44.550,2026-06-19 02:08:08.000,1,2026-06-19 05:38:07.547,2026-06-19 17:56:44.723,35391,5907,29484,RE-Report
26-015136,2026-06-18 16:18:31.347,25,THU,18,16,A,DAY,LATE,FIRE,MUTUAL MVC,1,C2C,CAD to CAD Service 1,CAD to CAD Service 1,2026-06-18 16:17:04.000,NULL,2026-06-18 16:18:31.597,87,0,87,2026-06-18 16:18:31.660,0,0,0,NULL,NULL,NULL,NULL,2026-06-18 16:18:47.960,87,-9999,10086,2026-06-18 16:18:47.960,16,16,0,2026-06-18 16:24:43.163,356,355,1,2026-06-18 16:27:02.890,2026-06-18 16:47:48.490,0,NULL,2026-06-18 16:47:48.627,1844,1844,0,UNDEFINED
26-015138,2026-06-18 16:22:39.000,25,THU,18,16,A,DAY,LATE,EMS,BLS EMERGENCY,3,E-911,"JONES, DAESHA",Automatic Dispatch,2026-06-18 16:22:39.000,2026-06-18 16:24:18.000,2026-06-18 16:24:12.000,93,93,0,2026-06-18 16:24:14.063,2,2,0,2026-06-18 16:26:11.000,212,212,0,2026-06-18 16:25:17.613,95,95,0,2026-06-18 16:25:17.613,63,63,0,2026-06-18 16:35:03.987,586,586,0,2026-06-18 17:33:57.523,2026-06-18 17:33:57.523,0,NULL,2026-06-18 17:33:57.560,4278,4278,0,UNDEFINED
26-015139,2026-06-18 16:26:42.000,25,THU,18,16,A,DAY,LATE,EMS,CHEST PAIN ALS 1,1,CAD2CAD,"GOODWIN, SHEENA","GOODWIN, SHEENA",2026-06-18 16:26:40.000,2026-06-18 16:27:19.000,2026-06-18 16:27:12.000,32,30,2,2026-06-18 16:27:34.040,22,22,0,2026-06-18 16:28:44.000,124,122,2,2026-06-18 16:28:20.740,54,54,0,2026-06-18 16:28:20.740,46,46,0,2026-06-18 16:40:23.110,723,722,1,2026-06-18 16:52:57.313,2026-06-18 16:52:57.313,0,NULL,2026-06-18 16:52:57.450,1577,1577,0,UNDEFINED
26-015140,2026-06-18 16:30:04.887,25,THU,18,16,A,DAY,LATE,FIRE,MUTUAL MVC,1,CAD2CAD,CAD to CAD Service 1,CAD to CAD Service 1,2026-06-18 16:26:19.000,2026-06-18 16:30:23.000,2026-06-18 16:30:05.167,226,0,226,2026-06-18 16:30:05.247,0,0,0,NULL,NULL,NULL,NULL,2026-06-18 16:30:08.153,226,-9999,10225,2026-06-18 16:30:08.153,3,0,3,2026-06-18 16:30:13.820,5,5,0,2026-06-18 16:40:40.847,2026-06-18 16:43:44.340,0,NULL,2026-06-18 16:43:44.453,1045,1045,0,UNDEFINED
26-015141,2026-06-18 16:33:08.000,25,THU,18,16,A,DAY,LATE,EMS,BLS EMERGENCY,3,E-911,"WALKER, LATITIA",Automatic Dispatch,2026-06-18 16:33:07.000,2026-06-18 16:33:56.000,2026-06-18 16:33:46.000,39,38,1,2026-06-18 16:33:48.247,2,2,0,2026-06-18 16:37:00.000,233,232,1,2026-06-18 16:34:23.563,41,41,0,2026-06-18 16:34:23.563,35,35,0,2026-06-18 16:45:50.560,687,686,1,2026-06-18 18:17:04.020,2026-06-18 18:17:04.020,0,NULL,2026-06-18 18:17:04.250,6237,6237,0,UNDEFINED
26-049354,2026-06-18 16:35:01.627,25,THU,18,16,A,DAY,LATE,POLICE,ASSAULT MINOR INJ IN PROG,2,E-911,"WALKER, LATITIA",NULL,2026-06-18 16:35:01.627,2026-06-18 16:35:21.000,2026-06-18 16:35:01.627,0,0,0,2026-06-18 16:36:09.300,68,67,1,2026-06-18 16:35:01.627,0,NULL,0,2026-06-18 16:36:11.187,68,67,1,2026-06-18 16:36:11.187,2,1,1,2026-06-18 16:40:03.823,232,232,0,2026-06-18 17:07:25.490,2026-06-18 23:23:36.443,0,NULL,2026-06-18 23:23:36.497,24515,24514,1,RE-Report
26-049355,2026-06-18 16:39:19.000,25,THU,18,16,A,DAY,LATE,POLICE,DEST OF PROP COM DELAY,4,Phone,"PATTERSON, JAHAIRA",NULL,2026-06-18 16:39:19.000,2026-06-19 07:49:01.000,2026-06-18 16:40:38.000,79,79,0,2026-06-19 08:34:00.213,57202,10514,46688,2026-06-18 16:43:52.000,273,273,0,2026-06-19 08:34:00.257,57281,57281,0,2026-06-19 08:34:00.257,0,0,0,2026-06-19 09:09:42.003,2142,2141,1,2026-06-19 12:54:23.463,2026-06-19 02:35:50.000,1,2026-06-19 05:38:46.160,2026-06-19 12:54:23.497,35791,72904,-37113,NR-No Report
26-049356,2026-06-18 16:41:27.000,25,THU,18,16,A,DAY,LATE,POLICE,WARRANT SERVICE,2,Phone,"WALKER, LATITIA","LEWIS, LESLIE",2026-06-18 16:41:26.000,2026-06-18 16:44:24.000,2026-06-18 16:42:39.000,73,72,1,2026-06-18 16:44:40.783,121,121,0,2026-06-18 16:42:51.000,85,84,1,2026-06-18 16:44:43.413,194,194,0,2026-06-18 16:44:43.413,3,2,1,2026-06-18 16:44:43.413,0,0,0,2026-06-18 20:27:02.617,2026-06-18 20:27:02.617,0,NULL,2026-06-18 20:27:02.673,13536,13536,0,RE-Report
26-015142,2026-06-18 16:50:43.000,25,THU,18,16,A,DAY,LATE,EMS,MEDICAL ALARM - BLS,3,Phone,"WALKER, LATITIA",Automatic Dispatch,2026-06-18 16:50:41.000,2026-06-18 16:52:21.000,2026-06-18 16:51:46.000,65,63,2,2026-06-18 16:51:48.533,2,2,0,2026-06-18 16:52:49.000,128,126,2,2026-06-18 16:52:40.373,67,67,0,2026-06-18 16:52:40.373,52,51,1,2026-06-18 17:01:13.703,513,513,0,2026-06-18 17:10:58.353,2026-06-18 17:10:58.353,0,NULL,2026-06-18 17:10:58.477,1217,1217,0,UNDEFINED
26-049358,2026-06-18 16:51:20.000,25,THU,18,16,A,DAY,LATE,POLICE,PARKING COMPLAINT,4,Phone,"PATTERSON, JAHAIRA",NULL,2026-06-18 16:51:18.000,2026-06-18 16:54:38.000,2026-06-18 16:52:14.000,56,54,2,2026-06-18 17:15:41.250,1407,1407,0,2026-06-18 16:52:43.000,85,83,2,2026-06-18 17:15:41.250,1463,1463,0,2026-06-18 17:15:41.250,0,0,0,2026-06-18 17:37:08.550,1287,1287,0,2026-06-18 17:43:33.140,2026-06-18 17:43:33.140,0,NULL,2026-06-18 17:43:33.917,3135,3135,0,NR-No Report
26-049359,2026-06-18 16:56:05.000,25,THU,18,16,A,DAY,LATE,POLICE,OFF DUTY DETAIL,8,OFFICER,"WALL, RACHEL L",NULL,2026-06-18 16:56:05.000,2026-06-18 18:53:32.000,2026-06-18 16:56:05.000,0,1,-1,2026-06-18 16:56:05.000,0,0,0,2026-06-18 16:56:05.000,0,NULL,0,2026-06-18 16:56:05.000,0,0,0,2026-06-18 16:56:05.000,0,0,0,2026-06-18 16:56:05.000,0,0,0,2026-06-18 19:51:14.733,2026-06-18 19:51:14.733,0,NULL,2026-06-18 19:51:14.780,10509,10509,0,NR-No Report
26-049362,2026-06-18 16:59:46.000,25,THU,18,16,A,DAY,LATE,POLICE,MVC PROPERTY DAMAGE,2,E-911,"PERALTA, ANNETTE","LEWIS, LESLIE",2026-06-18 16:59:44.000,2026-06-18 17:06:15.000,2026-06-18 17:04:44.000,300,298,2,2026-06-18 17:07:28.113,164,164,0,2026-06-18 17:12:44.000,780,778,2,2026-06-18 17:07:28.230,464,464,0,2026-06-18 17:07:28.230,0,0,0,2026-06-18 17:20:57.197,809,808,1,2026-06-18 17:08:04.770,2026-06-18 19:16:14.340,0,NULL,2026-06-18 19:16:14.380,8190,8190,0,NR-No Report
26-049361,2026-06-18 16:59:50.000,25,THU,18,16,A,DAY,LATE,POLICE,LARCENY RESIDENTIAL DELAY,4,Phone,"PATTERSON, JAHAIRA",NULL,2026-06-18 16:59:50.000,2026-06-18 23:10:16.000,2026-06-18 17:03:40.000,230,230,0,2026-06-19 04:50:26.003,42406,42406,0,2026-06-18 17:25:44.000,1554,1554,0,2026-06-19 04:50:51.367,42636,42636,0,2026-06-19 04:50:51.367,25,25,0,2026-06-19 07:24:47.303,9236,9235,1,2026-06-19 08:43:21.250,2026-06-19 10:00:25.630,0,NULL,2026-06-19 10:00:25.727,61235,61235,0,RE-Report
26-049363,2026-06-18 17:06:50.000,25,THU,18,17,A,DAY,LATE,POLICE,DOMESTIC VIOL NO INJ,2,E-911,"WALKER, LATITIA","LEWIS, LESLIE",2026-06-18 17:06:50.000,2026-06-18 17:09:46.000,2026-06-18 17:08:48.000,118,118,0,2026-06-18 17:14:16.270,328,328,0,2026-06-18 17:10:26.000,216,216,0,2026-06-18 17:14:52.593,446,446,0,2026-06-18 17:14:52.593,36,36,0,NULL,NULL,-9999,NULL,NULL,2026-06-18 17:19:29.400,0,NULL,NULL,759,759,0,DUPPD-Duplicate Police
26-049364,2026-06-18 17:12:44.000,25,THU,18,17,A,DAY,LATE,POLICE,DISABLED MOTORIST,2,Phone,"PATTERSON, JAHAIRA","LEWIS, LESLIE",2026-06-18 17:12:43.000,2026-06-18 17:13:59.000,2026-06-18 17:13:09.000,26,25,1,2026-06-18 17:29:54.433,1005,1005,0,2026-06-18 17:25:41.000,778,777,1,2026-06-18 17:30:00.067,1031,1031,0,2026-06-18 17:30:00.067,6,5,1,2026-06-18 17:32:19.640,139,139,0,2026-06-18 17:36:31.723,2026-06-18 17:36:31.723,0,NULL,2026-06-18 17:36:31.877,1428,1428,0,NR-No Report
26-049365,2026-06-18 17:14:54.000,25,THU,18,17,A,DAY,LATE,POLICE,POLICE INFORMATION,4,E-911,"DEWBERRY, RE'KEYA",NULL,2026-06-18 17:14:54.000,NULL,2026-06-18 17:15:59.000,65,65,0,2026-06-18 17:17:35.220,96,96,0,2026-06-18 17:19:33.000,279,279,0,2026-06-18 17:17:41.530,161,161,0,2026-06-18 17:17:41.530,6,6,0,2026-06-18 17:23:02.730,321,321,0,2026-06-18 17:18:58.453,2026-06-18 21:52:44.000,1,2026-06-18 21:53:56.567,2026-06-19 00:21:06.507,16670,25572,-8902,RE-Report
26-049366,2026-06-18 17:20:02.000,25,THU,18,17,A,DAY,LATE,POLICE,ANIMAL COMPLAINT- ANIMAL INJRY,3,Phone,"PATTERSON, JAHAIRA","LEWIS, LESLIE",2026-06-18 17:20:01.000,2026-06-18 17:37:09.000,2026-06-18 17:20:36.000,35,34,1,2026-06-18 17:37:06.650,990,990,0,2026-06-18 17:25:40.000,339,338,1,2026-06-18 17:37:39.487,1025,1025,0,2026-06-18 17:37:39.487,33,32,1,2026-06-18 17:37:42.293,3,2,1,2026-06-18 17:41:23.397,2026-06-18 17:41:23.397,0,NULL,2026-06-18 17:41:23.460,1282,1282,0,ACOR-Animal Control Report
26-049367,2026-06-18 17:28:04.000,25,THU,18,17,A,DAY,LATE,POLICE,ANIMAL COMPLAINT,4,Phone,"JONES, DAESHA","LEWIS, LESLIE",2026-06-18 17:28:02.000,2026-06-18 17:29:10.000,2026-06-18 17:29:00.000,58,56,2,2026-06-18 17:41:27.760,747,747,0,2026-06-18 17:29:00.000,58,NULL,58,2026-06-18 17:41:27.813,805,805,0,2026-06-18 17:41:27.813,0,0,0,2026-06-18 17:41:27.847,0,0,0,2026-06-18 17:42:01.800,2026-06-18 17:42:01.800,0,NULL,2026-06-18 17:42:01.867,839,839,0,ACOR-Animal Control Report
26-015143,2026-06-18 17:29:41.390,25,THU,18,17,A,DAY,LATE,EMS,MUTUAL ALS,1,C2C,CAD to CAD Service 1,CAD to CAD Service 1,2026-06-18 17:27:31.000,NULL,2026-06-18 17:29:41.623,130,0,130,2026-06-18 17:29:41.670,0,0,0,NULL,NULL,NULL,NULL,2026-06-18 17:30:22.230,130,-9999,10129,2026-06-18 17:30:22.230,41,40,1,2026-06-18 17:36:10.057,348,347,1,2026-06-18 17:54:29.510,2026-06-18 18:29:35.160,0,NULL,2026-06-18 18:29:35.330,3724,3724,0,UNDEFINED
26-049368,2026-06-18 17:34:33.000,25,THU,18,17,A,DAY,LATE,POLICE,NOISE COMPLAINT IN PROG,4,Phone,"WALKER, LATITIA","LEWIS, LESLIE",2026-06-18 17:34:31.000,2026-06-18 20:47:04.000,2026-06-18 17:36:06.000,95,93,2,2026-06-18 22:38:21.227,18135,18135,0,2026-06-18 17:36:24.000,113,111,2,2026-06-18 22:38:25.437,18230,18230,0,2026-06-18 22:38:25.437,4,4,0,NULL,NULL,-9999,NULL,2026-06-18 22:40:09.017,2026-06-18 22:40:09.017,0,NULL,2026-06-18 22:40:09.073,18338,18338,0,NR-No Report
26-049369,2026-06-18 17:37:10.000,25,THU,18,17,A,DAY,LATE,POLICE,HAZARD,2,Phone,"DEWBERRY, RE'KEYA","LEWIS, LESLIE",2026-06-18 17:37:08.000,2026-06-18 17:38:15.000,2026-06-18 17:37:40.000,32,30,2,2026-06-18 17:38:22.463,42,42,0,2026-06-18 17:38:39.000,91,89,2,2026-06-18 17:38:33.517,74,74,0,2026-06-18 17:38:33.517,11,11,0,NULL,NULL,-9999,NULL,NULL,2026-06-18 17:45:39.000,0,NULL,NULL,511,511,0,CN-Cancellation
26-049372,2026-06-18 17:39:40.000,25,THU,18,17,A,DAY,LATE,POLICE,ASSAULT NO INJURY IN PROG,2,E-911,"WALKER, LATITIA",NULL,2026-06-18 17:39:39.000,2026-06-18 17:40:22.000,2026-06-18 17:40:19.000,40,39,1,2026-06-18 17:42:25.343,126,126,0,2026-06-18 17:52:52.000,793,792,1,2026-06-18 17:42:29.570,166,166,0,2026-06-18 17:42:29.570,4,4,0,2026-06-18 17:53:03.340,634,633,1,2026-06-18 18:29:32.507,2026-06-18 23:47:21.710,0,NULL,2026-06-18 23:47:21.813,22062,22062,0,RE-Report
26-015144,2026-06-18 17:39:59.000,25,THU,18,17,A,DAY,LATE,EMS,HEART PROBLEMS ALS 1,1,E-911,"DEWBERRY, RE'KEYA",Automatic Dispatch,2026-06-18 17:39:59.000,2026-06-18 17:40:59.000,2026-06-18 17:40:45.000,46,46,0,2026-06-18 17:40:47.157,2,2,0,2026-06-18 17:42:19.000,140,140,0,2026-06-18 17:41:40.113,48,48,0,2026-06-18 17:41:40.113,53,52,1,2026-06-18 17:45:42.033,242,241,1,2026-06-18 18:13:40.913,2026-06-18 19:00:18.347,0,NULL,2026-06-18 19:00:18.460,4819,4819,0,UNDEFINED
26-049373,2026-06-18 17:44:05.000,25,THU,18,17,A,DAY,LATE,POLICE,ON VIEW,2,Phone,"PATTERSON, JAHAIRA","LEWIS, LESLIE",2026-06-18 17:44:05.000,NULL,2026-06-18 17:44:05.000,0,0,0,2026-06-18 17:44:05.000,0,0,0,2026-06-18 17:44:05.000,0,0,0,2026-06-18 17:44:43.437,0,0,0,2026-06-18 17:44:05.000,0,0,0,2026-06-18 17:44:05.000,0,0,0,2026-06-18 18:38:05.397,2026-06-18 21:59:16.503,1,2026-06-18 22:42:36.107,2026-06-19 01:57:36.090,15311,29611,-14300,RE-Report
26-049375,2026-06-18 17:45:29.000,25,THU,18,17,A,DAY,LATE,POLICE,PARKING COMPLAINT,4,Phone,"JONES, DAESHA",NULL,2026-06-18 17:45:28.000,2026-06-18 17:49:21.000,2026-06-18 17:45:56.000,28,27,1,2026-06-18 17:47:43.767,107,107,0,2026-06-18 17:46:38.000,70,69,1,2026-06-18 17:47:43.767,135,135,0,2026-06-18 17:47:43.767,0,-9999,9999,NULL,NULL,-9999,NULL,2026-06-18 17:49:43.437,2026-06-18 17:50:21.367,0,NULL,2026-06-18 17:50:22.010,293,293,0,NR-No Report
26-049377,2026-06-18 17:51:58.000,25,THU,18,17,A,DAY,LATE,POLICE,DWI - DRUNK/INTOX DRIVER,2,E-911,"FOSTER, KANESHA",NULL,2026-06-18 17:51:57.000,2026-06-18 17:52:44.000,2026-06-18 17:52:39.000,42,41,1,2026-06-18 17:52:51.070,12,12,0,2026-06-18 17:54:53.000,176,175,1,2026-06-18 17:52:53.787,54,54,0,2026-06-18 17:52:53.787,2,2,0,2026-06-18 17:55:06.637,133,132,1,2026-06-18 18:01:08.960,2026-06-19 03:27:25.003,0,NULL,2026-06-19 03:27:25.050,34528,34528,0,RE-Report
26-015145,2026-06-18 17:52:39.000,25,THU,18,17,A,DAY,LATE,FIRE,MVC INTO BUILDING,1,E-911,"FOSTER, KANESHA",Automatic Dispatch,2026-06-18 17:52:39.000,2026-06-18 17:52:54.000,2026-06-18 17:52:39.000,0,NULL,0,2026-06-18 17:52:41.970,2,2,0,2026-06-18 17:52:39.000,0,0,0,2026-06-18 17:53:03.280,2,1,1,2026-06-18 17:53:03.280,22,21,1,2026-06-18 17:59:35.493,392,392,0,2026-06-18 17:53:53.530,2026-06-18 18:13:27.120,0,NULL,2026-06-18 18:13:27.167,1248,1247,1,CAD2CAD
26-049378,2026-06-18 17:54:55.000,25,THU,18,17,A,DAY,LATE,POLICE,LARCENY COMM IN PROG,2,Phone,"WALKER, LATITIA","LEWIS, LESLIE",2026-06-18 17:54:55.000,2026-06-18 18:04:08.000,2026-06-18 17:55:20.000,25,25,0,2026-06-18 22:50:51.400,17731,17731,0,2026-06-18 17:56:23.000,88,88,0,2026-06-18 22:51:07.000,17756,17756,0,2026-06-18 22:51:07.000,16,15,1,2026-06-18 23:05:52.937,885,885,0,2026-06-18 23:29:16.840,2026-06-18 23:29:16.840,0,NULL,2026-06-18 23:29:16.920,20061,20061,0,NR-No Report
26-049379,2026-06-18 17:55:05.000,25,THU,18,17,A,DAY,LATE,POLICE,ANIMAL COMPLAINT- ANIMAL INJRY,3,Phone,"PATTERSON, JAHAIRA","LEWIS, LESLIE",2026-06-18 17:55:03.000,2026-06-18 18:06:09.000,2026-06-18 17:55:47.000,44,42,2,2026-06-18 18:33:27.060,2260,2260,0,2026-06-18 18:03:03.000,480,478,2,2026-06-18 18:33:31.637,2304,2304,0,2026-06-18 18:33:31.637,4,4,0,2026-06-18 18:33:31.637,0,0,0,2026-06-18 18:33:39.253,2026-06-18 18:33:39.253,0,NULL,2026-06-18 18:33:39.317,2316,2316,0,ACOR-Animal Control Report
26-015147,2026-06-18 18:02:09.000,25,THU,18,18,A,DAY,EARLY,EMS,FALL BLS,3,E-911,"MARTINEZ, ESTHER",Automatic Dispatch,2026-06-18 18:02:09.000,2026-06-18 18:04:44.000,2026-06-18 18:02:50.000,41,41,0,2026-06-18 18:02:52.300,2,2,0,2026-06-18 18:05:09.000,180,180,0,2026-06-18 18:03:41.333,43,43,0,2026-06-18 18:03:41.333,49,49,0,2026-06-18 18:11:45.220,484,483,1,2026-06-18 18:32:25.307,2026-06-18 19:35:22.133,0,NULL,2026-06-18 19:35:22.200,5593,5593,0,UNDEFINED
26-049383,2026-06-18 18:07:54.000,25,THU,18,18,A,DAY,EARLY,POLICE,ANIMAL SICK-INJURED,2,Phone,"WALKER, LATITIA","LEWIS, LESLIE",2026-06-18 18:07:54.000,2026-06-18 18:08:27.000,2026-06-18 18:08:08.000,14,14,0,2026-06-18 18:30:23.590,1335,1335,0,2026-06-18 18:08:44.000,50,50,0,2026-06-18 18:30:56.770,1349,1349,0,2026-06-18 18:30:56.770,33,33,0,2026-06-18 18:31:03.613,7,6,1,2026-06-18 18:33:16.397,2026-06-18 18:33:16.397,0,NULL,2026-06-18 18:33:16.477,1522,1522,0,ACOR-Animal Control Report
26-049385,2026-06-18 18:17:47.000,25,THU,18,18,A,DAY,EARLY,POLICE,ASSAULT NO INJURY IN PROG,2,E-911,"WATSON, JOANNE",NULL,2026-06-18 18:17:47.000,2026-06-18 18:19:31.000,2026-06-18 18:19:26.000,99,99,0,2026-06-18 18:25:19.737,353,353,0,2026-06-18 18:24:33.000,406,406,0,2026-06-18 18:25:23.810,452,452,0,2026-06-18 18:25:23.810,4,4,0,2026-06-18 18:31:36.493,373,372,1,2026-06-18 18:32:44.347,2026-06-18 21:08:46.000,0,NULL,NULL,10259,10259,0,RE-Report
26-049386,2026-06-18 18:19:07.000,25,THU,18,18,A,DAY,EARLY,POLICE,MVC PROPERTY DAMAGE,2,E-911,"MARTINEZ, ESTHER",NULL,2026-06-18 18:19:06.000,2026-06-18 18:20:13.000,2026-06-18 18:20:05.000,59,58,1,2026-06-18 18:36:58.567,1013,1013,0,2026-06-18 18:21:58.000,172,171,1,2026-06-18 18:36:58.650,1072,1072,0,2026-06-18 18:36:58.650,0,0,0,2026-06-18 18:37:36.107,38,37,1,2026-06-18 22:54:49.593,2026-06-18 22:54:49.593,0,NULL,2026-06-18 22:54:49.657,16543,16543,0,NR-No Report
26-015148,2026-06-18 18:19:49.000,25,THU,18,18,A,DAY,EARLY,FIRE,ELEVATOR,3,E-911,"LEWIS, LESLIE",Automatic Dispatch,2026-06-18 18:19:49.000,2026-06-18 18:20:38.000,2026-06-18 18:20:22.000,33,33,0,2026-06-18 18:20:23.723,1,1,0,2026-06-18 18:21:12.000,83,83,0,2026-06-18 18:21:21.957,34,34,0,2026-06-18 18:21:21.957,58,58,0,2026-06-18 18:31:00.340,579,578,1,2026-06-18 18:43:11.237,2026-06-18 18:43:11.237,0,NULL,2026-06-18 18:43:11.290,1402,1402,0,UNDEFINED
26-049391,2026-06-18 18:25:54.000,25,THU,18,18,A,DAY,EARLY,POLICE,HAZARD,2,Phone,"PATTERSON, JAHAIRA","MCLEOD, DOUGLAS",2026-06-18 18:25:52.000,2026-06-18 18:31:10.000,2026-06-18 18:29:43.000,231,229,2,2026-06-18 18:40:41.403,658,658,0,2026-06-18 18:31:03.000,311,309,2,2026-06-18 18:40:41.443,889,889,0,2026-06-18 18:40:41.443,0,0,0,2026-06-18 18:58:42.620,1081,1081,0,2026-06-18 19:08:02.320,2026-06-18 19:08:02.320,0,NULL,2026-06-18 19:08:02.370,2530,2530,0,NR-No Report
26-015149,2026-06-18 18:31:08.193,25,THU,18,18,A,DAY,EARLY,FIRE,MUTUAL AID,1,C2C,CAD to CAD Service 1,CAD to CAD Service 1,2026-06-18 18:28:59.000,NULL,2026-06-18 18:31:08.523,129,0,129,2026-06-18 18:31:08.570,0,0,0,NULL,NULL,NULL,NULL,2026-06-18 18:32:13.950,129,298,-169,2026-06-18 18:32:13.950,65,65,0,2026-06-18 18:37:02.870,289,288,1,2026-06-18 18:34:14.100,2026-06-18 19:01:05.327,0,NULL,2026-06-18 19:01:05.383,1926,1926,0,UNDEFINED
26-015150,2026-06-18 18:32:43.000,25,THU,18,18,A,DAY,EARLY,EMS,FALL BLS,3,E-911,"WALKER, LATITIA",Automatic Dispatch,2026-06-18 18:32:42.000,2026-06-18 18:35:18.000,2026-06-18 18:33:19.000,37,36,1,2026-06-18 18:33:21.573,2,2,0,2026-06-18 18:34:38.000,116,115,1,2026-06-18 18:35:00.193,39,39,0,2026-06-18 18:35:00.193,99,98,1,2026-06-18 18:37:52.787,172,172,0,2026-06-18 19:30:27.407,2026-06-18 19:30:27.407,0,NULL,2026-06-18 19:30:27.513,3465,3465,0,UNDEFINED
26-015151,2026-06-18 18:37:03.917,25,THU,18,18,A,DAY,EARLY,EMS,MUTUAL BLS,1,C2C,CAD to CAD Service 1,CAD to CAD Service 1,2026-06-18 18:33:29.000,NULL,2026-06-18 18:37:04.183,215,0,215,2026-06-18 18:37:04.247,0,0,0,NULL,NULL,NULL,NULL,2026-06-18 18:37:19.890,215,-9999,10214,2026-06-18 18:37:19.890,15,15,0,2026-06-18 18:47:53.077,634,633,1,2026-06-18 19:13:24.380,2026-06-18 20:53:05.723,0,NULL,2026-06-18 20:53:05.780,8376,8376,0,UNDEFINED
26-049395,2026-06-18 18:45:38.000,25,THU,18,18,A,DAY,EARLY,POLICE,MENTAL HEALTH CASE,2,Phone,"ANDERSON, MARILYN",NULL,2026-06-18 18:45:36.000,2026-06-19 15:57:01.000,2026-06-18 18:47:02.000,86,84,2,2026-06-18 20:31:55.907,6293,6293,0,2026-06-18 18:47:38.000,122,120,2,2026-06-18 20:32:57.040,6379,6379,0,2026-06-18 20:32:57.040,62,61,1,2026-06-18 21:22:21.007,2964,2963,1,2026-06-18 20:38:02.920,2026-06-19 15:48:16.847,1,2026-06-19 15:56:48.080,2026-06-21 17:53:29.670,75760,83273,-7513,RE-Report
26-049394,2026-06-18 18:46:16.000,25,THU,18,18,A,DAY,EARLY,POLICE,SUICIDE IN PROG NO INJ,1,E-911,"MARTINEZ, ESTHER",NULL,2026-06-18 18:46:16.000,2026-06-18 18:47:01.000,2026-06-18 18:46:54.000,38,38,0,2026-06-18 18:47:53.207,59,59,0,2026-06-18 18:47:46.000,90,90,0,2026-06-18 18:47:53.277,97,97,0,2026-06-18 18:47:53.277,0,0,0,2026-06-18 18:51:35.550,222,222,0,2026-06-18 19:05:34.540,2026-06-18 23:54:27.513,0,NULL,2026-06-18 23:54:27.553,18491,18491,0,NR-No Report
26-015152,2026-06-18 18:47:45.000,25,THU,18,18,A,DAY,EARLY,EMS,BLS EMERGENCY,3,Phone,"LEWIS, LESLIE","MACK, BRIANA",2026-06-18 18:47:43.000,2026-06-18 18:48:58.000,2026-06-18 18:48:36.000,53,51,2,2026-06-18 18:48:38.517,2,2,0,2026-06-18 18:50:20.000,157,155,2,2026-06-18 18:51:53.810,55,55,0,2026-06-18 18:51:53.810,195,66,129,2026-06-18 18:56:58.157,305,304,1,2026-06-18 19:38:53.723,2026-06-18 19:38:53.723,0,NULL,2026-06-18 19:38:53.813,3070,3070,0,UNDEFINED
26-049396,2026-06-18 18:48:08.000,25,THU,18,18,A,DAY,EARLY,POLICE,MVC PROPERTY DAMAGE,2,E-911,"WALKER, LATITIA","MCLEOD, DOUGLAS",2026-06-18 18:48:08.000,2026-06-18 18:59:22.000,2026-06-18 18:49:08.000,60,60,0,2026-06-18 19:06:26.413,1038,1038,0,2026-06-18 18:49:59.000,111,111,0,2026-06-18 19:06:26.453,1098,1098,0,2026-06-18 19:06:26.453,0,0,0,2026-06-18 20:14:13.457,4067,4067,0,NULL,2026-06-18 20:36:47.000,0,NULL,NULL,6519,6519,0,NR-No Report
26-049397,2026-06-18 18:52:08.000,25,THU,18,18,A,DAY,EARLY,POLICE,WARRANT SERVICE,2,Radio,"MCLEOD, DOUGLAS",NULL,2026-06-18 18:52:08.000,2026-06-18 19:56:14.000,2026-06-18 18:52:39.000,31,31,0,2026-06-18 20:27:10.217,5671,5671,0,2026-06-18 18:53:14.000,66,66,0,2026-06-18 20:27:10.217,5702,5702,0,2026-06-18 20:27:10.217,0,-9999,9999,NULL,NULL,-9999,NULL,2026-06-18 21:15:00.940,2026-06-18 21:15:00.940,0,NULL,2026-06-18 21:15:01.017,8572,8572,0,RE-Report
26-049398,2026-06-18 18:52:55.000,25,THU,18,18,A,DAY,EARLY,POLICE,OFF DUTY DETAIL,8,OFFICER,"SUAREZ, ANGGELO J",NULL,2026-06-18 18:52:55.000,2026-06-18 18:53:24.000,2026-06-18 18:52:55.000,0,0,0,2026-06-18 18:52:55.000,0,0,0,2026-06-18 18:52:55.000,0,NULL,0,2026-06-18 18:52:55.000,0,0,0,2026-06-18 18:52:55.000,0,0,0,2026-06-18 18:52:55.000,0,0,0,2026-06-18 20:55:32.757,2026-06-18 20:55:32.757,0,NULL,2026-06-18 20:55:32.817,7357,7357,0,NR-No Report
26-049399,2026-06-18 18:53:56.000,25,THU,18,18,A,DAY,EARLY,POLICE,TRESPASSING IN PROG,2,Phone,"ANDERSON, MARILYN","WATSON, JOANNE",2026-06-18 18:53:54.000,2026-06-18 18:59:57.000,2026-06-18 18:54:23.000,29,27,2,2026-06-19 00:47:27.353,21184,21184,0,2026-06-18 18:57:16.000,202,200,2,2026-06-19 00:47:31.333,21213,21213,0,2026-06-19 00:47:31.333,4,3,1,2026-06-19 01:07:49.513,1218,1218,0,2026-06-19 01:10:55.267,2026-06-19 01:11:10.760,0,NULL,2026-06-19 01:11:10.800,22636,22636,0,NR-No Report
26-015153,2026-06-18 19:07:22.000,25,THU,18,19,C,NIGHT,EARLY,EMS,PUBLIC SERVICE EMS,4,E-911,"WALKER, LATITIA",Automatic Dispatch,2026-06-18 19:07:22.000,2026-06-18 19:11:49.000,2026-06-18 19:10:12.000,170,170,0,2026-06-18 19:10:14.053,2,2,0,2026-06-18 19:10:35.000,193,193,0,2026-06-18 19:11:31.087,172,172,0,2026-06-18 19:11:31.087,77,77,0,2026-06-18 19:13:41.223,130,130,0,2026-06-18 19:32:38.253,2026-06-18 19:32:38.253,0,NULL,2026-06-18 19:32:38.310,1516,1516,0,UNDEFINED
26-049401,2026-06-18 19:13:46.000,25,THU,18,19,C,NIGHT,EARLY,POLICE,ASSAULT NO INJURY IN PROG,2,E-911,"MARTINEZ, ESTHER",NULL,2026-06-18 19:13:46.000,2026-06-18 19:15:07.000,2026-06-18 19:14:52.000,66,66,0,2026-06-18 19:16:27.583,95,95,0,2026-06-18 19:16:06.000,140,140,0,2026-06-18 19:16:27.663,161,161,0,2026-06-18 19:16:27.663,0,0,0,2026-06-18 19:20:37.440,250,249,1,2026-06-18 22:53:36.243,2026-06-18 22:53:36.243,0,NULL,2026-06-18 22:53:36.283,13190,13190,0,RE-Report
26-049402,2026-06-18 19:20:26.000,25,THU,18,19,C,NIGHT,EARLY,POLICE,ANIMAL COMPLAINT,4,Phone,"ANDERSON, MARILYN","WATSON, JOANNE",2026-06-18 19:20:25.000,2026-06-18 19:45:44.000,2026-06-18 19:20:50.000,25,24,1,2026-06-18 20:14:24.920,3214,3214,0,2026-06-18 19:22:04.000,99,98,1,NULL,3239,3239,0,NULL,NULL,-9999,NULL,NULL,NULL,-9999,NULL,NULL,2026-06-18 20:14:39.000,0,NULL,NULL,3254,3254,0,ACOR-Animal Control Report
26-015154,2026-06-18 19:21:16.000,25,THU,18,19,C,NIGHT,EARLY,EMS,TROUBLE BREATHING ALS 1,1,E-911,"LEWIS, LESLIE",Automatic Dispatch,2026-06-18 19:21:16.000,2026-06-18 19:22:36.000,2026-06-18 19:22:05.000,49,49,0,2026-06-18 19:22:07.690,2,2,0,2026-06-18 19:23:04.000,108,108,0,2026-06-18 19:22:22.640,51,51,0,2026-06-18 19:22:22.640,15,14,1,2026-06-18 19:25:56.800,214,214,0,2026-06-18 19:43:38.973,2026-06-18 20:35:56.973,0,NULL,2026-06-18 20:35:57.103,4480,4480,0,UNDEFINED
26-015155,2026-06-18 19:28:17.000,25,THU,18,19,C,NIGHT,EARLY,FIRE,FIRE ALARM,3,Phone,"WALKER, LATITIA",Automatic Dispatch,2026-06-18 19:28:15.000,2026-06-18 19:30:17.000,2026-06-18 19:28:35.000,20,18,2,2026-06-18 19:28:37.493,2,2,0,2026-06-18 19:29:21.000,66,64,2,2026-06-18 19:30:11.117,22,22,0,2026-06-18 19:30:11.117,94,93,1,2026-06-18 19:32:25.513,134,134,0,2026-06-18 19:44:51.120,2026-06-18 19:44:51.120,0,NULL,2026-06-18 19:44:51.247,996,996,0,UNDEFINED
26-049405,2026-06-18 19:29:29.000,25,THU,18,19,C,NIGHT,EARLY,POLICE,GLA DELAY,4,Phone,"MARTINEZ, ESTHER","WATSON, JOANNE",2026-06-18 19:29:27.000,2026-06-18 22:51:08.000,2026-06-18 19:29:53.000,26,24,2,2026-06-19 01:48:57.360,22744,22744,0,2026-06-18 19:32:25.000,178,176,2,2026-06-19 01:49:12.140,22770,22770,0,2026-06-19 01:49:12.140,15,14,1,2026-06-19 02:07:45.353,1113,1113,0,2026-06-19 02:15:01.710,2026-06-19 02:15:01.710,0,NULL,2026-06-19 02:15:01.740,24334,24334,0,NR-No Report
26-015156,2026-06-18 19:33:20.147,25,THU,18,19,C,NIGHT,EARLY,FIRE,MUTUAL ASSAULT WEAPON,1,C2C,CAD to CAD Service 1,CAD to CAD Service 1,2026-06-18 19:32:43.000,NULL,2026-06-18 19:33:20.553,37,0,37,2026-06-18 19:33:20.630,0,0,0,NULL,NULL,NULL,NULL,2026-06-18 19:33:56.447,37,54,-17,2026-06-18 19:33:56.447,36,19,17,2026-06-18 19:40:00.813,364,364,0,2026-06-18 19:42:43.103,2026-06-18 19:48:49.023,0,NULL,2026-06-18 19:48:49.057,966,966,0,CAD2CAD
26-049407,2026-06-18 19:34:18.000,25,THU,18,19,C,NIGHT,EARLY,POLICE,ASSAULT NO INJURY IN PROG,2,E-911,"ANDERSON, MARILYN",NULL,2026-06-18 19:34:18.000,2026-06-18 19:48:03.000,2026-06-18 19:38:14.000,236,236,0,2026-06-18 19:48:17.910,603,603,0,2026-06-18 19:40:15.000,357,357,0,2026-06-18 19:48:22.650,839,839,0,2026-06-18 19:48:22.650,5,4,1,2026-06-18 19:59:23.577,661,660,1,2026-06-18 19:49:19.650,2026-06-18 23:39:09.083,0,NULL,2026-06-18 23:39:09.193,14691,14691,0,RE-Report
26-049408,2026-06-18 19:40:28.000,25,THU,18,19,C,NIGHT,EARLY,POLICE,ANIMAL SICK-INJURED,2,E-911,"LEWIS, LESLIE","WATSON, JOANNE",2026-06-18 19:40:26.000,2026-06-18 19:42:40.000,2026-06-18 19:41:42.000,76,74,2,2026-06-18 20:13:40.710,1918,1918,0,2026-06-18 19:43:05.000,159,157,2,NULL,1994,1994,0,NULL,NULL,-9999,NULL,NULL,NULL,-9999,NULL,NULL,2026-06-18 20:13:55.000,0,NULL,NULL,2009,2009,0,ACOR-Animal Control Report
26-015157,2026-06-18 19:46:58.000,25,THU,18,19,C,NIGHT,EARLY,FIRE,ELEVATOR,3,E-911,"MARTINEZ, ESTHER",Automatic Dispatch,2026-06-18 19:46:58.000,2026-06-18 19:49:31.000,2026-06-18 19:47:41.000,43,43,0,2026-06-18 19:47:42.610,1,1,0,2026-06-18 19:48:51.000,113,113,0,2026-06-18 19:53:58.417,44,44,0,2026-06-18 19:53:58.417,376,375,1,2026-06-18 19:58:37.287,279,278,1,2026-06-18 20:07:55.953,2026-06-18 20:07:55.953,0,NULL,2026-06-18 20:07:56.007,1257,1257,0,UNDEFINED
26-049411,2026-06-18 19:49:04.000,25,THU,18,19,C,NIGHT,EARLY,POLICE,SUICIDE IN PROG NO INJ,1,Phone,"LEWIS, LESLIE","MCLEOD, DOUGLAS",2026-06-18 19:49:02.000,2026-06-18 19:52:40.000,2026-06-18 19:52:37.000,215,213,2,2026-06-18 19:52:53.117,16,16,0,2026-06-18 19:55:50.000,408,406,2,2026-06-18 19:52:56.917,231,231,0,2026-06-18 19:52:56.917,3,3,0,2026-06-18 19:59:37.170,401,400,1,2026-06-18 20:30:04.557,2026-06-18 20:30:11.930,0,NULL,2026-06-18 20:30:12.013,2469,2469,0,NR-No Report
26-049412,2026-06-18 19:50:39.000,25,THU,18,19,C,NIGHT,EARLY,POLICE,PUBLIC SERVICE MULTI OFFICER,4,Phone,"WALKER, LATITIA","WATSON, JOANNE",2026-06-18 19:50:37.000,2026-06-19 06:14:44.000,2026-06-18 19:53:09.000,152,150,2,2026-06-19 01:51:04.803,21475,21475,0,2026-06-18 19:53:11.000,154,152,2,2026-06-19 01:51:16.967,21627,21627,0,2026-06-19 01:51:16.967,12,12,0,2026-06-19 02:00:53.150,577,576,1,2026-06-19 08:15:45.370,2026-06-19 02:09:02.000,1,2026-06-19 05:38:26.723,2026-06-19 08:15:45.410,22705,44708,-22003,NR-No Report
26-049413,2026-06-18 19:54:25.000,25,THU,18,19,C,NIGHT,EARLY,POLICE,MVC HIT/RUN NO INJURY,2,Phone,"ANDERSON, MARILYN","WATSON, JOANNE",2026-06-18 19:54:24.000,2026-06-18 20:04:05.000,2026-06-18 19:54:40.000,16,15,1,2026-06-19 00:46:58.120,17538,17538,0,2026-06-18 19:56:28.000,124,123,1,2026-06-19 00:47:04.183,17554,17554,0,2026-06-19 00:47:04.183,6,6,0,2026-06-19 01:10:17.657,1393,1393,0,2026-06-19 02:00:08.637,2026-06-19 02:00:08.637,0,NULL,2026-06-19 02:00:08.760,21944,21944,0,NR-No Report
26-049414,2026-06-18 19:54:59.000,25,THU,18,19,C,NIGHT,EARLY,POLICE,DISORDERLY CONDUCT,2,Phone,"MARTINEZ, ESTHER","LEWIS, LESLIE",2026-06-18 19:54:58.000,2026-06-18 20:04:52.000,2026-06-18 19:55:38.000,40,39,1,2026-06-18 22:08:06.210,7948,7948,0,2026-06-18 19:57:38.000,160,159,1,2026-06-18 22:08:07.953,7988,7988,0,2026-06-18 22:08:07.953,1,1,0,NULL,NULL,-9999,NULL,2026-06-18 22:13:59.967,2026-06-18 22:14:03.433,0,NULL,2026-06-18 22:14:03.483,8345,8345,0,NR-No Report
26-049415,2026-06-18 19:55:53.000,25,THU,18,19,C,NIGHT,EARLY,POLICE,MISSING PERSON CRITICAL,1,Phone,"WALKER, LATITIA","MCLEOD, DOUGLAS",2026-06-18 19:55:51.000,2026-06-18 20:05:35.000,2026-06-18 19:57:19.000,88,86,2,2026-06-18 21:19:40.080,4941,4941,0,2026-06-18 19:58:23.000,152,150,2,2026-06-18 21:19:40.127,5029,5029,0,2026-06-18 21:19:40.127,0,0,0,2026-06-18 22:01:51.763,2531,2531,0,2026-06-19 02:52:44.473,2026-06-19 02:52:44.473,0,NULL,2026-06-19 02:52:44.543,25013,25013,0,RE-Report
26-049416,2026-06-18 19:59:20.000,25,THU,18,19,C,NIGHT,EARLY,POLICE,PARKING COMPLAINT,4,Phone,"ANDERSON, MARILYN",NULL,2026-06-18 19:59:18.000,2026-06-18 20:00:26.000,2026-06-18 19:59:46.000,28,26,2,2026-06-18 20:01:07.523,81,81,0,2026-06-18 20:00:06.000,48,46,2,2026-06-18 20:01:07.523,109,109,0,2026-06-18 20:01:07.523,0,0,0,NULL,NULL,-9999,NULL,2026-06-18 20:10:26.017,2026-06-18 20:10:26.017,0,NULL,2026-06-18 20:10:26.563,668,668,0,NR-No Report
26-049418,2026-06-18 20:02:27.000,25,THU,18,20,C,NIGHT,EARLY,POLICE,DOMESTIC VIOL NO INJ,2,Phone,"MARTINEZ, ESTHER",NULL,2026-06-18 20:02:26.000,2026-06-18 20:06:25.000,2026-06-18 20:05:42.000,196,195,1,2026-06-18 20:37:03.073,1881,1881,0,2026-06-18 20:07:27.000,301,300,1,2026-06-18 20:37:03.130,2077,2077,0,2026-06-18 20:37:03.130,0,0,0,2026-06-18 20:41:48.673,285,285,0,2026-06-18 21:19:12.273,2026-06-18 21:19:12.273,0,NULL,2026-06-18 21:19:12.370,4606,4606,0,NR-No Report
26-015159,2026-06-18 20:02:46.000,25,THU,18,20,C,NIGHT,EARLY,EMS,CHILD BIRTH ALS 2,1,E-911,"LEWIS, LESLIE",Automatic Dispatch,2026-06-18 20:02:46.000,2026-06-18 20:04:52.000,2026-06-18 20:04:20.000,94,94,0,2026-06-18 20:04:22.037,2,2,0,2026-06-18 20:06:18.000,212,212,0,2026-06-18 20:05:10.820,96,96,0,2026-06-18 20:05:10.820,48,48,0,2026-06-18 20:06:49.573,99,98,1,2026-06-18 20:37:29.957,2026-06-18 21:12:59.053,0,NULL,2026-06-18 21:12:59.210,4213,4213,0,UNDEFINED
26-015158,2026-06-18 20:03:31.000,25,THU,18,20,C,NIGHT,EARLY,EMS,TROUBLE BREATHING ALS 1,1,E-911,"ANDERSON, MARILYN","MACK, BRIANA",2026-06-18 20:03:31.000,2026-06-18 20:04:54.000,2026-06-18 20:04:08.000,37,37,0,2026-06-18 20:04:10.933,2,2,0,2026-06-18 20:06:23.000,172,172,0,2026-06-18 20:06:11.930,39,39,0,2026-06-18 20:06:11.930,121,36,85,2026-06-18 20:09:23.713,192,191,1,2026-06-18 20:19:07.907,2026-06-18 21:20:28.593,0,NULL,2026-06-18 21:20:28.653,4617,4617,0,UNDEFINED
26-049420,2026-06-18 20:08:55.000,25,THU,18,20,C,NIGHT,EARLY,POLICE,DISORDERLY CONDUCT,4,Phone,"LEWIS, LESLIE","GRAVES, CHRISTINA",2026-06-18 20:08:55.000,2026-06-19 02:08:11.000,2026-06-18 20:22:01.000,786,786,0,2026-06-19 02:08:40.287,20799,20799,0,2026-06-18 20:22:04.000,789,789,0,2026-06-19 02:08:40.347,21585,21585,0,2026-06-19 02:08:40.347,0,0,0,2026-06-19 02:12:34.900,234,234,0,2026-06-19 02:13:52.237,2026-06-19 02:13:52.237,0,NULL,2026-06-19 02:13:52.353,21897,21897,0,NR-No Report
26-015160,2026-06-18 20:09:24.000,25,THU,18,20,C,NIGHT,EARLY,EMS,BLS EMERGENCY,3,E-911,"MARTINEZ, ESTHER",Automatic Dispatch,2026-06-18 20:09:24.000,2026-06-18 20:11:12.000,2026-06-18 20:10:20.000,56,56,0,2026-06-18 20:10:22.647,2,2,0,2026-06-18 20:14:16.000,292,292,0,2026-06-18 20:11:45.620,58,58,0,2026-06-18 20:11:45.620,83,82,1,2026-06-18 20:17:16.207,331,330,1,2026-06-18 21:37:34.793,2026-06-18 21:37:34.793,0,NULL,2026-06-18 21:37:34.823,5290,5290,0,CAD2CAD
26-049419,2026-06-18 20:15:07.000,25,THU,18,20,C,NIGHT,EARLY,POLICE,LARCENY COMM IN PROG,2,E-911,"ANDERSON, MARILYN",NULL,2026-06-18 20:15:07.000,2026-06-18 20:16:05.000,2026-06-18 20:15:31.000,24,24,0,2026-06-18 21:56:22.423,6051,6051,0,2026-06-18 20:16:42.000,95,95,0,2026-06-18 21:56:30.960,6075,6075,0,2026-06-18 21:56:30.960,8,8,0,2026-06-18 22:02:36.937,366,365,1,2026-06-19 07:19:57.920,2026-06-19 07:19:57.920,0,NULL,2026-06-19 07:19:57.973,39890,39890,0,RE-Report
26-015161,2026-06-18 20:16:26.000,25,THU,18,20,C,NIGHT,EARLY,EMS,TROUBLE BREATHING ALS 1,1,E-911,"LEWIS, LESLIE",Automatic Dispatch,2026-06-18 20:16:26.000,2026-06-18 20:18:03.000,2026-06-18 20:17:42.000,76,76,0,2026-06-18 20:17:44.480,2,2,0,2026-06-18 20:19:35.000,189,189,0,2026-06-18 20:18:37.543,78,78,0,2026-06-18 20:18:37.543,53,53,0,2026-06-18 20:23:56.810,319,319,0,2026-06-18 20:19:37.000,2026-06-18 22:05:27.757,0,NULL,2026-06-18 22:05:27.850,6541,6541,0,UNDEFINED
26-049421,2026-06-18 20:27:41.000,25,THU,18,20,C,NIGHT,EARLY,POLICE,ANIMAL BITE ANIMAL IN PROG,2,E-911,"LEWIS, LESLIE",NULL,2026-06-18 20:27:41.000,2026-06-18 20:33:41.000,2026-06-18 20:33:32.000,351,351,0,2026-06-18 20:44:03.877,631,631,0,2026-06-18 20:33:39.000,358,358,0,2026-06-18 20:44:03.957,982,982,0,2026-06-18 20:44:03.957,0,0,0,2026-06-18 20:48:57.497,294,293,1,2026-06-18 22:34:08.023,2026-06-18 22:34:08.023,0,NULL,2026-06-18 22:34:08.107,7587,7587,0,NR-No Report
26-049423,2026-06-18 20:39:01.000,25,THU,18,20,C,NIGHT,EARLY,POLICE,TRAFFIC STOP,2,OFFICER,"ALVAREZ, PATRICIO A",NULL,2026-06-18 20:39:01.000,2026-06-18 20:39:12.000,2026-06-18 20:39:01.000,0,0,0,2026-06-18 20:39:01.000,0,0,0,2026-06-18 20:39:01.000,0,NULL,0,2026-06-18 20:39:01.000,0,0,0,2026-06-18 20:39:01.000,0,0,0,2026-06-18 20:39:01.000,0,0,0,2026-06-18 20:42:57.880,2026-06-18 20:42:57.880,0,NULL,2026-06-18 20:42:57.937,236,236,0,NR-No Report
26-049424,2026-06-18 20:44:52.000,25,THU,18,20,C,NIGHT,EARLY,POLICE,TROUBLE UNKNOWN NO EMS,2,Phone,"MARTINEZ, ESTHER","MCLEOD, DOUGLAS",2026-06-18 20:44:52.000,2026-06-18 21:01:08.000,2026-06-18 20:45:28.000,36,36,0,2026-06-18 21:02:11.487,1003,66,937,2026-06-18 20:46:18.000,86,86,0,2026-06-18 21:02:11.543,1039,1039,0,2026-06-18 21:02:11.543,0,0,0,2026-06-18 21:04:11.240,120,119,1,2026-06-18 21:10:19.850,2026-06-18 20:55:52.000,1,2026-06-18 21:01:04.810,2026-06-18 21:10:19.910,660,1527,-867,NR-No Report
26-049425,2026-06-18 20:45:46.000,25,THU,18,20,C,NIGHT,EARLY,POLICE,ALARM RESIDENTIAL,2,Phone,"WATSON, JOANNE","MCLEOD, DOUGLAS",2026-06-18 20:45:43.000,2026-06-18 20:51:01.330,2026-06-18 20:47:50.000,127,124,3,2026-06-18 20:51:01.290,191,191,0,2026-06-18 20:47:51.000,128,125,3,2026-06-18 20:51:08.730,318,318,0,2026-06-18 20:51:08.730,7,7,0,NULL,NULL,-9999,NULL,NULL,2026-06-18 20:52:07.000,0,NULL,NULL,384,384,0,FALSE-False Alarm
26-049426,2026-06-18 20:49:00.000,25,THU,18,20,C,NIGHT,EARLY,POLICE,FIGHT NO WEAPONS,2,E-911,"WATSON, JOANNE","MCLEOD, DOUGLAS",2026-06-18 20:49:00.000,2026-06-18 20:51:33.000,2026-06-18 20:49:35.000,35,35,0,2026-06-18 20:52:24.020,169,169,0,2026-06-18 20:50:55.000,115,115,0,2026-06-18 20:52:31.957,204,204,0,2026-06-18 20:52:31.957,7,7,0,2026-06-18 20:57:50.717,319,318,1,2026-06-18 21:00:43.543,2026-06-18 21:18:45.023,0,NULL,2026-06-18 21:18:45.103,1785,1785,0,NR-No Report
26-015162,2026-06-18 20:55:08.000,25,THU,18,20,C,NIGHT,EARLY,EMS,BLS EMERGENCY,3,E-911,"MARTINEZ, ESTHER","MACK, BRIANA",2026-06-18 20:55:08.000,2026-06-18 21:20:23.963,2026-06-18 20:55:58.000,50,50,0,2026-06-18 20:56:00.493,2,2,0,2026-06-18 20:58:17.000,189,189,0,2026-06-18 20:56:53.227,52,52,0,2026-06-18 20:56:53.227,53,52,1,2026-06-18 21:20:31.857,1418,1418,0,2026-06-18 21:13:27.910,2026-06-18 21:13:27.910,1,2026-06-18 21:20:23.720,2026-06-18 21:13:28.020,1099,3492,-2393,UNDEFINED
26-049430,2026-06-18 21:07:25.000,25,THU,18,21,C,NIGHT,EARLY,POLICE,PARKING COMPLAINT,4,Phone,"MARTINEZ, ESTHER",NULL,2026-06-18 21:07:24.000,NULL,2026-06-18 21:08:15.000,51,50,1,2026-06-18 21:25:34.050,1039,1039,0,2026-06-18 21:08:35.000,71,70,1,2026-06-18 21:25:34.050,1090,1090,0,2026-06-18 21:25:34.050,0,-9999,9999,NULL,NULL,-9999,NULL,2026-06-18 21:43:22.420,2026-06-18 21:43:22.420,0,NULL,2026-06-18 21:43:22.750,2158,2158,0,CI-Citation
26-049432,2026-06-18 21:14:14.000,25,THU,18,21,C,NIGHT,EARLY,POLICE,PUBLIC SERVICE MULTI OFFICER,4,Phone,"LEWIS, LESLIE","LEWIS, LESLIE",2026-06-18 21:14:11.000,2026-06-18 22:58:27.000,2026-06-18 21:16:40.000,149,146,3,2026-06-18 22:59:16.280,6156,6156,0,2026-06-18 21:16:41.000,150,147,3,2026-06-18 22:59:18.377,6305,6305,0,2026-06-18 22:59:18.377,2,2,0,2026-06-18 23:12:30.883,792,792,0,2026-06-18 23:37:03.090,2026-06-18 23:37:35.840,0,NULL,2026-06-18 23:37:35.863,8604,8604,0,NR-No Report
26-015163,2026-06-18 21:16:44.000,25,THU,18,21,C,NIGHT,EARLY,EMS,OVERDOSE ALS,2,E-911,"LEWIS, LESLIE",Automatic Dispatch,2026-06-18 21:16:44.000,2026-06-18 21:18:21.000,2026-06-18 21:17:45.000,61,61,0,2026-06-18 21:17:47.850,2,2,0,2026-06-18 21:19:16.000,152,152,0,2026-06-18 21:18:29.290,63,63,0,2026-06-18 21:18:29.290,42,41,1,2026-06-18 21:21:44.507,195,195,0,2026-06-18 22:22:15.787,2026-06-18 23:44:27.887,0,NULL,2026-06-18 23:44:27.967,8863,8863,0,UNDEFINED
26-049433,2026-06-18 21:19:04.000,25,THU,18,21,C,NIGHT,EARLY,POLICE,MVC PROPERTY DAMAGE,2,E-911,"ANDERSON, MARILYN","MCLEOD, DOUGLAS",2026-06-18 21:19:04.000,2026-06-18 21:27:01.000,2026-06-18 21:19:55.000,51,51,0,2026-06-18 21:27:11.587,436,436,0,2026-06-18 21:20:28.000,84,84,0,2026-06-18 21:27:17.467,487,487,0,2026-06-18 21:27:17.467,6,5,1,2026-06-18 21:34:30.517,433,433,0,2026-06-18 22:39:08.470,2026-06-18 22:39:08.470,0,NULL,2026-06-18 22:39:08.603,4804,4804,0,NR-No Report
26-049434,2026-06-18 21:24:02.000,25,THU,18,21,C,NIGHT,EARLY,POLICE,ASSIST FIRE - PROMPT,3,NOT CAPTURED,"MACK, BRIANA","MCLEOD, DOUGLAS",2026-06-18 21:24:02.000,2026-06-18 21:24:08.000,2026-06-18 21:24:02.000,0,NULL,0,2026-06-18 21:24:31.833,29,29,0,2026-06-18 21:24:02.000,0,0,0,2026-06-18 21:24:37.950,29,29,0,2026-06-18 21:24:37.950,6,6,0,2026-06-18 21:25:58.650,81,80,1,2026-06-18 21:25:34.980,2026-06-18 22:34:04.340,0,NULL,2026-06-18 22:34:04.420,4202,4202,0,NR-No Report
26-049435,2026-06-18 21:26:40.000,25,THU,18,21,C,NIGHT,EARLY,POLICE,DISORDERLY CONDUCT,2,Phone,"WATSON, JOANNE","MCLEOD, DOUGLAS",2026-06-18 21:26:39.000,2026-06-18 21:36:22.000,2026-06-18 21:28:24.000,105,104,1,2026-06-18 21:40:49.480,745,745,0,2026-06-18 21:28:25.000,106,105,1,2026-06-18 21:40:49.523,850,850,0,2026-06-18 21:40:49.523,0,0,0,2026-06-18 21:48:00.130,431,430,1,2026-06-18 21:51:20.893,2026-06-18 21:53:18.163,0,NULL,2026-06-18 21:53:18.330,1599,1599,0,NR-No Report
26-049436,2026-06-18 21:34:58.000,25,THU,18,21,C,NIGHT,EARLY,POLICE,DOMESTIC VIOL NO INJ,2,E-911,"LEWIS, LESLIE",NULL,2026-06-18 21:34:57.000,2026-06-18 21:36:32.000,2026-06-18 21:35:44.000,47,46,1,2026-06-18 21:38:43.393,179,179,0,2026-06-18 21:37:28.000,151,150,1,2026-06-18 21:38:43.393,226,226,0,2026-06-18 21:38:43.393,0,-9999,9999,2026-06-18 21:50:09.237,686,685,1,2026-06-18 22:02:41.997,2026-06-19 02:07:54.203,0,NULL,2026-06-19 02:07:54.227,16377,16377,0,NR-No Report
26-049439,2026-06-18 21:43:29.000,25,THU,18,21,C,NIGHT,EARLY,POLICE,PARKING COMPLAINT,4,Phone,"ANDERSON, MARILYN","LEWIS, LESLIE",2026-06-18 21:43:27.000,2026-06-18 23:10:24.000,2026-06-18 21:43:52.000,25,23,2,2026-06-18 23:59:15.120,8123,8123,0,2026-06-18 21:44:51.000,84,82,2,2026-06-18 23:59:16.970,8148,8148,0,2026-06-18 23:59:16.970,1,1,0,2026-06-19 02:30:59.513,9103,9102,1,2026-06-19 02:37:06.910,2026-06-19 02:37:06.910,0,NULL,2026-06-19 02:37:06.943,17619,17619,0,NR-No Report
26-049440,2026-06-18 21:45:56.000,25,THU,18,21,C,NIGHT,EARLY,POLICE,WARRANT SERVICE,2,Phone,"LEWIS, LESLIE",NULL,2026-06-18 21:45:55.000,2026-06-18 21:47:13.000,2026-06-18 21:47:07.000,72,71,1,2026-06-18 21:49:54.303,167,167,0,2026-06-18 21:47:08.000,73,72,1,2026-06-18 21:49:54.343,239,239,0,2026-06-18 21:49:54.343,0,0,0,2026-06-18 21:51:29.900,95,95,0,2026-06-18 21:51:20.267,2026-06-19 04:46:44.530,0,NULL,2026-06-19 04:46:44.583,25249,25249,0,NR-No Report
26-049441,2026-06-18 21:50:20.000,25,THU,18,21,C,NIGHT,EARLY,POLICE,DIP - DRUNK/INTOX PERSON,2,E-911,"LEWIS, LESLIE","MCLEOD, DOUGLAS",2026-06-18 21:50:20.000,2026-06-18 21:54:15.000,2026-06-18 21:52:29.000,129,129,0,2026-06-18 21:54:21.593,112,112,0,2026-06-18 21:55:10.000,290,290,0,2026-06-18 21:54:23.827,241,241,0,2026-06-18 21:54:23.827,2,2,0,2026-06-18 21:56:38.263,135,134,1,2026-06-18 23:57:35.133,2026-06-19 04:20:49.000,0,NULL,NULL,23429,23429,0,RE-Report
26-015164,2026-06-18 21:52:30.000,25,THU,18,21,C,NIGHT,EARLY,EMS,UNKNOWN MEDICAL ALS 1,1,NOT CAPTURED,"LEWIS, LESLIE",Automatic Dispatch,2026-06-18 21:52:30.000,2026-06-18 21:54:07.000,2026-06-18 21:52:30.000,0,NULL,0,2026-06-18 21:52:32.450,2,2,0,2026-06-18 21:52:30.000,0,0,0,2026-06-18 21:53:04.687,2,2,0,2026-06-18 21:53:04.687,32,32,0,2026-06-18 21:57:17.240,253,252,1,2026-06-18 22:09:29.210,2026-06-18 22:10:32.683,0,NULL,2026-06-18 22:10:32.923,1082,1082,0,UNDEFINED
26-049442,2026-06-18 21:53:46.000,25,THU,18,21,C,NIGHT,EARLY,POLICE,ALARM COMMERCIAL,2,Phone,"MARTINEZ, ESTHER","MCLEOD, DOUGLAS",2026-06-18 21:53:44.000,2026-06-18 21:55:12.877,2026-06-18 21:54:19.000,35,33,2,2026-06-18 21:55:12.837,53,53,0,2026-06-18 21:55:10.000,86,84,2,2026-06-18 21:55:39.743,88,88,0,2026-06-18 21:55:39.743,27,26,1,2026-06-18 22:08:54.153,795,794,1,2026-06-18 22:19:25.990,2026-06-18 22:19:25.990,0,NULL,2026-06-18 22:19:26.020,1541,1541,0,FALSE-False Alarm
26-049443,2026-06-18 21:59:17.000,25,THU,18,21,C,NIGHT,EARLY,POLICE,NOISE COMPLAINT DELAY,4,Phone,"MARTINEZ, ESTHER","LEWIS, LESLIE",2026-06-18 21:59:16.000,2026-06-18 22:05:20.000,2026-06-18 22:00:19.000,63,62,1,2026-06-18 22:05:27.563,308,308,0,2026-06-18 22:00:51.000,95,94,1,2026-06-18 22:05:36.410,371,371,0,2026-06-18 22:05:36.410,9,2,7,2026-06-18 22:07:56.107,140,139,1,2026-06-18 22:10:52.307,2026-06-18 22:11:40.933,0,NULL,2026-06-18 22:11:41.123,744,744,0,NR-No Report
26-015165,2026-06-18 22:04:01.680,25,THU,18,22,C,NIGHT,MIDS,EMS,TROUBLE BREATHING ALS 1,1,NOT CAPTURED,"LEWIS, LESLIE",Automatic Dispatch,2026-06-18 22:04:01.680,2026-06-18 22:05:44.000,2026-06-18 22:04:01.680,0,0,0,2026-06-18 22:04:04.040,3,2,1,2026-06-18 22:04:01.680,0,NULL,0,2026-06-18 22:05:14.853,3,2,1,2026-06-18 22:05:14.853,70,70,0,2026-06-18 22:09:34.947,260,260,0,2026-06-18 22:19:02.543,2026-06-18 22:59:32.083,0,NULL,2026-06-18 22:59:32.117,3331,3330,1,CAD2CAD
26-049445,2026-06-18 22:07:25.000,25,THU,18,22,C,NIGHT,MIDS,POLICE,DOMESTIC VIOL NO INJ,2,E-911,"WATSON, JOANNE","LEWIS, LESLIE",2026-06-18 22:07:25.000,2026-06-18 22:12:31.000,2026-06-18 22:09:47.000,142,142,0,2026-06-18 22:22:22.183,755,755,0,2026-06-18 22:10:00.000,155,155,0,2026-06-18 22:22:26.917,897,897,0,2026-06-18 22:22:26.917,4,4,0,2026-06-18 22:31:43.937,557,557,0,2026-06-18 22:23:08.457,2026-06-18 23:17:08.440,0,NULL,2026-06-18 23:17:08.473,4183,4183,0,NR-No Report
26-049446,2026-06-18 22:10:57.000,25,THU,18,22,C,NIGHT,MIDS,POLICE,TRAFFIC STOP,2,OFFICER,"SUN, JEFF Y",NULL,2026-06-18 22:10:57.000,2026-06-18 22:11:05.000,2026-06-18 22:10:57.000,0,1,-1,2026-06-18 22:10:57.000,0,0,0,2026-06-18 22:10:57.000,0,NULL,0,2026-06-18 22:10:57.000,0,0,0,2026-06-18 22:10:57.000,0,0,0,2026-06-18 22:10:57.000,0,0,0,2026-06-18 22:19:48.403,2026-06-18 22:21:10.167,0,NULL,2026-06-18 22:21:10.257,613,613,0,NR-No Report
26-015166,2026-06-18 22:13:02.000,25,THU,18,22,C,NIGHT,MIDS,EMS,STROKE ALS 2,1,E-911,"MARTINEZ, ESTHER",Automatic Dispatch,2026-06-18 22:13:02.000,2026-06-18 22:14:57.000,2026-06-18 22:13:35.000,33,33,0,2026-06-18 22:13:37.753,2,2,0,2026-06-18 22:16:56.000,234,234,0,2026-06-18 22:13:56.713,35,35,0,2026-06-18 22:13:56.713,19,18,1,2026-06-18 22:17:00.860,184,184,0,2026-06-18 22:15:44.703,2026-06-18 23:13:24.960,0,NULL,2026-06-18 23:13:25.233,3622,3622,0,UNDEFINED
26-049449,2026-06-18 22:22:24.000,25,THU,18,22,C,NIGHT,MIDS,POLICE,TROUBLE UNKNOWN NO EMS,2,E-911,"MARTINEZ, ESTHER","LEWIS, LESLIE",2026-06-18 22:22:24.000,2026-06-18 22:24:03.000,2026-06-18 22:23:44.000,80,80,0,2026-06-18 22:24:14.903,30,30,0,2026-06-18 22:24:05.000,101,101,0,2026-06-18 22:24:18.780,110,110,0,2026-06-18 22:24:18.780,4,3,1,2026-06-18 22:36:36.227,738,737,1,2026-06-18 22:24:23.867,2026-06-18 22:37:57.417,0,NULL,2026-06-18 22:37:57.510,933,933,0,NR-No Report
26-049448,2026-06-18 22:23:38.000,25,THU,18,22,C,NIGHT,MIDS,POLICE,SUBJECT STOP,2,OFFICER,"LEWIS, LESLIE","LEWIS, LESLIE",2026-06-18 22:23:38.000,2026-06-18 22:25:27.000,2026-06-18 22:23:38.000,0,0,0,2026-06-18 22:23:38.000,0,0,0,2026-06-18 22:23:38.000,0,0,0,2026-06-18 22:23:58.243,0,0,0,2026-06-18 22:23:38.000,0,0,0,2026-06-18 22:23:38.000,0,0,0,2026-06-18 22:36:23.960,2026-06-18 22:36:47.887,0,NULL,2026-06-18 22:36:47.943,789,789,0,NR-No Report
26-049450,2026-06-18 22:24:43.000,25,THU,18,22,C,NIGHT,MIDS,POLICE,TRAFFIC STOP,2,OFFICER,"LEWIS, LESLIE","LEWIS, LESLIE",2026-06-18 22:24:43.000,2026-06-18 22:25:09.150,2026-06-18 22:24:43.000,0,0,0,2026-06-18 22:24:43.000,0,0,0,2026-06-18 22:24:43.000,0,0,0,2026-06-18 22:25:14.270,0,0,0,2026-06-18 22:24:43.000,0,0,0,2026-06-18 22:24:43.000,0,0,0,2026-06-18 22:37:53.273,2026-06-18 22:45:18.877,0,NULL,2026-06-18 22:45:18.930,1235,1235,0,CI-Citation
26-049453,2026-06-18 22:30:26.000,25,THU,18,22,C,NIGHT,MIDS,POLICE,DRUG COMPLAINT IN PROG,2,Phone,"MCLEOD, DOUGLAS","LEWIS, LESLIE",2026-06-18 22:30:24.000,2026-06-18 22:37:36.627,2026-06-18 22:32:02.000,98,96,2,2026-06-18 22:37:36.543,334,334,0,2026-06-18 22:32:22.000,118,116,2,2026-06-18 22:37:38.880,432,432,0,2026-06-18 22:37:38.880,2,2,0,2026-06-18 22:57:33.893,1195,1195,0,2026-06-18 22:58:29.453,2026-06-18 22:58:31.700,0,NULL,2026-06-18 22:58:31.723,1687,1687,0,NR-No Report
26-015167,2026-06-18 22:33:25.323,25,THU,18,22,C,NIGHT,MIDS,EMS,MUTUAL ALS,1,C2C,CAD to CAD Service 1,CAD to CAD Service 1,2026-06-18 22:31:54.000,NULL,2026-06-18 22:33:25.620,91,0,91,2026-06-18 22:33:25.667,0,0,0,NULL,NULL,NULL,NULL,2026-06-18 22:34:52.910,91,-9999,10090,2026-06-18 22:34:52.910,87,87,0,2026-06-18 22:41:07.697,375,374,1,2026-06-18 22:47:37.327,2026-06-18 23:21:46.670,0,NULL,2026-06-18 23:21:46.783,2992,2992,0,UNDEFINED
26-015168,2026-06-18 22:40:22.000,25,THU,18,22,C,NIGHT,MIDS,FIRE,RESIDENTIAL BUILDING FIRE,1,E-911,"WATSON, JOANNE","GRAVES, CHRISTINA",2026-06-18 22:40:22.000,2026-06-18 22:41:20.000,2026-06-18 22:41:13.000,51,51,0,2026-06-18 22:41:15.480,2,2,0,2026-06-18 22:43:09.000,167,167,0,2026-06-18 22:42:17.800,53,53,0,2026-06-18 22:42:17.800,62,62,0,2026-06-18 22:46:32.073,255,254,1,2026-06-18 22:44:19.740,2026-06-18 23:16:51.450,0,NULL,2026-06-18 23:16:51.483,2189,2189,0,CAD2CAD
26-049454,2026-06-18 22:41:13.000,25,THU,18,22,C,NIGHT,MIDS,POLICE,TRAFFIC DIRECTION-FIRE,3,NOT CAPTURED,"WATSON, JOANNE","LEWIS, LESLIE",2026-06-18 22:41:13.000,2026-06-18 22:41:37.000,2026-06-18 22:41:13.000,0,NULL,0,2026-06-18 22:44:54.893,221,221,0,2026-06-18 22:41:13.000,0,0,0,2026-06-18 22:45:00.063,221,221,0,2026-06-18 22:45:00.063,6,5,1,2026-06-18 23:00:30.907,930,930,0,2026-06-18 23:03:24.173,2026-06-18 23:06:28.373,0,NULL,2026-06-18 23:06:28.373,1515,1515,0,NR-No Report
26-015169,2026-06-18 22:48:52.000,25,THU,18,22,C,NIGHT,MIDS,EMS,CHEST PAIN ALS 1,1,E-911,"MARTINEZ, ESTHER",Automatic Dispatch,2026-06-18 22:48:52.000,2026-06-18 22:50:13.000,2026-06-18 22:49:21.000,29,29,0,2026-06-18 22:49:23.263,2,2,0,2026-06-18 22:51:48.000,176,176,0,2026-06-18 22:49:30.143,31,31,0,2026-06-18 22:49:30.143,7,6,1,2026-06-18 22:54:03.183,273,273,0,2026-06-18 23:10:03.677,2026-06-18 23:48:18.910,0,NULL,2026-06-18 23:48:18.940,3566,3566,0,CAD2CAD
26-015170,2026-06-18 22:49:27.000,25,THU,18,22,C,NIGHT,MIDS,EMS,BLS EMERGENCY,3,E-911,"WATSON, JOANNE",Automatic Dispatch,2026-06-18 22:49:27.000,2026-06-18 22:55:03.000,2026-06-18 22:51:32.000,125,125,0,2026-06-18 22:51:35.000,3,3,0,2026-06-18 22:54:01.000,274,274,0,2026-06-18 22:52:12.837,128,128,0,2026-06-18 22:52:12.837,37,37,0,2026-06-18 23:01:29.943,557,557,0,2026-06-18 23:11:46.203,2026-06-19 01:44:35.083,0,NULL,2026-06-19 01:44:35.160,10508,10508,0,UNDEFINED
26-015171,2026-06-18 23:02:41.000,25,THU,18,23,C,NIGHT,MIDS,FIRE,FIRE ALARM,3,Phone,"MARTINEZ, ESTHER",Automatic Dispatch,2026-06-18 23:02:40.000,2026-06-18 23:05:49.000,2026-06-18 23:03:08.000,28,27,1,2026-06-18 23:03:10.717,2,2,0,2026-06-18 23:03:52.000,72,71,1,2026-06-18 23:04:03.137,30,30,0,2026-06-18 23:04:03.137,53,52,1,2026-06-18 23:09:02.333,299,299,0,2026-06-18 23:14:45.413,2026-06-18 23:14:45.413,0,NULL,2026-06-18 23:14:45.757,725,725,0,UNDEFINED
26-015172,2026-06-18 23:02:47.000,25,THU,18,23,C,NIGHT,MIDS,EMS,OVERDOSE ALS,2,E-911,"WATSON, JOANNE","GRAVES, CHRISTINA",2026-06-18 23:02:47.000,2026-06-18 23:04:58.000,2026-06-18 23:04:22.000,95,95,0,2026-06-18 23:04:24.030,2,2,0,2026-06-18 23:13:17.000,630,630,0,2026-06-18 23:06:33.547,97,97,0,2026-06-18 23:06:33.547,129,129,0,2026-06-18 23:13:01.240,388,387,1,2026-06-18 23:16:08.993,2026-06-19 00:10:09.980,0,NULL,2026-06-19 00:10:10.083,4042,4042,0,UNDEFINED
26-049456,2026-06-18 23:06:31.843,25,THU,18,23,C,NIGHT,MIDS,POLICE,ASSIST FIRE - IMMEDIATE,2,NOT CAPTURED,"GRAVES, CHRISTINA","LEWIS, LESLIE",2026-06-18 23:06:31.843,2026-06-18 23:10:32.000,2026-06-18 23:06:31.843,0,0,0,2026-06-18 23:11:40.127,309,308,1,2026-06-18 23:06:31.843,0,NULL,0,2026-06-18 23:11:43.343,309,308,1,2026-06-18 23:11:43.343,3,3,0,2026-06-18 23:17:12.623,329,329,0,2026-06-18 23:16:33.297,2026-06-18 23:19:15.050,0,NULL,2026-06-18 23:19:15.140,764,763,1,NR-No Report
26-049457,2026-06-18 23:06:55.000,25,THU,18,23,C,NIGHT,MIDS,POLICE,DIP - DRUNK/INTOX PERSON,2,OFFICER,"LEWIS, LESLIE","GRAVES, CHRISTINA",2026-06-18 23:06:54.000,2026-06-19 00:53:35.000,2026-06-18 23:08:42.000,108,107,1,2026-06-19 00:53:12.317,6270,6270,0,2026-06-18 23:09:52.000,178,177,1,NULL,6378,6378,0,NULL,NULL,-9999,NULL,NULL,NULL,-9999,NULL,NULL,2026-06-19 02:19:40.000,0,NULL,NULL,11566,11566,0,NR-No Report
26-049458,2026-06-18 23:12:51.000,25,THU,18,23,C,NIGHT,MIDS,POLICE,MENTAL HEALTH CASE,2,E-911,"MCLEOD, DOUGLAS","LEWIS, LESLIE",2026-06-18 23:12:49.000,2026-06-18 23:13:37.000,2026-06-18 23:13:26.000,37,35,2,2026-06-18 23:17:17.163,231,231,0,2026-06-18 23:15:43.000,174,172,2,2026-06-18 23:17:22.890,268,268,0,2026-06-18 23:17:22.890,5,5,0,2026-06-18 23:26:03.273,521,520,1,2026-06-18 23:17:49.970,2026-06-19 02:31:34.540,0,NULL,2026-06-19 02:31:34.590,11925,11925,0,NR-No Report
26-015173,2026-06-18 23:13:26.000,25,THU,18,23,C,NIGHT,MIDS,EMS,OVERDOSE ALS,2,Phone,"MCLEOD, DOUGLAS",Automatic Dispatch,2026-06-18 23:13:26.000,2026-06-18 23:13:35.000,2026-06-18 23:13:26.000,0,NULL,0,2026-06-18 23:13:29.073,3,3,0,2026-06-18 23:13:26.000,0,0,0,2026-06-18 23:13:45.407,3,2,1,2026-06-18 23:13:45.407,16,16,0,2026-06-18 23:20:55.350,430,429,1,2026-06-18 23:32:07.990,2026-06-19 00:08:02.467,0,NULL,2026-06-19 00:08:02.547,3276,3275,1,UNDEFINED
26-049459,2026-06-18 23:22:17.000,25,THU,18,23,C,NIGHT,MIDS,POLICE,MENTAL HEALTH CASE,2,E-911,"MARTINEZ, ESTHER",NULL,2026-06-18 23:22:16.000,2026-06-18 23:23:51.000,2026-06-18 23:23:40.000,84,83,1,2026-06-18 23:26:42.063,182,182,0,2026-06-18 23:29:01.000,405,404,1,2026-06-18 23:26:52.777,266,266,0,2026-06-18 23:26:52.777,10,10,0,2026-06-18 23:26:52.777,0,0,0,2026-06-19 00:40:49.193,2026-06-19 13:05:18.713,0,NULL,2026-06-19 13:05:18.777,49382,49382,0,RE-Report
26-049461,2026-06-18 23:31:39.000,25,THU,18,23,C,NIGHT,MIDS,POLICE,ASSAULT NO INJURY DELAY,4,E-911,"WATSON, JOANNE",NULL,2026-06-18 23:31:39.000,2026-06-19 05:43:32.000,2026-06-18 23:32:21.000,42,42,0,2026-06-18 23:59:37.207,1636,1636,0,2026-06-18 23:35:43.000,244,244,0,2026-06-18 23:59:38.790,1678,1678,0,2026-06-18 23:59:38.790,1,1,0,2026-06-19 00:09:47.513,609,608,1,2026-06-19 00:08:27.167,2026-06-19 06:49:24.313,0,NULL,2026-06-19 06:49:24.353,26265,26265,0,RE-Report
26-049463,2026-06-18 23:39:16.000,25,THU,18,23,C,NIGHT,MIDS,POLICE,DISORDERLY CONDUCT,2,Phone,"WATSON, JOANNE","LEWIS, LESLIE",2026-06-18 23:39:15.000,2026-06-18 23:41:06.000,2026-06-18 23:40:50.000,95,94,1,2026-06-18 23:41:11.087,21,21,0,2026-06-18 23:40:52.000,97,96,1,2026-06-18 23:41:15.413,116,116,0,2026-06-18 23:41:15.413,4,4,0,2026-06-18 23:42:40.083,85,84,1,2026-06-18 23:55:03.907,2026-06-19 00:02:12.713,0,NULL,2026-06-19 00:02:12.750,1377,1377,0,NR-No Report
26-049464,2026-06-18 23:44:43.000,25,THU,18,23,C,NIGHT,MIDS,POLICE,WARRANT SERVICE,2,OFFICER,"LEWIS, LESLIE",NULL,2026-06-18 23:44:41.000,2026-06-18 23:55:09.000,2026-06-18 23:45:08.000,27,25,2,2026-06-19 03:27:31.670,13343,13343,0,2026-06-18 23:45:16.000,35,33,2,2026-06-19 03:27:31.670,13370,13370,0,2026-06-19 03:27:31.670,0,-9999,9999,NULL,NULL,-9999,NULL,2026-06-19 03:57:27.447,2026-06-19 03:57:27.447,0,NULL,2026-06-19 03:57:27.487,15166,15166,0,RE-Report
26-049465,2026-06-18 23:45:03.000,25,THU,18,23,C,NIGHT,MIDS,POLICE,DISORDERLY CONDUCT,2,Phone,"WATSON, JOANNE","LEWIS, LESLIE",2026-06-18 23:45:01.000,2026-06-18 23:48:15.000,2026-06-18 23:46:30.000,89,87,2,2026-06-18 23:56:21.863,591,591,0,2026-06-18 23:46:31.000,90,88,2,2026-06-18 23:56:24.200,680,680,0,2026-06-18 23:56:24.200,3,2,1,2026-06-19 00:01:07.033,283,282,1,2026-06-18 23:57:03.510,2026-06-19 00:09:10.280,0,NULL,2026-06-19 00:09:10.343,1449,1449,0,NR-No Report
26-049466,2026-06-18 23:48:28.000,25,THU,18,23,C,NIGHT,MIDS,POLICE,DISORDERLY CONDUCT,2,Phone,"MARTINEZ, ESTHER","LEWIS, LESLIE",2026-06-18 23:48:27.000,2026-06-18 23:49:39.000,2026-06-18 23:49:11.000,44,43,1,2026-06-18 23:57:55.077,524,524,0,2026-06-18 23:49:50.000,83,82,1,2026-06-18 23:57:58.320,568,568,0,2026-06-18 23:57:58.320,3,3,0,NULL,NULL,-9999,NULL,2026-06-18 23:58:26.810,2026-06-18 23:58:33.183,0,NULL,2026-06-18 23:58:33.233,606,606,0,NR-No Report
26-049467,2026-06-18 23:53:20.000,25,THU,18,23,C,NIGHT,MIDS,POLICE,ALARM COMMERCIAL,2,Phone,"MCLEOD, DOUGLAS","LEWIS, LESLIE",2026-06-18 23:53:18.000,2026-06-18 23:55:25.000,2026-06-18 23:53:55.000,37,35,2,2026-06-18 23:55:20.790,85,85,0,2026-06-18 23:55:16.000,118,116,2,2026-06-18 23:55:20.830,122,122,0,2026-06-18 23:55:20.830,0,0,0,2026-06-19 00:06:50.570,690,689,1,2026-06-19 00:28:15.143,2026-06-19 00:51:13.760,0,NULL,2026-06-19 00:51:13.800,3475,3475,0,NR-No Report
26-049468,2026-06-19 00:02:01.000,25,FRI,19,0,D,NIGHT,MIDS,POLICE,TRESPASSING IN PROG,2,Phone,"MARTINEZ, ESTHER","WATSON, JOANNE",2026-06-19 00:02:00.000,2026-06-19 00:09:47.000,2026-06-19 00:02:20.000,20,19,1,2026-06-19 00:09:54.437,454,454,0,2026-06-19 00:03:32.000,92,91,1,2026-06-19 00:10:00.347,474,474,0,2026-06-19 00:10:00.347,6,5,1,2026-06-19 00:12:44.687,164,164,0,2026-06-19 00:26:22.683,2026-06-19 00:26:22.683,0,NULL,2026-06-19 00:26:22.770,1462,1462,0,NR-No Report
26-049469,2026-06-19 00:11:11.000,25,FRI,19,0,D,NIGHT,MIDS,POLICE,ASSIST CITIZEN PROMPT,3,Phone,"MCLEOD, DOUGLAS","WATSON, JOANNE",2026-06-19 00:11:09.000,2026-06-19 00:47:42.000,2026-06-19 00:12:45.000,96,94,2,2026-06-19 00:48:06.467,2121,2121,0,2026-06-19 00:12:46.000,97,95,2,2026-06-19 00:48:10.137,2217,2217,0,2026-06-19 00:48:10.137,4,3,1,2026-06-19 00:52:30.303,260,260,0,2026-06-19 00:54:59.683,2026-06-19 00:54:59.683,0,NULL,2026-06-19 00:54:59.737,2630,2630,0,NR-No Report
26-049470,2026-06-19 00:13:40.000,25,FRI,19,0,D,NIGHT,MIDS,POLICE,DISABLED MOTORIST,2,Radio,"WATSON, JOANNE","WATSON, JOANNE",2026-06-19 00:13:39.000,NULL,2026-06-19 00:13:57.000,18,17,1,2026-06-19 00:14:02.933,5,5,0,2026-06-19 00:14:06.000,27,26,1,2026-06-19 00:14:03.010,23,23,0,2026-06-19 00:14:03.010,1,0,1,2026-06-19 00:14:03.047,0,0,0,2026-06-19 00:18:15.937,2026-06-19 00:18:15.937,0,NULL,2026-06-19 00:18:15.993,276,276,0,NR-No Report
26-049471,2026-06-19 00:24:03.000,25,FRI,19,0,D,NIGHT,MIDS,POLICE,ASSAULT NO INJURY IN PROG,1,E-911,"MCLEOD, DOUGLAS",NULL,2026-06-19 00:24:03.000,2026-06-19 00:25:16.000,2026-06-19 00:24:59.000,56,56,0,2026-06-19 00:27:23.897,144,144,0,2026-06-19 00:27:53.000,230,230,0,2026-06-19 00:27:26.033,200,200,0,2026-06-19 00:27:26.000,3,2,1,2026-06-19 00:29:25.053,119,119,0,2026-06-19 00:28:53.290,2026-06-19 02:52:41.377,0,NULL,2026-06-19 02:52:41.420,8918,8918,0,NR-No Report
26-015175,2026-06-19 00:35:52.000,25,FRI,19,0,D,NIGHT,MIDS,FIRE,FIRE ALARM,3,E-911,"MCLEOD, DOUGLAS",Automatic Dispatch,2026-06-19 00:35:50.000,2026-06-19 00:36:57.000,2026-06-19 00:36:41.000,51,49,2,2026-06-19 00:36:43.137,2,2,0,2026-06-19 00:37:32.000,102,100,2,2026-06-19 00:38:20.047,53,53,0,2026-06-19 00:38:20.047,97,96,1,2026-06-19 00:41:52.643,212,212,0,2026-06-19 00:50:37.977,2026-06-19 00:50:37.977,0,NULL,2026-06-19 00:50:38.033,887,887,0,UNDEFINED
26-015176,2026-06-19 00:52:42.000,25,FRI,19,0,D,NIGHT,MIDS,FIRE,FIRE ALARM,3,E-911,"MCLEOD, DOUGLAS",Automatic Dispatch,2026-06-19 00:52:41.000,2026-06-19 00:53:35.000,2026-06-19 00:53:12.000,31,30,1,2026-06-19 00:53:14.707,2,2,0,2026-06-19 00:54:19.000,98,97,1,2026-06-19 00:54:29.207,33,33,0,2026-06-19 00:54:29.207,75,74,1,2026-06-19 00:59:49.303,320,320,0,2026-06-19 01:17:08.550,2026-06-19 01:17:08.550,0,NULL,2026-06-19 01:17:08.713,1467,1467,0,UNDEFINED
26-015177,2026-06-19 01:00:41.000,25,FRI,19,1,D,NIGHT,MIDS,EMS,LACERATION BLS,3,E-911,"MCLEOD, DOUGLAS",Automatic Dispatch,2026-06-19 01:00:41.000,2026-06-19 01:02:05.000,2026-06-19 01:01:31.000,50,50,0,2026-06-19 01:01:33.657,2,2,0,2026-06-19 01:03:39.000,178,178,0,2026-06-19 01:03:21.313,52,52,0,2026-06-19 01:03:21.313,108,107,1,2026-06-19 01:09:45.780,384,384,0,2026-06-19 02:34:31.747,2026-06-19 02:34:31.747,0,NULL,2026-06-19 02:34:31.810,5630,5630,0,UNDEFINED
26-049474,2026-06-19 01:08:19.000,25,FRI,19,1,D,NIGHT,MIDS,POLICE,ASSIST CITIZEN PROMPT,3,Radio,"WATSON, JOANNE","WATSON, JOANNE",2026-06-19 01:08:17.000,2026-06-19 01:16:04.000,2026-06-19 01:08:52.000,35,33,2,2026-06-19 01:10:19.387,87,87,0,2026-06-19 01:12:44.000,267,265,2,2026-06-19 01:10:19.523,122,122,0,2026-06-19 01:10:19.523,0,0,0,2026-06-19 01:10:19.577,0,0,0,2026-06-19 01:34:09.970,2026-06-19 01:34:09.907,0,NULL,2026-06-19 01:34:09.907,1552,1552,0,NR-No Report
26-049475,2026-06-19 01:11:58.747,25,FRI,19,1,D,NIGHT,MIDS,POLICE,TRESPASSING IN PROG,2,E-911,"LEWIS, LESLIE",NULL,2026-06-19 01:11:58.747,2026-06-19 04:04:22.000,2026-06-19 01:11:58.747,0,0,0,2026-06-19 01:12:30.107,32,31,1,2026-06-19 01:11:58.747,0,NULL,0,2026-06-19 01:12:32.270,32,31,1,2026-06-19 01:12:32.270,2,2,0,2026-06-19 01:13:04.933,32,32,0,2026-06-19 01:44:57.760,2026-06-19 04:48:32.237,0,NULL,2026-06-19 04:48:32.257,12994,12993,1,RE-Report
26-049476,2026-06-19 01:13:41.000,25,FRI,19,1,D,NIGHT,MIDS,POLICE,ON VIEW,2,Phone,"WATSON, JOANNE",NULL,2026-06-19 01:13:41.000,2026-06-19 01:20:41.000,2026-06-19 01:13:41.000,0,0,0,2026-06-19 01:13:41.000,0,0,0,2026-06-19 01:13:41.000,0,0,0,2026-06-19 01:13:50.510,0,0,0,2026-06-19 01:13:41.000,0,0,0,2026-06-19 01:13:41.000,0,0,0,2026-06-19 02:49:32.873,2026-06-19 02:57:33.310,0,NULL,2026-06-19 02:57:33.350,6232,6232,0,NR-No Report
26-015178,2026-06-19 02:21:52.383,25,FRI,19,2,D,NIGHT,LATE,EMS,MUTUAL ALS,1,C2C,CAD to CAD Service 1,CAD to CAD Service 1,2026-06-19 02:19:18.000,NULL,2026-06-19 02:21:52.667,154,0,154,2026-06-19 02:21:52.713,0,0,0,NULL,NULL,NULL,NULL,2026-06-19 02:23:08.577,154,-9999,10153,2026-06-19 02:23:08.577,76,75,1,2026-06-19 02:29:53.897,405,405,0,2026-06-19 02:49:56.883,2026-06-19 04:02:16.330,0,NULL,2026-06-19 04:02:16.423,6178,6178,0,UNDEFINED
26-015179,2026-06-19 02:28:11.000,25,FRI,19,2,D,NIGHT,LATE,FIRE,FIRE ALARM,3,E-911,"MARTINEZ, ESTHER",Automatic Dispatch,2026-06-19 02:28:11.000,2026-06-19 02:28:59.000,2026-06-19 02:28:46.000,35,35,0,2026-06-19 02:28:48.867,2,2,0,2026-06-19 02:29:45.000,94,94,0,2026-06-19 02:32:47.990,37,37,0,2026-06-19 02:32:47.990,239,239,0,2026-06-19 02:44:57.650,730,729,1,2026-06-19 02:53:31.400,2026-06-19 02:53:31.400,0,NULL,2026-06-19 02:53:31.457,1520,1520,0,AR-Alarm Reset
26-049477,2026-06-19 02:33:13.000,25,FRI,19,2,D,NIGHT,LATE,POLICE,TRAFFIC STOP,2,OFFICER,"SUN, JEFF Y",NULL,2026-06-19 02:33:13.000,2026-06-19 02:33:24.000,2026-06-19 02:33:13.000,0,1,-1,2026-06-19 02:33:13.000,0,0,0,2026-06-19 02:33:13.000,0,NULL,0,2026-06-19 02:33:13.000,0,0,0,2026-06-19 02:33:13.000,0,0,0,2026-06-19 02:33:13.000,0,0,0,2026-06-19 02:40:27.570,2026-06-19 02:40:27.570,0,NULL,2026-06-19 02:40:27.617,434,434,0,NR-No Report
26-049479,2026-06-19 02:42:15.000,25,FRI,19,2,D,NIGHT,LATE,POLICE,TRAFFIC STOP,2,OFFICER,"GRAVES, CHRISTINA","GRAVES, CHRISTINA",2026-06-19 02:42:15.000,NULL,2026-06-19 02:42:15.000,0,0,0,2026-06-19 02:42:15.000,0,0,0,2026-06-19 02:42:15.000,0,0,0,2026-06-19 02:42:24.340,0,0,0,2026-06-19 02:42:15.000,0,0,0,2026-06-19 02:42:15.000,0,0,0,2026-06-19 02:46:04.567,2026-06-19 02:56:57.820,0,NULL,2026-06-19 02:56:57.887,882,882,0,NR-No Report
26-049480,2026-06-19 02:49:06.000,25,FRI,19,2,D,NIGHT,LATE,POLICE,DWI - DRUNK/INTOX DRIVER,2,Radio,"GRAVES, CHRISTINA","GRAVES, CHRISTINA",2026-06-19 02:49:06.000,2026-06-19 02:49:19.000,2026-06-19 02:49:06.000,0,0,0,2026-06-19 02:49:06.000,0,0,0,2026-06-19 02:49:06.000,0,0,0,2026-06-19 02:51:27.003,0,0,0,2026-06-19 02:49:06.000,0,0,0,2026-06-19 02:49:06.000,0,0,0,2026-06-19 03:29:29.243,2026-06-19 09:30:48.453,0,NULL,2026-06-19 09:30:48.500,24102,24102,0,RE-Report
26-015180,2026-06-19 02:55:22.000,25,FRI,19,2,D,NIGHT,LATE,EMS,FALL BLS,3,E-911,"MARTINEZ, ESTHER",Automatic Dispatch,2026-06-19 02:55:22.000,2026-06-19 02:56:41.000,2026-06-19 02:56:06.000,44,44,0,2026-06-19 02:56:08.460,2,2,0,2026-06-19 02:57:41.000,139,139,0,2026-06-19 02:58:10.943,46,46,0,2026-06-19 02:58:10.943,122,122,0,2026-06-19 03:04:25.393,375,374,1,2026-06-19 03:39:30.440,2026-06-19 03:39:30.377,0,NULL,2026-06-19 03:39:30.377,2648,2648,0,UNDEFINED
26-015181,2026-06-19 03:09:03.000,25,FRI,19,3,D,NIGHT,LATE,EMS,BLS EMERGENCY,3,E-911,"MARTINEZ, ESTHER",Automatic Dispatch,2026-06-19 03:09:03.000,2026-06-19 03:12:22.000,2026-06-19 03:11:54.000,171,171,0,2026-06-19 03:11:56.987,2,2,0,2026-06-19 03:12:54.000,231,231,0,2026-06-19 03:13:39.193,173,173,0,2026-06-19 03:13:39.193,103,102,1,2026-06-19 03:35:56.450,1337,1337,0,2026-06-19 04:16:04.600,2026-06-19 04:16:04.600,0,NULL,2026-06-19 04:16:04.683,4021,4021,0,UNDEFINED
26-049482,2026-06-19 03:15:14.000,25,FRI,19,3,D,NIGHT,LATE,POLICE,ADMINISTRATIVE TASK,2,Phone,"MCLEOD, DOUGLAS","GRAVES, CHRISTINA",2026-06-19 03:15:12.000,2026-06-19 03:16:36.000,2026-06-19 03:16:32.000,80,78,2,2026-06-19 03:29:18.243,766,766,0,2026-06-19 03:16:33.000,81,79,2,2026-06-19 03:29:18.347,846,846,0,2026-06-19 03:29:18.347,0,0,0,2026-06-19 03:29:19.693,1,1,0,2026-06-19 04:09:21.807,2026-06-19 04:09:21.807,0,NULL,2026-06-19 04:09:21.920,3249,3249,0,NR-No Report
26-049483,2026-06-19 03:26:03.000,25,FRI,19,3,D,NIGHT,LATE,POLICE,ALARM COMMERCIAL,2,Phone,"MARTINEZ, ESTHER",NULL,2026-06-19 03:26:01.000,2026-06-19 03:27:43.000,2026-06-19 03:26:44.000,43,41,2,2026-06-19 03:27:24.397,40,40,0,2026-06-19 03:27:40.000,99,97,2,2026-06-19 03:27:24.397,83,83,0,2026-06-19 03:27:24.397,0,-9999,9999,2026-06-19 03:33:28.430,364,364,0,2026-06-19 03:32:27.703,2026-06-19 03:35:26.213,0,NULL,2026-06-19 03:35:26.247,565,565,0,NR-No Report
26-049484,2026-06-19 03:37:08.000,25,FRI,19,3,D,NIGHT,LATE,POLICE,TROUBLE UNKNOWN NO EMS,2,Phone,"MCLEOD, DOUGLAS","GRAVES, CHRISTINA",2026-06-19 03:37:07.000,2026-06-19 03:46:05.000,2026-06-19 03:37:50.000,43,42,1,2026-06-19 03:47:04.567,554,554,0,2026-06-19 03:38:57.000,110,109,1,2026-06-19 03:47:12.603,597,597,0,2026-06-19 03:47:12.603,8,2,6,2026-06-19 03:52:09.897,297,297,0,2026-06-19 04:23:24.350,2026-06-19 04:24:25.030,0,NULL,2026-06-19 04:24:25.110,2838,2838,0,NR-No Report
26-015182,2026-06-19 03:38:50.733,25,FRI,19,3,D,NIGHT,LATE,FIRE,MUTUAL MVC,1,C2C,CAD to CAD Service 1,CAD to CAD Service 1,2026-06-19 03:37:09.000,2026-06-19 03:42:24.000,2026-06-19 03:38:51.013,102,0,102,2026-06-19 03:38:51.077,0,0,0,NULL,NULL,NULL,NULL,2026-06-19 03:40:33.840,102,432,-330,2026-06-19 03:40:33.840,102,91,11,2026-06-19 03:46:36.717,363,362,1,2026-06-19 03:49:24.233,2026-06-19 04:43:09.417,0,NULL,2026-06-19 04:43:09.477,3960,3960,0,UNDEFINED
26-049485,2026-06-19 04:13:33.000,25,FRI,19,4,D,NIGHT,LATE,POLICE,NOISE COMPLAINT IN PROG,4,Phone,"MCLEOD, DOUGLAS",NULL,2026-06-19 04:13:31.000,2026-06-19 04:16:01.000,2026-06-19 04:15:44.000,133,131,2,2026-06-19 04:16:30.717,46,46,0,2026-06-19 04:15:46.000,135,133,2,2026-06-19 04:16:35.310,179,179,0,2026-06-19 04:16:35.310,5,4,1,2026-06-19 04:19:26.037,171,170,1,2026-06-19 05:06:27.693,2026-06-19 06:41:12.337,0,NULL,2026-06-19 06:41:12.367,8861,8861,0,NR-No Report
26-015183,2026-06-19 04:25:32.187,25,FRI,19,4,D,NIGHT,LATE,EMS,BLS EMERGENCY,3,NOT CAPTURED,"GRAVES, CHRISTINA",Automatic Dispatch,2026-06-19 04:25:32.187,2026-06-19 04:25:40.000,2026-06-19 04:25:32.187,0,0,0,2026-06-19 04:25:35.683,3,3,0,2026-06-19 04:25:32.187,0,NULL,0,2026-06-19 04:27:24.813,3,3,0,2026-06-19 04:27:24.813,109,109,0,2026-06-19 04:31:22.580,238,237,1,2026-06-19 05:06:03.870,2026-06-19 05:06:03.870,0,NULL,2026-06-19 05:06:03.963,2431,2431,0,UNDEFINED
26-049486,2026-06-19 04:33:07.000,25,FRI,19,4,D,NIGHT,LATE,POLICE,SUSPICIOUS EVENT,3,E-911,"MARTINEZ, ESTHER","GRAVES, CHRISTINA",2026-06-19 04:33:07.000,2026-06-19 04:36:46.000,2026-06-19 04:35:12.000,125,125,0,2026-06-19 04:46:41.367,689,689,0,2026-06-19 04:35:57.000,170,170,0,2026-06-19 04:46:46.950,814,814,0,2026-06-19 04:46:46.950,5,5,0,2026-06-19 05:10:21.923,1415,1414,1,2026-06-19 05:10:38.147,2026-06-19 05:32:16.080,0,NULL,2026-06-19 05:32:16.093,3549,3549,0,NR-No Report
26-049487,2026-06-19 04:41:55.000,25,FRI,19,4,D,NIGHT,LATE,POLICE,NOISE COMPLAINT DELAY,4,Phone,"MARTINEZ, ESTHER","GRAVES, CHRISTINA",2026-06-19 04:41:55.000,2026-06-19 04:47:55.000,2026-06-19 04:42:26.000,31,31,0,2026-06-19 04:48:02.333,336,336,0,2026-06-19 04:42:57.000,62,62,0,2026-06-19 04:48:02.407,367,367,0,2026-06-19 04:48:02.407,0,0,0,2026-06-19 04:48:02.437,0,0,0,2026-06-19 04:48:09.467,2026-06-19 04:48:09.467,0,NULL,2026-06-19 04:48:09.540,374,374,0,NR-No Report
26-015184,2026-06-19 05:43:04.000,25,FRI,19,5,D,NIGHT,LATE,EMS,HEART PROBLEMS ALS 1,1,E-911,"MCLEOD, DOUGLAS",Automatic Dispatch,2026-06-19 05:43:04.000,2026-06-19 05:44:20.000,2026-06-19 05:43:52.000,48,48,0,2026-06-19 05:43:55.343,3,3,0,2026-06-19 05:44:38.000,94,94,0,2026-06-19 05:44:20.573,51,51,0,2026-06-19 05:44:20.573,25,25,0,NULL,NULL,-9999,NULL,2026-06-19 05:46:39.730,2026-06-19 05:46:45.687,0,NULL,2026-06-19 05:46:45.783,221,221,0,UNDEFINED
26-049491,2026-06-19 05:58:56.000,25,FRI,19,5,D,NIGHT,LATE,POLICE,OFF DUTY DETAIL,8,OFFICER,"ANDERSON, ALEX D",NULL,2026-06-19 05:58:56.000,2026-06-19 05:59:06.000,2026-06-19 05:58:56.000,0,1,-1,2026-06-19 05:58:56.000,0,0,0,2026-06-19 05:58:56.000,0,NULL,0,2026-06-19 05:58:56.000,0,0,0,2026-06-19 05:58:56.000,0,0,0,2026-06-19 05:58:56.000,0,0,0,2026-06-19 09:31:05.387,2026-06-19 09:31:05.387,0,NULL,2026-06-19 09:31:05.440,12729,12729,0,NR-No Report
26-015185,2026-06-19 06:02:29.000,25,FRI,19,6,B,DAY,EARLY,EMS,BLS EMERGENCY,3,E-911,"PEREZ, CARLOS","FOSTER, KANESHA",2026-06-19 06:02:29.000,2026-06-19 06:04:42.000,2026-06-19 06:03:46.000,77,77,0,2026-06-19 06:03:48.957,2,2,0,2026-06-19 06:06:04.000,215,215,0,2026-06-19 06:07:04.340,79,79,0,2026-06-19 06:07:04.340,196,195,1,2026-06-19 06:13:26.437,382,382,0,2026-06-19 06:08:28.413,2026-06-19 08:00:56.000,0,NULL,NULL,7107,7107,0,CC-Call Completed
26-049492,2026-06-19 06:03:22.000,25,FRI,19,6,B,DAY,EARLY,POLICE,PARKING COMPLAINT,4,Phone,"WALKER, JUANITA","FOSTER, KANESHA",2026-06-19 06:03:21.000,2026-06-19 06:47:33.000,2026-06-19 06:04:05.000,44,43,1,2026-06-19 10:36:12.473,16327,16327,0,2026-06-19 06:15:15.000,714,713,1,2026-06-19 10:36:33.993,16371,16371,0,2026-06-19 10:36:33.993,21,21,0,2026-06-19 10:44:04.173,451,450,1,2026-06-19 10:45:18.343,2026-06-19 10:45:18.343,0,NULL,2026-06-19 10:45:18.403,16917,16917,0,NR-No Report
26-015186,2026-06-19 06:03:27.000,25,FRI,19,6,B,DAY,EARLY,EMS,CHEST PAIN ALS 1,1,E-911,"SMITH, TERESA",Automatic Dispatch,2026-06-19 06:03:27.000,2026-06-19 06:04:53.000,2026-06-19 06:04:33.000,66,66,0,2026-06-19 06:04:35.160,2,2,0,2026-06-19 06:07:09.000,222,222,0,2026-06-19 06:06:18.587,68,68,0,2026-06-19 06:06:18.587,103,103,0,2026-06-19 06:09:31.747,193,193,0,2026-06-19 06:12:48.083,2026-06-19 06:48:17.800,0,NULL,2026-06-19 06:48:17.857,2690,2690,0,UNDEFINED
26-015187,2026-06-19 06:17:18.017,25,FRI,19,6,B,DAY,EARLY,FIRE,MUTUAL PUBLIC SERVICE,1,C2C,CAD to CAD Service 1,CAD to CAD Service 1,2026-06-19 06:16:17.000,NULL,2026-06-19 06:17:18.377,61,0,61,2026-06-19 06:17:18.453,0,0,0,NULL,NULL,NULL,NULL,2026-06-19 06:17:58.870,61,-9999,10060,2026-06-19 06:17:58.870,40,40,0,2026-06-19 06:26:41.837,523,522,1,2026-06-19 06:54:05.243,2026-06-19 06:54:05.243,0,NULL,2026-06-19 06:54:05.307,2268,2268,0,UNDEFINED
26-015188,2026-06-19 06:23:22.000,25,FRI,19,6,B,DAY,EARLY,EMS,FALL BLS,3,E-911,"SMITH, TERESA",Automatic Dispatch,2026-06-19 06:23:22.000,2026-06-19 06:25:17.000,2026-06-19 06:24:33.000,71,71,0,2026-06-19 06:24:35.500,2,2,0,2026-06-19 06:27:00.000,218,218,0,2026-06-19 06:25:24.873,73,73,0,2026-06-19 06:25:24.873,49,49,0,2026-06-19 06:33:53.203,509,508,1,2026-06-19 07:24:18.543,2026-06-19 07:24:18.543,0,NULL,2026-06-19 07:24:18.633,3656,3656,0,UNDEFINED
26-049493,2026-06-19 06:23:56.000,25,FRI,19,6,B,DAY,EARLY,POLICE,PARKING COMPLAINT,4,Phone,"PEREZ, CARLOS","MCLEOD, DOUGLAS",2026-06-19 06:23:54.000,2026-06-19 07:47:46.000,2026-06-19 06:25:09.000,75,73,2,2026-06-19 08:46:04.940,8455,8455,0,2026-06-19 06:25:20.000,86,84,2,2026-06-19 08:46:13.103,8530,8530,0,2026-06-19 08:46:13.103,9,8,1,2026-06-19 09:06:23.060,1210,1209,1,2026-06-19 09:17:46.383,2026-06-19 09:17:46.383,0,NULL,2026-06-19 09:17:46.420,10432,10432,0,NR-No Report
26-049495,2026-06-19 06:28:52.000,25,FRI,19,6,B,DAY,EARLY,POLICE,ADMINISTRATIVE TASK,2,Phone,"PEREZ, CARLOS","MCLEOD, DOUGLAS",2026-06-19 06:28:50.000,2026-06-19 06:31:28.000,2026-06-19 06:30:24.000,94,92,2,2026-06-19 06:31:25.780,61,61,0,2026-06-19 06:32:48.000,238,236,2,2026-06-19 06:31:25.820,155,155,0,2026-06-19 06:31:25.820,0,0,0,2026-06-19 06:51:18.543,1193,1192,1,2026-06-19 07:25:49.103,2026-06-19 07:25:49.103,0,NULL,2026-06-19 07:25:49.130,3419,3419,0,NR-No Report
26-049497,2026-06-19 06:33:47.000,25,FRI,19,6,B,DAY,EARLY,POLICE,RUNAWAY IN PROG,2,Phone,"WALKER, JUANITA","MCLEOD, DOUGLAS",2026-06-19 06:33:45.000,2026-06-19 06:38:42.000,2026-06-19 06:37:14.000,209,207,2,2026-06-19 06:39:38.727,144,144,0,2026-06-19 06:38:54.000,309,307,2,2026-06-19 06:39:41.543,353,353,0,2026-06-19 06:39:41.543,3,2,1,2026-06-19 06:44:58.970,317,317,0,2026-06-19 06:40:21.307,2026-06-19 07:10:54.390,0,NULL,2026-06-19 07:10:54.407,2229,2229,0,NR-No Report
26-015189,2026-06-19 06:33:55.000,25,FRI,19,6,B,DAY,EARLY,EMS,ALTERED LOC ALS 1,1,E-911,"GARCIA, VILMA",Automatic Dispatch,2026-06-19 06:33:55.000,2026-06-19 06:34:58.000,2026-06-19 06:34:47.000,52,52,0,2026-06-19 06:34:49.633,2,2,0,2026-06-19 06:37:25.000,210,210,0,2026-06-19 06:35:44.400,54,54,0,2026-06-19 06:35:44.400,55,54,1,2026-06-19 06:38:57.660,193,193,0,2026-06-19 07:10:36.420,2026-06-19 07:56:35.147,0,NULL,2026-06-19 07:56:35.180,4960,4960,0,UNDEFINED
26-049498,2026-06-19 06:37:12.000,25,FRI,19,6,B,DAY,EARLY,POLICE,NOISE COMPLAINT IN PROG,4,Phone,"PEREZ, CARLOS","MCLEOD, DOUGLAS",2026-06-19 06:37:10.000,2026-06-19 06:52:22.000,2026-06-19 06:38:46.000,96,94,2,2026-06-19 06:52:19.320,813,813,0,2026-06-19 06:38:48.000,98,96,2,2026-06-19 06:52:19.373,909,909,0,2026-06-19 06:52:19.373,0,0,0,NULL,NULL,-9999,NULL,2026-06-19 06:53:23.577,2026-06-19 06:53:23.577,0,NULL,2026-06-19 06:53:23.607,973,973,0,NR-No Report
26-049502,2026-06-19 07:29:13.000,25,FRI,19,7,B,DAY,EARLY,POLICE,TRAFFIC STOP,2,OFFICER,"MCGECHEE, NICOLE",NULL,2026-06-19 07:29:13.000,2026-06-19 07:29:25.000,2026-06-19 07:29:13.000,0,1,-1,2026-06-19 07:29:13.000,0,0,0,2026-06-19 07:29:13.000,0,NULL,0,2026-06-19 07:29:13.000,0,0,0,2026-06-19 07:29:13.000,0,0,0,2026-06-19 07:29:13.000,0,0,0,2026-06-19 07:38:06.850,2026-06-19 07:38:06.850,0,NULL,2026-06-19 07:38:06.903,533,533,0,NR-No Report
26-049505,2026-06-19 07:48:50.000,25,FRI,19,7,B,DAY,EARLY,POLICE,ESCORT,2,Radio,"MCLEOD, DOUGLAS",NULL,2026-06-19 07:48:50.000,2026-06-19 07:48:53.000,2026-06-19 07:48:50.000,0,0,0,2026-06-19 07:48:50.000,0,0,0,2026-06-19 07:48:50.000,0,0,0,2026-06-19 07:49:07.960,0,0,0,2026-06-19 07:48:50.000,0,0,0,2026-06-19 07:48:50.000,0,0,0,2026-06-19 12:35:58.717,2026-06-19 13:11:15.620,0,NULL,2026-06-19 13:11:15.647,19345,19345,0,NR-No Report
26-049507,2026-06-19 08:08:56.000,25,FRI,19,8,B,DAY,EARLY,POLICE,DOMESTIC VIOL NO INJ,2,E-911,"GARCIA, VILMA","MCLEOD, DOUGLAS",2026-06-19 08:08:56.000,2026-06-19 08:11:25.000,2026-06-19 08:09:52.000,56,56,0,2026-06-19 08:15:05.570,313,313,0,2026-06-19 08:14:08.000,312,312,0,2026-06-19 08:15:15.290,369,369,0,2026-06-19 08:15:15.290,10,9,1,2026-06-19 08:19:06.143,231,230,1,2026-06-19 08:15:58.697,2026-06-19 08:34:08.400,0,NULL,2026-06-19 08:34:08.477,1512,1512,0,NR-No Report
26-049508,2026-06-19 08:11:58.000,25,FRI,19,8,B,DAY,EARLY,POLICE,ALARM RESIDENTIAL,2,Text,"FOSTER, KANESHA","MCLEOD, DOUGLAS",2026-06-19 08:11:58.000,2026-06-19 08:14:21.000,2026-06-19 08:12:36.000,38,38,0,2026-06-19 08:14:19.070,103,103,0,2026-06-19 08:14:45.000,167,167,0,2026-06-19 08:14:19.110,141,141,0,2026-06-19 08:14:19.110,0,0,0,2026-06-19 08:15:02.753,43,43,0,2026-06-19 08:26:19.013,2026-06-19 08:26:19.013,0,NULL,2026-06-19 08:26:19.073,861,861,0,FALSE-False Alarm
26-049510,2026-06-19 08:13:31.000,25,FRI,19,8,B,DAY,EARLY,POLICE,PARKING COMPLAINT,2,E-911,"WALKER, JUANITA",NULL,2026-06-19 08:13:29.000,2026-06-19 08:14:44.000,2026-06-19 08:14:01.000,32,30,2,2026-06-19 08:19:19.237,318,318,0,2026-06-19 08:14:25.000,56,54,2,2026-06-19 08:19:26.770,350,350,0,2026-06-19 08:19:26.770,7,7,0,2026-06-19 08:36:50.873,1044,1044,0,2026-06-19 08:25:08.120,2026-06-19 08:51:50.407,0,NULL,2026-06-19 08:51:50.467,2301,2301,0,NR-No Report
26-049515,2026-06-19 08:34:34.000,25,FRI,19,8,B,DAY,EARLY,POLICE,PARKING COMPLAINT,4,Phone,"GARCIA, VILMA","MCLEOD, DOUGLAS",2026-06-19 08:34:32.000,2026-06-19 08:41:08.000,2026-06-19 08:35:30.000,58,56,2,2026-06-19 08:46:47.127,677,677,0,2026-06-19 08:35:32.000,60,58,2,2026-06-19 08:47:08.233,735,735,0,2026-06-19 08:47:08.233,21,21,0,2026-06-19 08:53:48.483,400,400,0,2026-06-19 09:01:07.297,2026-06-19 09:01:07.297,0,NULL,2026-06-19 09:01:07.393,1595,1595,0,NR-No Report
26-049517,2026-06-19 08:41:15.000,25,FRI,19,8,B,DAY,EARLY,POLICE,ANIMAL WILDLIFE,3,Phone,"FOSTER, KANESHA","FOSTER, KANESHA",2026-06-19 08:41:13.000,2026-06-19 08:42:49.000,2026-06-19 08:42:38.000,85,83,2,2026-06-19 08:52:10.050,572,572,0,2026-06-19 08:42:39.000,86,84,2,NULL,657,657,0,NULL,NULL,-9999,NULL,NULL,NULL,-9999,NULL,NULL,2026-06-19 08:52:16.000,0,NULL,NULL,663,663,0,ACOR-Animal Control Report
26-015190,2026-06-19 08:47:55.000,25,FRI,19,8,B,DAY,EARLY,FIRE,MUTUAL AID,2,Phone,"SMITH, TERESA","SMITH, TERESA",2026-06-19 08:47:53.000,2026-06-19 08:58:31.000,2026-06-19 08:49:30.000,97,95,2,2026-06-19 08:49:45.887,15,15,0,2026-06-19 08:51:11.000,198,196,2,2026-06-19 08:51:19.757,112,112,0,2026-06-19 08:51:19.757,94,93,1,2026-06-19 09:09:45.803,1106,1106,0,2026-06-19 08:53:49.903,2026-06-19 08:53:49.903,1,2026-06-19 08:58:21.777,2026-06-19 09:22:46.913,356,2093,-1737,UNDEFINED
26-049520,2026-06-19 08:48:30.000,25,FRI,19,8,B,DAY,EARLY,POLICE,PUBLIC SERVICE MULTI OFFICER,2,Phone,"GARCIA, VILMA","MCLEOD, DOUGLAS",2026-06-19 08:48:28.000,2026-06-19 08:51:23.000,2026-06-19 08:51:15.000,167,165,2,2026-06-19 08:54:06.487,171,171,0,2026-06-19 08:54:57.000,389,387,2,2026-06-19 08:54:10.583,338,338,0,2026-06-19 08:54:10.583,4,4,0,2026-06-19 08:59:20.597,310,310,0,2026-06-19 10:07:47.067,2026-06-19 10:07:47.067,0,NULL,2026-06-19 10:07:47.120,4759,4759,0,NR-No Report
26-015191,2026-06-19 08:49:45.327,25,FRI,19,8,B,DAY,EARLY,FIRE,MUTUAL GAS LEAK,1,CAD2CAD,CAD to CAD Service 1,CAD to CAD Service 1,2026-06-19 08:47:38.000,2026-06-19 08:52:18.000,2026-06-19 08:49:45.577,127,0,127,2026-06-19 08:49:45.623,0,0,0,NULL,NULL,NULL,NULL,2026-06-19 08:50:07.877,127,233,-106,2026-06-19 08:50:07.877,22,9,13,2026-06-19 08:53:09.807,182,181,1,2026-06-19 08:51:26.297,2026-06-19 09:03:52.707,0,NULL,2026-06-19 09:03:52.737,974,974,0,CAD2CAD
26-049521,2026-06-19 08:52:45.000,25,FRI,19,8,B,DAY,EARLY,POLICE,OFF DUTY DETAIL,8,OFFICER,"FERRER, DARRYL D",NULL,2026-06-19 08:52:45.000,2026-06-19 08:56:31.000,2026-06-19 08:52:45.000,0,1,-1,2026-06-19 08:52:45.000,0,0,0,2026-06-19 08:52:45.000,0,NULL,0,2026-06-19 08:52:45.000,0,0,0,2026-06-19 08:52:45.000,0,0,0,2026-06-19 08:52:45.000,0,0,0,2026-06-19 12:25:37.920,2026-06-19 12:32:10.997,0,NULL,2026-06-19 12:32:11.003,13165,13165,0,NR-No Report
26-015192,2026-06-19 08:54:10.000,25,FRI,19,8,B,DAY,EARLY,EMS,FALL BLS,3,Radio,"SMITH, TERESA","SMITH, TERESA",2026-06-19 08:54:10.000,2026-06-19 08:54:23.000,2026-06-19 08:54:10.000,0,0,0,2026-06-19 08:54:10.000,0,0,0,2026-06-19 08:54:10.000,0,0,0,2026-06-19 08:57:23.667,0,0,0,2026-06-19 08:54:10.000,0,0,0,2026-06-19 08:54:10.000,0,0,0,2026-06-19 09:10:02.537,2026-06-19 09:50:03.883,0,NULL,2026-06-19 09:50:04.027,3353,3353,0,UNDEFINED
26-015193,2026-06-19 08:57:34.000,25,FRI,19,8,B,DAY,EARLY,EMS,CHEST PAIN ALS 1,1,E-911,"WALKER, JUANITA",Automatic Dispatch,2026-06-19 08:57:34.000,2026-06-19 08:59:16.000,2026-06-19 08:58:51.000,77,77,0,2026-06-19 08:58:53.903,2,2,0,2026-06-19 09:00:36.000,182,182,0,2026-06-19 08:59:38.533,79,79,0,2026-06-19 08:59:38.533,45,44,1,2026-06-19 09:02:06.873,148,148,0,2026-06-19 09:17:27.643,2026-06-19 10:13:03.260,0,NULL,2026-06-19 10:13:03.290,4529,4529,0,UNDEFINED
26-015194,2026-06-19 09:06:07.000,25,FRI,19,9,B,DAY,EARLY,EMS,SEIZURE ALS 1,1,E-911,"GARCIA, VILMA","SMITH, TERESA",2026-06-19 09:06:06.000,2026-06-19 09:07:47.000,2026-06-19 09:07:13.000,67,66,1,2026-06-19 09:07:15.617,2,2,0,2026-06-19 09:10:36.000,270,269,1,2026-06-19 09:07:46.197,69,69,0,2026-06-19 09:07:46.197,31,30,1,2026-06-19 09:13:52.477,366,366,0,2026-06-19 09:11:40.683,2026-06-19 10:02:07.543,0,NULL,2026-06-19 10:02:07.577,3361,3361,0,UNDEFINED
26-049527,2026-06-19 09:13:08.000,25,FRI,19,9,B,DAY,EARLY,POLICE,SUSPICIOUS EVENT,2,Phone,"PEREZ, CARLOS","FOSTER, KANESHA",2026-06-19 09:13:06.000,2026-06-19 09:17:45.000,2026-06-19 09:17:40.000,274,272,2,2026-06-19 10:01:37.120,2637,2637,0,2026-06-19 09:18:31.000,325,323,2,2026-06-19 10:01:37.167,2911,2911,0,2026-06-19 10:01:37.167,0,0,0,2026-06-19 10:02:41.663,64,64,0,2026-06-19 10:05:04.287,2026-06-19 10:05:04.287,0,NULL,2026-06-19 10:05:04.460,3118,3118,0,NR-No Report
26-015195,2026-06-19 09:20:41.000,25,FRI,19,9,B,DAY,EARLY,EMS,DIABETIC EMERGENCY ALS 1,1,E-911,"PEREZ, CARLOS",Automatic Dispatch,2026-06-19 09:20:41.000,2026-06-19 09:28:45.000,2026-06-19 09:21:23.000,42,42,0,2026-06-19 09:21:25.457,2,2,0,2026-06-19 09:25:06.000,265,265,0,2026-06-19 09:22:02.377,44,44,0,2026-06-19 09:22:02.377,37,36,1,2026-06-19 09:25:31.663,209,209,0,2026-06-19 09:48:20.110,2026-06-19 10:57:43.970,0,NULL,2026-06-19 10:57:44.110,5822,5822,0,UNDEFINED
26-049528,2026-06-19 09:21:05.000,25,FRI,19,9,B,DAY,EARLY,POLICE,TRAFFIC STOP,2,OFFICER,"MCGECHEE, NICOLE",NULL,2026-06-19 09:21:05.000,2026-06-19 09:21:14.000,2026-06-19 09:21:05.000,0,1,-1,2026-06-19 09:21:05.000,0,0,0,2026-06-19 09:21:05.000,0,NULL,0,2026-06-19 09:21:05.000,0,0,0,2026-06-19 09:21:05.000,0,0,0,2026-06-19 09:21:05.000,0,0,0,2026-06-19 09:28:09.903,2026-06-19 09:28:09.903,0,NULL,2026-06-19 09:28:09.957,424,424,0,NR-No Report
26-049530,2026-06-19 09:39:32.000,25,FRI,19,9,B,DAY,EARLY,POLICE,TRAFFIC STOP,2,OFFICER,"MAYNARD, BRUCE S",NULL,2026-06-19 09:39:32.000,2026-06-19 09:39:47.000,2026-06-19 09:39:32.000,0,1,-1,2026-06-19 09:39:32.000,0,0,0,2026-06-19 09:39:32.000,0,NULL,0,2026-06-19 09:39:32.000,0,0,0,2026-06-19 09:39:32.000,0,0,0,2026-06-19 09:39:32.000,0,0,0,2026-06-19 09:47:00.337,2026-06-19 09:47:00.337,0,NULL,2026-06-19 09:47:00.383,448,448,0,CI-Citation
26-049532,2026-06-19 09:43:34.000,25,FRI,19,9,B,DAY,EARLY,POLICE,MENTAL HEALTH CASE,2,Phone,"GARCIA, VILMA","FOSTER, KANESHA",2026-06-19 09:43:32.000,2026-06-19 09:45:54.000,2026-06-19 09:45:35.000,123,121,2,2026-06-19 09:46:04.627,29,29,0,2026-06-19 09:46:48.000,196,194,2,2026-06-19 09:46:07.973,152,152,0,2026-06-19 09:46:07.973,3,3,0,2026-06-19 09:49:46.417,219,218,1,2026-06-19 09:47:29.443,2026-06-19 10:18:19.863,0,NULL,2026-06-19 10:18:19.913,2087,2087,0,NR-No Report
26-015196,2026-06-19 09:43:51.000,25,FRI,19,9,B,DAY,EARLY,FIRE,FIRE ALARM,3,Phone,"WALKER, JUANITA",Automatic Dispatch,2026-06-19 09:43:49.000,2026-06-19 09:45:03.000,2026-06-19 09:44:08.000,19,17,2,2026-06-19 09:44:10.383,2,2,0,2026-06-19 09:45:32.000,103,101,2,2026-06-19 09:45:32.847,21,21,0,2026-06-19 09:45:32.847,82,82,0,2026-06-19 09:47:53.707,141,140,1,2026-06-19 09:50:11.623,2026-06-19 09:50:11.623,0,NULL,2026-06-19 09:50:11.823,382,382,0,UNDEFINED
26-015197,2026-06-19 09:44:41.000,25,FRI,19,9,B,DAY,EARLY,EMS,ABDOMINAL PAIN BLS,3,E-911,"PEREZ, CARLOS",Automatic Dispatch,2026-06-19 09:44:41.000,2026-06-19 09:46:12.000,2026-06-19 09:45:29.000,48,48,0,2026-06-19 09:45:31.273,2,2,0,2026-06-19 09:52:33.000,472,472,0,2026-06-19 09:46:13.843,50,50,0,2026-06-19 09:46:13.843,42,42,0,2026-06-19 09:54:34.600,501,500,1,2026-06-19 10:52:21.630,2026-06-19 10:52:21.630,0,NULL,2026-06-19 10:52:21.683,4060,4060,0,UNDEFINED
26-049533,2026-06-19 09:45:22.000,25,FRI,19,9,B,DAY,EARLY,POLICE,PROPERTY LOST,4,Phone,"MCLEOD, DOUGLAS",NULL,2026-06-19 09:45:20.000,2026-06-19 09:54:53.000,2026-06-19 09:50:34.000,314,312,2,2026-06-19 12:16:01.040,8727,8727,0,2026-06-19 09:51:04.000,344,342,2,2026-06-19 12:16:07.027,9041,9041,0,2026-06-19 12:16:07.027,6,5,1,2026-06-19 12:27:10.307,663,663,0,NULL,2026-06-19 15:28:52.000,0,NULL,NULL,20612,20612,0,RE-Report
26-049534,2026-06-19 09:54:03.000,25,FRI,19,9,B,DAY,EARLY,POLICE,TRAFFIC STOP,2,OFFICER,"PORTILLO, OSCAR E.",NULL,2026-06-19 09:54:03.000,NULL,2026-06-19 09:54:03.000,0,1,-1,2026-06-19 09:54:03.000,0,0,0,2026-06-19 09:54:03.000,0,NULL,0,2026-06-19 09:54:03.000,0,0,0,2026-06-19 09:54:03.000,0,0,0,2026-06-19 09:54:03.000,0,0,0,2026-06-19 10:02:48.533,2026-06-19 10:02:48.533,0,NULL,2026-06-19 10:02:48.570,525,525,0,NR-No Report
26-049537,2026-06-19 09:59:10.000,25,FRI,19,9,B,DAY,EARLY,POLICE,TRAFFIC STOP,2,OFFICER,"MAYNARD, BRUCE S",NULL,2026-06-19 09:59:10.000,NULL,2026-06-19 09:59:10.000,0,1,-1,2026-06-19 09:59:10.000,0,0,0,2026-06-19 09:59:10.000,0,NULL,0,2026-06-19 09:59:10.000,0,0,0,2026-06-19 09:59:10.000,0,0,0,2026-06-19 09:59:10.000,0,0,0,2026-06-19 10:06:19.947,2026-06-19 10:06:19.947,0,NULL,2026-06-19 10:06:20.100,429,429,0,CI-Citation
26-049538,2026-06-19 10:00:16.000,25,FRI,19,10,B,DAY,MIDS,POLICE,ASSIST CITIZEN DELAY,4,Phone,"PEREZ, CARLOS","FOSTER, KANESHA",2026-06-19 10:00:14.000,2026-06-19 10:08:12.000,2026-06-19 10:01:21.000,67,65,2,2026-06-19 10:24:44.493,1403,1403,0,2026-06-19 10:01:32.000,78,76,2,2026-06-19 10:24:47.357,1470,1470,0,2026-06-19 10:24:47.357,3,2,1,2026-06-19 10:28:50.473,243,243,0,2026-06-19 10:33:53.520,2026-06-19 10:33:57.207,0,NULL,2026-06-19 10:33:57.283,2023,2023,0,NR-No Report
26-049541,2026-06-19 10:12:03.000,25,FRI,19,10,B,DAY,MIDS,POLICE,TRAFFIC STOP,2,OFFICER,"MAYNARD, BRUCE S",NULL,2026-06-19 10:12:03.000,2026-06-19 10:15:56.000,2026-06-19 10:12:03.000,0,1,-1,2026-06-19 10:12:03.000,0,0,0,2026-06-19 10:12:03.000,0,NULL,0,2026-06-19 10:12:03.000,0,0,0,2026-06-19 10:12:03.000,0,0,0,2026-06-19 10:12:03.000,0,0,0,2026-06-19 10:20:29.663,2026-06-19 10:20:29.643,0,NULL,2026-06-19 10:20:29.643,506,506,0,CI-Citation
26-015198,2026-06-19 10:15:30.000,25,FRI,19,10,B,DAY,MIDS,FIRE,FIRE ALARM,3,Phone,"PEREZ, CARLOS",Automatic Dispatch,2026-06-19 10:15:28.000,2026-06-19 10:22:07.000,2026-06-19 10:16:10.000,42,40,2,2026-06-19 10:16:12.370,2,2,0,2026-06-19 10:19:06.000,218,216,2,2026-06-19 10:17:18.350,44,44,0,2026-06-19 10:17:18.350,66,65,1,2026-06-19 10:22:20.503,302,302,0,2026-06-19 10:36:30.810,2026-06-19 10:36:30.810,0,NULL,2026-06-19 10:36:30.897,1262,1262,0,UNDEFINED
26-049542,2026-06-19 10:19:13.000,25,FRI,19,10,B,DAY,MIDS,POLICE,MENTAL HEALTH CASE,2,Phone,"WALKER, JUANITA","FOSTER, KANESHA",2026-06-19 10:19:11.000,2026-06-19 10:22:48.000,2026-06-19 10:21:05.000,114,112,2,2026-06-19 10:23:47.297,162,162,0,2026-06-19 10:25:17.000,366,364,2,2026-06-19 10:23:51.867,276,276,0,2026-06-19 10:23:51.867,4,4,0,2026-06-19 10:29:32.160,341,340,1,2026-06-19 12:05:12.713,2026-06-19 12:15:55.013,0,NULL,2026-06-19 12:15:55.113,7004,7004,0,NR-No Report
26-049544,2026-06-19 10:27:01.000,25,FRI,19,10,B,DAY,MIDS,POLICE,FLAG DOWN,2,OFFICER,"MCGECHEE, NICOLE",NULL,2026-06-19 10:27:01.000,2026-06-19 10:27:18.000,2026-06-19 10:27:01.000,0,1,-1,2026-06-19 10:27:01.000,0,0,0,2026-06-19 10:27:01.000,0,NULL,0,2026-06-19 10:27:01.000,0,0,0,2026-06-19 10:27:01.000,0,0,0,2026-06-19 10:27:01.000,0,0,0,NULL,2026-06-19 10:27:28.000,0,NULL,NULL,27,27,0,NR-No Report
26-015199,2026-06-19 10:29:47.000,25,FRI,19,10,B,DAY,MIDS,EMS,PUBLIC SERVICE EMS,2,E-911,"GARCIA, VILMA","GOODWIN, SHEENA",2026-06-19 10:29:47.000,2026-06-19 10:32:12.000,2026-06-19 10:31:22.000,95,95,0,2026-06-19 10:31:24.213,2,2,0,2026-06-19 10:32:01.000,134,134,0,2026-06-19 10:32:23.187,97,97,0,2026-06-19 10:32:23.187,59,58,1,2026-06-19 10:42:48.177,625,624,1,2026-06-19 11:00:56.407,2026-06-19 11:03:00.683,0,NULL,2026-06-19 11:03:00.687,1993,1993,0,UNDEFINED
26-015200,2026-06-19 10:32:31.323,25,FRI,19,10,B,DAY,MIDS,EMS,BLS EMERGENCY,3,Radio,"FOSTER, KANESHA","SMITH, TERESA",2026-06-19 10:32:31.323,2026-06-19 10:34:49.487,2026-06-19 10:32:31.323,0,0,0,2026-06-19 10:32:33.383,2,2,0,2026-06-19 10:32:31.323,0,NULL,0,2026-06-19 10:33:18.750,2,2,0,2026-06-19 10:33:18.750,45,45,0,2026-06-19 10:34:56.520,98,97,1,2026-06-19 10:50:14.323,2026-06-19 12:12:42.797,0,NULL,2026-06-19 12:12:42.887,6011,6011,0,UNDEFINED
26-015201,2026-06-19 10:33:42.000,25,FRI,19,10,B,DAY,MIDS,EMS,DIABETIC EMERGENCY ALS 1,1,E-911,"PEREZ, CARLOS",Automatic Dispatch,2026-06-19 10:33:41.000,2026-06-19 10:36:58.000,2026-06-19 10:34:54.000,73,72,1,2026-06-19 10:34:56.693,2,2,0,2026-06-19 10:37:01.000,200,199,1,2026-06-19 10:36:07.070,75,75,0,2026-06-19 10:36:07.070,71,70,1,2026-06-19 10:38:23.040,136,135,1,2026-06-19 10:55:51.573,2026-06-19 11:40:32.913,0,NULL,2026-06-19 11:40:33.070,4011,4011,0,UNDEFINED
26-049545,2026-06-19 10:35:47.000,25,FRI,19,10,B,DAY,MIDS,POLICE,DISABLED MOTORIST,2,E-911,"WALKER, JUANITA","FOSTER, KANESHA",2026-06-19 10:35:47.000,2026-06-19 10:36:37.000,2026-06-19 10:36:32.000,45,45,0,2026-06-19 10:36:41.493,9,9,0,2026-06-19 10:37:15.000,88,88,0,2026-06-19 10:36:43.647,54,54,0,2026-06-19 10:36:43.647,2,2,0,2026-06-19 10:42:26.830,343,343,0,2026-06-19 11:49:13.627,2026-06-19 11:49:13.627,0,NULL,2026-06-19 11:49:13.683,4406,4406,0,NR-No Report
26-015202,2026-06-19 10:36:25.000,25,FRI,19,10,B,DAY,MIDS,EMS,TROUBLE BREATHING ALS 1,1,E-911,"GARCIA, VILMA",Automatic Dispatch,2026-06-19 10:36:25.000,2026-06-19 10:38:26.000,2026-06-19 10:36:58.000,33,33,0,2026-06-19 10:36:59.943,1,1,0,2026-06-19 10:38:55.000,150,150,0,2026-06-19 10:37:46.260,34,34,0,2026-06-19 10:37:46.260,47,46,1,2026-06-19 10:40:05.543,139,139,0,2026-06-19 11:08:37.833,2026-06-19 11:23:35.893,0,NULL,2026-06-19 11:23:36.167,2830,2830,0,UNDEFINED
26-049546,2026-06-19 10:37:46.000,25,FRI,19,10,B,DAY,MIDS,POLICE,ASSIST CITIZEN PROMPT,3,E-911,"WALKER, JUANITA","FOSTER, KANESHA",2026-06-19 10:37:46.000,2026-06-19 10:40:18.000,2026-06-19 10:40:12.000,146,146,0,2026-06-19 11:49:48.460,4176,4176,0,2026-06-19 10:40:13.000,147,147,0,2026-06-19 11:49:49.987,4322,4322,0,2026-06-19 11:49:49.987,1,1,0,2026-06-19 12:01:07.507,678,677,1,2026-06-19 12:35:41.583,2026-06-19 12:41:05.773,0,NULL,2026-06-19 12:41:05.833,7399,7399,0,NR-No Report
26-049548,2026-06-19 10:44:03.000,25,FRI,19,10,B,DAY,MIDS,POLICE,POLICE INFORMATION,1,E-911,"WALKER, JUANITA",NULL,2026-06-19 10:44:03.000,2026-06-19 10:46:59.000,2026-06-19 10:46:52.000,169,169,0,2026-06-19 10:47:11.570,19,19,0,2026-06-19 10:52:37.000,514,514,0,2026-06-19 10:47:14.720,188,188,0,2026-06-19 10:47:14.720,3,3,0,2026-06-19 10:49:38.267,144,143,1,2026-06-19 11:06:41.297,2026-06-19 13:52:27.777,0,NULL,2026-06-19 13:52:27.833,11304,11304,0,RE-Report
26-049547,2026-06-19 10:44:57.000,25,FRI,19,10,B,DAY,MIDS,POLICE,DISORDERLY CONDUCT,2,E-911,"PEREZ, CARLOS","FOSTER, KANESHA",2026-06-19 10:44:56.000,2026-06-19 10:52:27.000,2026-06-19 10:46:41.000,105,104,1,2026-06-19 10:54:13.917,452,452,0,2026-06-19 10:47:40.000,164,163,1,2026-06-19 10:54:19.913,557,557,0,2026-06-19 10:54:19.913,6,5,1,2026-06-19 10:56:30.530,131,130,1,2026-06-19 11:00:59.527,2026-06-19 11:01:26.317,0,NULL,2026-06-19 11:01:26.370,990,990,0,NR-No Report
26-049551,2026-06-19 10:54:33.000,25,FRI,19,10,B,DAY,MIDS,POLICE,ANIMAL WILDLIFE,3,Phone,"SMITH, TERESA","FOSTER, KANESHA",2026-06-19 10:54:32.000,2026-06-19 10:56:22.000,2026-06-19 10:55:20.000,48,47,1,2026-06-19 11:16:04.697,1244,1244,0,2026-06-19 10:55:52.000,80,79,1,2026-06-19 11:16:04.740,1292,1292,0,2026-06-19 11:16:04.740,0,0,0,NULL,NULL,-9999,NULL,NULL,2026-06-19 11:18:31.000,0,NULL,NULL,1439,1439,0,ACOR-Animal Control Report
26-049552,2026-06-19 10:57:21.000,25,FRI,19,10,B,DAY,MIDS,POLICE,TRAFFIC STOP,2,OFFICER,"MAYNARD, BRUCE S",NULL,2026-06-19 10:57:21.000,NULL,2026-06-19 10:57:21.000,0,1,-1,2026-06-19 10:57:21.000,0,0,0,2026-06-19 10:57:21.000,0,NULL,0,2026-06-19 10:57:21.000,0,0,0,2026-06-19 10:57:21.000,0,0,0,2026-06-19 10:57:21.000,0,0,0,2026-06-19 11:06:05.677,2026-06-19 11:06:05.677,0,NULL,2026-06-19 11:06:05.733,524,524,0,CI-Citation
26-049553,2026-06-19 10:57:50.000,25,FRI,19,10,B,DAY,MIDS,POLICE,LARCENY COMMERCIAL DELAY,4,Phone,"PEREZ, CARLOS","WALKER, JUANITA",2026-06-19 10:57:48.000,2026-06-19 11:13:17.000,2026-06-19 10:59:35.000,107,105,2,2026-06-19 12:02:40.147,3785,3785,0,2026-06-19 10:59:37.000,109,107,2,2026-06-19 12:02:42.580,3892,3892,0,2026-06-19 12:02:42.580,2,2,0,2026-06-19 12:18:07.233,925,924,1,2026-06-19 15:18:50.443,2026-06-19 15:18:50.443,0,NULL,2026-06-19 15:18:50.540,15662,15662,0,RE-Report
26-049558,2026-06-19 11:16:10.000,25,FRI,19,11,B,DAY,MIDS,POLICE,LARCENY COMM IN PROG,2,Phone,"PEREZ, CARLOS",NULL,2026-06-19 11:16:08.000,2026-06-19 11:20:19.000,2026-06-19 11:17:28.000,80,78,2,2026-06-19 11:20:41.517,193,193,0,2026-06-19 11:19:04.000,176,174,2,2026-06-19 11:20:41.570,273,273,0,2026-06-19 11:20:41.570,0,0,0,2026-06-19 11:20:42.980,1,1,0,2026-06-19 16:59:11.190,2026-06-19 16:59:11.190,0,NULL,2026-06-19 16:59:11.310,20583,20583,0,RE-Report
26-049560,2026-06-19 11:22:05.000,25,FRI,19,11,B,DAY,MIDS,POLICE,PUBLIC SERVICE MULTI OFFICER,2,Phone,"WALKER, JUANITA",NULL,2026-06-19 11:22:03.000,2026-06-19 11:27:59.000,2026-06-19 11:25:35.000,212,210,2,2026-06-19 11:44:57.763,1162,1162,0,2026-06-19 11:25:44.000,221,219,2,2026-06-19 11:44:57.763,1374,1374,0,2026-06-19 11:44:57.763,0,-9999,9999,2026-06-19 12:03:34.557,1117,1116,1,2026-06-19 12:14:53.833,2026-06-19 12:14:53.833,0,NULL,2026-06-19 12:14:53.863,3170,3170,0,NR-No Report
26-049559,2026-06-19 11:24:46.000,25,FRI,19,11,B,DAY,MIDS,POLICE,MVC PROPERTY DAMAGE,2,E-911,"GARCIA, VILMA","FOSTER, KANESHA",2026-06-19 11:24:45.000,2026-06-19 11:25:37.000,2026-06-19 11:25:08.000,23,22,1,2026-06-19 11:25:41.373,33,33,0,2026-06-19 11:27:01.000,136,135,1,2026-06-19 11:25:47.380,56,56,0,2026-06-19 11:25:47.380,6,6,0,2026-06-19 11:30:26.277,279,278,1,2026-06-19 11:43:01.407,2026-06-19 11:43:01.407,0,NULL,2026-06-19 11:43:01.447,1096,1096,0,NR-No Report
26-049565,2026-06-19 11:34:19.000,25,FRI,19,11,B,DAY,MIDS,POLICE,TRAFFIC STOP,2,OFFICER,"MAYNARD, BRUCE S",NULL,2026-06-19 11:34:19.000,NULL,2026-06-19 11:34:19.000,0,0,0,2026-06-19 11:34:19.000,0,0,0,2026-06-19 11:34:19.000,0,NULL,0,2026-06-19 11:34:19.000,0,0,0,2026-06-19 11:34:19.000,0,0,0,2026-06-19 11:34:19.000,0,0,0,2026-06-19 11:43:42.350,2026-06-19 11:43:42.350,0,NULL,2026-06-19 11:43:42.417,563,563,0,NR-No Report
26-015204,2026-06-19 11:39:44.000,25,FRI,19,11,B,DAY,MIDS,EMS,BLS EMERGENCY,3,E-911,"SMITH, TERESA",Automatic Dispatch,2026-06-19 11:39:44.000,2026-06-19 11:41:02.000,2026-06-19 11:40:25.000,41,41,0,2026-06-19 11:40:27.943,2,2,0,2026-06-19 11:42:44.000,180,180,0,2026-06-19 11:41:01.670,43,43,0,2026-06-19 11:41:01.670,34,33,1,2026-06-19 11:59:32.307,1111,1110,1,2026-06-19 12:45:40.117,2026-06-19 12:45:40.117,0,NULL,2026-06-19 12:45:40.210,3956,3956,0,UNDEFINED
26-015205,2026-06-19 11:50:09.000,25,FRI,19,11,B,DAY,MIDS,FIRE,FIRE ALARM,3,Phone,"SMITH, TERESA",Automatic Dispatch,2026-06-19 11:50:07.000,2026-06-19 11:50:53.000,2026-06-19 11:50:35.000,28,26,2,2026-06-19 11:50:37.317,2,2,0,2026-06-19 11:52:36.000,149,147,2,2026-06-19 11:52:17.250,30,30,0,2026-06-19 11:52:17.250,100,99,1,2026-06-19 11:55:45.543,208,208,0,2026-06-19 12:01:53.453,2026-06-19 12:01:53.453,0,NULL,2026-06-19 12:01:53.770,706,706,0,UNDEFINED
26-015206,2026-06-19 11:54:08.000,25,FRI,19,11,B,DAY,MIDS,EMS,FACILITY BLS,3,E-911,"PEREZ, CARLOS",Automatic Dispatch,2026-06-19 11:54:08.000,2026-06-19 11:56:40.000,2026-06-19 11:55:33.000,85,85,0,2026-06-19 11:55:36.123,3,3,0,2026-06-19 11:57:37.000,209,209,0,2026-06-19 11:56:15.533,88,88,0,2026-06-19 11:56:15.533,39,39,0,2026-06-19 12:03:41.163,446,445,1,2026-06-19 12:26:52.577,2026-06-19 13:36:11.040,0,NULL,2026-06-19 13:36:11.227,6123,6123,0,UNDEFINED
26-049573,2026-06-19 11:59:26.000,25,FRI,19,11,B,DAY,MIDS,POLICE,TRAFFIC STOP,2,OFFICER,"MAYNARD, BRUCE S",NULL,2026-06-19 11:59:26.000,2026-06-19 11:59:46.000,2026-06-19 11:59:26.000,0,1,-1,2026-06-19 11:59:26.000,0,0,0,2026-06-19 11:59:26.000,0,NULL,0,2026-06-19 11:59:26.000,0,0,0,2026-06-19 11:59:26.000,0,0,0,2026-06-19 11:59:26.000,0,0,0,2026-06-19 12:08:19.870,2026-06-19 12:08:19.870,0,NULL,2026-06-19 12:08:19.890,533,533,0,NR-No Report
26-049574,2026-06-19 12:00:47.000,25,FRI,19,12,B,DAY,MIDS,POLICE,OFF DUTY DETAIL,8,OFFICER,"WALL, RACHEL L",NULL,2026-06-19 12:00:47.000,2026-06-19 17:25:53.000,2026-06-19 12:00:47.000,0,0,0,2026-06-19 12:00:47.000,0,0,0,2026-06-19 12:00:47.000,0,NULL,0,2026-06-19 12:00:47.000,0,0,0,2026-06-19 12:00:47.000,0,0,0,2026-06-19 12:00:47.000,0,0,0,2026-06-19 19:13:16.360,2026-06-19 19:13:16.360,0,NULL,2026-06-19 19:13:16.373,25949,25949,0,NR-No Report
26-015207,2026-06-19 12:03:12.000,25,FRI,19,12,B,DAY,MIDS,EMS,TROUBLE BREATHING ALS 1,1,E-911,"SMITH, TERESA",Automatic Dispatch,2026-06-19 12:03:12.000,2026-06-19 12:04:07.000,2026-06-19 12:03:50.000,38,38,0,2026-06-19 12:03:53.033,3,3,0,2026-06-19 12:07:35.000,263,263,0,2026-06-19 12:04:00.527,41,41,0,2026-06-19 12:04:00.527,7,7,0,2026-06-19 12:16:55.487,775,774,1,2026-06-19 12:17:55.760,2026-06-19 13:37:03.003,0,NULL,2026-06-19 13:37:03.070,5631,5631,0,UNDEFINED
26-015208,2026-06-19 12:04:27.000,25,FRI,19,12,B,DAY,MIDS,EMS,PUBLIC SERVICE EMS,1,E-911,"GARCIA, VILMA","GOODWIN, SHEENA",2026-06-19 12:04:26.000,2026-06-19 12:05:27.000,2026-06-19 12:05:17.000,51,50,1,2026-06-19 12:05:19.610,2,2,0,2026-06-19 12:06:03.000,97,96,1,2026-06-19 12:06:05.740,53,53,0,2026-06-19 12:06:05.740,46,46,0,2026-06-19 12:14:24.253,499,498,1,2026-06-19 12:42:33.403,2026-06-19 13:49:59.557,0,NULL,2026-06-19 13:49:59.617,6333,6333,0,UNDEFINED
26-049577,2026-06-19 12:06:29.000,25,FRI,19,12,B,DAY,MIDS,POLICE,MVC PROPERTY DAMAGE,2,Phone,"GARCIA, VILMA","WALKER, JUANITA",2026-06-19 12:06:28.000,2026-06-19 12:08:04.000,2026-06-19 12:07:08.000,40,39,1,2026-06-19 12:10:27.613,199,199,0,2026-06-19 12:09:31.000,183,182,1,2026-06-19 12:10:55.750,239,239,0,2026-06-19 12:10:55.750,28,28,0,2026-06-19 12:21:16.917,621,621,0,2026-06-19 12:57:42.563,2026-06-19 12:57:42.563,0,NULL,2026-06-19 12:57:42.627,3074,3074,0,NR-No Report
26-049578,2026-06-19 12:07:58.000,25,FRI,19,12,B,DAY,MIDS,POLICE,PARKING COMPLAINT,3,Phone,"PEREZ, CARLOS","WALKER, JUANITA",2026-06-19 12:07:56.000,2026-06-19 12:13:40.000,2026-06-19 12:08:59.000,63,61,2,2026-06-19 12:15:12.197,373,373,0,2026-06-19 12:09:04.000,68,66,2,2026-06-19 12:15:19.067,436,436,0,2026-06-19 12:15:19.067,7,6,1,2026-06-19 12:28:11.377,772,772,0,2026-06-19 12:35:18.150,2026-06-19 12:35:18.150,0,NULL,2026-06-19 12:35:18.170,1642,1642,0,NR-No Report
26-049580,2026-06-19 12:20:20.000,25,FRI,19,12,B,DAY,MIDS,POLICE,TRAFFIC STOP,2,OFFICER,"MAYNARD, BRUCE S",NULL,2026-06-19 12:20:20.000,2026-06-19 12:20:45.000,2026-06-19 12:20:20.000,0,1,-1,2026-06-19 12:20:20.000,0,0,0,2026-06-19 12:20:20.000,0,NULL,0,2026-06-19 12:20:20.000,0,0,0,2026-06-19 12:20:20.000,0,0,0,2026-06-19 12:20:20.000,0,0,0,2026-06-19 12:29:32.250,2026-06-19 12:29:32.250,0,NULL,2026-06-19 12:29:32.283,552,552,0,CI-Citation
26-049582,2026-06-19 12:21:34.000,25,FRI,19,12,B,DAY,MIDS,POLICE,DISORDERLY CONDUCT,2,E-911,"FOSTER, KANESHA","WALKER, JUANITA",2026-06-19 12:21:33.000,2026-06-19 12:22:40.000,2026-06-19 12:22:34.000,61,60,1,2026-06-19 12:25:14.237,160,160,0,2026-06-19 12:23:45.000,132,131,1,2026-06-19 12:25:17.643,221,221,0,2026-06-19 12:25:17.643,3,3,0,NULL,NULL,-9999,NULL,2026-06-19 12:25:45.660,2026-06-19 12:26:52.000,0,NULL,NULL,319,319,0,NR-No Report
26-049584,2026-06-19 12:25:58.000,25,FRI,19,12,B,DAY,MIDS,POLICE,MVC PROPERTY DAMAGE,2,E-911,"FOSTER, KANESHA","WALKER, JUANITA",2026-06-19 12:25:57.000,2026-06-19 12:27:19.000,2026-06-19 12:26:52.000,55,54,1,2026-06-19 12:33:19.383,387,387,0,2026-06-19 12:28:31.000,154,153,1,2026-06-19 12:33:28.467,442,442,0,2026-06-19 12:33:28.467,9,9,0,2026-06-19 12:37:29.000,241,240,1,2026-06-19 12:56:19.210,2026-06-19 12:56:19.210,0,NULL,2026-06-19 12:56:19.383,1822,1822,0,NR-No Report
26-049585,2026-06-19 12:30:41.000,25,FRI,19,12,B,DAY,MIDS,POLICE,ADMINISTRATIVE TASK,2,Phone,"WALKER, JUANITA","WALKER, JUANITA",2026-06-19 12:30:39.000,2026-06-19 12:35:37.000,2026-06-19 12:33:27.000,168,166,2,2026-06-19 12:35:46.750,139,139,0,2026-06-19 12:33:38.000,179,177,2,2026-06-19 12:35:49.787,307,307,0,2026-06-19 12:35:49.787,3,3,0,2026-06-19 12:43:20.473,451,450,1,2026-06-19 13:49:37.663,2026-06-19 13:49:37.663,0,NULL,2026-06-19 13:49:37.723,4738,4738,0,NR-No Report
26-015209,2026-06-19 12:33:14.000,25,FRI,19,12,B,DAY,MIDS,EMS,MUTUAL ALS,1,Phone,"GOODWIN, SHEENA","GOODWIN, SHEENA",2026-06-19 12:33:12.000,2026-06-19 12:34:13.597,2026-06-19 12:34:06.000,54,52,2,2026-06-19 12:34:13.523,7,7,0,2026-06-19 12:35:09.000,117,115,2,2026-06-19 12:35:26.317,61,61,0,2026-06-19 12:35:26.317,73,72,1,NULL,NULL,-9999,NULL,2026-06-19 12:44:12.753,2026-06-19 12:44:12.753,0,NULL,2026-06-19 12:44:13.043,660,660,0,UNDEFINED
26-015210,2026-06-19 12:36:15.000,25,FRI,19,12,B,DAY,MIDS,EMS,ABDOMINAL PAIN BLS,3,E-911,"PEREZ, CARLOS",Automatic Dispatch,2026-06-19 12:36:15.000,2026-06-19 12:38:26.000,2026-06-19 12:36:53.000,38,38,0,2026-06-19 12:36:55.780,2,2,0,2026-06-19 12:38:40.000,145,145,0,2026-06-19 12:37:59.067,40,40,0,2026-06-19 12:37:59.067,64,63,1,2026-06-19 12:43:23.187,324,324,0,2026-06-19 12:58:29.960,2026-06-19 14:09:46.173,0,NULL,2026-06-19 14:09:46.253,5611,5611,0,UNDEFINED
26-015211,2026-06-19 12:37:00.000,25,FRI,19,12,B,DAY,MIDS,FIRE,FIRE ALARM,3,Phone,"FOSTER, KANESHA",Automatic Dispatch,2026-06-19 12:36:59.000,2026-06-19 12:38:47.000,2026-06-19 12:37:27.000,28,27,1,2026-06-19 12:37:28.893,1,1,0,2026-06-19 12:38:48.000,109,108,1,2026-06-19 12:38:35.317,29,29,0,2026-06-19 12:38:35.317,67,66,1,NULL,NULL,-9999,NULL,2026-06-19 12:42:17.777,2026-06-19 12:42:17.777,0,NULL,2026-06-19 12:42:17.823,318,318,0,UNDEFINED
26-049586,2026-06-19 12:39:14.000,25,FRI,19,12,B,DAY,MIDS,POLICE,PARKING COMPLAINT,3,Phone,"SMITH, TERESA","SMITH, TERESA",2026-06-19 12:39:12.000,2026-06-19 12:40:43.000,2026-06-19 12:39:50.000,38,36,2,2026-06-19 14:09:24.657,5374,5374,0,2026-06-19 12:41:04.000,112,110,2,2026-06-19 14:09:39.667,5412,5412,0,2026-06-19 14:09:39.667,15,15,0,2026-06-19 14:18:56.767,557,557,0,2026-06-19 15:17:00.773,2026-06-19 15:17:00.773,0,NULL,2026-06-19 15:17:00.990,9468,9468,0,NR-No Report
26-049588,2026-06-19 12:44:30.000,25,FRI,19,12,B,DAY,MIDS,POLICE,TRAFFIC STOP,2,OFFICER,"MAYNARD, BRUCE S",NULL,2026-06-19 12:44:30.000,2026-06-19 12:44:50.000,2026-06-19 12:44:30.000,0,0,0,2026-06-19 12:44:30.000,0,0,0,2026-06-19 12:44:30.000,0,NULL,0,2026-06-19 12:44:30.000,0,0,0,2026-06-19 12:44:30.000,0,0,0,2026-06-19 12:44:30.000,0,0,0,2026-06-19 12:51:28.287,2026-06-19 12:51:28.287,0,NULL,2026-06-19 12:51:28.667,418,418,0,CI-Citation
26-015212,2026-06-19 12:53:05.000,25,FRI,19,12,B,DAY,MIDS,EMS,ALTERED LOC ALS 1,1,E-911,"ANDERSON, MARILYN",Automatic Dispatch,2026-06-19 12:53:05.000,2026-06-19 12:55:25.000,2026-06-19 12:54:16.000,71,71,0,2026-06-19 12:54:18.927,2,2,0,2026-06-19 12:56:48.000,223,223,0,2026-06-19 12:54:35.557,73,73,0,2026-06-19 12:54:35.557,17,16,1,2026-06-19 12:58:10.917,215,215,0,2026-06-19 13:28:00.140,2026-06-19 14:05:57.023,0,NULL,2026-06-19 14:05:57.087,4372,4372,0,UNDEFINED
26-049589,2026-06-19 12:56:21.863,25,FRI,19,12,B,DAY,MIDS,POLICE,ASSIST FIRE - IMMEDIATE,2,NOT CAPTURED,"SMITH, TERESA","WALKER, JUANITA",2026-06-19 12:56:21.863,2026-06-19 12:57:58.247,2026-06-19 12:56:21.863,0,0,0,2026-06-19 12:57:58.207,97,96,1,2026-06-19 12:56:21.863,0,NULL,0,2026-06-19 12:58:00.587,97,96,1,2026-06-19 12:58:00.587,2,2,0,2026-06-19 13:01:29.033,209,208,1,2026-06-19 14:56:00.350,2026-06-19 15:46:47.747,0,NULL,2026-06-19 15:46:47.793,10226,10225,1,NR-No Report
26-015213,2026-06-19 12:59:35.000,25,FRI,19,12,B,DAY,MIDS,EMS,BLS EMERGENCY,3,E-911,"FOSTER, KANESHA",Automatic Dispatch,2026-06-19 12:59:35.000,2026-06-19 13:01:12.000,2026-06-19 13:00:30.000,55,55,0,2026-06-19 13:00:32.393,2,2,0,2026-06-19 13:01:45.000,130,130,0,2026-06-19 13:01:14.923,57,57,0,2026-06-19 13:01:14.923,42,42,0,NULL,NULL,-9999,NULL,2026-06-19 13:03:06.673,2026-06-19 13:03:06.673,0,NULL,2026-06-19 13:03:06.733,211,211,0,UNDEFINED
26-049591,2026-06-19 13:04:41.000,25,FRI,19,13,B,DAY,MIDS,POLICE,TRAFFIC STOP,2,OFFICER,"PORTILLO, OSCAR E.",NULL,2026-06-19 13:04:41.000,2026-06-19 13:05:27.000,2026-06-19 13:04:41.000,0,1,-1,2026-06-19 13:04:41.000,0,0,0,2026-06-19 13:04:41.000,0,NULL,0,2026-06-19 13:04:41.000,0,0,0,2026-06-19 13:04:41.000,0,0,0,2026-06-19 13:04:41.000,0,0,0,2026-06-19 13:06:18.447,2026-06-19 13:11:04.950,0,NULL,2026-06-19 13:11:05.037,383,383,0,NR-No Report
26-049592,2026-06-19 13:11:12.000,25,FRI,19,13,B,DAY,MIDS,POLICE,TRAFFIC STOP,2,OFFICER,"MAYNARD, BRUCE S",NULL,2026-06-19 13:11:12.000,2026-06-19 13:11:28.000,2026-06-19 13:11:12.000,0,1,-1,2026-06-19 13:11:12.000,0,0,0,2026-06-19 13:11:12.000,0,NULL,0,2026-06-19 13:11:12.000,0,0,0,2026-06-19 13:11:12.000,0,0,0,2026-06-19 13:11:12.000,0,0,0,2026-06-19 13:19:01.267,2026-06-19 13:19:01.267,0,NULL,2026-06-19 13:19:01.290,469,469,0,CI-Citation
26-049594,2026-06-19 13:15:19.000,25,FRI,19,13,B,DAY,MIDS,POLICE,DEST OF PROP VEH IN PROG,2,E-911,"FOSTER, KANESHA",NULL,2026-06-19 13:15:17.000,2026-06-19 13:35:52.000,2026-06-19 13:18:41.000,204,202,2,2026-06-19 15:36:59.337,8298,8298,0,2026-06-19 13:18:44.000,207,205,2,2026-06-19 15:37:06.627,8502,8502,0,2026-06-19 15:37:06.627,7,7,0,2026-06-19 15:57:22.113,1216,1215,1,2026-06-19 21:12:03.460,2026-06-19 21:12:03.460,0,NULL,2026-06-19 21:12:03.517,28606,28606,0,RE-Report
26-049595,2026-06-19 13:16:36.000,25,FRI,19,13,B,DAY,MIDS,POLICE,WALK IN HQ LOBBY,3,Phone,"GARCIA, VILMA","WALKER, JUANITA",2026-06-19 13:16:34.000,2026-06-19 13:20:20.000,2026-06-19 13:19:57.000,203,201,2,2026-06-19 13:20:35.607,38,38,0,2026-06-19 13:20:19.000,225,223,2,2026-06-19 13:20:41.520,241,241,0,2026-06-19 13:20:41.520,6,5,1,NULL,NULL,-9999,NULL,2026-06-19 14:56:29.233,2026-06-19 14:56:29.233,0,NULL,2026-06-19 14:56:29.290,5995,5995,0,RE-Report
26-015214,2026-06-19 13:22:50.000,25,FRI,19,13,B,DAY,MIDS,EMS,TROUBLE BREATHING ALS 1,1,E-911,"ANDERSON, MARILYN",Automatic Dispatch,2026-06-19 13:22:48.000,2026-06-19 13:24:17.000,2026-06-19 13:23:43.000,55,53,2,2026-06-19 13:23:45.130,2,2,0,2026-06-19 13:25:36.000,168,166,2,2026-06-19 13:24:46.650,57,57,0,2026-06-19 13:24:46.650,61,61,0,2026-06-19 13:29:29.793,283,283,0,2026-06-19 13:47:14.830,2026-06-19 15:12:09.813,0,NULL,2026-06-19 15:12:09.937,6561,6561,0,UNDEFINED
26-049598,2026-06-19 13:31:24.000,25,FRI,19,13,B,DAY,MIDS,POLICE,POLICE INFORMATION,4,E-911,"GARCIA, VILMA","WALKER, JUANITA",2026-06-19 13:31:24.000,2026-06-19 13:32:53.000,2026-06-19 13:32:43.000,79,79,0,2026-06-19 13:35:06.987,143,143,0,2026-06-19 13:34:40.000,196,196,0,2026-06-19 13:35:10.053,222,222,0,2026-06-19 13:35:10.053,4,3,1,2026-06-19 13:38:27.770,197,197,0,2026-06-19 14:07:41.917,2026-06-19 15:19:25.860,0,NULL,2026-06-19 15:19:25.897,6481,6481,0,RE-Report
26-015215,2026-06-19 13:34:23.000,25,FRI,19,13,B,DAY,MIDS,EMS,CHEST PAIN ALS 1,1,E-911,"ANDERSON, MARILYN","GOODWIN, SHEENA",2026-06-19 13:34:21.000,2026-06-19 13:35:46.000,2026-06-19 13:35:16.000,55,53,2,2026-06-19 13:35:18.400,2,2,0,2026-06-19 13:38:00.000,219,217,2,2026-06-19 13:35:27.420,57,57,0,2026-06-19 13:35:27.420,9,9,0,2026-06-19 13:40:20.867,293,293,0,2026-06-19 13:38:41.680,2026-06-19 14:51:19.660,0,NULL,2026-06-19 14:51:19.703,4618,4618,0,UNDEFINED
26-015216,2026-06-19 13:36:27.357,25,FRI,19,13,B,DAY,MIDS,EMS,ASSAULT - BLS,3,E-911,"WALKER, JUANITA","GOODWIN, SHEENA",2026-06-19 13:36:27.357,2026-06-19 13:39:08.000,2026-06-19 13:36:27.357,0,0,0,2026-06-19 13:36:29.680,2,2,0,2026-06-19 13:36:27.357,0,NULL,0,2026-06-19 13:36:40.923,2,2,0,2026-06-19 13:36:40.923,11,11,0,NULL,NULL,-9999,NULL,2026-06-19 13:54:26.807,2026-06-19 13:54:43.393,0,NULL,2026-06-19 13:54:43.460,1096,1096,0,UNDEFINED
26-049601,2026-06-19 13:37:31.000,25,FRI,19,13,B,DAY,MIDS,POLICE,PROPERTY FOUND,4,Phone,"FOSTER, KANESHA","SMITH, TERESA",2026-06-19 13:37:29.000,2026-06-19 13:38:37.000,2026-06-19 13:38:21.000,52,50,2,2026-06-19 14:44:04.617,3943,3943,0,2026-06-19 13:38:47.000,78,76,2,2026-06-19 14:44:08.960,3995,3995,0,2026-06-19 14:44:08.960,4,4,0,2026-06-19 15:19:28.883,2120,2119,1,2026-06-19 15:51:13.333,2026-06-19 15:51:13.333,0,NULL,2026-06-19 15:51:13.380,8024,8024,0,NR-No Report
26-049602,2026-06-19 13:37:32.000,25,FRI,19,13,B,DAY,MIDS,POLICE,PARKING COMPLAINT,4,Phone,"SMITH, TERESA","SMITH, TERESA",2026-06-19 13:37:30.000,2026-06-19 13:43:42.000,2026-06-19 13:39:30.000,120,118,2,2026-06-19 15:39:07.897,7177,7177,0,2026-06-19 13:39:58.000,148,146,2,2026-06-19 15:39:15.750,7297,7297,0,2026-06-19 15:39:15.750,8,7,1,2026-06-19 15:51:01.273,706,705,1,2026-06-19 15:53:07.750,2026-06-19 15:53:07.750,0,NULL,2026-06-19 15:53:07.833,8137,8137,0,NR-No Report
26-049600,2026-06-19 13:38:09.000,25,FRI,19,13,B,DAY,MIDS,POLICE,TRAFFIC STOP,2,OFFICER,"MAYNARD, BRUCE S",NULL,2026-06-19 13:38:09.000,2026-06-19 13:38:23.000,2026-06-19 13:38:09.000,0,1,-1,2026-06-19 13:38:09.000,0,0,0,2026-06-19 13:38:09.000,0,NULL,0,2026-06-19 13:38:09.000,0,0,0,2026-06-19 13:38:09.000,0,0,0,2026-06-19 13:38:09.000,0,0,0,2026-06-19 13:46:03.320,2026-06-19 13:46:03.320,0,NULL,2026-06-19 13:46:03.360,474,474,0,CI-Citation
26-049605,2026-06-19 13:49:45.000,25,FRI,19,13,B,DAY,MIDS,POLICE,GLA DELAY,4,Phone,"SMITH, TERESA","SMITH, TERESA",2026-06-19 13:49:44.000,2026-06-19 13:51:57.000,2026-06-19 13:50:10.000,26,25,1,2026-06-19 14:39:44.893,2974,2974,0,2026-06-19 13:56:31.000,407,406,1,2026-06-19 14:39:48.227,3000,3000,0,2026-06-19 14:39:48.227,4,3,1,2026-06-19 14:58:10.840,1102,1102,0,NULL,2026-06-19 16:35:46.000,0,NULL,NULL,9962,9962,0,RE-Report
26-049609,2026-06-19 14:00:33.000,25,FRI,19,14,B,DAY,LATE,POLICE,ASSIST CITIZEN PROMPT,3,Phone,"GARCIA, VILMA","SMITH, TERESA",2026-06-19 14:00:31.000,2026-06-19 14:05:43.000,2026-06-19 14:04:04.000,213,211,2,2026-06-19 14:45:07.897,2463,2463,0,2026-06-19 14:07:24.000,413,411,2,2026-06-19 14:48:02.997,2676,2676,0,2026-06-19 14:48:02.997,175,175,0,2026-06-19 15:02:39.557,877,876,1,2026-06-19 15:05:04.727,2026-06-19 15:25:20.480,0,NULL,2026-06-19 15:25:20.507,5089,5089,0,NR-No Report
26-015217,2026-06-19 14:10:39.000,25,FRI,19,14,B,DAY,LATE,FIRE,PUBLIC SERVICE FIRE,4,Phone,"MACK, BRIANA","GOODWIN, SHEENA",2026-06-19 14:10:38.000,2026-06-19 14:13:00.000,2026-06-19 14:12:12.000,94,93,1,2026-06-19 14:12:14.437,2,2,0,2026-06-19 14:12:43.000,125,124,1,2026-06-19 14:12:53.423,96,96,0,2026-06-19 14:12:53.423,39,38,1,2026-06-19 14:27:18.940,865,865,0,2026-06-19 14:17:32.513,2026-06-19 14:47:07.913,0,NULL,2026-06-19 14:47:08.043,2189,2189,0,UNDEFINED
26-015218,2026-06-19 14:14:46.000,25,FRI,19,14,B,DAY,LATE,FIRE,FIRE ALARM,3,Phone,"WALKER, JUANITA",Automatic Dispatch,2026-06-19 14:14:44.000,2026-06-19 14:16:03.000,2026-06-19 14:15:37.000,53,51,2,2026-06-19 14:15:39.070,2,2,0,2026-06-19 14:16:19.000,95,93,2,2026-06-19 14:17:05.807,55,55,0,2026-06-19 14:17:05.807,86,86,0,2026-06-19 14:22:20.617,315,314,1,2026-06-19 14:43:11.690,2026-06-19 14:43:11.690,0,NULL,2026-06-19 14:43:12.000,1707,1707,0,UNDEFINED
26-049610,2026-06-19 14:16:25.000,25,FRI,19,14,B,DAY,LATE,POLICE,LARCENY COMM IN PROG,2,Phone,"MACK, BRIANA",NULL,2026-06-19 14:16:23.000,2026-06-19 18:37:38.000,2026-06-19 14:16:41.000,18,16,2,2026-06-19 14:30:26.373,825,825,0,2026-06-19 14:21:38.000,315,313,2,2026-06-19 14:30:29.697,843,843,0,2026-06-19 14:30:29.697,3,3,0,2026-06-19 14:40:46.427,617,616,1,2026-06-19 18:10:24.663,2026-06-19 18:10:24.663,1,2026-06-19 18:20:07.773,2026-06-19 22:14:26.950,14041,28683,-14642,RE-Report
26-049612,2026-06-19 14:17:24.000,25,FRI,19,14,B,DAY,LATE,POLICE,ALARM RESIDENTIAL,2,Phone,"WALKER, JUANITA","SMITH, TERESA",2026-06-19 14:17:22.000,2026-06-19 14:24:15.000,2026-06-19 14:17:56.000,34,32,2,2026-06-19 14:24:54.213,418,418,0,2026-06-19 14:19:26.000,124,122,2,2026-06-19 14:29:07.513,452,452,0,2026-06-19 14:29:07.513,253,253,0,2026-06-19 14:36:47.110,460,459,1,2026-06-19 14:41:16.353,2026-06-19 14:41:16.353,0,NULL,2026-06-19 14:41:16.413,1434,1434,0,FALSE-False Alarm
26-049613,2026-06-19 14:21:54.000,25,FRI,19,14,B,DAY,LATE,POLICE,MVC PROPERTY DAMAGE,2,E-911,"PEREZ, CARLOS","SMITH, TERESA",2026-06-19 14:21:54.000,2026-06-19 14:25:19.000,2026-06-19 14:23:44.000,110,110,0,2026-06-19 14:40:21.063,997,997,0,2026-06-19 14:24:56.000,182,182,0,2026-06-19 14:40:23.567,1107,1107,0,2026-06-19 14:40:23.567,2,2,0,2026-06-19 14:52:51.153,748,747,1,2026-06-19 15:17:49.840,2026-06-19 15:17:49.823,0,NULL,2026-06-19 15:17:49.823,3355,3355,0,NR-No Report
26-049614,2026-06-19 14:33:02.000,25,FRI,19,14,B,DAY,LATE,POLICE,TRAFFIC STOP,2,OFFICER,"MAYNARD, BRUCE S",NULL,2026-06-19 14:33:02.000,2026-06-19 14:33:21.000,2026-06-19 14:33:02.000,0,1,-1,2026-06-19 14:33:02.000,0,0,0,2026-06-19 14:33:02.000,0,NULL,0,2026-06-19 14:33:02.000,0,0,0,2026-06-19 14:33:02.000,0,0,0,2026-06-19 14:33:02.000,0,0,0,2026-06-19 14:41:37.563,2026-06-19 14:41:37.563,0,NULL,2026-06-19 14:41:37.600,515,515,0,CI-Citation
26-049616,2026-06-19 14:41:06.000,25,FRI,19,14,B,DAY,LATE,POLICE,SUSPICIOUS EVENT,2,Phone,"ANDERSON, MARILYN","SMITH, TERESA",2026-06-19 14:41:04.000,2026-06-19 14:44:22.000,2026-06-19 14:42:05.000,61,59,2,2026-06-19 14:53:37.190,692,692,0,2026-06-19 14:44:29.000,205,203,2,2026-06-19 14:53:39.433,753,753,0,2026-06-19 14:53:39.433,2,2,0,2026-06-19 15:10:42.087,1023,1022,1,2026-06-19 21:11:47.993,2026-06-19 21:11:47.993,0,NULL,2026-06-19 21:11:48.097,23443,23443,0,NR-No Report
26-015219,2026-06-19 14:49:12.750,25,FRI,19,14,B,DAY,LATE,FIRE,MUTUAL AID,1,C2C,CAD to CAD Service 1,CAD to CAD Service 1,2026-06-19 14:45:19.000,NULL,2026-06-19 14:49:13.080,234,0,234,2026-06-19 14:49:13.127,0,0,0,NULL,NULL,NULL,NULL,2026-06-19 14:50:12.160,234,-9999,10233,2026-06-19 14:50:12.160,59,59,0,2026-06-19 14:56:21.427,369,369,0,2026-06-19 15:24:16.317,2026-06-19 15:24:16.317,0,NULL,2026-06-19 15:24:16.440,2337,2337,0,UNDEFINED
26-049617,2026-06-19 14:51:40.000,25,FRI,19,14,B,DAY,LATE,POLICE,MVC PROPERTY DAMAGE,2,Phone,"WALKER, JUANITA","SMITH, TERESA",2026-06-19 14:51:38.000,2026-06-19 14:53:40.000,2026-06-19 14:53:21.000,103,101,2,2026-06-19 14:55:21.110,120,120,0,2026-06-19 14:54:48.000,190,188,2,2026-06-19 14:55:28.357,223,223,0,2026-06-19 14:55:28.357,7,7,0,2026-06-19 14:56:28.620,60,60,0,2026-06-19 15:36:10.987,2026-06-19 15:37:17.580,0,NULL,2026-06-19 15:37:17.653,2739,2739,0,NR-No Report
26-015220,2026-06-19 15:19:31.477,25,FRI,19,15,B,DAY,LATE,EMS,MUTUAL ALS,1,C2C,CAD to CAD Service 1,CAD to CAD Service 1,2026-06-19 15:17:23.000,NULL,2026-06-19 15:19:31.853,128,0,128,2026-06-19 15:19:31.900,0,0,0,NULL,NULL,NULL,NULL,2026-06-19 15:19:55.317,128,-9999,10127,2026-06-19 15:19:55.317,24,23,1,2026-06-19 15:26:24.733,389,389,0,2026-06-19 15:42:13.553,2026-06-19 16:22:42.863,0,NULL,2026-06-19 16:22:42.877,3919,3919,0,CAD2CAD
26-049622,2026-06-19 15:27:49.000,25,FRI,19,15,B,DAY,LATE,POLICE,MVC PROPERTY DAMAGE,2,Phone,"ANDERSON, MARILYN",NULL,2026-06-19 15:27:48.000,2026-06-19 15:29:46.000,2026-06-19 15:28:40.000,52,51,1,2026-06-19 15:34:55.293,375,375,0,2026-06-19 15:29:30.000,102,101,1,2026-06-19 15:35:12.873,427,427,0,2026-06-19 15:35:12.873,17,17,0,2026-06-19 15:52:16.573,1024,1023,1,2026-06-19 15:49:27.980,2026-06-20 02:50:15.963,0,NULL,2026-06-20 02:50:15.997,40947,40947,0,NR-No Report
26-015221,2026-06-19 15:36:02.000,25,FRI,19,15,B,DAY,LATE,FIRE,FIRE ALARM,3,Phone,"PEREZ, CARLOS",Automatic Dispatch,2026-06-19 15:36:00.000,2026-06-19 15:36:48.000,2026-06-19 15:36:36.000,36,34,2,2026-06-19 15:36:38.200,2,2,0,2026-06-19 15:37:28.000,88,86,2,2026-06-19 15:37:23.747,38,38,0,2026-06-19 15:37:23.747,45,45,0,2026-06-19 15:43:35.133,372,371,1,2026-06-19 15:54:22.407,2026-06-19 15:54:22.407,0,NULL,2026-06-19 15:54:22.467,1102,1102,0,UNDEFINED
26-049625,2026-06-19 16:00:07.000,25,FRI,19,16,B,DAY,LATE,POLICE,ASSIST CITIZEN DELAY,4,Phone,"MACK, BRIANA",NULL,2026-06-19 16:00:05.000,NULL,2026-06-19 16:00:44.000,39,37,2,2026-06-19 16:56:44.713,3360,3360,0,2026-06-19 16:05:02.000,297,295,2,2026-06-19 16:56:44.713,3399,3399,0,2026-06-19 16:56:44.713,0,0,0,NULL,NULL,-9999,NULL,2026-06-19 16:57:23.310,2026-06-19 16:57:23.310,0,NULL,2026-06-19 16:57:23.560,3438,3438,0,NR-No Report
26-049626,2026-06-19 16:05:54.000,25,FRI,19,16,B,DAY,LATE,POLICE,MVC PROPERTY DAMAGE,2,Phone,"GARCIA, VILMA","WALKER, JUANITA",2026-06-19 16:05:52.000,2026-06-19 16:13:57.000,2026-06-19 16:08:39.000,167,165,2,2026-06-19 16:15:02.990,383,383,0,2026-06-19 16:09:46.000,234,232,2,2026-06-19 16:15:07.900,550,550,0,2026-06-19 16:15:07.900,5,4,1,2026-06-19 16:25:10.533,603,602,1,2026-06-19 18:39:53.503,2026-06-19 18:39:53.503,0,NULL,2026-06-19 18:39:53.563,9241,9241,0,RE-Report
26-049628,2026-06-19 16:09:57.000,25,FRI,19,16,B,DAY,LATE,POLICE,SUSPICIOUS EVENT,2,Phone,"PEREZ, CARLOS","WALKER, JUANITA",2026-06-19 16:09:55.000,2026-06-19 16:18:04.000,2026-06-19 16:12:24.000,149,147,2,2026-06-19 16:25:00.150,756,756,0,2026-06-19 16:13:25.000,210,208,2,2026-06-19 16:25:02.683,905,905,0,2026-06-19 16:25:02.683,2,2,0,2026-06-19 16:31:40.767,398,398,0,2026-06-19 16:36:13.073,2026-06-19 16:36:31.020,0,NULL,2026-06-19 16:36:31.080,1596,1596,0,NR-No Report
26-049627,2026-06-19 16:10:08.000,25,FRI,19,16,B,DAY,LATE,POLICE,ALARM RESIDENTIAL,2,Text,"MACK, BRIANA","SMITH, TERESA",2026-06-19 16:10:06.000,2026-06-19 16:14:23.000,2026-06-19 16:10:25.000,19,17,2,2026-06-19 16:14:33.400,248,248,0,2026-06-19 16:21:30.000,684,682,2,2026-06-19 16:14:35.643,267,267,0,2026-06-19 16:14:35.643,2,2,0,2026-06-19 16:17:02.960,147,147,0,2026-06-19 16:24:26.067,2026-06-19 16:24:32.967,0,NULL,2026-06-19 16:24:33.030,866,866,0,NR-No Report
26-015222,2026-06-19 16:12:19.000,25,FRI,19,16,B,DAY,LATE,EMS,ALTERED LOC ALS 1,1,E-911,"GARCIA, VILMA",Automatic Dispatch,2026-06-19 16:12:19.000,2026-06-19 16:13:20.000,2026-06-19 16:12:48.000,29,29,0,2026-06-19 16:12:51.603,3,3,0,2026-06-19 16:15:52.000,213,213,0,2026-06-19 16:14:02.693,32,32,0,2026-06-19 16:14:02.693,71,71,0,2026-06-19 16:18:07.663,245,244,1,2026-06-19 16:41:06.973,2026-06-19 17:30:27.503,0,NULL,2026-06-19 17:30:27.640,4688,4688,0,UNDEFINED
26-015223,2026-06-19 16:16:21.000,25,FRI,19,16,B,DAY,LATE,EMS,SEIZURE ALS 1,2,E-911,"PEREZ, CARLOS","GOODWIN, SHEENA",2026-06-19 16:16:21.000,2026-06-19 16:19:08.000,2026-06-19 16:18:17.000,116,116,0,2026-06-19 16:18:18.927,1,1,0,2026-06-19 16:21:48.000,327,327,0,2026-06-19 16:19:24.107,117,117,0,2026-06-19 16:19:24.107,66,65,1,2026-06-19 16:25:04.720,340,340,0,2026-06-19 16:21:24.180,2026-06-19 17:37:14.993,0,NULL,2026-06-19 17:37:15.110,4853,4853,0,UNDEFINED
26-049630,2026-06-19 16:19:45.000,25,FRI,19,16,B,DAY,LATE,POLICE,DISORDERLY CONDUCT,2,E-911,"GARCIA, VILMA",NULL,2026-06-19 16:19:44.000,2026-06-19 16:21:10.000,2026-06-19 16:20:27.000,43,42,1,2026-06-19 16:29:27.700,540,540,0,2026-06-19 16:23:25.000,221,220,1,2026-06-19 16:29:31.090,583,583,0,2026-06-19 16:29:31.090,4,3,1,2026-06-19 16:54:10.263,1479,1479,0,2026-06-19 17:52:51.380,2026-06-19 18:37:49.203,0,NULL,2026-06-19 18:37:49.237,8285,8285,0,NR-No Report
26-049629,2026-06-19 16:19:57.000,25,FRI,19,16,B,DAY,LATE,POLICE,ANIMAL SICK-INJURED,2,Phone,"MACK, BRIANA","MACK, BRIANA",2026-06-19 16:19:56.000,2026-06-19 16:23:52.000,2026-06-19 16:20:20.000,24,23,1,2026-06-19 16:27:39.173,439,439,0,2026-06-19 16:21:29.000,93,92,1,2026-06-19 16:27:39.240,463,463,0,2026-06-19 16:27:39.240,0,0,0,2026-06-19 16:39:51.943,732,732,0,NULL,2026-06-19 16:57:27.000,0,NULL,NULL,2251,2251,0,ACOR-Animal Control Report
26-049632,2026-06-19 16:25:10.000,25,FRI,19,16,B,DAY,LATE,POLICE,DISORDERLY CONDUCT,4,Phone,"GARCIA, VILMA","DOGAN, KYLAH",2026-06-19 16:25:10.000,2026-06-19 20:53:17.000,2026-06-19 16:28:12.000,182,182,0,2026-06-20 02:22:32.867,35660,19762,15898,2026-06-19 16:29:38.000,268,268,0,2026-06-20 02:22:47.883,35842,35842,0,2026-06-20 02:22:47.883,15,15,0,2026-06-20 02:24:20.263,93,92,1,NULL,2026-06-19 16:29:38.000,1,2026-06-19 20:53:10.303,NULL,268,36265,-35997,CN-Cancellation
26-015224,2026-06-19 16:26:33.000,25,FRI,19,16,B,DAY,LATE,EMS,STROKE ALS 2,1,E-911,"PEREZ, CARLOS",Automatic Dispatch,2026-06-19 16:26:32.000,2026-06-19 16:27:40.000,2026-06-19 16:27:30.000,58,57,1,2026-06-19 16:27:32.953,2,2,0,2026-06-19 16:29:33.000,181,180,1,2026-06-19 16:28:36.463,60,60,0,2026-06-19 16:28:36.463,64,63,1,2026-06-19 16:31:58.493,202,202,0,2026-06-19 16:45:02.860,2026-06-19 18:19:31.640,0,NULL,2026-06-19 18:19:31.720,6779,6779,0,UNDEFINED
26-049633,2026-06-19 16:33:03.000,25,FRI,19,16,B,DAY,LATE,POLICE,DISORDERLY CONDUCT,2,Phone,"PEREZ, CARLOS","WALKER, JUANITA",2026-06-19 16:33:01.000,2026-06-19 16:34:23.000,2026-06-19 16:33:49.000,48,46,2,2026-06-19 16:37:10.677,201,201,0,2026-06-19 16:34:42.000,101,99,2,2026-06-19 16:37:12.323,249,249,0,2026-06-19 16:37:12.323,2,1,1,2026-06-19 16:37:27.493,15,15,0,2026-06-19 16:47:16.990,2026-06-19 16:47:20.160,0,NULL,2026-06-19 16:47:20.207,859,859,0,NR-No Report
26-015225,2026-06-19 16:49:06.000,25,FRI,19,16,B,DAY,LATE,EMS,CHEST PAIN ALS 1,1,E-911,"ANDERSON, MARILYN",Automatic Dispatch,2026-06-19 16:49:06.000,2026-06-19 16:50:01.000,2026-06-19 16:49:49.000,43,43,0,2026-06-19 16:49:51.840,2,2,0,2026-06-19 16:51:12.000,126,126,0,2026-06-19 16:50:53.227,45,45,0,2026-06-19 16:50:53.227,62,61,1,NULL,NULL,-9999,NULL,2026-06-19 16:51:36.487,2026-06-19 16:51:42.050,0,NULL,2026-06-19 16:51:42.110,156,156,0,UNDEFINED
26-049637,2026-06-19 16:58:09.000,25,FRI,19,16,B,DAY,LATE,POLICE,DISABLED MOTORIST,2,E-911,"MACK, BRIANA","WALKER, JUANITA",2026-06-19 16:58:09.000,2026-06-19 17:10:15.000,2026-06-19 17:08:53.000,644,644,0,2026-06-19 17:37:07.077,1694,1694,0,2026-06-19 17:10:14.000,725,725,0,2026-06-19 17:37:11.277,2338,2338,0,2026-06-19 17:37:11.277,4,4,0,2026-06-19 17:59:16.867,1325,1325,0,2026-06-19 18:01:26.410,2026-06-19 18:01:26.410,0,NULL,2026-06-19 18:01:26.530,3797,3797,0,NR-No Report
26-049635,2026-06-19 17:02:49.000,25,FRI,19,17,B,DAY,LATE,POLICE,TROUBLE UNKNOWN NO EMS,2,E-911,"WALKER, JUANITA","WALKER, JUANITA",2026-06-19 17:02:47.000,2026-06-19 17:04:05.057,2026-06-19 17:03:44.000,57,55,2,2026-06-19 17:04:04.973,20,20,0,2026-06-19 17:04:37.000,110,108,2,2026-06-19 17:04:17.100,77,77,0,2026-06-19 17:04:17.100,13,12,1,NULL,NULL,-9999,NULL,NULL,2026-06-19 17:04:36.000,0,NULL,NULL,109,109,0,NR-No Report
26-015226,2026-06-19 17:05:23.000,25,FRI,19,17,B,DAY,LATE,EMS,MUTUAL ALS,1,Phone,"GOODWIN, SHEENA","GOODWIN, SHEENA",2026-06-19 17:05:21.000,2026-06-19 17:06:46.993,2026-06-19 17:06:38.000,77,75,2,2026-06-19 17:06:46.927,8,8,0,2026-06-19 17:07:42.000,141,139,2,2026-06-19 17:08:17.073,85,85,0,2026-06-19 17:08:17.073,91,90,1,2026-06-19 17:17:36.313,559,559,0,2026-06-19 19:07:21.060,2026-06-19 19:07:21.060,0,NULL,2026-06-19 19:07:21.120,7320,7320,0,UNDEFINED
26-049636,2026-06-19 17:06:23.000,25,FRI,19,17,B,DAY,LATE,POLICE,DISORDERLY CONDUCT,2,E-911,"PEREZ, CARLOS","WALKER, JUANITA",2026-06-19 17:06:22.000,2026-06-19 17:08:42.000,2026-06-19 17:08:05.000,103,102,1,2026-06-19 17:09:47.670,102,102,0,2026-06-19 17:08:42.000,140,139,1,2026-06-19 17:09:52.733,205,205,0,2026-06-19 17:09:52.733,5,5,0,2026-06-19 17:15:43.090,351,350,1,2026-06-19 17:38:55.633,2026-06-20 03:54:42.000,0,NULL,NULL,38900,38900,0,NR-No Report
26-049638,2026-06-19 17:14:11.000,25,FRI,19,17,B,DAY,LATE,POLICE,PARKING COMPLAINT,4,E-911,"MACK, BRIANA",NULL,2026-06-19 17:14:11.000,2026-06-19 17:39:18.000,2026-06-19 17:19:03.000,292,292,0,2026-06-20 01:42:59.477,30236,30236,0,2026-06-19 17:19:29.000,318,318,0,2026-06-20 01:42:59.477,30528,30528,0,2026-06-20 01:42:59.477,0,0,0,2026-06-20 01:43:02.380,3,2,1,2026-06-20 01:43:38.417,2026-06-20 01:43:38.417,0,NULL,2026-06-20 01:43:38.520,30567,30567,0,NR-No Report
26-049640,2026-06-19 17:19:29.000,25,FRI,19,17,B,DAY,LATE,POLICE,DOMESTIC VIOL NO INJ,2,E-911,"ANDERSON, MARILYN","WALKER, JUANITA",2026-06-19 17:19:29.000,2026-06-19 17:21:06.000,2026-06-19 17:20:48.000,79,79,0,2026-06-19 17:56:38.877,2150,2150,0,2026-06-19 17:21:31.000,122,122,0,2026-06-19 17:56:51.733,2229,2229,0,2026-06-19 17:56:51.733,13,12,1,2026-06-19 18:10:08.100,797,796,1,2026-06-19 18:35:23.720,2026-06-19 18:35:23.720,0,NULL,2026-06-19 18:35:23.780,4554,4554,0,NR-No Report
26-049643,2026-06-19 17:24:53.000,25,FRI,19,17,B,DAY,LATE,POLICE,SHOPLIFTING IN PROG,2,Phone,"ANDERSON, MARILYN","WALKER, JUANITA",2026-06-19 17:24:52.000,2026-06-19 17:26:11.000,2026-06-19 17:25:48.000,56,55,1,2026-06-19 17:26:53.337,65,65,0,2026-06-19 17:27:16.000,144,143,1,2026-06-19 17:27:30.257,121,121,0,2026-06-19 17:27:30.257,37,36,1,2026-06-19 18:25:06.627,3456,3456,0,2026-06-19 17:27:22.597,2026-06-19 20:26:26.667,0,NULL,2026-06-19 20:26:26.730,10894,10894,0,RE-Report
26-049642,2026-06-19 17:25:40.000,25,FRI,19,17,B,DAY,LATE,POLICE,OFF DUTY DETAIL,8,OFFICER,"ESCOBAR, STEVEN R",NULL,2026-06-19 17:25:40.000,2026-06-19 17:26:03.000,2026-06-19 17:25:40.000,0,1,-1,2026-06-19 17:25:40.000,0,0,0,2026-06-19 17:25:40.000,0,NULL,0,2026-06-19 17:25:40.000,0,0,0,2026-06-19 17:25:40.000,0,0,0,2026-06-19 17:25:40.000,0,0,0,2026-06-19 20:49:57.650,2026-06-19 20:49:57.650,0,NULL,2026-06-19 20:49:57.700,12257,12257,0,NR-No Report
26-049644,2026-06-19 17:27:01.000,25,FRI,19,17,B,DAY,LATE,POLICE,ASSAULT NO INJURY IN PROG,2,Phone,"SMITH, TERESA",NULL,2026-06-19 17:26:59.000,2026-06-19 17:28:04.000,2026-06-19 17:27:59.000,60,58,2,2026-06-19 17:46:54.407,1135,1135,0,2026-06-19 17:31:40.000,281,279,2,2026-06-19 17:46:58.140,1195,1195,0,2026-06-19 17:46:58.140,4,3,1,2026-06-19 17:46:58.140,0,0,0,2026-06-19 18:12:20.660,2026-06-20 00:13:43.427,0,NULL,2026-06-20 00:13:43.487,24404,24404,0,RE-Report
26-015227,2026-06-19 17:29:06.000,25,FRI,19,17,B,DAY,LATE,EMS,STROKE ALS 2,1,E-911,"ANDERSON, MARILYN","GOODWIN, SHEENA",2026-06-19 17:29:06.000,2026-06-19 17:29:58.000,2026-06-19 17:29:46.000,40,40,0,2026-06-19 17:29:49.110,3,3,0,2026-06-19 17:31:37.000,151,151,0,2026-06-19 17:30:32.643,43,43,0,2026-06-19 17:30:32.643,43,43,0,2026-06-19 17:34:57.643,265,265,0,2026-06-19 17:33:31.690,2026-06-19 18:44:27.393,0,NULL,2026-06-19 18:44:27.467,4521,4521,0,UNDEFINED
26-049645,2026-06-19 17:32:44.000,25,FRI,19,17,B,DAY,LATE,POLICE,MVC INJURY MOPED/BICYCLE,1,E-911,"GARCIA, VILMA",NULL,2026-06-19 17:32:44.000,2026-06-19 17:33:39.000,2026-06-19 17:33:27.000,43,43,0,2026-06-19 17:33:41.367,14,14,0,2026-06-19 17:36:33.000,229,229,0,2026-06-19 17:34:03.567,57,57,0,2026-06-19 17:34:03.567,22,8,14,2026-06-19 17:35:11.833,68,68,0,2026-06-19 17:56:38.713,2026-06-19 23:44:39.463,0,NULL,2026-06-19 23:44:39.533,22315,22315,0,RE-Report
26-049647,2026-06-19 17:33:22.000,25,FRI,19,17,B,DAY,LATE,POLICE,MVC PROPERTY DAMAGE,2,E-911,"SMITH, TERESA",NULL,2026-06-19 17:33:22.000,2026-06-19 17:35:30.000,2026-06-19 17:34:46.000,84,84,0,2026-06-19 19:51:37.293,8211,8211,0,2026-06-19 17:35:55.000,153,153,0,2026-06-19 19:51:37.353,8295,8295,0,2026-06-19 19:51:37.353,0,0,0,2026-06-19 19:53:59.910,142,142,0,2026-06-20 02:42:28.717,2026-06-20 02:42:28.717,0,NULL,2026-06-20 02:42:28.773,32946,32946,0,NR-No Report
26-015228,2026-06-19 17:33:28.000,25,FRI,19,17,B,DAY,LATE,EMS,BICYCLIST STRUCK ALS 1 - SUPV,1,E-911,"GARCIA, VILMA",Automatic Dispatch,2026-06-19 17:33:28.000,2026-06-19 17:34:06.000,2026-06-19 17:33:28.000,0,NULL,0,2026-06-19 17:33:29.920,1,1,0,2026-06-19 17:33:28.000,0,0,0,2026-06-19 17:33:36.573,1,1,0,2026-06-19 17:33:36.573,7,6,1,2026-06-19 17:37:34.620,238,238,0,2026-06-19 17:44:30.720,2026-06-19 18:34:05.247,0,NULL,2026-06-19 18:34:05.307,3637,3637,0,UNDEFINED
26-015229,2026-06-19 17:33:32.000,25,FRI,19,17,B,DAY,LATE,EMS,BLS EMERGENCY,3,E-911,"ANDERSON, MARILYN",Automatic Dispatch,2026-06-19 17:33:31.000,2026-06-19 17:35:19.000,2026-06-19 17:34:28.000,57,56,1,2026-06-19 17:34:30.287,2,2,0,2026-06-19 17:36:49.000,198,197,1,2026-06-19 17:35:04.893,59,59,0,2026-06-19 17:35:04.893,34,34,0,2026-06-19 17:55:55.363,1251,1250,1,2026-06-19 18:48:25.570,2026-06-19 18:48:25.557,0,NULL,2026-06-19 18:48:25.557,4494,4494,0,UNDEFINED
26-049648,2026-06-19 17:38:45.000,25,FRI,19,17,B,DAY,LATE,POLICE,MVC PROPERTY DAMAGE,2,E-911,"SMITH, TERESA","WALKER, LATITIA",2026-06-19 17:38:44.000,2026-06-19 17:40:42.000,2026-06-19 17:40:10.000,86,85,1,2026-06-19 18:01:31.687,1281,1281,0,2026-06-19 17:41:54.000,190,189,1,2026-06-19 18:01:31.777,1367,1367,0,2026-06-19 18:01:31.777,0,0,0,2026-06-19 18:09:30.677,479,478,1,2026-06-19 20:20:39.243,2026-06-19 20:20:39.243,0,NULL,2026-06-19 20:20:39.313,9715,9715,0,NR-No Report
26-049651,2026-06-19 17:45:34.000,25,FRI,19,17,B,DAY,LATE,POLICE,OFF DUTY DETAIL,8,Phone,"PEREZ, CARLOS","PEREZ, CARLOS",2026-06-19 17:45:32.000,2026-06-19 19:00:11.000,2026-06-19 17:46:20.000,48,46,2,2026-06-19 17:46:33.067,13,13,0,2026-06-19 17:46:35.000,63,61,2,2026-06-19 17:46:33.127,61,61,0,2026-06-19 17:46:33.127,0,0,0,2026-06-19 17:46:33.163,0,0,0,2026-06-19 19:35:16.500,2026-06-19 19:35:16.500,0,NULL,2026-06-19 19:35:16.550,6584,6584,0,NR-No Report
26-049652,2026-06-19 17:56:44.000,25,FRI,19,17,B,DAY,LATE,POLICE,OFF DUTY DETAIL,8,OFFICER,"REYES, JUAN",NULL,2026-06-19 17:56:44.000,2026-06-19 18:59:37.000,2026-06-19 17:56:44.000,0,1,-1,2026-06-19 17:56:44.000,0,0,0,2026-06-19 17:56:44.000,0,NULL,0,2026-06-19 17:56:44.000,0,0,0,2026-06-19 17:56:44.000,0,0,0,2026-06-19 17:56:44.000,0,0,0,2026-06-19 22:02:21.277,2026-06-19 22:02:21.277,0,NULL,2026-06-19 22:02:21.303,14737,14737,0,NR-No Report
26-049654,2026-06-19 18:03:33.000,25,FRI,19,18,B,DAY,EARLY,POLICE,HAZARD,2,E-911,"ANDERSON, MARILYN","WALKER, LATITIA",2026-06-19 18:03:31.000,2026-06-19 18:06:43.000,2026-06-19 18:04:57.000,86,84,2,2026-06-19 18:37:34.193,1957,1957,0,2026-06-19 18:07:10.000,219,217,2,2026-06-19 18:37:34.237,2043,2043,0,2026-06-19 18:37:34.237,0,0,0,2026-06-19 18:37:35.657,1,1,0,2026-06-19 18:47:31.483,2026-06-19 18:47:31.483,0,NULL,2026-06-19 18:47:31.560,2640,2640,0,NR-No Report
26-049653,2026-06-19 18:03:54.000,25,FRI,19,18,B,DAY,EARLY,POLICE,PARKING COMPLAINT,4,Phone,"WILLIAMS, DARNELL","DOGAN, KYLAH",2026-06-19 18:03:54.000,2026-06-19 18:10:57.000,2026-06-19 18:04:10.000,16,16,0,2026-06-20 02:10:18.810,29168,29168,0,2026-06-19 18:04:50.000,56,56,0,2026-06-20 02:10:28.640,29184,29184,0,2026-06-20 02:10:28.640,10,9,1,2026-06-20 02:14:42.083,254,253,1,2026-06-20 02:17:00.410,2026-06-20 02:17:00.410,0,NULL,2026-06-20 02:17:00.460,29586,29586,0,NR-No Report
26-049656,2026-06-19 18:08:00.000,25,FRI,19,18,B,DAY,EARLY,POLICE,ON VIEW,2,Radio,"WALKER, LATITIA",NULL,2026-06-19 18:08:00.000,2026-06-19 18:10:19.000,2026-06-19 18:08:00.000,0,0,0,2026-06-19 18:08:00.000,0,0,0,2026-06-19 18:08:00.000,0,0,0,2026-06-19 18:09:51.110,0,0,0,2026-06-19 18:08:00.000,0,0,0,2026-06-19 18:08:00.000,0,0,0,2026-06-19 18:16:13.573,2026-06-19 18:24:44.360,0,NULL,2026-06-19 18:24:44.440,1004,1004,0,NR-No Report
26-015230,2026-06-19 18:16:29.000,25,FRI,19,18,B,DAY,EARLY,EMS,TROUBLE BREATHING ALS 1,1,E-911,"GRAVES, CHRISTINA",Automatic Dispatch,2026-06-19 18:16:29.000,2026-06-19 18:18:04.000,2026-06-19 18:17:41.000,72,72,0,2026-06-19 18:17:43.647,2,2,0,2026-06-19 18:20:13.000,224,224,0,2026-06-19 18:18:39.963,74,74,0,2026-06-19 18:18:39.963,56,56,0,2026-06-19 18:21:14.263,155,154,1,2026-06-19 18:37:11.983,2026-06-19 19:04:36.247,0,NULL,2026-06-19 19:04:36.300,2887,2887,0,UNDEFINED
26-049657,2026-06-19 18:17:30.000,25,FRI,19,18,B,DAY,EARLY,POLICE,911 HANG UP,2,E-911,"DOGAN, KYLAH",NULL,2026-06-19 18:17:30.000,2026-06-19 18:18:15.000,2026-06-19 18:17:50.000,20,20,0,2026-06-19 18:27:44.400,594,594,0,2026-06-19 18:19:00.000,90,90,0,2026-06-19 18:27:47.690,614,614,0,2026-06-19 18:27:47.690,3,3,0,2026-06-19 18:49:07.717,1280,1280,0,2026-06-19 20:21:30.803,2026-06-19 20:21:30.803,0,NULL,2026-06-19 20:21:30.890,7440,7440,0,NR-No Report
26-049658,2026-06-19 18:21:12.000,25,FRI,19,18,B,DAY,EARLY,POLICE,DISORDERLY CONDUCT,2,Phone,"GRAVES, CHRISTINA","WALKER, LATITIA",2026-06-19 18:21:10.000,2026-06-19 18:28:31.000,2026-06-19 18:21:41.000,31,29,2,2026-06-19 18:32:50.610,669,669,0,2026-06-19 18:21:58.000,48,46,2,2026-06-19 18:32:55.843,700,700,0,2026-06-19 18:32:55.843,5,5,0,2026-06-19 18:40:33.643,458,457,1,2026-06-19 18:59:40.960,2026-06-19 18:59:40.960,0,NULL,2026-06-19 18:59:41.023,2310,2310,0,NR-No Report
26-015231,2026-06-19 18:28:49.383,25,FRI,19,18,B,DAY,EARLY,FIRE,MVC AUTO,2,NOT CAPTURED,"MACK, BRIANA",Automatic Dispatch,2026-06-19 18:28:49.383,NULL,2026-06-19 18:28:49.383,0,0,0,2026-06-19 18:28:51.550,2,2,0,2026-06-19 18:28:49.383,0,NULL,0,2026-06-19 18:29:52.213,2,2,0,2026-06-19 18:29:52.213,61,60,1,2026-06-19 18:30:07.007,15,14,1,2026-06-19 18:30:34.973,2026-06-19 18:32:12.350,0,NULL,2026-06-19 18:32:12.573,203,202,1,UNDEFINED
26-015232,2026-06-19 18:30:24.000,25,FRI,19,18,B,DAY,EARLY,FIRE,FIRE ALARM,3,Phone,"WILLIAMS, DARNELL",Automatic Dispatch,2026-06-19 18:30:24.000,2026-06-19 18:31:41.000,2026-06-19 18:30:51.000,27,27,0,2026-06-19 18:30:52.950,1,1,0,2026-06-19 18:32:14.000,110,110,0,2026-06-19 18:31:36.110,28,28,0,2026-06-19 18:31:36.110,44,43,1,2026-06-19 18:37:50.070,374,373,1,2026-06-19 19:15:16.350,2026-06-19 19:15:16.350,0,NULL,2026-06-19 19:15:16.427,2692,2692,0,UNDEFINED
26-049662,2026-06-19 18:31:43.000,25,FRI,19,18,B,DAY,EARLY,POLICE,WARRANT SERVICE,2,E-911,"PEREZ, CARLOS",NULL,2026-06-19 18:31:43.000,2026-06-19 18:35:06.000,2026-06-19 18:32:38.000,55,55,0,2026-06-19 18:39:05.243,387,387,0,2026-06-19 18:34:51.000,188,188,0,2026-06-19 18:39:22.283,442,442,0,2026-06-19 18:39:22.283,17,17,0,2026-06-19 18:43:15.563,233,233,0,2026-06-19 19:24:02.880,2026-06-19 23:37:45.577,0,NULL,2026-06-19 23:37:45.647,18362,18362,0,RE-Report
26-049663,2026-06-19 18:32:10.000,25,FRI,19,18,B,DAY,EARLY,POLICE,ALARM COMMERCIAL,2,Phone,"DOGAN, KYLAH","WALKER, LATITIA",2026-06-19 18:32:09.000,2026-06-19 18:34:15.000,2026-06-19 18:33:28.000,79,78,1,2026-06-19 18:34:44.347,76,76,0,2026-06-19 18:33:40.000,91,90,1,2026-06-19 18:34:53.520,155,155,0,2026-06-19 18:34:53.520,9,9,0,2026-06-19 18:46:15.980,682,682,0,2026-06-19 19:01:50.770,2026-06-19 19:01:50.770,0,NULL,2026-06-19 19:01:50.817,1781,1781,0,NR-No Report
26-049665,2026-06-19 18:33:19.000,25,FRI,19,18,B,DAY,EARLY,POLICE,911 HANG UP,2,E-911,"WILLIAMS, DARNELL","WALKER, LATITIA",2026-06-19 18:33:19.000,2026-06-19 18:37:49.000,2026-06-19 18:34:03.000,44,44,0,2026-06-19 18:58:54.240,1491,1491,0,2026-06-19 18:34:27.000,68,68,0,2026-06-19 18:59:02.930,1535,1535,0,2026-06-19 18:59:02.930,8,8,0,2026-06-19 19:05:56.247,414,413,1,2026-06-19 18:59:53.710,2026-06-19 20:16:37.000,0,NULL,NULL,6198,6198,0,NR-No Report
26-049669,2026-06-19 18:37:15.000,25,FRI,19,18,B,DAY,EARLY,POLICE,ASSIST CITIZEN DELAY,4,Phone,"WILLIAMS, DARNELL",NULL,2026-06-19 18:37:13.000,2026-06-20 14:12:26.000,2026-06-19 18:38:18.000,65,63,2,2026-06-20 15:12:05.130,74027,3623,70404,2026-06-19 18:39:57.000,164,162,2,2026-06-20 15:12:13.923,74092,74092,0,2026-06-20 15:12:13.923,8,8,0,2026-06-20 15:33:43.873,1290,1289,1,2026-06-20 21:50:05.933,2026-06-20 02:14:15.000,1,2026-06-20 14:11:41.730,2026-06-20 21:50:05.990,27422,11572,15850,RE-Report
26-015233,2026-06-19 18:37:20.000,25,FRI,19,18,B,DAY,EARLY,FIRE,ELEVATOR,3,E-911,"GRAVES, CHRISTINA",Automatic Dispatch,2026-06-19 18:37:20.000,2026-06-19 18:40:06.000,2026-06-19 18:39:11.000,111,111,0,2026-06-19 18:39:13.003,2,2,0,2026-06-19 18:39:23.000,123,123,0,2026-06-19 18:40:30.197,113,113,0,2026-06-19 18:40:30.197,77,77,0,2026-06-19 18:49:04.637,514,514,0,2026-06-19 18:55:02.633,2026-06-19 18:55:02.633,0,NULL,2026-06-19 18:55:02.700,1062,1062,0,UNDEFINED
26-015234,2026-06-19 18:43:08.000,25,FRI,19,18,B,DAY,EARLY,EMS,BLS EMERGENCY,3,E-911,"GRAVES, CHRISTINA",Automatic Dispatch,2026-06-19 18:43:08.000,2026-06-19 18:44:15.000,2026-06-19 18:43:38.000,30,30,0,2026-06-19 18:43:40.320,2,2,0,2026-06-19 18:44:53.000,105,105,0,2026-06-19 18:44:17.863,32,32,0,2026-06-19 18:44:17.863,37,37,0,2026-06-19 18:47:53.993,216,216,0,2026-06-19 19:15:20.810,2026-06-19 19:22:14.247,0,NULL,2026-06-19 19:22:14.390,2346,2346,0,UNDEFINED
26-049674,2026-06-19 18:50:54.000,25,FRI,19,18,B,DAY,EARLY,POLICE,DOMESTIC VIOL NO INJ,2,E-911,"PRIESTLY, SHAVAUGHN",NULL,2026-06-19 18:50:54.000,2026-06-19 18:56:52.000,2026-06-19 18:51:33.000,39,39,0,2026-06-19 21:15:00.863,8607,8607,0,2026-06-19 19:10:03.000,1149,1149,0,2026-06-19 21:15:05.647,8646,8646,0,2026-06-19 21:15:05.647,5,4,1,2026-06-19 21:24:38.830,573,573,0,2026-06-19 21:16:02.937,2026-06-20 02:41:50.267,0,NULL,2026-06-20 02:41:50.320,28256,28256,0,NR-No Report
26-049677,2026-06-19 18:55:46.000,25,FRI,19,18,B,DAY,EARLY,POLICE,OFF DUTY DETAIL,8,OFFICER,"REEVE, DANIEL",NULL,2026-06-19 18:55:46.000,2026-06-19 18:59:22.000,2026-06-19 18:55:46.000,0,1,-1,2026-06-19 18:55:46.000,0,0,0,2026-06-19 18:55:46.000,0,NULL,0,2026-06-19 18:55:46.000,0,0,0,2026-06-19 18:55:46.000,0,0,0,2026-06-19 18:55:46.000,0,0,0,2026-06-20 00:03:53.417,2026-06-20 00:03:53.417,0,NULL,2026-06-20 00:03:53.517,18487,18487,0,NR-No Report
26-015235,2026-06-19 18:57:02.000,25,FRI,19,18,B,DAY,EARLY,EMS,FALL BLS,3,E-911,"WILLIAMS, DARNELL",Automatic Dispatch,2026-06-19 18:57:02.000,2026-06-19 18:59:52.000,2026-06-19 18:58:24.000,82,82,0,2026-06-19 18:58:26.343,2,2,0,2026-06-19 18:59:55.000,173,173,0,2026-06-19 18:59:41.953,84,84,0,2026-06-19 18:59:41.953,75,75,0,2026-06-19 19:02:31.660,170,169,1,2026-06-19 19:21:37.607,2026-06-19 19:23:12.567,0,NULL,2026-06-19 19:23:12.657,1570,1570,0,UNDEFINED
26-049681,2026-06-19 19:00:24.000,25,FRI,19,19,D,NIGHT,EARLY,POLICE,FIGHT WITH WEAPONS,1,E-911,"WILLIAMS, DARNELL",NULL,2026-06-19 19:00:24.000,2026-06-19 19:01:59.000,2026-06-19 19:01:15.000,51,51,0,2026-06-19 19:02:53.220,98,98,0,2026-06-19 19:07:11.000,407,407,0,2026-06-19 19:02:58.840,149,149,0,2026-06-19 19:02:58.840,5,5,0,2026-06-19 19:05:55.013,177,176,1,2026-06-19 19:46:55.583,2026-06-20 03:53:43.873,0,NULL,2026-06-20 03:53:43.923,31999,31999,0,RE-Report
26-049686,2026-06-19 19:07:41.000,25,FRI,19,19,D,NIGHT,EARLY,POLICE,DEST OF PROP OTH IN PROG,2,Phone,"PEREZ, CARLOS","WALKER, LATITIA",2026-06-19 19:07:39.000,2026-06-19 19:26:22.000,2026-06-19 19:11:01.000,202,200,2,2026-06-20 00:27:35.133,18994,18994,0,2026-06-19 19:13:52.000,373,371,2,2026-06-20 00:27:39.527,19196,19196,0,2026-06-20 00:27:39.527,4,4,0,NULL,NULL,-9999,NULL,2026-06-20 00:29:32.183,2026-06-20 00:29:32.183,0,NULL,2026-06-20 00:29:32.233,19313,19313,0,NR-No Report
26-049687,2026-06-19 19:10:37.000,25,FRI,19,19,D,NIGHT,EARLY,POLICE,MVC INJURY,1,E-911,"WILLIAMS, DARNELL",NULL,2026-06-19 19:10:37.000,2026-06-19 19:12:23.000,2026-06-19 19:11:24.000,47,47,0,2026-06-19 19:13:06.550,102,102,0,2026-06-19 19:13:03.000,146,146,0,2026-06-19 19:13:06.620,149,149,0,2026-06-19 19:13:06.620,0,0,0,2026-06-19 19:19:52.723,406,406,0,2026-06-19 20:12:56.613,2026-06-20 01:52:00.677,0,NULL,2026-06-20 01:52:00.740,24083,24083,0,RE-Report
26-015236,2026-06-19 19:11:24.000,25,FRI,19,19,D,NIGHT,EARLY,FIRE,MVC AUTO,2,NOT CAPTURED,"WILLIAMS, DARNELL","MACK, BRIANA",2026-06-19 19:11:24.000,2026-06-19 19:12:14.000,2026-06-19 19:11:24.000,0,NULL,0,2026-06-19 19:11:26.203,2,2,0,2026-06-19 19:11:24.000,0,0,0,2026-06-19 19:12:45.967,2,2,0,2026-06-19 19:12:45.967,79,79,0,2026-06-19 19:13:57.613,72,71,1,2026-06-19 19:24:18.683,2026-06-19 20:39:17.403,0,NULL,2026-06-19 20:39:17.460,5273,5273,0,UNDEFINED
26-015237,2026-06-19 19:11:48.217,25,FRI,19,19,D,NIGHT,EARLY,EMS,BLS EMERGENCY,3,NOT CAPTURED,"WALKER, LATITIA","MACK, BRIANA",2026-06-19 19:11:48.217,2026-06-19 19:12:19.000,2026-06-19 19:11:48.217,0,0,0,2026-06-19 19:11:50.400,2,2,0,2026-06-19 19:11:48.217,0,NULL,0,2026-06-19 19:13:16.430,2,2,0,2026-06-19 19:13:16.430,86,86,0,2026-06-19 19:18:50.147,334,333,1,2026-06-19 19:38:53.730,2026-06-19 20:38:33.717,0,NULL,2026-06-19 20:38:34.177,5205,5205,0,UNDEFINED
26-015238,2026-06-19 19:13:24.000,25,FRI,19,19,D,NIGHT,EARLY,EMS,TROUBLE BREATHING ALS 1,1,E-911,"WILLIAMS, DARNELL",Automatic Dispatch,2026-06-19 19:13:24.000,2026-06-19 19:15:00.000,2026-06-19 19:13:57.000,33,33,0,2026-06-19 19:13:59.460,2,2,0,2026-06-19 19:15:46.000,142,142,0,2026-06-19 19:14:58.140,35,35,0,2026-06-19 19:14:58.140,59,58,1,2026-06-19 19:18:40.180,222,222,0,2026-06-19 19:35:14.143,2026-06-19 20:18:58.827,0,NULL,2026-06-19 20:18:58.890,3934,3934,0,UNDEFINED
26-049691,2026-06-19 19:23:36.000,25,FRI,19,19,D,NIGHT,EARLY,POLICE,ASSAULT NO INJURY IN PROG,2,E-911,"DOGAN, KYLAH",NULL,2026-06-19 19:23:35.000,2026-06-20 02:23:52.000,2026-06-19 19:26:26.000,171,170,1,2026-06-20 00:43:52.350,19046,19046,0,2026-06-19 19:49:22.000,1547,1546,1,2026-06-20 00:44:00.260,19217,19217,0,2026-06-20 00:44:00.260,8,7,1,2026-06-20 00:48:33.547,273,273,0,2026-06-20 03:04:48.970,2026-06-20 03:04:48.970,0,NULL,2026-06-20 03:04:49.027,27673,27673,0,RE-Report
26-015239,2026-06-19 19:36:14.000,25,FRI,19,19,D,NIGHT,EARLY,FIRE,GAS LEAK - OUTSIDE,2,E-911,"WILLIAMS, DARNELL",Automatic Dispatch,2026-06-19 19:36:14.000,2026-06-19 19:37:10.000,2026-06-19 19:36:50.000,36,36,0,2026-06-19 19:36:52.640,2,2,0,2026-06-19 19:39:11.000,177,177,0,2026-06-19 19:38:00.613,38,38,0,2026-06-19 19:38:00.613,68,67,1,2026-06-19 19:42:42.623,282,282,0,2026-06-19 19:48:39.733,2026-06-19 19:48:41.857,0,NULL,2026-06-19 19:48:42.340,747,747,0,UNDEFINED
26-049695,2026-06-19 19:37:51.000,25,FRI,19,19,D,NIGHT,EARLY,POLICE,OFF DUTY DETAIL,8,OFFICER,"QUINT, DUGLAS M",NULL,2026-06-19 19:37:51.000,2026-06-19 19:37:57.000,2026-06-19 19:37:51.000,0,1,-1,2026-06-19 19:37:51.000,0,0,0,2026-06-19 19:37:51.000,0,NULL,0,2026-06-19 19:37:51.000,0,0,0,2026-06-19 19:37:51.000,0,0,0,2026-06-19 19:37:51.000,0,0,0,2026-06-19 23:54:41.620,2026-06-19 23:54:41.620,0,NULL,2026-06-19 23:54:41.837,15410,15410,0,NR-No Report
26-049699,2026-06-19 19:49:01.000,25,FRI,19,19,D,NIGHT,EARLY,POLICE,DEST OF PROP VEH IN PROG,2,E-911,"GRAVES, CHRISTINA",NULL,2026-06-19 19:49:01.000,2026-06-19 19:54:56.000,2026-06-19 19:50:56.000,115,115,0,2026-06-19 21:37:32.227,6396,6396,0,2026-06-19 19:54:09.000,308,308,0,2026-06-19 21:37:32.227,6511,6511,0,2026-06-19 21:37:32.227,0,0,0,NULL,NULL,-9999,NULL,2026-06-20 00:34:27.203,2026-06-20 00:34:27.203,0,NULL,2026-06-20 00:34:27.310,17126,17126,0,RE-Report
26-049700,2026-06-19 20:02:49.000,25,FRI,19,20,D,NIGHT,EARLY,POLICE,RUNAWAY IN PROG,2,Phone,"GRAVES, CHRISTINA",NULL,2026-06-19 20:02:47.000,2026-06-19 20:14:05.000,2026-06-19 20:05:51.000,184,182,2,2026-06-19 22:58:09.420,10338,10338,0,2026-06-19 20:26:42.000,1435,1433,2,2026-06-19 22:58:13.030,10522,10522,0,2026-06-19 22:58:13.030,4,3,1,2026-06-19 23:04:51.930,398,398,0,2026-06-20 07:24:28.073,2026-06-20 07:24:28.073,0,NULL,2026-06-20 07:24:28.117,40901,40901,0,NR-No Report
26-015240,2026-06-19 20:23:02.000,25,FRI,19,20,D,NIGHT,EARLY,FIRE,GAS LEAK - INSIDE,1,E-911,"GRAVES, CHRISTINA",Automatic Dispatch,2026-06-19 20:23:02.000,2026-06-19 20:24:56.000,2026-06-19 20:23:36.000,34,34,0,2026-06-19 20:23:38.393,2,2,0,2026-06-19 20:26:41.000,219,219,0,2026-06-19 20:24:21.420,36,36,0,2026-06-19 20:24:21.420,43,43,0,2026-06-19 20:28:41.157,260,259,1,2026-06-19 20:38:49.747,2026-06-19 20:46:59.827,0,NULL,2026-06-19 20:47:00.020,1437,1437,0,UNDEFINED
26-049701,2026-06-19 20:24:26.000,25,FRI,19,20,D,NIGHT,EARLY,POLICE,ASSIST OUTSIDE AGENCY,2,Phone,"DOGAN, KYLAH","DOGAN, KYLAH",2026-06-19 20:24:25.000,2026-06-19 20:27:28.000,2026-06-19 20:25:29.000,64,63,1,2026-06-19 20:39:25.750,836,836,0,2026-06-19 20:32:50.000,505,504,1,2026-06-19 20:39:25.823,900,900,0,2026-06-19 20:39:25.823,0,0,0,2026-06-19 20:39:25.863,0,0,0,2026-06-19 20:51:20.857,2026-06-19 20:51:20.857,0,NULL,2026-06-19 20:51:20.907,1615,1615,0,NR-No Report
26-049703,2026-06-19 20:28:03.000,25,FRI,19,20,D,NIGHT,EARLY,POLICE,DEST OF PROP RES IN PROG,2,E-911,"GRAVES, CHRISTINA","WALKER, LATITIA",2026-06-19 20:28:01.000,2026-06-19 20:28:59.000,2026-06-19 20:28:43.000,42,40,2,2026-06-20 00:36:03.093,14840,14840,0,2026-06-19 20:29:59.000,118,116,2,2026-06-20 00:36:19.127,14882,14882,0,2026-06-20 00:36:19.127,16,16,0,2026-06-20 00:38:56.520,157,157,0,2026-06-20 02:04:10.563,2026-06-20 02:04:10.563,0,NULL,2026-06-20 02:04:10.630,20169,20169,0,RE-Report
26-049706,2026-06-19 20:28:09.000,25,FRI,19,20,D,NIGHT,EARLY,POLICE,ANIMAL WILDLIFE,3,Phone,"WILLIAMS, DARNELL","WALKER, LATITIA",2026-06-19 20:28:07.000,2026-06-19 20:34:02.000,2026-06-19 20:31:53.000,226,224,2,2026-06-19 20:35:44.993,231,231,0,2026-06-19 20:33:48.000,341,339,2,2026-06-19 20:35:53.990,457,457,0,2026-06-19 20:35:53.990,9,8,1,2026-06-19 20:41:11.463,318,317,1,2026-06-19 20:53:14.320,2026-06-19 20:53:14.320,0,NULL,2026-06-19 20:53:14.370,1507,1507,0,NR-No Report
26-049708,2026-06-19 20:32:20.000,25,FRI,19,20,D,NIGHT,EARLY,POLICE,DOMESTIC VIOL MINOR INJ,2,E-911,"GRAVES, CHRISTINA",NULL,2026-06-19 20:32:18.000,2026-06-19 20:38:39.000,2026-06-19 20:35:09.000,171,169,2,2026-06-19 22:52:30.153,8241,8241,0,2026-06-19 20:41:22.000,544,542,2,2026-06-19 22:52:33.197,8412,8412,0,2026-06-19 22:52:33.197,3,3,0,2026-06-19 22:56:04.617,211,211,0,2026-06-20 00:49:08.400,2026-06-20 08:01:36.447,0,NULL,2026-06-20 08:01:36.477,41358,41358,0,RE-Report
26-015241,2026-06-19 20:37:59.000,25,FRI,19,20,D,NIGHT,EARLY,EMS,FALL BLS,3,E-911,"WILLIAMS, DARNELL",Automatic Dispatch,2026-06-19 20:37:59.000,2026-06-19 20:39:49.000,2026-06-19 20:39:07.000,68,68,0,2026-06-19 20:39:09.880,2,2,0,2026-06-19 20:41:59.000,240,240,0,2026-06-19 20:40:12.870,70,70,0,2026-06-19 20:40:12.870,63,62,1,2026-06-19 20:46:19.797,367,366,1,2026-06-19 20:54:48.607,2026-06-19 20:54:48.607,0,NULL,2026-06-19 20:54:48.677,1009,1009,0,UNDEFINED
26-049711,2026-06-19 20:41:27.000,25,FRI,19,20,D,NIGHT,EARLY,POLICE,TRESPASSING IN PROG,3,E-911,"DOGAN, KYLAH","WALKER, LATITIA",2026-06-19 20:41:26.000,2026-06-19 20:42:53.000,2026-06-19 20:42:16.000,50,49,1,2026-06-20 00:54:43.000,15147,15146,1,2026-06-19 20:42:58.000,92,91,1,2026-06-20 00:54:46.907,15197,15196,1,2026-06-20 00:54:46.907,3,3,0,2026-06-20 01:00:23.697,337,336,1,2026-06-20 01:12:16.300,2026-06-20 01:13:17.547,0,NULL,2026-06-20 01:13:17.643,16311,16311,0,NR-No Report
26-049713,2026-06-19 20:42:20.000,25,FRI,19,20,D,NIGHT,EARLY,POLICE,MVC PROPERTY DAMAGE,2,E-911,"PRIESTLY, SHAVAUGHN",NULL,2026-06-19 20:42:19.000,2026-06-19 20:44:07.000,2026-06-19 20:43:42.000,83,82,1,2026-06-19 20:51:28.527,466,466,0,2026-06-19 20:44:57.000,158,157,1,2026-06-19 20:51:28.527,549,549,0,2026-06-19 20:51:28.527,0,0,0,2026-06-19 20:51:54.183,26,25,1,2026-06-19 21:30:20.403,2026-06-19 21:30:20.403,0,NULL,2026-06-19 21:30:20.460,2881,2881,0,NR-No Report
26-015242,2026-06-19 20:44:53.000,25,FRI,19,20,D,NIGHT,EARLY,EMS,HEART PROBLEMS ALS 1,1,E-911,"DOGAN, KYLAH",Automatic Dispatch,2026-06-19 20:44:53.000,2026-06-19 20:47:12.000,2026-06-19 20:46:26.000,93,93,0,2026-06-19 20:46:28.390,2,2,0,2026-06-19 20:51:40.000,407,407,0,2026-06-19 20:46:44.777,95,95,0,2026-06-19 20:46:44.777,16,16,0,2026-06-19 20:52:18.450,334,333,1,2026-06-19 21:02:02.740,2026-06-19 22:10:28.633,0,NULL,2026-06-19 22:10:28.683,5135,5135,0,UNDEFINED
26-015243,2026-06-19 20:59:21.000,25,FRI,19,20,D,NIGHT,EARLY,EMS,BLS EMERGENCY,3,E-911,"DOGAN, KYLAH",Automatic Dispatch,2026-06-19 20:59:21.000,2026-06-19 21:00:36.000,2026-06-19 21:00:11.000,50,50,0,2026-06-19 21:00:12.973,1,1,0,2026-06-19 21:03:10.000,229,229,0,2026-06-19 21:00:22.933,51,51,0,2026-06-19 21:00:22.933,10,9,1,2026-06-19 21:04:51.790,269,268,1,2026-06-19 22:52:08.263,2026-06-19 22:52:08.263,0,NULL,2026-06-19 22:52:08.403,6767,6767,0,UNDEFINED
26-049717,2026-06-19 21:16:54.000,25,FRI,19,21,D,NIGHT,EARLY,POLICE,WEAPON VIOL KNIFE IN PROG,1,E-911,"DOGAN, KYLAH",NULL,2026-06-19 21:16:54.000,2026-06-19 21:17:33.000,2026-06-19 21:17:29.000,35,35,0,2026-06-19 21:17:45.197,16,16,0,2026-06-19 21:21:29.000,275,275,0,2026-06-19 21:18:06.897,51,51,0,2026-06-19 21:18:06.897,21,-9999,10020,2026-06-19 21:18:59.057,53,52,1,2026-06-19 21:29:41.187,2026-06-19 21:33:52.473,0,NULL,2026-06-19 21:33:52.507,1018,1018,0,NR-No Report
26-015244,2026-06-19 21:19:59.000,25,FRI,19,21,D,NIGHT,EARLY,EMS,ALTERED LOC ALS 1,1,E-911,"GRAVES, CHRISTINA",Automatic Dispatch,2026-06-19 21:19:59.000,2026-06-19 21:27:50.000,2026-06-19 21:20:29.000,30,30,0,2026-06-19 21:20:31.270,2,2,0,2026-06-19 21:22:14.000,135,135,0,2026-06-19 21:21:34.883,32,32,0,2026-06-19 21:21:34.883,63,63,0,2026-06-19 21:23:46.827,132,131,1,2026-06-19 21:48:09.420,2026-06-19 21:51:46.107,0,NULL,2026-06-19 21:51:46.213,1907,1907,0,UNDEFINED
26-015245,2026-06-19 21:41:25.000,25,FRI,19,21,D,NIGHT,EARLY,EMS,FALL BLS,3,E-911,"GRAVES, CHRISTINA",Automatic Dispatch,2026-06-19 21:41:25.000,2026-06-19 21:43:37.000,2026-06-19 21:42:02.000,37,37,0,2026-06-19 21:42:04.220,2,2,0,2026-06-19 21:42:02.000,37,NULL,37,2026-06-19 21:43:27.510,39,39,0,2026-06-19 21:43:27.510,83,83,0,2026-06-19 21:50:35.050,428,427,1,2026-06-19 22:45:58.030,2026-06-19 22:45:58.027,0,NULL,2026-06-19 22:45:58.027,3873,3873,0,UNDEFINED
26-015246,2026-06-19 21:41:39.000,25,FRI,19,21,D,NIGHT,EARLY,EMS,DIABETIC EMERGENCY ALS 1,1,E-911,"PRIESTLY, SHAVAUGHN",Automatic Dispatch,2026-06-19 21:41:38.000,2026-06-19 21:44:22.000,2026-06-19 21:42:15.000,37,36,1,2026-06-19 21:42:17.113,2,2,0,2026-06-19 21:45:13.000,215,214,1,2026-06-19 21:43:01.197,39,39,0,2026-06-19 21:43:01.197,44,44,0,2026-06-19 21:44:58.583,117,117,0,2026-06-19 22:03:35.833,2026-06-19 23:16:30.930,0,NULL,2026-06-19 23:16:30.990,5692,5692,0,UNDEFINED
26-049721,2026-06-19 21:47:13.000,25,FRI,19,21,D,NIGHT,EARLY,POLICE,OFF DUTY DETAIL,8,OFFICER,"DANNENFELSER, CHRISTOPHER J",NULL,2026-06-19 21:47:13.000,2026-06-19 21:47:20.000,2026-06-19 21:47:13.000,0,1,-1,2026-06-19 21:47:13.000,0,0,0,2026-06-19 21:47:13.000,0,NULL,0,2026-06-19 21:47:13.000,0,0,0,2026-06-19 21:47:13.000,0,0,0,2026-06-19 21:47:13.000,0,0,0,2026-06-20 04:49:34.947,2026-06-20 04:49:34.947,0,NULL,2026-06-20 04:49:35.123,25341,25341,0,NR-No Report
26-015247,2026-06-19 21:51:40.000,25,FRI,19,21,D,NIGHT,EARLY,EMS,TROUBLE BREATHING ALS 1,1,E-911,"WILLIAMS, DARNELL",Automatic Dispatch,2026-06-19 21:51:39.000,2026-06-19 21:53:20.000,2026-06-19 21:52:18.000,39,38,1,2026-06-19 21:52:20.133,2,2,0,2026-06-19 21:55:48.000,249,248,1,2026-06-19 21:52:38.290,41,41,0,2026-06-19 21:52:38.290,18,18,0,2026-06-19 21:57:04.190,266,265,1,2026-06-19 22:07:47.547,2026-06-19 22:59:21.540,0,NULL,2026-06-19 22:59:21.667,4062,4062,0,UNDEFINED
26-049723,2026-06-19 21:56:56.000,25,FRI,19,21,D,NIGHT,EARLY,POLICE,TROUBLE UNKNOWN NO EMS,2,E-911,"WILLIAMS, DARNELL","GRAVES, CHRISTINA",2026-06-19 21:56:56.000,2026-06-19 21:58:41.000,2026-06-19 21:58:28.000,92,92,0,2026-06-19 21:59:16.520,48,48,0,2026-06-19 21:59:53.000,177,177,0,2026-06-19 21:59:19.927,140,140,0,2026-06-19 21:59:19.927,3,3,0,2026-06-19 22:07:55.513,516,515,1,2026-06-19 22:08:01.283,2026-06-19 22:08:24.087,0,NULL,2026-06-19 22:08:24.123,688,688,0,NR-No Report
26-049724,2026-06-19 22:01:10.000,25,FRI,19,22,D,NIGHT,MIDS,POLICE,DOMESTIC VIOL NO INJ,2,Phone,"PRIESTLY, SHAVAUGHN","GRAVES, CHRISTINA",2026-06-19 22:01:10.000,2026-06-19 22:02:42.000,2026-06-19 22:02:13.000,63,63,0,2026-06-19 22:04:28.507,135,135,0,2026-06-19 22:04:52.000,222,222,0,2026-06-19 22:04:42.220,198,198,0,2026-06-19 22:04:42.220,14,13,1,2026-06-19 22:26:06.140,1284,1283,1,2026-06-19 23:38:15.537,2026-06-19 23:38:39.970,0,NULL,2026-06-19 23:38:39.990,5849,5849,0,NR-No Report
26-049726,2026-06-19 22:03:46.000,25,FRI,19,22,D,NIGHT,MIDS,POLICE,ROBBERY FROM PERSON IN PROG,1,E-911,"WILLIAMS, DARNELL",NULL,2026-06-19 22:03:45.000,2026-06-20 02:41:16.000,2026-06-19 22:05:42.000,117,116,1,2026-06-19 22:07:16.843,94,94,0,2026-06-19 22:09:33.000,348,347,1,2026-06-19 22:07:23.760,211,211,0,2026-06-19 22:07:23.760,7,2,5,2026-06-19 22:09:45.977,142,142,0,2026-06-19 22:22:35.100,2026-06-20 02:40:10.253,1,2026-06-20 02:41:07.230,2026-06-20 02:41:25.600,16585,16660,-75,RE-Report
26-015248,2026-06-19 22:06:38.997,25,FRI,19,22,D,NIGHT,MIDS,EMS,UNKNOWN MEDICAL ALS 1,1,NOT CAPTURED,"GRAVES, CHRISTINA","MACK, BRIANA",2026-06-19 22:06:38.997,2026-06-19 22:08:13.000,2026-06-19 22:06:38.997,0,1,-1,2026-06-19 22:06:41.587,3,2,1,2026-06-19 22:06:38.997,0,NULL,0,2026-06-19 22:08:02.233,3,2,1,2026-06-19 22:08:02.233,81,80,1,2026-06-19 22:11:45.900,223,223,0,2026-06-19 22:11:23.017,2026-06-19 22:44:05.380,0,NULL,2026-06-19 22:44:05.427,2247,2246,1,CAD2CAD
26-015249,2026-06-19 22:07:39.000,25,FRI,19,22,D,NIGHT,MIDS,EMS,UNKNOWN MEDICAL ALS 1,1,Phone,"DOGAN, KYLAH","MACK, BRIANA",2026-06-19 22:07:38.000,2026-06-19 22:10:43.000,2026-06-19 22:08:34.000,56,55,1,2026-06-19 22:08:36.370,2,2,0,2026-06-19 22:09:56.000,138,137,1,2026-06-19 22:08:43.360,58,58,0,2026-06-19 22:08:43.360,7,6,1,2026-06-19 22:11:53.000,190,189,1,2026-06-19 22:10:40.530,2026-06-19 23:10:17.707,0,NULL,2026-06-19 23:10:17.830,3759,3759,0,UNDEFINED
26-049727,2026-06-19 22:08:52.000,25,FRI,19,22,D,NIGHT,MIDS,POLICE,POLICE INFORMATION,4,E-911,"WALKER, LATITIA",NULL,2026-06-19 22:08:51.000,2026-06-19 22:11:50.000,2026-06-19 22:11:46.000,175,174,1,2026-06-19 22:12:04.180,18,18,0,2026-06-19 22:13:29.000,278,277,1,2026-06-19 22:12:14.773,193,193,0,2026-06-19 22:12:14.773,10,10,0,2026-06-19 22:17:48.193,334,333,1,2026-06-19 22:16:37.040,2026-06-20 07:09:19.090,0,NULL,2026-06-20 07:09:19.113,32428,32428,0,RE-Report
26-049730,2026-06-19 22:22:02.000,25,FRI,19,22,D,NIGHT,MIDS,POLICE,ASSIST OUTSIDE AGENCY,2,Phone,"WILLIAMS, DARNELL","GRAVES, CHRISTINA",2026-06-19 22:22:00.000,2026-06-19 22:25:58.000,2026-06-19 22:22:36.000,36,34,2,2026-06-19 22:39:22.357,1006,1006,0,2026-06-19 22:24:09.000,129,127,2,2026-06-19 22:39:25.083,1042,1042,0,2026-06-19 22:39:25.083,3,2,1,2026-06-19 22:47:50.367,505,505,0,2026-06-19 23:07:49.917,2026-06-19 23:07:49.917,0,NULL,2026-06-19 23:07:49.950,2749,2749,0,NR-No Report
26-049732,2026-06-19 22:31:33.000,25,FRI,19,22,D,NIGHT,MIDS,POLICE,TRESPASSING IN PROG,2,Phone,"DOGAN, KYLAH","GRAVES, CHRISTINA",2026-06-19 22:31:32.000,2026-06-19 22:32:37.000,2026-06-19 22:31:57.000,25,24,1,2026-06-19 22:37:33.500,336,336,0,2026-06-19 22:44:15.000,763,762,1,2026-06-19 22:37:36.427,361,361,0,2026-06-19 22:37:36.427,3,2,1,2026-06-19 22:41:13.827,217,217,0,2026-06-19 22:55:23.603,2026-06-19 23:00:26.813,0,NULL,2026-06-19 23:00:26.847,1734,1734,0,NR-No Report
26-015250,2026-06-19 22:33:42.663,25,FRI,19,22,D,NIGHT,MIDS,FIRE,MUTUAL OUTSIDE FIRE,1,C2C,CAD to CAD Service 1,CAD to CAD Service 1,2026-06-19 22:31:51.000,NULL,2026-06-19 22:33:43.100,112,0,112,2026-06-19 22:33:43.147,0,0,0,NULL,NULL,NULL,NULL,2026-06-19 22:34:49.190,112,-9999,10111,2026-06-19 22:34:49.190,66,66,0,2026-06-19 22:40:21.367,332,332,0,2026-06-19 22:52:13.300,2026-06-19 22:52:13.300,0,NULL,2026-06-19 22:52:13.560,1222,1222,0,UNDEFINED
26-015251,2026-06-19 22:43:13.000,25,FRI,19,22,D,NIGHT,MIDS,EMS,SEIZURE ALS 1,1,E-911,"WALKER, LATITIA",Automatic Dispatch,2026-06-19 22:43:13.000,2026-06-19 22:45:25.000,2026-06-19 22:44:06.000,53,53,0,2026-06-19 22:44:08.130,2,2,0,2026-06-19 22:54:49.000,696,696,0,2026-06-19 22:45:17.680,55,55,0,2026-06-19 22:45:17.680,69,69,0,2026-06-19 22:48:47.163,210,209,1,2026-06-19 23:05:49.077,2026-06-19 23:07:21.920,0,NULL,2026-06-19 23:07:22.077,1448,1448,0,UNDEFINED
26-049738,2026-06-19 23:07:39.000,25,FRI,19,23,D,NIGHT,MIDS,POLICE,ASSAULT STAB IN PROG,1,E-911,"WILLIAMS, DARNELL",NULL,2026-06-19 23:07:39.000,2026-06-19 23:08:27.000,2026-06-19 23:08:21.000,42,42,0,2026-06-19 23:09:09.373,48,48,0,2026-06-19 23:10:38.000,179,179,0,2026-06-19 23:09:12.493,90,90,0,2026-06-19 23:09:12.493,3,3,0,2026-06-19 23:10:14.047,62,61,1,2026-06-19 23:29:27.583,2026-06-20 00:27:09.280,0,NULL,2026-06-20 00:27:09.373,4770,4770,0,NR-No Report
26-015252,2026-06-19 23:09:59.000,25,FRI,19,23,D,NIGHT,MIDS,EMS,STABBING ALS 2 - SUPV,1,NOT CAPTURED,"DOGAN, KYLAH","MACK, BRIANA",2026-06-19 23:09:59.000,2026-06-19 23:10:36.000,2026-06-19 23:09:59.000,0,NULL,0,2026-06-19 23:10:02.140,3,3,0,2026-06-19 23:09:59.000,0,0,0,2026-06-19 23:10:52.723,3,3,0,2026-06-19 23:10:52.723,50,50,0,NULL,NULL,-9999,NULL,2026-06-19 23:10:10.833,2026-06-19 23:17:16.817,0,NULL,2026-06-19 23:17:16.917,437,437,0,UNDEFINED
26-049743,2026-06-19 23:14:41.000,25,FRI,19,23,D,NIGHT,MIDS,POLICE,LARCENY COMMERCIAL DELAY,4,E-911,"PRIESTLY, SHAVAUGHN",NULL,2026-06-19 23:14:41.000,2026-06-20 02:34:08.000,2026-06-19 23:15:08.000,27,27,0,2026-06-20 07:24:59.437,29391,17456,11935,2026-06-19 23:20:11.000,330,330,0,2026-06-20 07:24:59.437,29418,29418,0,2026-06-20 07:24:59.437,0,0,0,NULL,NULL,-9999,NULL,2026-06-20 08:15:48.697,2026-06-20 02:21:53.000,1,2026-06-20 02:34:03.057,2026-06-20 08:15:48.770,11232,32467,-21235,RE-Report
26-015253,2026-06-19 23:23:04.817,25,FRI,19,23,D,NIGHT,MIDS,FIRE,LOCAL ENGINE,3,NOT CAPTURED,"GRAVES, CHRISTINA",Automatic Dispatch,2026-06-19 23:23:04.817,2026-06-19 23:23:24.000,2026-06-19 23:23:04.817,0,0,0,2026-06-19 23:23:06.940,2,2,0,2026-06-19 23:23:04.817,0,NULL,0,2026-06-19 23:24:11.437,2,2,0,2026-06-19 23:24:11.437,65,64,1,2026-06-19 23:44:19.793,1208,1208,0,2026-06-19 23:44:20.497,2026-06-19 23:44:20.497,0,NULL,2026-06-19 23:44:20.670,1276,1275,1,UNDEFINED
26-049746,2026-06-19 23:30:57.000,25,FRI,19,23,D,NIGHT,MIDS,POLICE,DOMESTIC VIOL NO INJ,2,E-911,"WILLIAMS, DARNELL",NULL,2026-06-19 23:30:57.000,2026-06-19 23:36:03.000,2026-06-19 23:34:45.000,228,228,0,2026-06-19 23:39:47.067,302,302,0,2026-06-19 23:36:29.000,332,332,0,2026-06-19 23:39:49.993,530,530,0,2026-06-19 23:39:49.993,2,2,0,2026-06-19 23:53:06.467,797,796,1,2026-06-20 00:37:47.553,2026-06-20 03:50:54.187,0,NULL,2026-06-20 03:50:54.237,15597,15597,0,NR-No Report
26-049747,2026-06-19 23:36:52.000,25,FRI,19,23,D,NIGHT,MIDS,POLICE,DISORDERLY CONDUCT,2,Phone,"PRIESTLY, SHAVAUGHN","GRAVES, CHRISTINA",2026-06-19 23:36:52.000,2026-06-19 23:39:18.000,2026-06-19 23:37:08.000,16,16,0,2026-06-19 23:44:20.027,432,432,0,2026-06-19 23:39:05.000,133,133,0,2026-06-19 23:44:23.313,448,448,0,2026-06-19 23:44:23.313,3,3,0,2026-06-19 23:45:19.643,56,56,0,2026-06-19 23:54:30.203,2026-06-19 23:55:22.467,0,NULL,2026-06-19 23:55:22.587,1110,1110,0,NR-No Report
26-049748,2026-06-19 23:42:50.000,25,FRI,19,23,D,NIGHT,MIDS,POLICE,PROPERTY FOUND,4,Radio,"GRAVES, CHRISTINA",NULL,2026-06-19 23:42:48.000,2026-06-20 00:45:50.000,2026-06-19 23:43:03.000,15,13,2,2026-06-19 23:43:36.253,33,33,0,2026-06-19 23:43:47.000,59,57,2,2026-06-19 23:43:42.433,48,48,0,2026-06-19 23:43:42.433,6,6,0,NULL,NULL,-9999,NULL,2026-06-20 07:09:31.147,2026-06-20 07:09:31.147,0,NULL,2026-06-20 07:09:31.180,26803,26803,0,RE-Report
26-049751,2026-06-20 00:10:18.000,25,SAT,20,0,D,NIGHT,MIDS,POLICE,DISORDERLY CONDUCT,2,Phone,"DOGAN, KYLAH","WALKER, LATITIA",2026-06-20 00:10:18.000,2026-06-20 00:19:25.000,2026-06-20 00:10:40.000,22,22,0,2026-06-20 00:53:24.273,2564,2564,0,2026-06-20 00:30:12.000,1194,1194,0,2026-06-20 00:53:29.307,2586,2586,0,2026-06-20 00:53:29.307,5,5,0,2026-06-20 01:10:06.110,997,996,1,NULL,2026-06-20 06:26:05.000,0,NULL,NULL,22547,22547,0,NR-No Report
26-015254,2026-06-20 00:41:37.000,25,SAT,20,0,D,NIGHT,MIDS,EMS,UNKNOWN MEDICAL ALS 1,1,E-911,"WILLIAMS, DARNELL",Automatic Dispatch,2026-06-20 00:41:37.000,2026-06-20 00:43:52.000,2026-06-20 00:43:27.000,110,110,0,2026-06-20 00:43:29.953,2,2,0,2026-06-20 00:45:16.000,219,219,0,2026-06-20 00:44:30.840,112,112,0,2026-06-20 00:44:30.840,61,60,1,2026-06-20 00:47:27.533,177,176,1,2026-06-20 01:04:26.607,2026-06-20 01:08:12.403,0,NULL,2026-06-20 01:08:12.537,1595,1595,0,UNDEFINED
26-049754,2026-06-20 00:49:32.000,25,SAT,20,0,D,NIGHT,MIDS,POLICE,NOISE COMPLAINT DELAY,4,Phone,"WILLIAMS, DARNELL",NULL,2026-06-20 00:49:31.000,NULL,2026-06-20 00:49:53.000,22,21,1,2026-06-20 01:55:49.743,3956,3956,0,2026-06-20 00:51:02.000,91,90,1,2026-06-20 01:55:49.743,3978,3978,0,2026-06-20 01:55:49.743,0,0,0,2026-06-20 01:55:51.487,2,1,1,2026-06-20 01:56:32.727,2026-06-20 01:56:32.727,0,NULL,2026-06-20 01:56:32.770,4021,4021,0,NR-No Report
26-049756,2026-06-20 00:56:43.000,25,SAT,20,0,D,NIGHT,MIDS,POLICE,TRESPASSING IN PROG,2,Phone,"PRIESTLY, SHAVAUGHN",NULL,2026-06-20 00:56:42.000,2026-06-20 00:58:11.000,2026-06-20 00:57:53.000,71,70,1,2026-06-20 01:10:03.303,730,730,0,2026-06-20 01:02:51.000,369,368,1,2026-06-20 01:10:03.407,801,801,0,2026-06-20 01:10:03.407,0,0,0,2026-06-20 01:16:00.870,357,357,0,2026-06-20 02:16:00.637,2026-06-20 04:59:52.783,0,NULL,2026-06-20 04:59:52.893,14590,14590,0,NR-No Report
26-049758,2026-06-20 01:07:34.000,25,SAT,20,1,D,NIGHT,MIDS,POLICE,DOMESTIC VIOL NO INJ,2,E-911,"PRIESTLY, SHAVAUGHN",NULL,2026-06-20 01:07:34.000,2026-06-20 01:09:40.000,2026-06-20 01:08:07.000,33,33,0,2026-06-20 01:18:42.153,635,635,0,2026-06-20 01:10:15.000,161,161,0,2026-06-20 01:18:44.943,668,668,0,2026-06-20 01:18:44.943,2,2,0,2026-06-20 01:28:12.483,568,567,1,2026-06-20 01:36:25.153,2026-06-20 06:26:11.000,0,NULL,NULL,19117,19117,0,NR-No Report
26-015255,2026-06-20 01:10:06.000,25,SAT,20,1,D,NIGHT,MIDS,FIRE,FIRE ALARM,3,E-911,"PRIESTLY, SHAVAUGHN",Automatic Dispatch,2026-06-20 01:10:06.000,2026-06-20 01:11:47.000,2026-06-20 01:10:34.000,28,28,0,2026-06-20 01:10:36.583,2,2,0,2026-06-20 01:11:30.000,84,84,0,2026-06-20 01:11:53.173,30,30,0,2026-06-20 01:11:53.173,77,76,1,2026-06-20 01:15:22.487,209,209,0,2026-06-20 01:21:02.353,2026-06-20 01:21:02.353,0,NULL,2026-06-20 01:21:02.447,656,656,0,UNDEFINED
26-015256,2026-06-20 01:14:01.000,25,SAT,20,1,D,NIGHT,MIDS,EMS,BLS EMERGENCY,3,E-911,"MACK, BRIANA",Automatic Dispatch,2026-06-20 01:14:00.000,2026-06-20 01:14:53.000,2026-06-20 01:14:30.000,30,29,1,2026-06-20 01:14:32.767,2,2,0,2026-06-20 01:14:30.000,30,NULL,30,2026-06-20 01:16:42.610,32,32,0,2026-06-20 01:16:42.610,130,129,1,2026-06-20 01:21:38.510,296,295,1,2026-06-20 01:33:05.013,2026-06-20 01:33:05.013,0,NULL,2026-06-20 01:33:05.060,1145,1145,0,UNDEFINED
26-015257,2026-06-20 01:19:22.000,25,SAT,20,1,D,NIGHT,MIDS,EMS,OVERDOSE ALS,2,E-911,"MACK, BRIANA",Automatic Dispatch,2026-06-20 01:19:21.000,2026-06-20 01:20:39.000,2026-06-20 01:20:16.000,55,54,1,2026-06-20 01:20:18.990,2,2,0,2026-06-20 01:33:37.000,856,855,1,2026-06-20 01:21:41.793,57,57,0,2026-06-20 01:21:41.793,83,82,1,2026-06-20 01:25:33.157,232,231,1,2026-06-20 01:35:31.477,2026-06-20 01:36:00.990,0,NULL,2026-06-20 01:36:00.997,999,999,0,UNDEFINED
26-049761,2026-06-20 01:20:17.000,25,SAT,20,1,D,NIGHT,MIDS,POLICE,SUICIDE IN PROG INJ/PILLS,1,Phone,"MACK, BRIANA","WALKER, LATITIA",2026-06-20 01:20:17.000,2026-06-20 01:21:35.000,2026-06-20 01:20:17.000,0,NULL,0,2026-06-20 01:23:06.633,169,169,0,2026-06-20 01:20:17.000,0,0,0,2026-06-20 01:23:06.690,169,169,0,2026-06-20 01:23:06.690,0,0,0,2026-06-20 01:26:56.053,230,229,1,2026-06-20 01:33:27.740,2026-06-20 02:09:45.123,0,NULL,2026-06-20 02:09:45.213,2968,2968,0,NR-No Report
26-049765,2026-06-20 01:23:16.000,25,SAT,20,1,D,NIGHT,MIDS,POLICE,ABDUCTION IN PROG,1,Phone,"WILLIAMS, DARNELL",NULL,2026-06-20 01:23:14.000,2026-06-20 01:25:03.000,2026-06-20 01:24:56.000,102,100,2,2026-06-20 01:26:10.417,74,74,0,2026-06-20 01:27:36.000,262,260,2,2026-06-20 01:26:10.473,176,176,0,2026-06-20 01:26:10.473,0,0,0,2026-06-20 01:30:06.897,236,236,0,2026-06-20 01:53:20.070,2026-06-20 01:57:27.660,0,NULL,2026-06-20 01:57:27.723,2053,2053,0,NR-No Report
26-049767,2026-06-20 01:30:20.000,25,SAT,20,1,D,NIGHT,MIDS,POLICE,MENTAL HEALTH CASE,2,E-911,"WILLIAMS, DARNELL","WALKER, LATITIA",2026-06-20 01:30:20.000,2026-06-20 01:32:49.000,2026-06-20 01:31:32.000,72,72,0,2026-06-20 01:43:41.317,729,729,0,2026-06-20 01:34:02.000,222,222,0,2026-06-20 01:43:41.387,801,801,0,2026-06-20 01:43:41.387,0,0,0,2026-06-20 01:49:13.883,332,332,0,2026-06-20 01:45:02.293,2026-06-20 01:58:08.010,0,NULL,2026-06-20 01:58:08.070,1668,1668,0,NR-No Report
26-049769,2026-06-20 01:44:59.000,25,SAT,20,1,D,NIGHT,MIDS,POLICE,DOMESTIC VIOL NO INJ,2,E-911,"WILLIAMS, DARNELL",NULL,2026-06-20 01:44:59.000,2026-06-20 01:47:45.000,2026-06-20 01:46:01.000,62,62,0,2026-06-20 01:56:01.507,600,600,0,2026-06-20 01:48:06.000,187,187,0,2026-06-20 01:56:06.687,662,662,0,2026-06-20 01:56:06.687,5,5,0,2026-06-20 02:02:53.943,407,407,0,2026-06-20 02:09:14.343,2026-06-20 02:21:57.467,0,NULL,2026-06-20 02:21:57.513,2218,2218,0,NR-No Report
26-015258,2026-06-20 01:46:52.000,25,SAT,20,1,D,NIGHT,MIDS,FIRE,MUTUAL AID,2,Phone,"MACK, BRIANA","GRAVES, CHRISTINA",2026-06-20 01:46:50.000,2026-06-20 01:49:05.487,2026-06-20 01:48:32.000,102,100,2,2026-06-20 01:49:05.420,33,33,0,2026-06-20 01:56:09.000,559,557,2,2026-06-20 01:50:25.447,135,135,0,2026-06-20 01:50:25.447,80,80,0,2026-06-20 01:54:46.793,261,261,0,2026-06-20 02:12:39.090,2026-06-20 02:12:39.090,0,NULL,2026-06-20 02:12:39.230,1549,1549,0,UNDEFINED
26-015259,2026-06-20 01:54:53.000,25,SAT,20,1,D,NIGHT,MIDS,EMS,PUBLIC SERVICE EMS,4,E-911,"MACK, BRIANA",Automatic Dispatch,2026-06-20 01:54:53.000,2026-06-20 01:56:47.000,2026-06-20 01:55:30.000,37,37,0,2026-06-20 01:55:32.557,2,2,0,2026-06-20 01:56:04.000,71,71,0,2026-06-20 01:56:34.327,39,39,0,2026-06-20 01:56:34.327,62,61,1,2026-06-20 02:04:23.203,469,468,1,2026-06-20 02:19:00.390,2026-06-20 02:19:00.390,0,NULL,2026-06-20 02:19:00.393,1447,1447,0,UNDEFINED
26-049772,2026-06-20 02:05:16.000,25,SAT,20,2,D,NIGHT,LATE,POLICE,ON VIEW,2,NOT CAPTURED,"DOGAN, KYLAH","DOGAN, KYLAH",2026-06-20 02:05:16.000,2026-06-20 02:05:22.587,2026-06-20 02:05:16.000,0,0,0,2026-06-20 02:05:16.000,0,0,0,2026-06-20 02:05:16.000,0,0,0,2026-06-20 02:05:26.940,0,0,0,2026-06-20 02:05:16.000,0,0,0,2026-06-20 02:05:16.000,0,0,0,2026-06-20 02:11:46.673,2026-06-20 02:12:25.630,0,NULL,2026-06-20 02:12:25.807,429,429,0,NR-No Report
26-049773,2026-06-20 02:08:31.000,25,SAT,20,2,D,NIGHT,LATE,POLICE,DISORDERLY CONDUCT,2,Phone,"WALKER, LATITIA","DOGAN, KYLAH",2026-06-20 02:08:30.000,2026-06-20 02:09:54.000,2026-06-20 02:08:45.000,15,14,1,2026-06-20 02:20:09.823,684,684,0,2026-06-20 02:09:26.000,56,55,1,2026-06-20 02:20:09.880,699,699,0,2026-06-20 02:20:09.880,0,0,0,2026-06-20 02:20:19.263,10,9,1,2026-06-20 02:22:40.483,2026-06-20 02:22:40.483,0,NULL,2026-06-20 02:22:40.560,850,850,0,NR-No Report
26-049774,2026-06-20 02:12:19.000,25,SAT,20,2,D,NIGHT,LATE,POLICE,ROBBERY FROM PERSON IN PROG,1,E-911,"MACK, BRIANA","DOGAN, KYLAH",2026-06-20 02:12:18.000,2026-06-20 02:18:19.000,2026-06-20 02:14:44.000,146,145,1,2026-06-20 02:18:47.900,243,243,0,2026-06-20 02:29:32.000,1034,1033,1,2026-06-20 02:18:47.940,389,389,0,2026-06-20 02:18:47.940,0,0,0,2026-06-20 02:21:39.543,172,171,1,2026-06-20 02:58:53.053,2026-06-20 06:39:45.010,0,NULL,2026-06-20 06:39:45.083,16047,16047,0,RE-Report
26-049776,2026-06-20 02:21:22.000,25,SAT,20,2,D,NIGHT,LATE,POLICE,TRAFFIC STOP,2,OFFICER,"DOGAN, KYLAH","DOGAN, KYLAH",2026-06-20 02:21:22.000,NULL,2026-06-20 02:21:22.000,0,0,0,2026-06-20 02:21:22.000,0,0,0,2026-06-20 02:21:22.000,0,0,0,2026-06-20 02:21:34.700,0,0,0,2026-06-20 02:21:22.000,0,0,0,2026-06-20 02:21:22.000,0,0,0,2026-06-20 02:27:49.373,2026-06-20 02:27:59.277,0,NULL,2026-06-20 02:27:59.330,397,397,0,NR-No Report
26-049777,2026-06-20 02:27:28.000,25,SAT,20,2,D,NIGHT,LATE,POLICE,TROUBLE UNKNOWN NO EMS,1,E-911,"WALKER, LATITIA",NULL,2026-06-20 02:27:28.000,2026-06-20 02:29:37.000,2026-06-20 02:28:18.000,50,50,0,2026-06-20 02:29:47.930,89,89,0,2026-06-20 02:28:52.000,84,84,0,2026-06-20 02:29:51.847,139,139,0,2026-06-20 02:29:51.847,4,3,1,2026-06-20 02:33:27.077,216,215,1,2026-06-20 02:35:01.323,2026-06-20 02:54:58.767,0,NULL,2026-06-20 02:54:58.777,1650,1650,0,NR-No Report
26-049778,2026-06-20 02:32:28.000,25,SAT,20,2,D,NIGHT,LATE,POLICE,DOMESTIC VIOL MINOR INJ,2,E-911,"MACK, BRIANA",NULL,2026-06-20 02:32:26.000,2026-06-20 02:34:47.000,2026-06-20 02:33:47.000,81,79,2,2026-06-20 05:38:56.893,11109,11109,0,2026-06-20 02:34:11.000,105,103,2,2026-06-20 05:39:00.557,11190,11190,0,2026-06-20 05:39:00.557,4,3,1,2026-06-20 05:42:34.740,214,214,0,2026-06-20 05:41:31.027,2026-06-20 10:27:47.947,0,NULL,2026-06-20 10:27:47.947,28521,28521,0,RE-Report
26-015260,2026-06-20 02:41:48.000,25,SAT,20,2,D,NIGHT,LATE,EMS,CHEST PAIN ALS 1,1,E-911,"WALKER, LATITIA",Automatic Dispatch,2026-06-20 02:41:48.000,2026-06-20 02:46:09.000,2026-06-20 02:42:29.000,41,41,0,2026-06-20 02:42:31.383,2,2,0,2026-06-20 02:44:40.000,172,172,0,2026-06-20 02:43:52.170,43,43,0,2026-06-20 02:43:52.170,81,80,1,2026-06-20 02:47:29.257,217,217,0,2026-06-20 03:09:07.730,2026-06-20 04:00:15.223,0,NULL,2026-06-20 04:00:15.297,4707,4707,0,UNDEFINED
26-015261,2026-06-20 02:43:18.000,25,SAT,20,2,D,NIGHT,LATE,EMS,TROUBLE BREATHING ALS 1,1,E-911,"MACK, BRIANA","GRAVES, CHRISTINA",2026-06-20 02:43:18.000,2026-06-20 02:45:01.000,2026-06-20 02:43:51.000,33,33,0,2026-06-20 02:43:53.150,2,2,0,2026-06-20 02:48:26.000,308,308,0,2026-06-20 02:46:09.377,35,35,0,2026-06-20 02:46:09.377,136,136,0,2026-06-20 02:52:05.830,356,356,0,2026-06-20 02:55:26.537,2026-06-20 03:51:24.063,0,NULL,2026-06-20 03:51:24.213,4086,4086,0,UNDEFINED
26-015262,2026-06-20 02:47:20.000,25,SAT,20,2,D,NIGHT,LATE,EMS,FALL BLS,3,E-911,"WALKER, LATITIA",Automatic Dispatch,2026-06-20 02:47:20.000,2026-06-20 02:48:41.000,2026-06-20 02:47:59.000,39,39,0,2026-06-20 02:48:01.180,2,2,0,2026-06-20 02:49:28.000,128,128,0,2026-06-20 02:49:37.760,41,41,0,2026-06-20 02:49:37.760,96,96,0,2026-06-20 02:53:14.813,217,217,0,2026-06-20 03:19:03.217,2026-06-20 04:10:07.780,0,NULL,2026-06-20 04:10:07.780,4967,4967,0,UNDEFINED
26-049781,2026-06-20 03:03:52.000,25,SAT,20,3,D,NIGHT,LATE,POLICE,PUBLIC SERVICE MULTI OFFICER,4,E-911,"WALKER, LATITIA","LEWIS, LESLIE",2026-06-20 03:03:51.000,2026-06-20 03:08:58.000,2026-06-20 03:07:50.000,239,238,1,2026-06-20 09:26:56.183,22746,22746,0,2026-06-20 03:08:01.000,250,249,1,2026-06-20 09:27:03.487,22985,22985,0,2026-06-20 09:27:03.487,7,7,0,2026-06-20 09:37:25.140,622,621,1,2026-06-20 09:31:14.420,2026-06-20 10:18:04.030,0,NULL,2026-06-20 10:18:04.073,26053,26053,0,NR-No Report
26-049783,2026-06-20 03:08:22.000,25,SAT,20,3,D,NIGHT,LATE,POLICE,TRAFFIC STOP,2,Radio,"DOGAN, KYLAH","DOGAN, KYLAH",2026-06-20 03:08:22.000,2026-06-20 03:18:32.000,2026-06-20 03:08:22.000,0,0,0,2026-06-20 03:08:22.000,0,0,0,2026-06-20 03:08:22.000,0,0,0,2026-06-20 03:11:10.143,0,0,0,2026-06-20 03:08:22.000,0,0,0,2026-06-20 03:08:22.000,0,0,0,2026-06-20 03:40:37.953,2026-06-20 03:47:15.147,0,NULL,2026-06-20 03:47:15.173,2333,2333,0,CI-Citation
26-049785,2026-06-20 03:19:45.000,25,SAT,20,3,D,NIGHT,LATE,POLICE,ALARM COMMERCIAL,2,Phone,"MACK, BRIANA","DOGAN, KYLAH",2026-06-20 03:19:43.000,2026-06-20 03:23:16.000,2026-06-20 03:20:03.000,20,18,2,2026-06-20 03:23:49.093,226,226,0,2026-06-20 03:21:40.000,117,115,2,2026-06-20 03:23:49.173,246,246,0,2026-06-20 03:23:49.173,0,0,0,2026-06-20 03:39:49.400,960,960,0,2026-06-20 03:50:41.767,2026-06-20 03:50:41.767,0,NULL,2026-06-20 03:50:41.830,1858,1858,0,NR-No Report
26-049787,2026-06-20 03:30:56.000,25,SAT,20,3,D,NIGHT,LATE,POLICE,PARKING COMPLAINT,4,Phone,"WALKER, LATITIA",NULL,2026-06-20 03:30:56.000,2026-06-20 03:37:19.000,2026-06-20 03:31:15.000,19,19,0,2026-06-20 06:27:17.763,10562,10562,0,2026-06-20 03:31:48.000,52,52,0,2026-06-20 06:27:17.763,10581,10581,0,2026-06-20 06:27:17.763,0,-9999,9999,NULL,NULL,-9999,NULL,2026-06-20 06:27:32.993,2026-06-20 06:27:32.993,0,NULL,2026-06-20 06:27:33.873,10596,10596,0,NR-No Report
26-049788,2026-06-20 03:39:42.000,25,SAT,20,3,D,NIGHT,LATE,POLICE,TRESPASSING IN PROG,2,Phone,"PRIESTLY, SHAVAUGHN","DOGAN, KYLAH",2026-06-20 03:39:40.000,2026-06-20 03:40:48.000,2026-06-20 03:40:05.000,25,23,2,2026-06-20 04:25:24.553,2719,2719,0,2026-06-20 03:55:27.000,947,945,2,2026-06-20 04:25:28.643,2744,2744,0,2026-06-20 04:25:28.643,4,4,0,2026-06-20 04:34:55.577,567,566,1,2026-06-20 04:40:08.380,2026-06-20 04:40:27.780,0,NULL,2026-06-20 04:40:27.867,3647,3647,0,NR-No Report
26-049790,2026-06-20 04:04:55.000,25,SAT,20,4,D,NIGHT,LATE,POLICE,DISORDERLY CONDUCT,2,E-911,"PRIESTLY, SHAVAUGHN","DOGAN, KYLAH",2026-06-20 04:04:55.000,2026-06-20 04:05:32.000,2026-06-20 04:05:25.000,30,30,0,2026-06-20 04:24:28.900,1143,1143,0,2026-06-20 04:07:34.000,159,159,0,2026-06-20 04:24:32.340,1173,1173,0,2026-06-20 04:24:32.340,4,3,1,2026-06-20 04:27:49.240,197,196,1,2026-06-20 05:29:24.237,2026-06-20 06:01:58.307,0,NULL,2026-06-20 06:01:58.350,7023,7023,0,NR-No Report
26-015263,2026-06-20 04:16:05.000,25,SAT,20,4,D,NIGHT,LATE,EMS,MUTUAL ALS,1,Phone,"MACK, BRIANA","MACK, BRIANA",2026-06-20 04:16:04.000,2026-06-20 04:17:25.000,2026-06-20 04:16:31.000,27,26,1,2026-06-20 04:18:14.330,103,103,0,2026-06-20 04:18:37.000,153,152,1,2026-06-20 04:20:09.623,130,130,0,2026-06-20 04:20:09.623,115,115,0,2026-06-20 04:25:51.317,342,341,1,2026-06-20 04:48:25.737,2026-06-20 05:28:46.090,0,NULL,2026-06-20 05:28:46.277,4362,4362,0,UNDEFINED
26-049791,2026-06-20 04:40:12.000,25,SAT,20,4,D,NIGHT,LATE,POLICE,ASSIST CITIZEN DELAY,4,Radio,"DOGAN, KYLAH",NULL,2026-06-20 04:40:11.000,2026-06-20 04:41:41.600,2026-06-20 04:40:29.000,18,17,1,2026-06-20 04:40:36.230,7,7,0,2026-06-20 04:41:29.000,78,77,1,2026-06-20 04:40:36.293,25,25,0,2026-06-20 04:40:36.293,0,0,0,2026-06-20 04:40:36.307,0,0,0,2026-06-20 06:45:47.717,2026-06-20 06:45:47.717,0,NULL,2026-06-20 06:45:47.783,7536,7536,0,NR-No Report
26-049793,2026-06-20 04:43:05.000,25,SAT,20,4,D,NIGHT,LATE,POLICE,LARCENY OTHER IN PROG,2,E-911,"WALKER, LATITIA","DOGAN, KYLAH",2026-06-20 04:43:05.000,2026-06-20 04:46:03.000,2026-06-20 04:45:07.000,122,122,0,2026-06-20 04:46:49.517,102,102,0,2026-06-20 04:48:20.000,315,315,0,2026-06-20 04:46:56.660,224,224,0,2026-06-20 04:46:56.660,7,7,0,2026-06-20 04:48:39.173,103,102,1,2026-06-20 04:58:22.557,2026-06-20 06:12:48.750,0,NULL,2026-06-20 06:12:48.837,5383,5383,0,RE-Report
26-049795,2026-06-20 04:52:48.000,25,SAT,20,4,D,NIGHT,LATE,POLICE,POLICE INFORMATION,4,Radio,"DOGAN, KYLAH",NULL,2026-06-20 04:52:46.000,2026-06-20 04:54:16.000,2026-06-20 04:53:08.000,22,20,2,2026-06-20 04:53:18.243,10,10,0,2026-06-20 04:53:34.000,48,46,2,2026-06-20 04:53:18.307,32,32,0,2026-06-20 04:53:18.307,0,0,0,2026-06-20 04:55:32.980,134,134,0,2026-06-20 05:34:19.027,2026-06-20 06:28:46.373,0,NULL,2026-06-20 06:28:46.373,5760,5760,0,RE-Report
26-049796,2026-06-20 05:13:55.000,25,SAT,20,5,D,NIGHT,LATE,POLICE,TROUBLE UNKNOWN NO EMS,2,Phone,"WALKER, LATITIA","DOGAN, KYLAH",2026-06-20 05:13:55.000,2026-06-20 05:15:46.000,2026-06-20 05:15:08.000,73,73,0,2026-06-20 05:21:42.240,394,394,0,2026-06-20 05:15:38.000,103,103,0,2026-06-20 05:21:54.000,467,467,0,2026-06-20 05:21:54.000,12,11,1,2026-06-20 05:22:51.427,57,57,0,2026-06-20 05:34:08.093,2026-06-20 05:34:41.947,0,NULL,2026-06-20 05:34:42.007,1246,1246,0,NR-No Report
26-015264,2026-06-20 05:16:50.000,25,SAT,20,5,D,NIGHT,LATE,FIRE,CO ALARM,2,E-911,"GRAVES, CHRISTINA","MACK, BRIANA",2026-06-20 05:16:50.000,2026-06-20 05:18:41.000,2026-06-20 05:17:09.000,19,19,0,2026-06-20 05:17:13.033,4,4,0,2026-06-20 05:21:11.000,261,261,0,2026-06-20 05:18:24.237,23,23,0,2026-06-20 05:18:24.237,71,71,0,2026-06-20 05:29:21.050,657,656,1,2026-06-20 05:47:52.403,2026-06-20 05:49:15.300,0,NULL,2026-06-20 05:49:15.370,1945,1945,0,UNDEFINED
26-015265,2026-06-20 05:38:28.000,25,SAT,20,5,D,NIGHT,LATE,EMS,ASSAULT ALS 1,3,NOT CAPTURED,"GRAVES, CHRISTINA",Automatic Dispatch,2026-06-20 05:38:28.000,2026-06-20 05:41:29.000,2026-06-20 05:38:28.000,0,NULL,0,2026-06-20 05:38:31.830,3,3,0,2026-06-20 05:38:28.000,0,0,0,2026-06-20 05:40:19.017,3,2,1,2026-06-20 05:40:19.017,108,107,1,NULL,NULL,-9999,NULL,2026-06-20 05:50:52.680,2026-06-20 05:50:55.993,0,NULL,2026-06-20 05:50:56.400,747,746,1,UNDEFINED
26-015266,2026-06-20 05:46:46.000,25,SAT,20,5,D,NIGHT,LATE,EMS,TROUBLE BREATHING ALS 1,1,E-911,"WILLIAMS, DARNELL","MACK, BRIANA",2026-06-20 05:46:46.000,2026-06-20 05:48:58.000,2026-06-20 05:48:41.000,115,115,0,2026-06-20 05:48:43.787,2,2,0,2026-06-20 05:51:01.000,255,255,0,2026-06-20 05:51:04.213,117,117,0,2026-06-20 05:51:04.213,141,114,27,2026-06-20 06:00:11.503,547,547,0,2026-06-20 05:50:25.673,2026-06-20 06:29:06.293,0,NULL,2026-06-20 06:29:06.517,2540,2540,0,UNDEFINED
26-049799,2026-06-20 05:53:21.000,25,SAT,20,5,D,NIGHT,LATE,POLICE,MVC PROPERTY DAMAGE,2,Radio,"ALLEN, TIANA","WALKER, JUANITA",2026-06-20 05:53:21.000,2026-06-20 05:54:45.000,2026-06-20 05:53:21.000,0,0,0,2026-06-20 05:53:21.000,0,0,0,2026-06-20 05:53:21.000,0,0,0,2026-06-20 05:56:13.417,0,0,0,2026-06-20 05:53:21.000,0,0,0,2026-06-20 05:53:21.000,0,0,0,2026-06-20 07:00:05.857,2026-06-20 10:00:43.743,0,NULL,2026-06-20 10:00:43.833,14842,14842,0,RE-Report
26-015267,2026-06-20 05:57:44.217,25,SAT,20,5,D,NIGHT,LATE,FIRE,MVC AUTO,2,Radio,"WALKER, JUANITA",Automatic Dispatch,2026-06-20 05:57:44.217,2026-06-20 05:58:09.000,2026-06-20 05:57:44.217,0,0,0,2026-06-20 05:57:46.603,2,2,0,2026-06-20 05:57:44.217,0,NULL,0,2026-06-20 05:58:48.183,2,2,0,2026-06-20 05:58:48.183,62,61,1,2026-06-20 06:03:55.047,307,306,1,2026-06-20 06:21:07.340,2026-06-20 06:56:55.237,0,NULL,2026-06-20 06:56:55.253,3551,3551,0,UNDEFINED
26-015268,2026-06-20 06:01:51.000,25,SAT,20,6,B,DAY,EARLY,FIRE,FIRE ALARM,3,Phone,"GARCIA, VILMA",Automatic Dispatch,2026-06-20 06:01:49.000,2026-06-20 06:04:36.000,2026-06-20 06:03:50.000,121,119,2,2026-06-20 06:03:52.657,2,2,0,2026-06-20 06:04:14.000,145,143,2,2026-06-20 06:06:00.453,123,123,0,2026-06-20 06:06:00.453,128,127,1,NULL,NULL,-9999,NULL,2026-06-20 06:10:36.117,2026-06-20 06:10:36.117,0,NULL,2026-06-20 06:10:36.227,527,527,0,UNDEFINED
26-049802,2026-06-20 06:40:27.000,25,SAT,20,6,B,DAY,EARLY,POLICE,PARKING COMPLAINT,4,Phone,"PEREZ, CARLOS",NULL,2026-06-20 06:40:25.000,2026-06-20 06:42:50.000,2026-06-20 06:41:12.000,47,45,2,2026-06-20 06:52:13.403,661,661,0,2026-06-20 06:41:27.000,62,60,2,2026-06-20 06:52:13.403,708,708,0,2026-06-20 06:52:13.403,0,0,0,NULL,NULL,-9999,NULL,2026-06-20 06:52:33.703,2026-06-20 06:52:33.703,0,NULL,2026-06-20 06:52:33.933,728,728,0,NR-No Report
26-049804,2026-06-20 06:55:44.000,25,SAT,20,6,B,DAY,EARLY,POLICE,POLICE INFORMATION,4,Phone,"PEREZ, CARLOS",NULL,2026-06-20 06:55:42.000,2026-06-20 06:58:30.000,2026-06-20 06:58:11.000,149,147,2,2026-06-20 06:58:50.940,39,39,0,2026-06-20 06:58:27.000,165,163,2,2026-06-20 06:58:58.030,188,188,0,2026-06-20 06:58:58.030,8,7,1,2026-06-20 07:01:30.417,152,152,0,2026-06-20 10:21:33.437,2026-06-20 10:21:33.437,0,NULL,2026-06-20 10:21:33.537,12351,12351,0,RE-Report
26-049805,2026-06-20 07:00:50.000,25,SAT,20,7,B,DAY,EARLY,POLICE,RUNAWAY NOT ON SCENE,2,Phone,"PEREZ, CARLOS",NULL,2026-06-20 07:00:48.000,2026-06-20 07:01:32.000,2026-06-20 07:01:22.000,34,32,2,2026-06-20 07:24:14.410,1372,1372,0,2026-06-20 07:01:43.000,55,53,2,2026-06-20 07:24:14.410,1406,1406,0,2026-06-20 07:24:14.410,0,0,0,NULL,NULL,-9999,NULL,2026-06-20 07:24:19.227,2026-06-20 07:24:19.227,0,NULL,2026-06-20 07:24:19.323,1411,1411,0,NR-No Report
26-015270,2026-06-20 07:05:29.000,25,SAT,20,7,B,DAY,EARLY,FIRE,FIRE ALARM,3,Phone,"PEREZ, CARLOS",Automatic Dispatch,2026-06-20 07:05:27.000,2026-06-20 07:06:31.000,2026-06-20 07:06:03.000,36,34,2,2026-06-20 07:06:06.063,3,3,0,2026-06-20 07:07:45.000,138,136,2,2026-06-20 07:07:37.657,39,39,0,2026-06-20 07:07:37.657,91,91,0,2026-06-20 07:10:23.943,166,166,0,2026-06-20 07:23:04.953,2026-06-20 07:23:04.953,0,NULL,2026-06-20 07:23:05.043,1057,1057,0,UNDEFINED
26-049807,2026-06-20 07:13:51.000,25,SAT,20,7,B,DAY,EARLY,POLICE,PROPERTY LOST,4,Phone,"LEWIS, LESLIE","LEWIS, LESLIE",2026-06-20 07:13:49.000,2026-06-20 07:16:13.000,2026-06-20 07:16:06.000,137,135,2,2026-06-20 07:22:01.413,355,355,0,2026-06-20 07:17:27.000,218,216,2,2026-06-20 07:22:09.000,492,492,0,2026-06-20 07:22:09.000,8,2,6,2026-06-20 07:28:38.643,389,389,0,2026-06-20 08:29:18.540,2026-06-20 09:41:34.533,0,NULL,2026-06-20 09:41:34.577,8865,8865,0,RE-Report
26-049808,2026-06-20 07:23:42.000,25,SAT,20,7,B,DAY,EARLY,POLICE,MVC PROPERTY DAMAGE,2,E-911,"GARCIA, VILMA",NULL,2026-06-20 07:23:41.000,2026-06-20 07:26:28.000,2026-06-20 07:24:24.000,43,42,1,2026-06-20 08:34:58.890,4234,4234,0,2026-06-20 07:25:47.000,126,125,1,2026-06-20 08:35:37.547,4277,4277,0,2026-06-20 08:35:37.547,39,38,1,2026-06-20 08:57:25.020,1308,1307,1,2026-06-20 09:20:04.190,2026-06-20 11:16:45.913,0,NULL,2026-06-20 11:16:45.967,13984,13984,0,NR-No Report
26-015271,2026-06-20 07:28:48.000,25,SAT,20,7,B,DAY,EARLY,EMS,PUBLIC SERVICE EMS,4,E-911,"PEREZ, CARLOS",Automatic Dispatch,2026-06-20 07:28:48.000,2026-06-20 07:30:17.000,2026-06-20 07:29:55.000,67,67,0,2026-06-20 07:29:57.520,2,2,0,2026-06-20 07:32:27.000,219,219,0,2026-06-20 07:31:08.337,69,69,0,2026-06-20 07:31:08.337,71,70,1,2026-06-20 07:36:27.863,319,319,0,2026-06-20 07:47:51.900,2026-06-20 07:47:51.900,0,NULL,2026-06-20 07:47:52.070,1143,1143,0,UNDEFINED
26-015272,2026-06-20 07:34:04.000,25,SAT,20,7,B,DAY,EARLY,FIRE,ELEVATOR,3,E-911,"ALLEN, TIANA",Automatic Dispatch,2026-06-20 07:34:04.000,2026-06-20 07:35:07.000,2026-06-20 07:34:38.000,34,34,0,2026-06-20 07:34:39.977,1,1,0,2026-06-20 07:36:26.000,142,142,0,2026-06-20 07:35:31.877,35,35,0,2026-06-20 07:35:31.877,52,51,1,NULL,NULL,-9999,NULL,2026-06-20 07:36:59.327,2026-06-20 07:36:59.327,0,NULL,2026-06-20 07:36:59.390,175,175,0,UNDEFINED
26-049809,2026-06-20 07:34:39.000,25,SAT,20,7,B,DAY,EARLY,POLICE,PARKING COMPLAINT,4,Phone,"GARCIA, VILMA",NULL,2026-06-20 07:34:38.000,NULL,2026-06-20 07:35:08.000,30,29,1,2026-06-20 07:39:31.517,263,263,0,2026-06-20 07:35:10.000,32,31,1,2026-06-20 07:39:31.517,293,293,0,2026-06-20 07:39:31.517,0,-9999,9999,2026-06-20 07:46:44.697,433,433,0,2026-06-20 07:48:05.983,2026-06-20 07:48:05.983,0,NULL,2026-06-20 07:48:06.680,807,807,0,NR-No Report
26-049810,2026-06-20 07:43:10.000,25,SAT,20,7,B,DAY,EARLY,POLICE,ALARM COMMERCIAL,2,Phone,"GARCIA, VILMA","WALKER, JUANITA",2026-06-20 07:43:08.000,2026-06-20 07:44:27.000,2026-06-20 07:43:44.000,36,34,2,2026-06-20 07:53:26.483,582,582,0,2026-06-20 07:45:15.000,127,125,2,2026-06-20 07:53:39.283,618,618,0,2026-06-20 07:53:39.283,13,12,1,2026-06-20 07:59:55.583,376,376,0,2026-06-20 08:12:09.530,2026-06-20 08:12:09.530,0,NULL,2026-06-20 08:12:09.607,1741,1741,0,FALSE-False Alarm
26-049811,2026-06-20 07:43:22.000,25,SAT,20,7,B,DAY,EARLY,POLICE,ANIMAL DECEASED,3,Phone,"PEREZ, CARLOS","ALLEN, TIANA",2026-06-20 07:43:20.000,2026-06-20 07:47:15.000,2026-06-20 07:44:15.000,55,53,2,2026-06-20 07:49:21.483,306,306,0,2026-06-20 07:44:17.000,57,55,2,NULL,361,361,0,NULL,NULL,-9999,NULL,NULL,NULL,-9999,NULL,NULL,2026-06-20 07:49:30.000,0,NULL,NULL,370,370,0,ACOR-Animal Control Report
26-049812,2026-06-20 07:50:18.000,25,SAT,20,7,B,DAY,EARLY,POLICE,DOMESTIC VIOL NO INJ,4,E-911,"PEREZ, CARLOS","WALKER, JUANITA",2026-06-20 07:50:18.000,2026-06-20 07:51:08.000,2026-06-20 07:51:01.000,43,43,0,2026-06-20 07:54:42.300,221,221,0,2026-06-20 07:57:01.000,403,403,0,2026-06-20 07:54:47.960,264,264,0,2026-06-20 07:54:47.960,5,5,0,2026-06-20 08:13:07.713,1100,1099,1,2026-06-20 11:04:09.397,2026-06-20 13:05:16.337,0,NULL,2026-06-20 13:05:16.450,18898,18898,0,RE-Report
26-015274,2026-06-20 08:14:45.650,25,SAT,20,8,B,DAY,EARLY,EMS,MUTUAL BLS,1,C2C,CAD to CAD Service 1,CAD to CAD Service 1,2026-06-20 08:11:43.000,NULL,2026-06-20 08:14:45.930,182,0,182,2026-06-20 08:14:45.977,0,0,0,NULL,NULL,NULL,NULL,2026-06-20 08:15:16.933,182,195,-13,2026-06-20 08:15:16.933,31,18,13,2026-06-20 08:21:43.770,387,386,1,2026-06-20 08:37:22.663,2026-06-20 10:19:53.183,0,NULL,2026-06-20 10:19:53.237,7690,7690,0,UNDEFINED
26-049820,2026-06-20 08:20:18.000,25,SAT,20,8,B,DAY,EARLY,POLICE,PARKING COMPLAINT,3,Phone,"VALENTIN, EMERITA",NULL,2026-06-20 08:20:16.000,2026-06-20 08:20:57.000,2026-06-20 08:20:46.000,30,28,2,2026-06-20 08:50:04.947,1758,1758,0,2026-06-20 08:24:53.000,277,275,2,2026-06-20 08:50:04.947,1788,1788,0,2026-06-20 08:50:04.947,0,-9999,9999,2026-06-20 09:14:51.697,1487,1486,1,2026-06-20 09:50:40.387,2026-06-20 09:50:40.387,0,NULL,2026-06-20 09:50:40.867,5424,5424,0,CI-Citation
26-049822,2026-06-20 08:22:29.000,25,SAT,20,8,B,DAY,EARLY,POLICE,WEAPON VIOL GUN IN PROG,2,E-911,"GARCIA, VILMA",NULL,2026-06-20 08:22:29.000,2026-06-20 08:25:30.000,2026-06-20 08:24:35.000,126,126,0,2026-06-20 08:29:22.470,287,287,0,2026-06-20 08:24:53.000,144,144,0,2026-06-20 08:29:25.023,413,413,0,2026-06-20 08:29:25.023,3,2,1,2026-06-20 08:41:24.457,719,719,0,2026-06-20 08:42:21.190,2026-06-20 08:42:31.033,0,NULL,2026-06-20 08:42:31.110,1202,1202,0,NR-No Report
26-049823,2026-06-20 08:25:06.000,25,SAT,20,8,B,DAY,EARLY,POLICE,ANIMAL ABUSE-NEGLECT,2,Phone,"VALENTIN, EMERITA","LEWIS, LESLIE",2026-06-20 08:25:04.000,2026-06-20 08:31:07.000,2026-06-20 08:26:38.000,94,92,2,2026-06-20 08:27:08.217,30,30,0,2026-06-20 08:30:17.000,313,311,2,2026-06-20 08:27:08.277,124,124,0,2026-06-20 08:27:08.277,0,0,0,2026-06-20 08:58:00.670,1852,1852,0,2026-06-20 09:14:42.547,2026-06-20 08:30:17.000,1,2026-06-20 08:31:00.030,2026-06-20 09:14:42.573,313,2978,-2665,ACOR-Animal Control Report
26-049825,2026-06-20 08:30:03.000,25,SAT,20,8,B,DAY,EARLY,POLICE,TRESPASSING IN PROG,2,E-911,"PEREZ, CARLOS","LEWIS, LESLIE",2026-06-20 08:30:03.000,2026-06-20 08:32:50.000,2026-06-20 08:31:50.000,107,107,0,2026-06-20 08:42:35.677,645,645,0,2026-06-20 08:32:06.000,123,123,0,2026-06-20 08:42:40.183,752,752,0,2026-06-20 08:42:40.183,5,4,1,2026-06-20 08:58:06.293,926,926,0,2026-06-20 09:17:18.007,2026-06-20 09:27:50.247,0,NULL,2026-06-20 09:27:50.277,3467,3467,0,NR-No Report
26-049824,2026-06-20 08:30:53.000,25,SAT,20,8,B,DAY,EARLY,POLICE,OFF DUTY DETAIL,8,OFFICER,"OPSUT, ROBERT J",NULL,2026-06-20 08:30:53.000,NULL,2026-06-20 08:30:53.000,0,1,-1,2026-06-20 08:30:53.000,0,0,0,2026-06-20 08:30:53.000,0,NULL,0,2026-06-20 08:30:53.000,0,0,0,2026-06-20 08:30:53.000,0,0,0,2026-06-20 08:30:53.000,0,0,0,2026-06-20 12:13:30.533,2026-06-20 12:13:30.533,0,NULL,2026-06-20 12:13:30.733,13357,13357,0,NR-No Report
26-015275,2026-06-20 08:32:08.000,25,SAT,20,8,B,DAY,EARLY,EMS,TROUBLE BREATHING ALS 1,1,E-911,"WALKER, JUANITA",Automatic Dispatch,2026-06-20 08:32:07.000,2026-06-20 08:33:53.000,2026-06-20 08:32:56.000,49,48,1,2026-06-20 08:32:58.827,2,2,0,2026-06-20 08:35:12.000,185,184,1,2026-06-20 08:33:33.000,51,51,0,2026-06-20 08:33:33.000,35,34,1,2026-06-20 08:38:26.473,293,293,0,2026-06-20 08:47:23.677,2026-06-20 10:30:59.370,0,NULL,2026-06-20 10:30:59.473,7132,7132,0,UNDEFINED
26-015276,2026-06-20 08:35:30.000,25,SAT,20,8,B,DAY,EARLY,FIRE,GAS LEAK - INSIDE,1,E-911,"ALLEN, TIANA",Automatic Dispatch,2026-06-20 08:35:30.000,2026-06-20 08:36:48.000,2026-06-20 08:36:19.000,49,49,0,2026-06-20 08:36:21.010,2,2,0,2026-06-20 08:38:09.000,159,159,0,2026-06-20 08:36:27.723,51,51,0,2026-06-20 08:36:27.723,6,6,0,2026-06-20 08:40:21.063,234,233,1,2026-06-20 08:51:54.513,2026-06-20 08:54:14.400,0,NULL,2026-06-20 08:54:14.517,1124,1124,0,UNDEFINED
26-015277,2026-06-20 08:44:23.000,25,SAT,20,8,B,DAY,EARLY,FIRE,FIRE ALARM,3,Phone,"GARCIA, VILMA","GOODWIN, SHEENA",2026-06-20 08:44:21.000,2026-06-20 08:46:29.000,2026-06-20 08:45:06.000,45,43,2,2026-06-20 08:45:08.040,2,2,0,2026-06-20 08:46:26.000,125,123,2,2026-06-20 08:47:17.563,47,47,0,2026-06-20 08:47:17.563,129,129,0,2026-06-20 08:51:03.983,226,226,0,2026-06-20 08:49:00.560,2026-06-20 08:58:05.173,0,NULL,2026-06-20 08:58:05.377,824,824,0,UNDEFINED
26-015278,2026-06-20 08:55:48.000,25,SAT,20,8,B,DAY,EARLY,EMS,FALL BLS,3,E-911,"PEREZ, CARLOS",Automatic Dispatch,2026-06-20 08:55:47.000,2026-06-20 08:57:41.000,2026-06-20 08:56:48.000,61,60,1,2026-06-20 08:56:50.713,2,2,0,2026-06-20 08:59:26.000,219,218,1,2026-06-20 08:57:06.697,63,63,0,2026-06-20 08:57:06.697,16,15,1,2026-06-20 08:59:57.550,171,170,1,2026-06-20 09:30:35.597,2026-06-20 10:08:23.650,0,NULL,2026-06-20 10:08:23.793,4356,4356,0,UNDEFINED
26-015280,2026-06-20 08:57:08.000,25,SAT,20,8,B,DAY,EARLY,EMS,INJURED PERSON BLS,3,E-911,"WALKER, JUANITA","GOODWIN, SHEENA",2026-06-20 08:57:08.000,2026-06-20 09:00:24.000,2026-06-20 08:59:03.000,115,115,0,2026-06-20 08:59:07.837,4,4,0,2026-06-20 09:00:49.000,221,221,0,2026-06-20 09:01:35.430,119,119,0,2026-06-20 09:01:35.430,148,11,137,2026-06-20 09:05:18.930,223,223,0,2026-06-20 09:01:59.753,2026-06-20 09:08:54.910,0,NULL,2026-06-20 09:08:54.940,706,706,0,CAD2CAD
26-015279,2026-06-20 08:58:05.000,25,SAT,20,8,B,DAY,EARLY,EMS,HEART PROBLEMS ALS 1,1,E-911,"GARCIA, VILMA",Automatic Dispatch,2026-06-20 08:58:05.000,2026-06-20 08:59:19.000,2026-06-20 08:59:01.000,56,56,0,2026-06-20 08:59:04.010,3,3,0,2026-06-20 09:01:25.000,200,200,0,2026-06-20 08:59:15.263,59,59,0,2026-06-20 08:59:15.263,11,11,0,2026-06-20 09:03:03.590,228,228,0,2026-06-20 09:33:46.037,2026-06-20 10:26:07.887,0,NULL,2026-06-20 10:26:08.133,5282,5282,0,UNDEFINED
26-015281,2026-06-20 09:02:54.000,25,SAT,20,9,B,DAY,EARLY,EMS,FALL BLS,3,E-911,"ALLEN, TIANA",Automatic Dispatch,2026-06-20 09:02:54.000,2026-06-20 09:07:05.000,2026-06-20 09:04:18.000,84,84,0,2026-06-20 09:04:20.493,2,2,0,2026-06-20 09:06:10.000,196,196,0,2026-06-20 09:05:18.403,86,86,0,2026-06-20 09:05:18.403,58,57,1,2026-06-20 09:13:35.147,497,496,1,2026-06-20 10:37:06.553,2026-06-20 10:37:06.553,0,NULL,2026-06-20 10:37:06.627,5652,5652,0,UNDEFINED
26-049830,2026-06-20 09:06:09.000,25,SAT,20,9,B,DAY,EARLY,POLICE,DOMESTIC VIOL NO INJ,2,E-911,"GARCIA, VILMA","LEWIS, LESLIE",2026-06-20 09:06:09.000,2026-06-20 09:08:40.000,2026-06-20 09:07:24.000,75,75,0,2026-06-20 09:10:02.830,158,158,0,2026-06-20 09:08:39.000,150,150,0,2026-06-20 09:10:10.403,233,233,0,2026-06-20 09:10:10.403,8,7,1,2026-06-20 09:16:20.570,370,370,0,2026-06-20 09:26:12.877,2026-06-20 09:28:47.217,0,NULL,2026-06-20 09:28:47.277,1358,1358,0,NR-No Report
26-049829,2026-06-20 09:06:22.000,25,SAT,20,9,B,DAY,EARLY,POLICE,OFF DUTY DETAIL,8,OFFICER,"LEWIS, LESLIE","LEWIS, LESLIE",2026-06-20 09:06:20.000,2026-06-20 14:01:18.000,2026-06-20 09:07:05.000,45,43,2,2026-06-20 09:07:12.120,7,7,0,2026-06-20 09:10:33.000,253,251,2,2026-06-20 09:07:15.863,52,52,0,2026-06-20 09:07:15.863,3,3,0,2026-06-20 09:07:18.463,3,2,1,2026-06-20 14:01:01.983,2026-06-20 14:01:23.000,0,NULL,NULL,17703,17703,0,NR-No Report
26-049831,2026-06-20 09:07:09.000,25,SAT,20,9,B,DAY,EARLY,POLICE,PARKING COMPLAINT,4,Phone,"PEREZ, CARLOS",NULL,2026-06-20 09:07:07.000,NULL,2026-06-20 09:09:26.000,139,137,2,2026-06-20 09:50:55.970,2489,2489,0,2026-06-20 09:09:56.000,169,167,2,2026-06-20 09:50:55.970,2628,2628,0,2026-06-20 09:50:55.970,0,0,0,2026-06-20 09:55:39.050,284,283,1,2026-06-20 09:57:01.437,2026-06-20 09:57:01.437,0,NULL,2026-06-20 09:57:02.033,2994,2994,0,NR-No Report
26-049833,2026-06-20 09:07:28.000,25,SAT,20,9,B,DAY,EARLY,POLICE,ANIMAL SICK-INJURED,2,Phone,"VALENTIN, EMERITA","LEWIS, LESLIE",2026-06-20 09:07:26.000,2026-06-20 09:11:36.000,2026-06-20 09:11:20.000,234,232,2,2026-06-20 09:11:46.043,26,26,0,2026-06-20 09:12:09.000,283,281,2,2026-06-20 09:11:51.337,260,260,0,2026-06-20 09:11:51.337,5,5,0,NULL,NULL,-9999,NULL,NULL,2026-06-20 09:14:21.000,0,NULL,NULL,415,415,0,ACOR-Animal Control Report
26-015282,2026-06-20 09:07:39.000,25,SAT,20,9,B,DAY,EARLY,EMS,MUTUAL ALS,1,CAD2CAD,"GOODWIN, SHEENA","GOODWIN, SHEENA",2026-06-20 09:07:37.000,2026-06-20 09:08:56.243,2026-06-20 09:08:47.000,70,68,2,2026-06-20 09:08:56.197,9,9,0,2026-06-20 09:09:28.000,111,109,2,2026-06-20 09:10:11.930,79,79,0,2026-06-20 09:10:11.930,75,75,0,2026-06-20 09:16:30.787,379,378,1,2026-06-20 10:28:44.263,2026-06-20 10:28:44.263,0,NULL,2026-06-20 10:28:44.367,4867,4867,0,UNDEFINED
26-049837,2026-06-20 09:25:36.000,25,SAT,20,9,B,DAY,EARLY,POLICE,ANIMAL COMPLAINT- ANIMAL INJRY,3,Phone,"ALLEN, TIANA","LEWIS, LESLIE",2026-06-20 09:25:34.000,2026-06-20 09:27:22.000,2026-06-20 09:26:50.000,76,74,2,2026-06-20 09:27:39.593,49,49,0,2026-06-20 09:27:02.000,88,86,2,2026-06-20 09:27:39.633,125,125,0,2026-06-20 09:27:39.633,0,0,0,NULL,NULL,-9999,NULL,NULL,2026-06-20 09:29:12.000,0,NULL,NULL,218,218,0,ACOR-Animal Control Report
26-015283,2026-06-20 09:27:18.000,25,SAT,20,9,B,DAY,EARLY,EMS,FALL BLS,3,E-911,"WALKER, JUANITA","GOODWIN, SHEENA",2026-06-20 09:27:18.000,2026-06-20 09:28:31.000,2026-06-20 09:28:15.000,57,57,0,2026-06-20 09:28:17.150,2,2,0,2026-06-20 09:29:51.000,153,153,0,2026-06-20 09:30:19.763,59,59,0,2026-06-20 09:30:19.763,122,41,81,2026-06-20 09:36:38.007,379,378,1,2026-06-20 09:56:04.383,2026-06-20 10:45:58.397,0,NULL,2026-06-20 10:45:58.460,4720,4720,0,CAD2CAD
26-015284,2026-06-20 09:35:27.697,25,SAT,20,9,B,DAY,EARLY,EMS,MUTUAL BLS,1,C2C,CAD to CAD Service 1,CAD to CAD Service 1,2026-06-20 09:34:10.000,NULL,2026-06-20 09:35:28.137,78,0,78,2026-06-20 09:35:28.183,0,0,0,NULL,NULL,NULL,NULL,2026-06-20 09:36:44.483,78,-9999,10077,2026-06-20 09:36:44.483,76,76,0,2026-06-20 09:42:15.043,331,330,1,2026-06-20 09:50:06.117,2026-06-20 09:50:58.737,0,NULL,2026-06-20 09:50:59.037,1008,1008,0,UNDEFINED
26-049838,2026-06-20 09:36:50.000,25,SAT,20,9,B,DAY,EARLY,POLICE,OFF DUTY DETAIL,8,OFFICER,"WARREN, SHAKITA L",NULL,2026-06-20 09:36:50.000,NULL,2026-06-20 09:36:50.000,0,1,-1,2026-06-20 09:36:50.000,0,0,0,2026-06-20 09:36:50.000,0,NULL,0,2026-06-20 09:36:50.000,0,0,0,2026-06-20 09:36:50.000,0,0,0,2026-06-20 09:36:50.000,0,0,0,2026-06-20 12:51:27.347,2026-06-20 12:51:27.347,0,NULL,2026-06-20 12:51:27.370,11677,11677,0,NR-No Report
26-049839,2026-06-20 09:47:15.000,25,SAT,20,9,B,DAY,EARLY,POLICE,ANIMAL COMPLAINT,4,Phone,"VALENTIN, EMERITA","LEWIS, LESLIE",2026-06-20 09:47:12.000,2026-06-20 09:54:27.000,2026-06-20 09:48:03.000,51,48,3,2026-06-20 09:48:37.010,34,34,0,2026-06-20 09:48:45.000,93,90,3,2026-06-20 09:48:37.057,85,85,0,2026-06-20 09:48:37.057,0,0,0,NULL,NULL,-9999,NULL,2026-06-20 09:58:28.033,2026-06-20 09:58:28.033,0,NULL,2026-06-20 09:58:28.077,676,676,0,ACONR-Animal Control No Report
26-015285,2026-06-20 09:47:47.000,25,SAT,20,9,B,DAY,EARLY,FIRE,PUBLIC SERVICE FIRE,4,CAD2CAD,"WALKER, JUANITA",Automatic Dispatch,2026-06-20 09:47:45.000,2026-06-20 09:48:26.000,2026-06-20 09:48:13.000,28,26,2,2026-06-20 09:48:15.583,2,2,0,2026-06-20 09:49:38.000,113,111,2,2026-06-20 09:48:42.250,30,30,0,2026-06-20 09:48:42.250,27,12,15,2026-06-20 09:55:00.447,378,378,0,2026-06-20 10:05:23.263,2026-06-20 10:05:23.263,0,NULL,2026-06-20 10:05:23.540,1058,1058,0,UNDEFINED
26-049840,2026-06-20 09:49:09.000,25,SAT,20,9,B,DAY,EARLY,POLICE,DISORDERLY CONDUCT,2,Phone,"GARCIA, VILMA","LEWIS, LESLIE",2026-06-20 09:49:07.000,2026-06-20 09:50:26.000,2026-06-20 09:50:01.000,54,52,2,2026-06-20 09:54:53.637,292,292,0,2026-06-20 09:52:04.000,177,175,2,2026-06-20 09:54:58.877,346,346,0,2026-06-20 09:54:58.877,5,5,0,2026-06-20 10:10:22.750,924,923,1,2026-06-20 10:44:05.397,2026-06-20 10:44:35.987,0,NULL,2026-06-20 10:44:36.030,3328,3328,0,NR-No Report
26-015286,2026-06-20 09:55:58.000,25,SAT,20,9,B,DAY,EARLY,EMS,BLS EMERGENCY,3,E-911,"WALKER, JUANITA","ALLEN, TIANA",2026-06-20 09:55:56.000,2026-06-20 09:57:15.000,2026-06-20 09:56:35.000,39,37,2,2026-06-20 09:56:37.560,2,2,0,2026-06-20 09:58:18.000,142,140,2,2026-06-20 09:56:51.617,41,41,0,2026-06-20 09:56:51.617,14,14,0,2026-06-20 10:14:09.410,1038,1037,1,2026-06-20 09:59:36.330,2026-06-20 11:24:12.780,0,NULL,2026-06-20 11:24:12.830,5296,5296,0,UNDEFINED
26-015287,2026-06-20 10:00:38.787,25,SAT,20,10,B,DAY,MIDS,EMS,MUTUAL ALS,1,C2C,CAD to CAD Service 1,CAD to CAD Service 1,2026-06-20 09:59:11.000,NULL,2026-06-20 10:00:39.037,88,0,88,2026-06-20 10:00:39.067,0,0,0,NULL,NULL,NULL,NULL,2026-06-20 10:00:57.943,88,129,-41,2026-06-20 10:00:57.943,18,18,0,2026-06-20 10:05:04.350,247,246,1,2026-06-20 10:02:32.007,2026-06-20 11:41:23.680,0,NULL,2026-06-20 11:41:23.830,6132,6132,0,UNDEFINED
26-049844,2026-06-20 10:03:07.000,25,SAT,20,10,B,DAY,MIDS,POLICE,DISORDERLY CONDUCT,2,E-911,"PEREZ, CARLOS","WALKER, JUANITA",2026-06-20 10:03:07.000,2026-06-20 10:08:12.000,2026-06-20 10:07:44.000,277,277,0,2026-06-20 10:11:19.317,215,215,0,2026-06-20 10:12:39.000,572,572,0,2026-06-20 10:11:22.667,492,492,0,2026-06-20 10:11:22.667,3,3,0,2026-06-20 10:15:53.687,271,271,0,2026-06-20 10:33:57.993,2026-06-20 10:49:13.273,0,NULL,2026-06-20 10:49:13.373,2766,2766,0,NR-No Report
26-049855,2026-06-20 10:09:29.000,25,SAT,20,10,B,DAY,MIDS,POLICE,LARCENY OTHER DELAY,4,Phone,"LEWIS, LESLIE",NULL,2026-06-20 10:09:27.000,2026-06-20 10:45:53.000,2026-06-20 10:44:30.000,2103,2101,2,2026-06-20 10:50:09.857,339,339,0,2026-06-20 10:45:15.000,2148,2146,2,2026-06-20 10:50:25.730,2442,2442,0,2026-06-20 10:50:25.730,16,15,1,2026-06-20 10:56:41.400,376,375,1,2026-06-20 15:43:52.567,2026-06-20 15:43:52.567,0,NULL,2026-06-20 15:43:52.657,20065,20065,0,RE-Report
26-015288,2026-06-20 10:10:19.317,25,SAT,20,10,B,DAY,MIDS,EMS,MUTUAL BLS,1,C2C,CAD to CAD Service 1,CAD to CAD Service 1,2026-06-20 10:06:51.000,NULL,2026-06-20 10:10:19.597,208,0,208,2026-06-20 10:10:19.673,0,0,0,NULL,NULL,NULL,NULL,2026-06-20 10:10:30.913,208,-9999,10207,2026-06-20 10:10:30.913,11,0,11,2026-06-20 10:13:31.010,181,180,1,2026-06-20 10:19:50.273,2026-06-20 11:08:52.750,0,NULL,2026-06-20 11:08:52.913,3721,3721,0,UNDEFINED
26-015289,2026-06-20 10:11:04.000,25,SAT,20,10,B,DAY,MIDS,EMS,FALL BLS,3,E-911,"GARCIA, VILMA","GOODWIN, SHEENA",2026-06-20 10:11:04.000,2026-06-20 10:12:28.000,2026-06-20 10:12:16.000,72,72,0,2026-06-20 10:12:18.717,2,2,0,2026-06-20 10:13:50.000,166,166,0,2026-06-20 10:14:45.113,74,74,0,2026-06-20 10:14:45.113,147,110,37,2026-06-20 10:21:52.383,427,427,0,2026-06-20 10:13:57.143,2026-06-20 11:24:47.297,0,NULL,2026-06-20 11:24:47.330,4423,4423,0,CAD2CAD
26-049845,2026-06-20 10:12:49.000,25,SAT,20,10,B,DAY,MIDS,POLICE,ANIMAL DECEASED,3,Phone,"VALENTIN, EMERITA","VALENTIN, EMERITA",2026-06-20 10:12:47.000,2026-06-20 10:17:35.000,2026-06-20 10:13:43.000,56,54,2,2026-06-20 10:17:40.457,237,237,0,2026-06-20 10:14:15.000,88,86,2,NULL,293,293,0,NULL,NULL,-9999,NULL,NULL,NULL,-9999,NULL,NULL,2026-06-20 10:18:04.000,0,NULL,NULL,317,317,0,ACOR-Animal Control Report
26-049846,2026-06-20 10:22:04.000,25,SAT,20,10,B,DAY,MIDS,POLICE,ASSIST CITIZEN PROMPT,3,Phone,"VALENTIN, EMERITA","WALKER, JUANITA",2026-06-20 10:22:02.000,2026-06-20 10:24:55.000,2026-06-20 10:24:44.000,162,160,2,2026-06-20 10:36:30.300,706,706,0,2026-06-20 10:24:44.000,162,NULL,162,2026-06-20 10:36:32.887,868,868,0,2026-06-20 10:36:32.887,2,2,0,2026-06-20 10:43:22.300,410,409,1,2026-06-20 10:52:41.177,2026-06-20 10:52:41.177,0,NULL,2026-06-20 10:52:41.273,1839,1839,0,NR-No Report
26-049849,2026-06-20 10:24:06.000,25,SAT,20,10,B,DAY,MIDS,POLICE,PUBLIC SERVICE MULTI OFFICER,4,E-911,"GARCIA, VILMA","WALKER, JUANITA",2026-06-20 10:24:05.000,2026-06-20 10:27:50.000,2026-06-20 10:27:17.000,192,191,1,2026-06-20 10:31:33.650,256,256,0,2026-06-20 10:31:06.000,421,420,1,2026-06-20 10:31:35.577,448,448,0,2026-06-20 10:31:35.577,2,1,1,NULL,NULL,-9999,NULL,2026-06-20 10:52:44.627,2026-06-20 10:52:44.627,0,NULL,2026-06-20 10:52:44.727,1719,1719,0,NR-No Report
26-049847,2026-06-20 10:24:11.000,25,SAT,20,10,B,DAY,MIDS,POLICE,PARKING COMPLAINT,4,Phone,"LEWIS, LESLIE",NULL,2026-06-20 10:24:11.000,NULL,2026-06-20 10:25:23.000,72,72,0,2026-06-20 10:26:19.270,56,56,0,2026-06-20 10:26:25.000,134,134,0,2026-06-20 10:26:19.270,128,128,0,2026-06-20 10:26:19.270,0,-9999,9999,2026-06-20 10:28:26.793,127,127,0,2026-06-20 10:33:14.443,2026-06-20 10:33:14.443,0,NULL,2026-06-20 10:33:14.573,543,543,0,NR-No Report
26-015290,2026-06-20 10:30:24.000,25,SAT,20,10,B,DAY,MIDS,EMS,TROUBLE BREATHING ALS 1,1,E-911,"ALLEN, TIANA",Automatic Dispatch,2026-06-20 10:30:24.000,2026-06-20 10:31:10.000,2026-06-20 10:30:54.000,30,30,0,2026-06-20 10:30:56.703,2,2,0,2026-06-20 10:32:15.000,111,111,0,2026-06-20 10:31:50.623,32,32,0,2026-06-20 10:31:50.623,54,53,1,2026-06-20 10:36:25.100,275,274,1,2026-06-20 10:59:18.973,2026-06-20 12:01:01.147,0,NULL,2026-06-20 12:01:01.210,5437,5437,0,CAD2CAD
26-049850,2026-06-20 10:30:27.000,25,SAT,20,10,B,DAY,MIDS,POLICE,DOMESTIC VIOL NO INJ,2,E-911,"LEWIS, LESLIE","WALKER, JUANITA",2026-06-20 10:30:27.000,2026-06-20 10:31:53.000,2026-06-20 10:31:49.000,82,82,0,2026-06-20 10:32:37.550,48,48,0,2026-06-20 10:34:24.000,237,237,0,2026-06-20 10:33:47.510,130,130,0,2026-06-20 10:33:47.510,70,15,55,2026-06-20 10:41:39.800,472,472,0,2026-06-20 12:17:10.780,2026-06-20 14:05:26.137,0,NULL,2026-06-20 14:05:26.207,12899,12899,0,RE-Report
26-015291,2026-06-20 10:32:27.000,25,SAT,20,10,B,DAY,MIDS,FIRE,ELEVATOR,3,E-911,"ALLEN, TIANA",Automatic Dispatch,2026-06-20 10:32:27.000,2026-06-20 10:34:19.000,2026-06-20 10:33:00.000,33,33,0,2026-06-20 10:33:01.613,1,1,0,2026-06-20 10:34:13.000,106,106,0,2026-06-20 10:34:31.583,34,34,0,2026-06-20 10:34:31.583,90,89,1,2026-06-20 10:44:07.857,576,576,0,2026-06-20 11:04:54.423,2026-06-20 11:04:54.423,0,NULL,2026-06-20 11:04:54.553,1947,1947,0,UNDEFINED
26-015292,2026-06-20 10:36:22.000,25,SAT,20,10,B,DAY,MIDS,FIRE,GAS LEAK - INSIDE,1,E-911,"PEREZ, CARLOS",Automatic Dispatch,2026-06-20 10:36:20.000,2026-06-20 10:37:47.000,2026-06-20 10:37:28.000,68,66,2,2026-06-20 10:37:30.207,2,2,0,2026-06-20 10:39:21.000,181,179,2,2026-06-20 10:37:36.747,70,70,0,2026-06-20 10:37:36.747,6,6,0,2026-06-20 10:42:54.240,318,317,1,2026-06-20 11:12:09.633,2026-06-20 11:20:14.097,0,NULL,2026-06-20 11:20:14.130,2634,2634,0,UNDEFINED
26-015293,2026-06-20 10:40:14.813,25,SAT,20,10,B,DAY,MIDS,EMS,MUTUAL BLS,1,C2C,CAD to CAD Service 1,CAD to CAD Service 1,2026-06-20 10:36:49.000,NULL,2026-06-20 10:40:15.110,206,0,206,2026-06-20 10:40:15.190,0,0,0,NULL,NULL,NULL,NULL,2026-06-20 10:41:26.583,206,-9999,10205,2026-06-20 10:41:26.583,71,71,0,2026-06-20 10:46:53.020,327,326,1,2026-06-20 10:42:11.547,2026-06-20 12:18:08.090,0,NULL,2026-06-20 12:18:08.203,6079,6079,0,UNDEFINED
26-015294,2026-06-20 10:49:17.000,25,SAT,20,10,B,DAY,MIDS,EMS,TROUBLE BREATHING ALS 1,1,E-911,"ALLEN, TIANA",Automatic Dispatch,2026-06-20 10:49:17.000,2026-06-20 10:51:29.000,2026-06-20 10:50:49.000,92,92,0,2026-06-20 10:50:51.457,2,2,0,2026-06-20 11:00:35.000,678,678,0,2026-06-20 10:51:08.250,94,94,0,2026-06-20 10:51:08.197,17,16,1,2026-06-20 10:52:56.553,108,108,0,2026-06-20 11:17:17.603,2026-06-20 12:31:20.953,0,NULL,2026-06-20 12:31:21.070,6123,6123,0,UNDEFINED
26-049856,2026-06-20 10:49:34.000,25,SAT,20,10,B,DAY,MIDS,POLICE,PARKING COMPLAINT,3,Phone,"LEWIS, LESLIE",NULL,2026-06-20 10:49:32.000,2026-06-20 10:51:26.000,2026-06-20 10:51:16.000,104,102,2,2026-06-20 10:53:35.313,139,139,0,2026-06-20 10:51:17.000,105,103,2,2026-06-20 10:53:35.313,243,243,0,2026-06-20 10:53:35.313,0,0,0,2026-06-20 11:07:39.623,844,844,0,2026-06-20 11:16:28.397,2026-06-20 11:16:28.397,0,NULL,2026-06-20 11:16:29.230,1616,1616,0,NR-No Report
26-015295,2026-06-20 10:54:47.000,25,SAT,20,10,B,DAY,MIDS,EMS,ALTERED LOC ALS 1,1,E-911,"PEREZ, CARLOS",Automatic Dispatch,2026-06-20 10:54:47.000,2026-06-20 10:57:23.000,2026-06-20 10:56:13.000,86,86,0,2026-06-20 10:56:15.397,2,2,0,2026-06-20 10:59:15.000,268,268,0,2026-06-20 10:57:12.333,88,88,0,2026-06-20 10:57:12.333,57,56,1,2026-06-20 11:01:42.713,270,270,0,2026-06-20 11:32:48.987,2026-06-20 12:50:48.820,0,NULL,2026-06-20 12:50:48.847,6961,6961,0,UNDEFINED
26-049859,2026-06-20 11:05:12.000,25,SAT,20,11,B,DAY,MIDS,POLICE,OFF DUTY DETAIL,8,OFFICER,"FELIX, BRUCE",NULL,2026-06-20 11:05:12.000,2026-06-20 14:01:29.000,2026-06-20 11:05:12.000,0,1,-1,2026-06-20 11:05:12.000,0,0,0,2026-06-20 11:05:12.000,0,NULL,0,2026-06-20 11:05:12.000,0,0,0,2026-06-20 11:05:12.000,0,0,0,2026-06-20 11:05:12.000,0,0,0,2026-06-20 14:17:35.390,2026-06-20 14:17:35.390,0,NULL,2026-06-20 14:17:35.507,11543,11543,0,NR-No Report
26-049863,2026-06-20 11:13:37.000,25,SAT,20,11,B,DAY,MIDS,POLICE,ASSIST CITIZEN PROMPT,2,Phone,"VALENTIN, EMERITA","WALKER, JUANITA",2026-06-20 11:13:35.000,2026-06-20 11:15:25.000,2026-06-20 11:14:42.000,67,65,2,2026-06-20 11:16:19.490,97,97,0,2026-06-20 11:22:49.000,554,552,2,2026-06-20 11:16:47.140,164,164,0,2026-06-20 11:16:47.140,28,9,19,2026-06-20 11:21:25.897,278,278,0,2026-06-20 11:41:43.807,2026-06-20 11:41:50.387,0,NULL,2026-06-20 11:41:50.480,1695,1695,0,NR-No Report
26-015296,2026-06-20 11:14:28.000,25,SAT,20,11,B,DAY,MIDS,EMS,TROUBLE BREATHING ALS 1,1,E-911,"GOODWIN, SHEENA",Automatic Dispatch,2026-06-20 11:14:28.000,2026-06-20 11:15:36.000,2026-06-20 11:15:09.000,41,41,0,2026-06-20 11:15:11.457,2,2,0,2026-06-20 11:18:34.000,246,246,0,2026-06-20 11:16:17.877,43,43,0,2026-06-20 11:16:17.877,66,66,0,2026-06-20 11:18:50.193,153,152,1,2026-06-20 11:32:58.677,2026-06-20 12:15:53.673,0,NULL,2026-06-20 12:15:53.707,3685,3685,0,CAD2CAD
26-049864,2026-06-20 11:20:41.000,25,SAT,20,11,B,DAY,MIDS,POLICE,LARCENY COMM IN PROG,2,Phone,"VALENTIN, EMERITA","WALKER, JUANITA",2026-06-20 11:20:39.000,2026-06-20 11:21:17.000,2026-06-20 11:20:56.000,17,15,2,2026-06-20 11:39:37.213,1121,1121,0,2026-06-20 11:22:49.000,130,128,2,2026-06-20 11:39:40.427,1138,1138,0,2026-06-20 11:39:40.427,3,3,0,2026-06-20 11:50:24.750,644,644,0,2026-06-20 14:07:48.120,2026-06-20 14:07:48.120,0,NULL,2026-06-20 14:07:48.163,10029,10029,0,RE-Report
26-049865,2026-06-20 11:20:54.000,25,SAT,20,11,B,DAY,MIDS,POLICE,DISORDERLY CONDUCT,2,Phone,"GOODWIN, SHEENA","WALKER, JUANITA",2026-06-20 11:20:52.000,2026-06-20 11:22:27.000,2026-06-20 11:22:06.000,74,72,2,2026-06-20 11:26:30.857,264,264,0,2026-06-20 11:29:47.000,535,533,2,2026-06-20 11:26:34.000,338,338,0,2026-06-20 11:26:34.000,4,3,1,2026-06-20 11:36:29.383,595,595,0,NULL,2026-06-20 12:02:54.000,0,NULL,NULL,2522,2522,0,NR-No Report
26-049869,2026-06-20 11:34:07.000,25,SAT,20,11,B,DAY,MIDS,POLICE,MVC HIT/RUN NO INJ DELAY,4,Phone,"VALENTIN, EMERITA","DEWBERRY, RE'KEYA",2026-06-20 11:34:05.000,2026-06-20 11:41:12.000,2026-06-20 11:41:05.000,420,418,2,2026-06-20 15:10:10.183,12545,12545,0,2026-06-20 12:18:22.000,2657,2655,2,2026-06-20 15:15:09.267,12965,12965,0,2026-06-20 15:15:09.267,299,299,0,2026-06-20 15:22:21.217,432,431,1,2026-06-20 16:39:18.870,2026-06-20 16:39:18.870,0,NULL,2026-06-20 16:39:18.907,18313,18313,0,RE-Report
26-049870,2026-06-20 11:46:23.000,25,SAT,20,11,B,DAY,MIDS,POLICE,MVC CITY PROPERTY DAMAGE,2,OFFICER,"LEWIS, LESLIE","LEWIS, LESLIE",2026-06-20 11:46:21.000,NULL,2026-06-20 11:46:44.000,23,21,2,2026-06-20 11:46:54.467,10,10,0,2026-06-20 12:01:51.000,930,928,2,2026-06-20 11:46:54.507,33,33,0,2026-06-20 11:46:54.507,0,0,0,2026-06-20 11:46:54.533,0,0,0,2026-06-20 14:10:34.760,2026-06-20 14:10:34.760,0,NULL,2026-06-20 14:10:34.787,8653,8653,0,RE-Report
26-049871,2026-06-20 11:46:38.000,25,SAT,20,11,B,DAY,MIDS,POLICE,DOMESTIC VIOL NO INJ,2,E-911,"GARCIA, VILMA","WALKER, JUANITA",2026-06-20 11:46:38.000,2026-06-20 11:48:00.000,2026-06-20 11:47:17.000,39,39,0,2026-06-20 11:53:50.220,393,393,0,2026-06-20 11:48:31.000,113,113,0,2026-06-20 11:53:53.967,432,432,0,2026-06-20 11:53:53.967,3,3,0,2026-06-20 12:19:07.597,1514,1513,1,2026-06-20 12:35:10.993,2026-06-20 12:36:37.273,0,NULL,2026-06-20 12:36:37.280,2999,2999,0,NR-No Report
26-015297,2026-06-20 11:46:58.000,25,SAT,20,11,B,DAY,MIDS,EMS,CHEST PAIN ALS 1,1,E-911,"PEREZ, CARLOS",Automatic Dispatch,2026-06-20 11:46:58.000,2026-06-20 11:49:36.000,2026-06-20 11:47:39.000,41,41,0,2026-06-20 11:47:41.697,2,2,0,2026-06-20 12:00:11.000,793,793,0,2026-06-20 11:48:11.790,43,43,0,2026-06-20 11:48:11.790,30,30,0,2026-06-20 11:53:11.730,300,299,1,2026-06-20 12:02:08.710,2026-06-20 13:01:05.370,0,NULL,2026-06-20 13:01:05.420,4447,4447,0,UNDEFINED
26-049872,2026-06-20 11:53:41.000,25,SAT,20,11,B,DAY,MIDS,POLICE,TRAFFIC STOP,2,OFFICER,"WALKER, JUANITA","WALKER, JUANITA",2026-06-20 11:53:41.000,2026-06-20 11:54:29.870,2026-06-20 11:53:41.000,0,0,0,2026-06-20 11:53:41.000,0,0,0,2026-06-20 11:53:41.000,0,0,0,2026-06-20 11:54:44.387,0,0,0,2026-06-20 11:53:41.000,0,0,0,2026-06-20 11:53:41.000,0,0,0,2026-06-20 12:02:42.167,2026-06-20 12:05:25.497,0,NULL,2026-06-20 12:05:25.567,704,704,0,NR-No Report
26-015298,2026-06-20 11:54:39.933,25,SAT,20,11,B,DAY,MIDS,EMS,MUTUAL BLS,1,C2C,CAD to CAD Service 1,CAD to CAD Service 1,2026-06-20 11:51:05.000,NULL,2026-06-20 11:54:40.167,215,0,215,2026-06-20 11:54:40.213,0,0,0,NULL,NULL,NULL,NULL,2026-06-20 11:55:23.900,215,-9999,10214,2026-06-20 11:55:23.900,43,37,6,2026-06-20 11:59:27.097,244,243,1,2026-06-20 12:02:39.333,2026-06-20 12:36:09.730,0,NULL,2026-06-20 12:36:09.760,2704,2704,0,CAD2CAD
26-049873,2026-06-20 12:04:05.000,25,SAT,20,12,B,DAY,MIDS,POLICE,DISORDERLY CONDUCT,2,Phone,"GARCIA, VILMA","LEWIS, LESLIE",2026-06-20 12:04:03.000,2026-06-20 12:05:17.000,2026-06-20 12:04:55.000,52,50,2,2026-06-20 12:05:34.923,39,39,0,2026-06-20 12:05:51.000,108,106,2,2026-06-20 12:05:37.203,91,91,0,2026-06-20 12:05:37.203,3,2,1,2026-06-20 12:07:30.247,113,113,0,2026-06-20 12:47:55.533,2026-06-20 12:48:28.823,0,NULL,2026-06-20 12:48:28.860,2665,2665,0,NR-No Report
26-049878,2026-06-20 12:22:48.000,25,SAT,20,12,B,DAY,MIDS,POLICE,HAZARD,2,E-911,"GARCIA, VILMA","LEWIS, LESLIE",2026-06-20 12:22:48.000,2026-06-20 12:25:21.000,2026-06-20 12:24:24.000,96,96,0,2026-06-20 12:34:54.383,630,630,0,2026-06-20 12:25:06.000,138,138,0,2026-06-20 12:34:57.610,726,726,0,2026-06-20 12:34:57.610,3,3,0,2026-06-20 12:38:03.333,186,185,1,2026-06-20 12:54:38.773,2026-06-20 12:54:38.773,0,NULL,2026-06-20 12:54:38.803,1910,1910,0,NR-No Report
26-015300,2026-06-20 12:23:38.000,25,SAT,20,12,B,DAY,MIDS,FIRE,INVESTIGATION,3,E-911,"WALKER, JUANITA",Automatic Dispatch,2026-06-20 12:23:38.000,2026-06-20 12:36:20.000,2026-06-20 12:35:32.000,714,714,0,2026-06-20 12:35:34.490,2,2,0,2026-06-20 12:35:52.000,734,734,0,2026-06-20 12:37:05.700,716,716,0,2026-06-20 12:37:05.700,91,91,0,2026-06-20 12:40:49.440,224,223,1,2026-06-20 12:52:58.083,2026-06-20 12:52:58.083,0,NULL,2026-06-20 12:52:58.193,1760,1760,0,UNDEFINED
26-049880,2026-06-20 12:27:10.000,25,SAT,20,12,B,DAY,MIDS,POLICE,ASSIST CITIZEN DELAY,4,Phone,"VALENTIN, EMERITA",NULL,2026-06-20 12:27:08.000,2026-06-20 12:30:25.000,2026-06-20 12:27:40.000,32,30,2,2026-06-20 13:02:13.743,2073,2073,0,2026-06-20 12:30:43.000,215,213,2,2026-06-20 13:02:13.743,2105,2105,0,2026-06-20 13:02:13.743,0,0,0,2026-06-20 13:18:44.917,991,991,0,2026-06-20 13:45:26.657,2026-06-20 13:54:47.707,0,NULL,2026-06-20 13:54:47.720,5259,5259,0,NR-No Report
26-015299,2026-06-20 12:28:23.000,25,SAT,20,12,B,DAY,MIDS,FIRE,MUTUAL AID,2,Phone,"ALLEN, TIANA","ALLEN, TIANA",2026-06-20 12:28:21.000,2026-06-20 12:28:54.880,2026-06-20 12:28:42.000,21,19,2,2026-06-20 12:28:54.790,12,12,0,2026-06-20 12:31:19.000,178,176,2,2026-06-20 12:30:05.870,33,33,0,2026-06-20 12:30:05.870,71,71,0,NULL,NULL,-9999,NULL,2026-06-20 12:40:56.300,2026-06-20 12:40:56.300,0,NULL,2026-06-20 12:40:56.497,755,755,0,UNDEFINED
26-049881,2026-06-20 12:36:44.000,25,SAT,20,12,B,DAY,MIDS,POLICE,PROPERTY FOUND,2,Phone,"LEWIS, LESLIE",NULL,2026-06-20 12:36:42.000,NULL,2026-06-20 12:38:01.000,79,77,2,2026-06-20 13:05:29.990,1648,1648,0,2026-06-20 12:38:02.000,80,78,2,2026-06-20 13:05:29.990,1727,1727,0,2026-06-20 13:05:29.990,0,0,0,NULL,NULL,-9999,NULL,2026-06-20 13:51:12.437,2026-06-20 13:51:12.437,0,NULL,2026-06-20 13:51:12.567,4470,4470,0,RE-Report
26-049883,2026-06-20 12:40:09.000,25,SAT,20,12,B,DAY,MIDS,POLICE,OFF DUTY DETAIL,8,OFFICER,"ELAM, ERIK J",NULL,2026-06-20 12:40:09.000,2026-06-20 14:01:40.000,2026-06-20 12:40:09.000,0,1,-1,2026-06-20 12:40:09.000,0,0,0,2026-06-20 12:40:09.000,0,NULL,0,2026-06-20 12:40:09.000,0,0,0,2026-06-20 12:40:09.000,0,0,0,2026-06-20 12:40:09.000,0,0,0,2026-06-20 18:29:03.417,2026-06-20 19:49:04.000,0,NULL,NULL,25735,25735,0,NR-No Report
26-049884,2026-06-20 12:40:22.000,25,SAT,20,12,B,DAY,MIDS,POLICE,PARKING COMPLAINT,4,Phone,"VALENTIN, EMERITA",NULL,2026-06-20 12:40:20.000,2026-06-20 12:43:59.000,2026-06-20 12:40:50.000,30,28,2,2026-06-20 12:50:42.280,592,592,0,2026-06-20 12:41:43.000,83,81,2,2026-06-20 12:50:42.280,622,622,0,2026-06-20 12:50:42.280,0,-9999,9999,2026-06-20 12:59:56.467,554,554,0,2026-06-20 13:02:19.677,2026-06-20 13:02:19.677,0,NULL,2026-06-20 13:02:20.357,1319,1319,0,NR-No Report
26-049885,2026-06-20 12:42:40.000,25,SAT,20,12,B,DAY,MIDS,POLICE,TRAFFIC STOP,2,OFFICER,"MOSES, WILLIE M",NULL,2026-06-20 12:42:40.000,NULL,2026-06-20 12:42:40.000,0,1,-1,2026-06-20 12:42:40.000,0,0,0,2026-06-20 12:42:40.000,0,NULL,0,2026-06-20 12:42:40.000,0,0,0,2026-06-20 12:42:40.000,0,0,0,2026-06-20 12:42:40.000,0,0,0,2026-06-20 12:50:41.730,2026-06-20 12:50:41.730,0,NULL,2026-06-20 12:50:41.823,481,481,0,NR-No Report
26-049887,2026-06-20 12:45:47.000,25,SAT,20,12,B,DAY,MIDS,POLICE,ASSIST CITIZEN PROMPT,3,Phone,"VALENTIN, EMERITA","LEWIS, LESLIE",2026-06-20 12:45:45.000,2026-06-20 12:48:35.573,2026-06-20 12:46:26.000,41,39,2,2026-06-20 12:48:35.470,129,129,0,2026-06-20 13:05:04.000,1159,1157,2,2026-06-20 12:48:39.500,170,170,0,2026-06-20 12:48:39.500,4,4,0,2026-06-20 12:52:36.400,237,236,1,2026-06-20 13:52:04.307,2026-06-20 15:31:43.843,0,NULL,2026-06-20 15:31:43.903,9958,9958,0,NR-No Report
26-015302,2026-06-20 12:56:17.000,25,SAT,20,12,B,DAY,MIDS,FIRE,MUTUAL AID,2,Phone,"ALLEN, TIANA","ALLEN, TIANA",2026-06-20 12:56:15.000,2026-06-20 12:56:55.067,2026-06-20 12:56:49.000,34,32,2,2026-06-20 12:56:55.020,6,6,0,2026-06-20 12:57:20.000,65,63,2,2026-06-20 12:57:50.667,40,40,0,2026-06-20 12:57:50.667,55,55,0,2026-06-20 13:05:31.257,461,460,1,2026-06-20 13:21:20.123,2026-06-20 13:21:20.123,0,NULL,2026-06-20 13:21:20.200,1505,1505,0,UNDEFINED
26-015303,2026-06-20 13:01:17.000,25,SAT,20,13,B,DAY,MIDS,EMS,ALTERED LOC ALS 1,1,E-911,"PEREZ, CARLOS",Automatic Dispatch,2026-06-20 13:01:17.000,2026-06-20 13:04:03.000,2026-06-20 13:02:29.000,72,72,0,2026-06-20 13:02:31.950,2,2,0,2026-06-20 13:04:21.000,184,184,0,2026-06-20 13:03:42.220,74,74,0,2026-06-20 13:03:42.220,71,70,1,2026-06-20 13:06:14.827,152,152,0,2026-06-20 13:19:29.247,2026-06-20 14:00:56.287,0,NULL,2026-06-20 14:00:56.400,3579,3579,0,UNDEFINED
26-049890,2026-06-20 13:34:29.000,25,SAT,20,13,B,DAY,MIDS,POLICE,MVC PROPERTY DAMAGE,4,Phone,"WALKER, JUANITA","DEWBERRY, RE'KEYA",2026-06-20 13:34:27.000,2026-06-20 14:24:46.000,2026-06-20 13:36:11.000,104,102,2,2026-06-20 14:39:58.387,3827,3827,0,2026-06-20 13:49:25.000,898,896,2,2026-06-20 14:40:03.233,3931,3931,0,2026-06-20 14:40:03.233,5,4,1,2026-06-20 14:40:03.233,0,0,0,2026-06-20 14:50:46.413,2026-06-20 14:50:46.413,0,NULL,2026-06-20 14:50:46.543,4579,4579,0,NR-No Report
26-049891,2026-06-20 13:36:25.000,25,SAT,20,13,B,DAY,MIDS,POLICE,PARKING COMPLAINT,4,Phone,"GOODWIN, SHEENA",NULL,2026-06-20 13:36:24.000,NULL,2026-06-20 13:36:43.000,19,18,1,2026-06-20 13:39:49.597,186,186,0,2026-06-20 13:38:22.000,118,117,1,2026-06-20 13:39:49.597,205,205,0,2026-06-20 13:39:49.597,0,0,0,NULL,NULL,-9999,NULL,2026-06-20 13:40:21.923,2026-06-20 13:40:21.923,0,NULL,2026-06-20 13:40:22.980,237,237,0,NR-No Report
26-049892,2026-06-20 13:39:05.000,25,SAT,20,13,B,DAY,MIDS,POLICE,PARKING COMPLAINT,4,Phone,"GARCIA, VILMA",NULL,2026-06-20 13:39:03.000,NULL,2026-06-20 13:40:02.000,59,57,2,2026-06-20 14:08:24.233,1702,1702,0,2026-06-20 13:40:04.000,61,59,2,2026-06-20 14:08:24.233,1761,1761,0,2026-06-20 14:08:24.233,0,0,0,2026-06-20 14:13:34.100,310,309,1,2026-06-20 14:19:09.480,2026-06-20 14:19:09.480,0,NULL,2026-06-20 14:19:09.913,2406,2406,0,CI-Citation
26-049893,2026-06-20 13:41:25.000,25,SAT,20,13,B,DAY,MIDS,POLICE,TRAFFIC STOP,2,OFFICER,"TRAPERO, HUMBERTO A",NULL,2026-06-20 13:41:25.000,NULL,2026-06-20 13:41:25.000,0,1,-1,2026-06-20 13:41:25.000,0,0,0,2026-06-20 13:41:25.000,0,NULL,0,2026-06-20 13:41:25.000,0,0,0,2026-06-20 13:41:25.000,0,0,0,2026-06-20 13:41:25.000,0,0,0,2026-06-20 13:48:19.967,2026-06-20 13:48:19.967,0,NULL,2026-06-20 13:48:19.993,414,414,0,CI-Citation
26-015304,2026-06-20 13:49:29.000,25,SAT,20,13,B,DAY,MIDS,FIRE,FIRE ALARM,3,Phone,"WALKER, JUANITA",Automatic Dispatch,2026-06-20 13:49:27.000,2026-06-20 13:49:57.000,2026-06-20 13:49:46.000,19,17,2,2026-06-20 13:49:48.603,2,2,0,2026-06-20 13:51:26.000,119,117,2,2026-06-20 13:50:51.897,21,21,0,2026-06-20 13:50:51.897,63,63,0,2026-06-20 13:58:09.553,438,437,1,2026-06-20 14:01:15.100,2026-06-20 14:01:15.100,0,NULL,2026-06-20 14:01:15.403,708,708,0,UNDEFINED
26-049895,2026-06-20 13:52:18.000,25,SAT,20,13,B,DAY,MIDS,POLICE,ANIMAL SICK-INJURED,4,Phone,"VALENTIN, EMERITA","WALKER, JUANITA",2026-06-20 13:52:15.000,2026-06-20 13:55:19.000,2026-06-20 13:52:42.000,27,24,3,2026-06-20 14:25:48.680,1986,1986,0,2026-06-20 14:03:58.000,703,700,3,NULL,2013,2013,0,NULL,NULL,-9999,NULL,NULL,NULL,-9999,NULL,NULL,2026-06-20 14:26:30.000,0,NULL,NULL,2055,2055,0,ACOR-Animal Control Report
26-049896,2026-06-20 13:59:37.000,25,SAT,20,13,B,DAY,MIDS,POLICE,ANIMAL DECEASED,3,Phone,"GARCIA, VILMA","ALLEN, TIANA",2026-06-20 13:59:34.000,2026-06-20 14:00:34.000,2026-06-20 13:59:51.000,17,14,3,2026-06-20 14:01:15.340,84,84,0,2026-06-20 14:00:12.000,38,35,3,NULL,101,101,0,NULL,NULL,-9999,NULL,NULL,NULL,-9999,NULL,NULL,2026-06-20 14:01:21.000,0,NULL,NULL,107,107,0,ACONR-Animal Control No Report
26-049898,2026-06-20 14:05:56.000,25,SAT,20,14,B,DAY,LATE,POLICE,PARKING COMPLAINT,4,Phone,"GARCIA, VILMA",NULL,2026-06-20 14:05:56.000,NULL,2026-06-20 14:06:31.000,35,35,0,2026-06-20 14:08:10.113,99,99,0,2026-06-20 14:06:51.000,55,55,0,2026-06-20 14:08:10.113,134,134,0,2026-06-20 14:08:10.113,0,-9999,9999,2026-06-20 14:32:05.170,1435,1435,0,2026-06-20 14:35:52.993,2026-06-20 14:35:52.993,0,NULL,2026-06-20 14:35:53.543,1796,1796,0,CI-Citation
26-015305,2026-06-20 14:16:30.000,25,SAT,20,14,B,DAY,LATE,FIRE,ELEVATOR,3,Phone,"PEREZ, CARLOS",Automatic Dispatch,2026-06-20 14:16:28.000,2026-06-20 14:19:59.000,2026-06-20 14:17:27.000,59,57,2,2026-06-20 14:17:28.680,1,1,0,2026-06-20 14:17:55.000,87,85,2,2026-06-20 14:18:31.623,60,60,0,2026-06-20 14:18:31.623,63,62,1,2026-06-20 14:25:22.683,411,411,0,2026-06-20 14:40:41.147,2026-06-20 14:40:41.147,0,NULL,2026-06-20 14:40:41.250,1453,1453,0,UNDEFINED
26-015306,2026-06-20 14:18:14.000,25,SAT,20,14,B,DAY,LATE,FIRE,MUTUAL ELEVATOR INCIDENT,1,Phone,"MACK, BRIANA","MACK, BRIANA",2026-06-20 14:18:13.000,2026-06-20 14:19:29.817,2026-06-20 14:19:24.000,71,70,1,2026-06-20 14:19:29.730,5,5,0,2026-06-20 14:20:32.000,139,138,1,2026-06-20 14:20:29.747,76,76,0,2026-06-20 14:20:29.747,60,60,0,2026-06-20 14:38:22.537,1073,1072,1,2026-06-20 14:39:35.347,2026-06-20 14:39:35.347,0,NULL,2026-06-20 14:39:35.437,1282,1282,0,UNDEFINED
26-015307,2026-06-20 14:19:52.000,25,SAT,20,14,B,DAY,LATE,FIRE,HIGHRISE BUILDING FIRE,1,E-911,"PEREZ, CARLOS",Automatic Dispatch,2026-06-20 14:19:52.000,2026-06-20 14:21:16.000,2026-06-20 14:20:53.000,61,61,0,2026-06-20 14:20:56.503,3,3,0,2026-06-20 14:31:07.000,675,675,0,2026-06-20 14:21:05.593,64,64,0,2026-06-20 14:21:05.593,9,9,0,2026-06-20 14:25:35.670,270,270,0,2026-06-20 14:21:31.680,2026-06-20 14:54:06.297,0,NULL,2026-06-20 14:54:06.320,2054,2054,0,UNDEFINED
26-049901,2026-06-20 14:20:49.000,25,SAT,20,14,B,DAY,LATE,POLICE,MVC CONDITIONS UNKNOWN,1,E-911,"PRIESTLY, SHAVAUGHN","DEWBERRY, RE'KEYA",2026-06-20 14:20:48.000,2026-06-20 14:21:39.000,2026-06-20 14:21:31.000,43,42,1,2026-06-20 14:21:52.913,21,21,0,2026-06-20 14:57:36.000,2208,2207,1,2026-06-20 14:21:58.307,64,64,0,2026-06-20 14:21:58.307,6,5,1,2026-06-20 14:25:17.423,199,199,0,2026-06-20 14:22:33.573,2026-06-20 15:28:51.180,0,NULL,2026-06-20 15:28:51.247,4083,4083,0,NR-No Report
26-015308,2026-06-20 14:21:31.000,25,SAT,20,14,B,DAY,LATE,FIRE,MVC AUTO,2,Phone,"PRIESTLY, SHAVAUGHN","MACK, BRIANA",2026-06-20 14:21:31.000,2026-06-20 14:21:38.000,2026-06-20 14:21:31.000,0,NULL,0,2026-06-20 14:21:33.337,2,2,0,2026-06-20 14:21:31.000,0,0,0,2026-06-20 14:22:48.823,2,2,0,2026-06-20 14:22:48.823,75,75,0,2026-06-20 14:28:19.820,331,330,1,2026-06-20 14:46:23.240,2026-06-20 15:06:35.280,0,NULL,2026-06-20 15:06:35.343,2704,2704,0,UNDEFINED
26-015309,2026-06-20 14:21:34.000,25,SAT,20,14,B,DAY,LATE,FIRE,MVC AUTO,2,NOT CAPTURED,"WALKER, JUANITA",Automatic Dispatch,2026-06-20 14:21:34.000,2026-06-20 14:23:41.000,2026-06-20 14:21:34.000,0,NULL,0,2026-06-20 14:21:38.150,4,4,0,2026-06-20 14:21:34.000,0,0,0,2026-06-20 14:22:49.710,4,4,0,2026-06-20 14:22:49.710,71,71,0,NULL,NULL,-9999,NULL,2026-06-20 14:23:14.650,2026-06-20 14:23:55.777,0,NULL,2026-06-20 14:23:55.857,141,141,0,UNDEFINED
26-049905,2026-06-20 14:27:55.000,25,SAT,20,14,B,DAY,LATE,POLICE,PROTECTIVE ORDER ISSUED,4,Phone,"PEREZ, CARLOS","DEWBERRY, RE'KEYA",2026-06-20 14:27:53.000,2026-06-20 14:37:57.000,2026-06-20 14:31:04.000,191,189,2,2026-06-20 14:40:35.237,571,571,0,2026-06-20 14:31:05.000,192,190,2,2026-06-20 14:40:38.213,762,762,0,2026-06-20 14:40:38.213,3,2,1,2026-06-20 15:19:10.893,2312,2312,0,2026-06-20 16:19:48.490,2026-06-20 17:01:51.390,0,NULL,2026-06-20 17:01:51.477,9238,9238,0,NR-No Report
26-049907,2026-06-20 14:33:27.000,25,SAT,20,14,B,DAY,LATE,POLICE,DOMESTIC VIOL NO INJ,2,E-911,"PEREZ, CARLOS","DEWBERRY, RE'KEYA",2026-06-20 14:33:27.000,2026-06-20 14:35:31.000,2026-06-20 14:35:10.000,103,103,0,2026-06-20 14:35:51.373,41,41,0,2026-06-20 14:35:46.000,139,139,0,2026-06-20 14:35:54.173,144,144,0,2026-06-20 14:35:54.173,3,2,1,2026-06-20 14:41:21.780,327,327,0,2026-06-20 14:55:41.190,2026-06-20 14:56:39.950,0,NULL,2026-06-20 14:56:39.997,1392,1392,0,NR-No Report
26-049908,2026-06-20 14:45:46.000,25,SAT,20,14,B,DAY,LATE,POLICE,PARKING COMPLAINT,4,Phone,"VALENTIN, EMERITA",NULL,2026-06-20 14:45:44.000,NULL,2026-06-20 14:46:09.000,25,23,2,2026-06-20 14:47:01.090,52,52,0,2026-06-20 14:47:10.000,86,84,2,2026-06-20 14:47:01.090,77,77,0,2026-06-20 14:47:01.090,0,0,0,2026-06-20 15:04:10.467,1029,1029,0,2026-06-20 15:23:24.043,2026-06-20 15:23:24.043,0,NULL,2026-06-20 15:23:24.750,2260,2260,0,NR-No Report
26-049910,2026-06-20 14:47:25.000,25,SAT,20,14,B,DAY,LATE,POLICE,POLICE INFORMATION,4,Radio,"DEWBERRY, RE'KEYA",NULL,2026-06-20 14:47:24.000,2026-06-20 18:34:59.000,2026-06-20 14:47:53.000,29,28,1,2026-06-20 14:48:16.427,23,23,0,2026-06-20 14:48:20.000,56,55,1,2026-06-20 14:48:16.467,52,52,0,2026-06-20 14:48:16.467,0,0,0,2026-06-20 14:48:20.723,4,4,0,2026-06-20 19:09:38.857,2026-06-20 20:42:47.917,0,NULL,2026-06-20 20:42:47.917,21323,21324,-1,NR-No Report
26-049911,2026-06-20 14:48:29.000,25,SAT,20,14,B,DAY,LATE,POLICE,FLAG DOWN,2,OFFICER,"OPSUT, ROBERT J",NULL,2026-06-20 14:48:29.000,2026-06-20 14:48:39.000,2026-06-20 14:48:29.000,0,1,-1,2026-06-20 14:48:29.000,0,0,0,2026-06-20 14:48:29.000,0,NULL,0,2026-06-20 14:48:29.000,0,0,0,2026-06-20 14:48:29.000,0,0,0,2026-06-20 14:48:29.000,0,0,0,2026-06-20 14:48:47.853,2026-06-20 14:48:47.853,0,NULL,2026-06-20 14:48:47.907,18,18,0,RE-Report
26-015310,2026-06-20 14:54:14.000,25,SAT,20,14,B,DAY,LATE,FIRE,FIRE ALARM,3,Phone,"PEREZ, CARLOS",Automatic Dispatch,2026-06-20 14:54:12.000,2026-06-20 14:55:31.000,2026-06-20 14:55:01.000,49,47,2,2026-06-20 14:55:03.910,2,2,0,2026-06-20 14:55:15.000,63,61,2,2026-06-20 14:56:03.203,51,51,0,2026-06-20 14:56:03.203,60,59,1,2026-06-20 14:59:27.617,204,204,0,2026-06-20 15:11:11.677,2026-06-20 15:11:11.677,0,NULL,2026-06-20 15:11:11.773,1019,1019,0,UNDEFINED
26-015311,2026-06-20 14:58:22.000,25,SAT,20,14,B,DAY,LATE,FIRE,ELEVATOR,3,E-911,"WALKER, JUANITA",Automatic Dispatch,2026-06-20 14:58:21.000,2026-06-20 14:59:35.000,2026-06-20 14:59:00.000,39,38,1,2026-06-20 14:59:01.873,1,1,0,2026-06-20 14:59:29.000,68,67,1,2026-06-20 15:00:08.913,40,40,0,2026-06-20 15:00:08.913,67,67,0,NULL,NULL,-9999,NULL,2026-06-20 15:00:40.763,2026-06-20 15:00:40.763,0,NULL,2026-06-20 15:00:40.940,139,139,0,UNDEFINED
26-049917,2026-06-20 15:14:15.000,25,SAT,20,15,B,DAY,LATE,POLICE,TRAFFIC STOP,2,OFFICER,"JOHNSON, TIAZ J.",NULL,2026-06-20 15:14:15.000,2026-06-20 15:14:20.000,2026-06-20 15:14:15.000,0,1,-1,2026-06-20 15:14:15.000,0,0,0,2026-06-20 15:14:15.000,0,NULL,0,2026-06-20 15:14:15.000,0,0,0,2026-06-20 15:14:15.000,0,0,0,2026-06-20 15:14:15.000,0,0,0,2026-06-20 15:21:16.773,2026-06-20 15:21:16.773,0,NULL,2026-06-20 15:21:18.640,421,421,0,NR-No Report
26-049918,2026-06-20 15:15:11.000,25,SAT,20,15,B,DAY,LATE,POLICE,ANIMAL SICK-INJURED,2,Phone,"WALKER, JUANITA","WALKER, JUANITA",2026-06-20 15:15:09.000,2026-06-20 15:22:13.000,2026-06-20 15:15:55.000,46,44,2,2026-06-20 15:23:22.633,447,447,0,2026-06-20 15:22:11.000,422,420,2,NULL,493,493,0,NULL,NULL,-9999,NULL,NULL,NULL,-9999,NULL,NULL,2026-06-20 15:23:28.000,0,NULL,NULL,499,499,0,ACOR-Animal Control Report
26-049920,2026-06-20 15:27:11.000,25,SAT,20,15,B,DAY,LATE,POLICE,RUNAWAY RETURNED,4,Phone,"VALENTIN, EMERITA","DEWBERRY, RE'KEYA",2026-06-20 15:27:09.000,2026-06-20 15:28:58.000,2026-06-20 15:27:56.000,47,45,2,2026-06-20 17:23:02.947,6906,6906,0,2026-06-20 15:40:48.000,819,817,2,2026-06-20 17:23:09.780,6953,6953,0,2026-06-20 17:23:09.780,7,6,1,NULL,NULL,-9999,NULL,2026-06-20 18:14:56.240,2026-06-20 18:14:56.240,0,NULL,2026-06-20 18:14:56.267,10067,10067,0,SUP-Supplement
26-049922,2026-06-20 15:28:41.000,25,SAT,20,15,B,DAY,LATE,POLICE,ANIMAL SICK-INJURED,2,Phone,"GARCIA, VILMA","VALENTIN, EMERITA",2026-06-20 15:28:39.000,2026-06-20 15:30:04.000,2026-06-20 15:29:38.000,59,57,2,2026-06-20 15:41:33.953,715,715,0,2026-06-20 15:29:39.000,60,58,2,NULL,774,774,0,NULL,NULL,-9999,NULL,NULL,NULL,-9999,NULL,NULL,2026-06-20 15:41:57.000,0,NULL,NULL,798,798,0,ACOR-Animal Control Report
26-049924,2026-06-20 15:32:34.000,25,SAT,20,15,B,DAY,LATE,POLICE,TRAFFIC STOP,2,OFFICER,"FLORES, GEOVANY H",NULL,2026-06-20 15:32:34.000,2026-06-20 15:32:38.000,2026-06-20 15:32:34.000,0,1,-1,2026-06-20 15:32:34.000,0,0,0,2026-06-20 15:32:34.000,0,NULL,0,2026-06-20 15:32:34.000,0,0,0,2026-06-20 15:32:34.000,0,0,0,2026-06-20 15:32:34.000,0,0,0,2026-06-20 15:40:20.323,2026-06-20 15:40:20.323,0,NULL,2026-06-20 15:40:20.717,466,466,0,NR-No Report
26-015312,2026-06-20 15:32:35.000,25,SAT,20,15,B,DAY,LATE,EMS,TROUBLE BREATHING ALS 1,1,E-911,"GARCIA, VILMA",Automatic Dispatch,2026-06-20 15:32:34.000,2026-06-20 15:35:22.000,2026-06-20 15:33:36.000,62,61,1,2026-06-20 15:33:38.427,2,2,0,2026-06-20 15:35:44.000,190,189,1,2026-06-20 15:34:37.560,64,64,0,2026-06-20 15:34:37.560,59,59,0,2026-06-20 15:38:03.280,206,205,1,2026-06-20 15:53:49.037,2026-06-20 16:35:55.517,0,NULL,2026-06-20 16:35:55.673,3801,3801,0,UNDEFINED
26-015313,2026-06-20 15:35:46.000,25,SAT,20,15,B,DAY,LATE,FIRE,ELEVATOR,3,E-911,"WALKER, JUANITA",Automatic Dispatch,2026-06-20 15:35:46.000,2026-06-20 15:38:13.000,2026-06-20 15:37:05.000,79,79,0,2026-06-20 15:37:06.993,1,1,0,2026-06-20 15:37:40.000,114,114,0,2026-06-20 15:38:22.897,80,80,0,2026-06-20 15:38:22.897,76,75,1,2026-06-20 15:44:52.140,390,389,1,2026-06-20 16:07:35.613,2026-06-20 16:07:35.613,0,NULL,2026-06-20 16:07:35.743,1909,1909,0,UNDEFINED
26-049926,2026-06-20 15:37:38.000,25,SAT,20,15,B,DAY,LATE,POLICE,DISORDERLY CONDUCT,2,Phone,"VALENTIN, EMERITA","DEWBERRY, RE'KEYA",2026-06-20 15:37:36.000,2026-06-20 15:38:47.000,2026-06-20 15:38:31.000,55,53,2,2026-06-20 15:40:10.973,99,99,0,2026-06-20 15:40:47.000,191,189,2,2026-06-20 15:40:27.637,154,154,0,2026-06-20 15:40:27.637,17,16,1,2026-06-20 15:50:59.540,632,631,1,2026-06-20 15:42:20.547,2026-06-20 16:09:27.753,0,NULL,2026-06-20 16:09:27.783,1911,1911,0,NR-No Report
26-015314,2026-06-20 15:38:51.000,25,SAT,20,15,B,DAY,LATE,FIRE,HAZARD,3,E-911,"GARCIA, VILMA",Automatic Dispatch,2026-06-20 15:38:51.000,2026-06-20 15:40:25.000,2026-06-20 15:40:19.000,88,88,0,2026-06-20 15:40:21.250,2,2,0,2026-06-20 15:43:39.000,288,288,0,2026-06-20 15:40:52.457,90,90,0,2026-06-20 15:40:52.457,31,31,0,2026-06-20 15:46:31.880,339,339,0,2026-06-20 15:54:09.450,2026-06-20 15:54:09.450,0,NULL,2026-06-20 15:54:09.517,918,918,0,UNDEFINED
26-015315,2026-06-20 15:49:00.000,25,SAT,20,15,B,DAY,LATE,FIRE,OUTSIDE FIRE,3,E-911,"GARCIA, VILMA",Automatic Dispatch,2026-06-20 15:49:00.000,2026-06-20 15:49:54.000,2026-06-20 15:49:22.000,22,22,0,2026-06-20 15:49:23.530,1,1,0,2026-06-20 15:50:15.000,75,75,0,2026-06-20 15:50:44.907,23,23,0,2026-06-20 15:50:44.907,81,81,0,2026-06-20 15:55:05.183,261,260,1,2026-06-20 16:00:30.000,2026-06-20 16:00:30.000,0,NULL,2026-06-20 16:00:30.267,690,690,0,UNDEFINED
26-015316,2026-06-20 15:54:02.757,25,SAT,20,15,B,DAY,LATE,FIRE,MUTUAL FIRE ALARM,1,C2C,CAD to CAD Service 1,CAD to CAD Service 1,2026-06-20 15:52:19.000,NULL,2026-06-20 15:54:03.040,104,0,104,2026-06-20 15:54:03.087,0,0,0,NULL,NULL,NULL,NULL,2026-06-20 15:54:57.003,104,464,-360,2026-06-20 15:54:57.003,54,53,1,2026-06-20 16:01:19.377,382,382,0,2026-06-20 16:06:19.770,2026-06-20 16:07:40.720,0,NULL,2026-06-20 16:07:40.750,921,921,0,UNDEFINED
26-049932,2026-06-20 15:59:13.000,25,SAT,20,15,B,DAY,LATE,POLICE,OFF DUTY DETAIL,8,OFFICER,"WILLIAMS, VINCENT E",NULL,2026-06-20 15:59:13.000,2026-06-20 15:59:38.000,2026-06-20 15:59:13.000,0,1,-1,2026-06-20 15:59:13.000,0,0,0,2026-06-20 15:59:13.000,0,NULL,0,2026-06-20 15:59:13.000,0,0,0,2026-06-20 15:59:13.000,0,0,0,2026-06-20 15:59:13.000,0,0,0,2026-06-20 20:00:57.193,2026-06-21 00:07:09.933,0,NULL,2026-06-21 00:07:09.973,29276,29276,0,NR-No Report
26-049937,2026-06-20 16:13:41.000,25,SAT,20,16,B,DAY,LATE,POLICE,LARCENY COMM IN PROG,2,E-911,"WALKER, JUANITA","DEWBERRY, RE'KEYA",2026-06-20 16:13:41.000,2026-06-20 16:14:58.000,2026-06-20 16:14:48.000,67,67,0,2026-06-20 16:15:26.683,38,38,0,2026-06-20 16:16:36.000,175,175,0,2026-06-20 16:15:30.237,105,105,0,2026-06-20 16:15:30.237,4,3,1,2026-06-20 16:19:52.217,262,261,1,2026-06-20 16:46:52.663,2026-06-20 17:18:58.117,0,NULL,2026-06-20 17:18:58.180,3917,3917,0,RE-Report
26-049939,2026-06-20 16:14:58.000,25,SAT,20,16,B,DAY,LATE,POLICE,PARKING COMPLAINT,4,Phone,"PRIESTLY, SHAVAUGHN",NULL,2026-06-20 16:14:56.000,2026-06-20 16:54:40.000,2026-06-20 16:15:09.000,13,11,2,2026-06-20 16:16:02.060,53,53,0,2026-06-20 16:15:39.000,43,41,2,2026-06-20 16:16:02.060,66,66,0,2026-06-20 16:16:02.060,0,0,0,2026-06-20 16:44:45.920,1723,1723,0,2026-06-20 17:10:05.150,2026-06-20 17:10:05.150,0,NULL,2026-06-20 17:10:06.160,3309,3309,0,NR-No Report
26-049940,2026-06-20 16:15:22.000,25,SAT,20,16,B,DAY,LATE,POLICE,NOISE COMPLAINT IN PROG,4,Phone,"GARCIA, VILMA",NULL,2026-06-20 16:15:20.000,2026-06-20 18:12:05.000,2026-06-20 16:19:44.000,264,262,2,2026-06-20 17:23:32.253,3828,3828,0,2026-06-20 16:21:42.000,382,380,2,2026-06-20 17:23:34.467,4092,4092,0,2026-06-20 17:23:34.467,2,2,0,2026-06-20 17:26:45.033,191,190,1,2026-06-20 17:35:17.587,2026-06-20 17:35:17.587,1,2026-06-20 18:12:00.687,2026-06-20 19:03:28.920,4797,10088,-5291,NR-No Report
26-015317,2026-06-20 16:53:58.000,25,SAT,20,16,B,DAY,LATE,EMS,TRAUMATIC INJURIES ALS 1,1,E-911,"PRIESTLY, SHAVAUGHN","MACK, BRIANA",2026-06-20 16:53:58.000,2026-06-20 16:55:04.000,2026-06-20 16:54:34.000,36,36,0,2026-06-20 16:54:36.157,2,2,0,2026-06-20 16:56:59.000,181,181,0,2026-06-20 16:55:31.057,38,38,0,2026-06-20 16:55:31.057,55,54,1,2026-06-20 16:58:46.423,195,195,0,2026-06-20 17:06:29.923,2026-06-20 17:39:48.060,0,NULL,2026-06-20 17:39:48.143,2750,2750,0,UNDEFINED
26-015318,2026-06-20 16:56:19.960,25,SAT,20,16,B,DAY,LATE,EMS,MUTUAL BLS,1,C2C,CAD to CAD Service 1,CAD to CAD Service 1,2026-06-20 16:53:06.000,NULL,2026-06-20 16:56:20.287,194,0,194,2026-06-20 16:56:20.350,0,0,0,NULL,NULL,NULL,NULL,2026-06-20 16:57:24.187,194,-9999,10193,2026-06-20 16:57:24.187,64,56,8,2026-06-20 17:02:00.413,276,276,0,2026-06-20 17:27:38.690,2026-06-20 17:29:32.547,0,NULL,2026-06-20 17:29:32.670,2186,2186,0,UNDEFINED
26-049943,2026-06-20 16:57:57.000,25,SAT,20,16,B,DAY,LATE,POLICE,PARKING COMPLAINT,4,Phone,"PEREZ, CARLOS",NULL,2026-06-20 16:57:55.000,2026-06-20 17:09:45.000,2026-06-20 16:58:38.000,43,41,2,2026-06-20 16:59:42.997,64,64,0,2026-06-20 16:58:50.000,55,53,2,2026-06-20 16:59:42.997,107,107,0,2026-06-20 16:59:42.997,0,0,0,2026-06-20 17:04:42.307,300,299,1,2026-06-20 17:15:53.073,2026-06-20 17:15:53.073,0,NULL,2026-06-20 17:15:53.920,1078,1078,0,NR-No Report
26-049946,2026-06-20 17:03:53.000,25,SAT,20,17,B,DAY,LATE,POLICE,ALARM COMMERCIAL,2,Phone,"PRIESTLY, SHAVAUGHN","DEWBERRY, RE'KEYA",2026-06-20 17:03:51.000,2026-06-20 17:04:35.000,2026-06-20 17:04:12.000,21,19,2,2026-06-20 17:04:39.107,27,27,0,2026-06-20 17:05:19.000,88,86,2,2026-06-20 17:04:47.630,48,48,0,2026-06-20 17:04:47.630,8,8,0,2026-06-20 17:13:27.863,520,520,0,2026-06-20 17:15:57.763,2026-06-20 17:48:56.627,0,NULL,2026-06-20 17:48:56.733,2705,2705,0,NR-No Report
26-049950,2026-06-20 17:12:30.000,25,SAT,20,17,B,DAY,LATE,POLICE,TELEPHONE COMPLAINT,4,Phone,"GARCIA, VILMA","WALKER, JUANITA",2026-06-20 17:12:28.000,2026-06-20 20:19:45.000,2026-06-20 17:18:10.000,342,340,2,2026-06-20 17:58:48.403,2438,2438,0,2026-06-20 17:19:14.000,406,404,2,2026-06-20 17:58:56.127,2780,2780,0,2026-06-20 17:58:56.127,8,7,1,2026-06-20 18:15:02.970,966,966,0,2026-06-20 18:36:32.157,2026-06-20 18:36:39.100,1,2026-06-20 19:48:07.160,2026-06-20 18:36:39.177,5051,26399,-21348,CN-Cancellation
26-049953,2026-06-20 17:22:34.000,25,SAT,20,17,B,DAY,LATE,POLICE,TROUBLE UNKNOWN NO EMS,2,Phone,"GARCIA, VILMA",NULL,2026-06-20 17:22:32.000,2026-06-20 17:24:53.000,2026-06-20 17:23:54.000,82,80,2,2026-06-20 17:24:58.647,64,64,0,2026-06-20 17:26:05.000,213,211,2,2026-06-20 17:25:00.980,146,146,0,2026-06-20 17:25:00.980,2,2,0,2026-06-20 17:26:59.393,119,118,1,2026-06-20 17:54:48.470,2026-06-20 18:41:30.673,0,NULL,2026-06-20 18:41:30.883,4738,4738,0,NR-No Report
26-015319,2026-06-20 17:34:03.227,25,SAT,20,17,B,DAY,LATE,EMS,BLS EMERGENCY,3,NOT CAPTURED,"WALKER, JUANITA",Automatic Dispatch,2026-06-20 17:34:03.227,2026-06-20 17:34:41.000,2026-06-20 17:34:03.227,0,0,0,2026-06-20 17:34:05.270,2,2,0,2026-06-20 17:34:03.227,0,NULL,0,2026-06-20 17:36:02.653,2,2,0,2026-06-20 17:36:02.653,117,117,0,2026-06-20 17:40:59.257,297,296,1,2026-06-20 17:57:48.017,2026-06-20 17:57:48.017,0,NULL,2026-06-20 17:57:48.050,1425,1424,1,UNDEFINED
26-049954,2026-06-20 17:36:39.000,25,SAT,20,17,B,DAY,LATE,POLICE,ANIMAL SICK-INJURED,4,Radio,"DEWBERRY, RE'KEYA","WALKER, JUANITA",2026-06-20 17:36:37.000,2026-06-20 17:38:28.000,2026-06-20 17:37:12.000,35,33,2,2026-06-20 17:44:57.083,465,465,0,2026-06-20 17:37:43.000,66,64,2,2026-06-20 17:44:59.743,500,500,0,2026-06-20 17:44:59.743,2,2,0,2026-06-20 17:57:56.803,777,777,0,2026-06-20 18:06:03.093,2026-06-20 18:06:03.093,0,NULL,2026-06-20 18:06:03.130,1766,1766,0,NR-No Report
26-049956,2026-06-20 17:45:17.000,25,SAT,20,17,B,DAY,LATE,POLICE,DISORDERLY CONDUCT,2,E-911,"DEWBERRY, RE'KEYA","WALKER, JUANITA",2026-06-20 17:45:16.000,2026-06-20 17:47:42.000,2026-06-20 17:46:55.000,99,98,1,2026-06-20 17:54:56.210,481,481,0,2026-06-20 17:48:43.000,207,206,1,2026-06-20 17:55:00.757,580,580,0,2026-06-20 17:55:00.757,4,4,0,2026-06-20 18:05:28.597,628,627,1,2026-06-20 18:21:07.633,2026-06-20 18:21:58.553,0,NULL,2026-06-20 18:21:58.673,2202,2202,0,NR-No Report
26-049957,2026-06-20 17:56:04.000,25,SAT,20,17,B,DAY,LATE,POLICE,PARKING COMPLAINT,4,Phone,"PEREZ, CARLOS",NULL,2026-06-20 17:56:03.000,NULL,2026-06-20 17:56:38.000,35,34,1,2026-06-20 17:59:23.483,165,165,0,2026-06-20 17:56:40.000,37,36,1,2026-06-20 17:59:23.483,200,200,0,2026-06-20 17:59:23.483,0,0,0,NULL,NULL,-9999,NULL,2026-06-20 18:00:08.650,2026-06-20 18:00:08.650,0,NULL,2026-06-20 18:00:09.787,245,245,0,CI-Citation
26-015320,2026-06-20 18:06:15.000,25,SAT,20,18,B,DAY,EARLY,FIRE,OUTSIDE FIRE,3,E-911,"PEREZ, CARLOS",Automatic Dispatch,2026-06-20 18:06:15.000,2026-06-20 18:07:44.000,2026-06-20 18:07:25.000,70,70,0,2026-06-20 18:07:26.943,1,1,0,2026-06-20 18:08:43.000,148,148,0,2026-06-20 18:08:34.127,71,71,0,2026-06-20 18:08:34.127,68,67,1,2026-06-20 18:24:17.570,943,943,0,2026-06-20 18:26:23.963,2026-06-20 18:26:23.963,0,NULL,2026-06-20 18:26:24.237,1208,1208,0,UNDEFINED
26-049962,2026-06-20 18:09:02.000,25,SAT,20,18,B,DAY,EARLY,POLICE,SUSPICIOUS EVENT,3,Phone,"PEREZ, CARLOS","WALKER, LATITIA",2026-06-20 18:09:00.000,2026-06-20 18:12:26.000,2026-06-20 18:11:43.000,163,161,2,2026-06-20 18:19:46.783,483,483,0,2026-06-20 18:19:04.000,604,602,2,2026-06-20 18:19:48.583,646,646,0,2026-06-20 18:19:48.583,2,1,1,2026-06-20 18:25:46.827,358,358,0,2026-06-20 18:29:08.567,2026-06-20 18:38:28.687,0,NULL,2026-06-20 18:38:28.753,1768,1768,0,NR-No Report
26-015321,2026-06-20 18:11:34.000,25,SAT,20,18,B,DAY,EARLY,EMS,MEDICAL ALARM - BLS,3,Phone,"WALKER, JUANITA","MACK, BRIANA",2026-06-20 18:11:32.000,2026-06-20 18:12:37.000,2026-06-20 18:12:06.000,34,32,2,2026-06-20 18:12:08.450,2,2,0,2026-06-20 18:13:15.000,103,101,2,2026-06-20 18:14:13.253,36,36,0,2026-06-20 18:14:13.253,125,63,62,2026-06-20 18:21:00.177,407,406,1,2026-06-20 18:54:19.137,2026-06-20 18:55:11.007,0,NULL,2026-06-20 18:55:11.047,2619,2619,0,UNDEFINED
26-015322,2026-06-20 18:18:23.473,25,SAT,20,18,B,DAY,EARLY,FIRE,MUTUAL ASSAULT WEAPON,1,C2C,CAD to CAD Service 1,CAD to CAD Service 1,2026-06-20 18:12:30.000,2026-06-20 18:20:19.000,2026-06-20 18:18:23.817,353,0,353,2026-06-20 18:18:23.880,0,0,0,NULL,NULL,NULL,NULL,2026-06-20 18:19:38.113,353,-9999,10352,2026-06-20 18:19:38.113,75,63,12,NULL,NULL,-9999,NULL,2026-06-20 18:19:42.343,2026-06-20 18:21:05.010,0,NULL,2026-06-20 18:21:05.053,515,515,0,UNDEFINED
26-049963,2026-06-20 18:18:59.000,25,SAT,20,18,B,DAY,EARLY,POLICE,OFF DUTY DETAIL,8,OFFICER,"VILLANUEVA, RODNEY M",NULL,2026-06-20 18:18:59.000,2026-06-20 18:19:09.000,2026-06-20 18:18:59.000,0,1,-1,2026-06-20 18:18:59.000,0,0,0,2026-06-20 18:18:59.000,0,NULL,0,2026-06-20 18:18:59.000,0,0,0,2026-06-20 18:18:59.000,0,0,0,2026-06-20 18:18:59.000,0,0,0,2026-06-21 00:30:51.597,2026-06-21 00:30:51.597,0,NULL,2026-06-21 00:30:51.637,22312,22312,0,NR-No Report
26-049964,2026-06-20 18:22:20.000,25,SAT,20,18,B,DAY,EARLY,POLICE,ASSIST OUTSIDE AGENCY,2,VCIN,"WILLIAMS, DARNELL",NULL,2026-06-20 18:22:18.000,2026-06-20 18:22:59.000,2026-06-20 18:22:51.000,33,31,2,2026-06-20 18:25:23.550,152,152,0,2026-06-20 18:24:15.000,117,115,2,2026-06-20 18:25:23.587,185,185,0,2026-06-20 18:25:23.587,0,0,0,2026-06-20 18:32:20.870,417,417,0,2026-06-20 23:19:43.133,2026-06-20 23:19:43.133,0,NULL,2026-06-20 23:19:43.190,17845,17845,0,NR-No Report
26-049965,2026-06-20 18:26:57.213,25,SAT,20,18,B,DAY,EARLY,POLICE,ASSIST FIRE - IMMEDIATE,1,Radio,"MACK, BRIANA","WALKER, LATITIA",2026-06-20 18:26:57.213,2026-06-20 18:27:05.000,2026-06-20 18:26:57.213,0,0,0,2026-06-20 18:27:32.750,35,35,0,2026-06-20 18:26:57.213,0,NULL,0,2026-06-20 18:27:32.793,35,35,0,2026-06-20 18:27:32.793,0,0,0,2026-06-20 18:40:22.257,770,769,1,2026-06-20 18:58:00.827,2026-06-20 18:59:39.507,0,NULL,2026-06-20 18:59:39.560,1962,1962,0,NR-No Report
26-049967,2026-06-20 18:40:24.000,25,SAT,20,18,B,DAY,EARLY,POLICE,PARKING COMPLAINT,4,Phone,"PEREZ, CARLOS",NULL,2026-06-20 18:40:22.000,2026-06-20 18:46:47.000,2026-06-20 18:41:18.000,56,54,2,2026-06-20 18:42:14.193,56,56,0,2026-06-20 18:41:28.000,66,64,2,2026-06-20 18:42:14.193,112,112,0,2026-06-20 18:42:14.193,0,-9999,9999,2026-06-20 18:42:56.663,42,42,0,2026-06-20 18:49:44.670,2026-06-20 18:49:44.670,0,NULL,2026-06-20 18:49:45.723,562,562,0,NR-No Report
26-049968,2026-06-20 18:42:57.000,25,SAT,20,18,B,DAY,EARLY,POLICE,FLAG DOWN,2,OFFICER,"WALKER, LATITIA",NULL,2026-06-20 18:42:57.000,2026-06-20 19:32:50.000,2026-06-20 18:42:57.000,0,0,0,2026-06-20 18:42:57.000,0,0,0,2026-06-20 18:42:57.000,0,0,0,2026-06-20 18:43:08.880,0,0,0,2026-06-20 18:42:57.000,0,0,0,2026-06-20 18:42:57.000,0,0,0,2026-06-20 19:03:24.483,2026-06-20 20:07:01.150,0,NULL,2026-06-20 20:07:01.227,5044,5044,0,NR-No Report
26-049969,2026-06-20 18:47:38.000,25,SAT,20,18,B,DAY,EARLY,POLICE,TRAFFIC STOP,2,OFFICER,"BRAGHINI, KELLY E",NULL,2026-06-20 18:47:38.000,2026-06-20 18:47:43.000,2026-06-20 18:47:38.000,0,1,-1,2026-06-20 18:47:38.000,0,0,0,2026-06-20 18:47:38.000,0,NULL,0,2026-06-20 18:47:38.000,0,0,0,2026-06-20 18:47:38.000,0,0,0,2026-06-20 18:47:38.000,0,0,0,2026-06-20 18:50:57.133,2026-06-20 18:56:45.280,0,NULL,2026-06-20 18:56:45.303,547,547,0,NR-No Report
26-049971,2026-06-20 18:54:29.000,25,SAT,20,18,B,DAY,EARLY,POLICE,OFF DUTY DETAIL,8,OFFICER,"MCNAMARA-JEFFREY, EVELYN R.",NULL,2026-06-20 18:54:29.000,2026-06-20 21:52:15.000,2026-06-20 18:54:29.000,0,1,-1,2026-06-20 18:54:29.000,0,0,0,2026-06-20 18:54:29.000,0,NULL,0,2026-06-20 18:54:29.000,0,0,0,2026-06-20 18:54:29.000,0,0,0,2026-06-20 18:54:29.000,0,0,0,2026-06-21 00:09:24.447,2026-06-21 01:53:18.140,0,NULL,2026-06-21 01:53:18.223,25129,25129,0,NR-No Report
26-015323,2026-06-20 18:57:09.000,25,SAT,20,18,B,DAY,EARLY,EMS,UNKNOWN MEDICAL ALS 1,1,NOT CAPTURED,"DOGAN, KYLAH",Automatic Dispatch,2026-06-20 18:57:09.000,2026-06-20 18:57:22.000,2026-06-20 18:57:09.000,0,NULL,0,2026-06-20 18:57:12.073,3,3,0,2026-06-20 18:57:09.000,0,0,0,2026-06-20 18:58:15.290,3,3,0,2026-06-20 18:58:15.290,63,63,0,2026-06-20 18:59:46.477,91,91,0,2026-06-20 19:02:12.417,2026-06-20 19:02:12.530,0,NULL,2026-06-20 19:02:12.650,303,303,0,DUPFD-Duplicate Call Fire
26-049973,2026-06-20 18:57:13.000,25,SAT,20,18,B,DAY,EARLY,POLICE,MVC INJURY MOPED/BICYCLE,1,E-911,"PEREZ, CARLOS",NULL,2026-06-20 18:57:13.000,2026-06-20 19:01:16.000,2026-06-20 18:58:14.000,61,61,0,2026-06-20 18:58:29.540,15,15,0,2026-06-20 18:58:14.000,61,NULL,61,2026-06-20 18:58:31.347,76,76,0,2026-06-20 18:58:31.347,2,1,1,2026-06-20 19:02:39.263,248,247,1,2026-06-20 18:58:44.817,2026-06-20 18:58:44.817,1,2026-06-20 19:00:10.257,2026-06-20 23:26:55.597,91,16182,-16091,CI-Citation
26-015324,2026-06-20 18:58:14.000,25,SAT,20,18,B,DAY,EARLY,EMS,BICYCLIST STRUCK ALS 1 - SUPV,1,E-911,"PEREZ, CARLOS","MACK, BRIANA",2026-06-20 18:58:14.000,2026-06-20 18:59:20.000,2026-06-20 18:58:14.000,0,NULL,0,2026-06-20 18:58:16.767,2,2,0,2026-06-20 18:58:14.000,0,0,0,2026-06-20 18:58:32.913,2,2,0,2026-06-20 18:58:32.913,16,16,0,2026-06-20 19:02:22.117,230,229,1,2026-06-20 19:03:01.210,2026-06-20 20:16:24.553,0,NULL,2026-06-20 20:16:24.650,4690,4690,0,UNDEFINED
26-049976,2026-06-20 19:02:26.000,25,SAT,20,19,D,NIGHT,EARLY,POLICE,ASSAULT GUNSHOT IN PROG,1,E-911,"DOGAN, KYLAH",NULL,2026-06-20 19:02:26.000,2026-06-20 19:02:58.000,2026-06-20 19:02:51.000,25,25,0,2026-06-20 19:03:07.970,16,16,0,2026-06-20 19:08:31.000,365,365,0,2026-06-20 19:03:07.970,41,41,0,2026-06-20 19:03:07.970,0,-9999,9999,2026-06-20 19:04:30.293,83,82,1,2026-06-20 19:30:12.357,2026-06-21 04:06:27.187,0,NULL,2026-06-21 04:06:27.223,32641,32641,0,RE-Report
26-015325,2026-06-20 19:02:51.000,25,SAT,20,19,D,NIGHT,EARLY,EMS,SHOOTING ALS 2 - SUPV,1,Phone,"DOGAN, KYLAH","MACK, BRIANA",2026-06-20 19:02:51.000,2026-06-20 19:03:06.000,2026-06-20 19:02:51.000,0,NULL,0,2026-06-20 19:02:53.887,2,2,0,2026-06-20 19:02:51.000,0,0,0,2026-06-20 19:03:09.867,2,2,0,2026-06-20 19:03:09.867,16,15,1,2026-06-20 19:08:09.060,300,299,1,2026-06-20 19:03:24.247,2026-06-20 20:21:30.460,0,NULL,2026-06-20 20:21:30.587,4719,4719,0,UNDEFINED
26-015326,2026-06-20 19:03:36.000,25,SAT,20,19,D,NIGHT,EARLY,EMS,UNKNOWN MEDICAL ALS 1,1,NOT CAPTURED,"PEREZ, CARLOS",Automatic Dispatch,2026-06-20 19:03:36.000,2026-06-20 19:05:12.000,2026-06-20 19:03:36.000,0,NULL,0,2026-06-20 19:03:38.330,2,2,0,2026-06-20 19:03:36.000,0,0,0,2026-06-20 19:04:08.803,2,2,0,2026-06-20 19:04:08.803,30,30,0,NULL,NULL,-9999,NULL,2026-06-20 19:08:32.173,2026-06-20 19:08:32.217,0,NULL,2026-06-20 19:08:32.313,296,296,0,DUPFD-Duplicate Call Fire
26-015327,2026-06-20 19:12:26.000,25,SAT,20,19,D,NIGHT,EARLY,FIRE,ELEVATOR,3,E-911,"WALKER, JUANITA",Automatic Dispatch,2026-06-20 19:12:26.000,2026-06-20 19:14:56.000,2026-06-20 19:13:08.000,42,42,0,2026-06-20 19:13:10.003,2,2,0,2026-06-20 19:13:48.000,82,82,0,2026-06-20 19:14:16.070,44,44,0,2026-06-20 19:14:16.070,66,66,0,NULL,NULL,-9999,NULL,2026-06-20 19:17:38.013,2026-06-20 19:17:38.013,0,NULL,2026-06-20 19:17:38.060,312,312,0,CAD2CAD
26-049993,2026-06-20 19:28:13.000,25,SAT,20,19,D,NIGHT,EARLY,POLICE,ASSIST OUTSIDE AGENCY,4,VCIN,"WILLIAMS, DARNELL",NULL,2026-06-20 19:28:11.000,2026-06-20 19:31:20.000,2026-06-20 19:28:37.000,26,24,2,2026-06-20 21:15:04.690,6387,6387,0,2026-06-20 19:41:04.000,773,771,2,2026-06-20 21:15:04.690,6413,6413,0,2026-06-20 21:15:04.690,0,-9999,9999,2026-06-20 22:40:22.483,5118,5117,1,2026-06-20 21:16:33.230,2026-06-20 23:56:34.137,0,NULL,2026-06-20 23:56:34.173,16103,16103,0,NR-No Report
26-049994,2026-06-20 19:28:30.000,25,SAT,20,19,D,NIGHT,EARLY,POLICE,NOISE COMPLAINT DELAY,4,E-911,"WALKER, JUANITA","DOGAN, KYLAH",2026-06-20 19:28:30.000,2026-06-20 21:38:49.000,2026-06-20 19:30:32.000,122,122,0,2026-06-20 21:39:00.260,7708,13,7695,2026-06-20 19:31:45.000,195,195,0,2026-06-20 21:39:03.667,7830,7830,0,2026-06-20 21:39:03.667,3,3,0,NULL,NULL,-9999,NULL,2026-06-20 21:46:35.877,2026-06-20 20:03:22.000,1,2026-06-20 21:38:46.640,2026-06-20 21:46:35.917,2092,8285,-6193,NR-No Report
26-015328,2026-06-20 19:40:44.000,25,SAT,20,19,D,NIGHT,EARLY,EMS,TROUBLE BREATHING ALS 1,1,E-911,"PEREZ, CARLOS",Automatic Dispatch,2026-06-20 19:40:43.000,2026-06-20 19:43:00.000,2026-06-20 19:41:24.000,41,40,1,2026-06-20 19:41:26.417,2,2,0,2026-06-20 19:43:30.000,167,166,1,2026-06-20 19:42:14.837,43,43,0,2026-06-20 19:42:14.837,48,48,0,2026-06-20 19:44:51.590,157,156,1,2026-06-20 19:52:19.370,2026-06-20 20:56:43.087,0,NULL,2026-06-20 20:56:43.200,4560,4560,0,UNDEFINED
26-015329,2026-06-20 19:49:02.000,25,SAT,20,19,D,NIGHT,EARLY,FIRE,FIRE ALARM,3,Text,"PRIESTLY, SHAVAUGHN",Automatic Dispatch,2026-06-20 19:49:00.000,2026-06-20 19:51:03.000,2026-06-20 19:49:38.000,38,36,2,2026-06-20 19:49:40.920,2,2,0,2026-06-20 19:50:34.000,94,92,2,NULL,40,40,0,NULL,NULL,-9999,NULL,NULL,NULL,-9999,NULL,2026-06-20 19:51:29.093,2026-06-20 19:51:29.093,0,NULL,2026-06-20 19:51:29.140,149,149,0,UNDEFINED
26-015330,2026-06-20 19:52:02.000,25,SAT,20,19,D,NIGHT,EARLY,EMS,FALL BLS,3,E-911,"WILLIAMS, DARNELL",Automatic Dispatch,2026-06-20 19:52:02.000,2026-06-20 19:56:16.000,2026-06-20 19:52:58.000,56,56,0,2026-06-20 19:53:00.240,2,2,0,2026-06-20 19:53:55.000,113,113,0,2026-06-20 19:53:41.727,58,58,0,2026-06-20 19:53:41.727,41,41,0,2026-06-20 19:57:12.893,211,211,0,2026-06-20 20:19:40.207,2026-06-20 20:19:50.537,0,NULL,2026-06-20 20:19:50.617,1668,1668,0,UNDEFINED
26-015331,2026-06-20 19:55:48.000,25,SAT,20,19,D,NIGHT,EARLY,EMS,FALL BLS,3,E-911,"WILLIAMS, DARNELL",Automatic Dispatch,2026-06-20 19:55:48.000,2026-06-20 19:59:10.000,2026-06-20 19:56:57.000,69,69,0,2026-06-20 19:56:59.420,2,2,0,2026-06-20 19:59:20.000,212,212,0,2026-06-20 19:58:27.860,71,71,0,2026-06-20 19:58:27.860,88,88,0,2026-06-20 20:02:44.917,257,257,0,2026-06-20 20:18:28.483,2026-06-20 20:18:28.483,0,NULL,2026-06-20 20:18:28.513,1360,1360,0,UNDEFINED
26-050002,2026-06-20 20:14:04.000,25,SAT,20,20,D,NIGHT,EARLY,POLICE,PARKING COMPLAINT,4,Phone,"WALKER, JUANITA",NULL,2026-06-20 20:14:02.000,NULL,2026-06-20 20:15:07.000,65,63,2,2026-06-20 20:18:12.333,185,185,0,2026-06-20 20:22:18.000,496,494,2,2026-06-20 20:18:12.333,250,250,0,2026-06-20 20:18:12.333,0,-9999,9999,2026-06-20 20:18:21.053,9,8,1,2026-06-20 20:31:08.843,2026-06-20 20:31:08.843,0,NULL,2026-06-20 20:31:09.093,1026,1026,0,CI-Citation
26-050004,2026-06-20 20:15:49.000,25,SAT,20,20,D,NIGHT,EARLY,POLICE,PARKING COMPLAINT,4,Phone,"PEREZ, CARLOS",NULL,2026-06-20 20:15:47.000,NULL,2026-06-20 20:16:49.000,62,60,2,2026-06-20 20:17:18.957,29,29,0,2026-06-20 20:17:06.000,79,77,2,2026-06-20 20:17:18.957,91,91,0,2026-06-20 20:17:18.957,0,0,0,2026-06-20 20:23:02.407,344,343,1,2026-06-20 20:31:07.903,2026-06-20 20:31:07.903,0,NULL,2026-06-20 20:31:08.703,920,920,0,CI-Citation
26-050009,2026-06-20 20:29:23.000,25,SAT,20,20,D,NIGHT,EARLY,POLICE,DRUG COMPLAINT IN PROG,2,E-911,"WALKER, JUANITA","DOGAN, KYLAH",2026-06-20 20:29:23.000,2026-06-20 20:33:58.000,2026-06-20 20:31:40.000,137,137,0,2026-06-20 20:34:30.733,170,170,0,2026-06-20 20:32:04.000,161,161,0,2026-06-20 20:34:35.830,307,307,0,2026-06-20 20:34:35.830,5,5,0,2026-06-20 20:40:56.697,381,380,1,2026-06-20 20:44:30.657,2026-06-20 20:44:48.123,0,NULL,2026-06-20 20:44:48.180,925,925,0,NR-No Report
26-015332,2026-06-20 20:29:52.000,25,SAT,20,20,D,NIGHT,EARLY,EMS,STROKE ALS 2,1,E-911,"PEREZ, CARLOS",Automatic Dispatch,2026-06-20 20:29:52.000,2026-06-20 20:31:03.000,2026-06-20 20:30:49.000,57,57,0,2026-06-20 20:30:52.383,3,3,0,2026-06-20 20:34:21.000,269,269,0,2026-06-20 20:32:02.760,60,60,0,2026-06-20 20:32:02.760,70,70,0,2026-06-20 20:36:44.020,282,281,1,2026-06-20 20:32:33.703,2026-06-20 21:34:51.973,0,NULL,2026-06-20 21:34:52.223,3899,3899,0,UNDEFINED
26-015333,2026-06-20 20:36:46.000,25,SAT,20,20,D,NIGHT,EARLY,EMS,TROUBLE BREATHING ALS 1,1,E-911,"WALKER, LATITIA",Automatic Dispatch,2026-06-20 20:36:45.000,2026-06-20 20:38:03.000,2026-06-20 20:37:37.000,52,51,1,2026-06-20 20:37:39.153,2,2,0,2026-06-20 20:39:30.000,165,164,1,2026-06-20 20:38:14.330,54,54,0,2026-06-20 20:38:14.330,35,35,0,2026-06-20 20:42:45.657,271,271,0,2026-06-20 20:45:17.150,2026-06-20 21:32:26.387,0,NULL,2026-06-20 21:32:26.420,3341,3341,0,CAD2CAD
26-015334,2026-06-20 20:43:31.000,25,SAT,20,20,D,NIGHT,EARLY,EMS,INJURED PERSON BLS,3,E-911,"WALKER, JUANITA",Automatic Dispatch,2026-06-20 20:43:30.000,2026-06-20 20:44:36.000,2026-06-20 20:44:19.000,49,48,1,2026-06-20 20:44:21.150,2,2,0,2026-06-20 20:46:20.000,170,169,1,2026-06-20 20:46:51.447,51,51,0,2026-06-20 20:46:51.447,150,150,0,2026-06-20 20:53:48.697,417,417,0,2026-06-20 22:25:39.867,2026-06-20 22:25:39.867,0,NULL,2026-06-20 22:25:39.967,6129,6129,0,UNDEFINED
26-050010,2026-06-20 20:44:36.000,25,SAT,20,20,D,NIGHT,EARLY,POLICE,DISORDERLY CONDUCT,2,E-911,"WALKER, LATITIA",NULL,2026-06-20 20:44:36.000,2026-06-20 20:46:40.000,2026-06-20 20:46:25.000,109,109,0,2026-06-20 20:51:00.147,275,275,0,2026-06-20 20:47:57.000,201,201,0,2026-06-20 20:51:00.190,384,384,0,2026-06-20 20:51:00.190,0,0,0,NULL,NULL,-9999,NULL,2026-06-20 20:53:48.577,2026-06-20 20:53:52.757,0,NULL,2026-06-20 20:53:52.807,556,556,0,NR-No Report
26-050012,2026-06-20 20:51:27.000,25,SAT,20,20,D,NIGHT,EARLY,POLICE,ALARM COMMERCIAL,2,Phone,"WALKER, LATITIA","DOGAN, KYLAH",2026-06-20 20:51:26.000,2026-06-20 20:55:14.000,2026-06-20 20:52:07.000,41,40,1,2026-06-20 20:54:35.007,148,148,0,2026-06-20 20:53:06.000,100,99,1,2026-06-20 20:54:35.097,189,189,0,2026-06-20 20:54:35.097,0,0,0,2026-06-20 20:57:45.560,190,190,0,2026-06-20 21:04:43.687,2026-06-20 21:05:29.670,0,NULL,2026-06-20 21:05:29.683,843,843,0,NR-No Report
26-050013,2026-06-20 20:55:33.000,25,SAT,20,20,D,NIGHT,EARLY,POLICE,ALARM COMMERCIAL,2,Text,"PEREZ, CARLOS","DOGAN, KYLAH",2026-06-20 20:55:31.000,2026-06-20 20:59:44.000,2026-06-20 20:56:58.000,87,85,2,2026-06-20 20:59:47.140,169,169,0,2026-06-20 20:57:27.000,116,114,2,2026-06-20 20:59:47.203,256,256,0,2026-06-20 20:59:47.203,0,0,0,2026-06-20 20:59:50.157,3,2,1,2026-06-20 21:01:46.330,2026-06-20 21:01:56.427,0,NULL,2026-06-20 21:01:56.517,385,385,0,NR-No Report
26-050016,2026-06-20 21:02:59.000,25,SAT,20,21,D,NIGHT,EARLY,POLICE,FLAG DOWN,2,OFFICER,"GASKILL, RYAN D",NULL,2026-06-20 21:02:59.000,2026-06-20 21:03:16.000,2026-06-20 21:02:59.000,0,1,-1,2026-06-20 21:02:59.000,0,0,0,2026-06-20 21:02:59.000,0,NULL,0,2026-06-20 21:02:59.000,0,0,0,2026-06-20 21:02:59.000,0,0,0,2026-06-20 21:02:59.000,0,0,0,2026-06-20 21:07:38.913,2026-06-20 21:07:38.913,0,NULL,2026-06-20 21:07:38.953,279,279,0,NR-No Report
26-050017,2026-06-20 21:03:32.000,25,SAT,20,21,D,NIGHT,EARLY,POLICE,FLAG DOWN,2,Radio,"DOGAN, KYLAH",NULL,2026-06-20 21:03:32.000,2026-06-20 21:03:40.000,2026-06-20 21:03:32.000,0,0,0,2026-06-20 21:03:32.000,0,0,0,2026-06-20 21:03:32.000,0,0,0,2026-06-20 21:03:45.640,0,0,0,2026-06-20 21:03:32.000,0,0,0,2026-06-20 21:03:32.000,0,0,0,2026-06-20 21:24:34.280,2026-06-20 21:28:42.670,0,NULL,2026-06-20 21:28:42.730,1510,1510,0,NR-No Report
26-015335,2026-06-20 21:04:09.537,25,SAT,20,21,D,NIGHT,EARLY,EMS,EYE INJURY BLS,3,NOT CAPTURED,"DOGAN, KYLAH",Automatic Dispatch,2026-06-20 21:04:09.537,2026-06-20 21:04:41.000,2026-06-20 21:04:09.537,0,0,0,2026-06-20 21:04:11.653,2,2,0,2026-06-20 21:04:09.537,0,NULL,0,2026-06-20 21:05:34.657,2,2,0,2026-06-20 21:05:34.657,83,83,0,2026-06-20 21:10:42.093,308,307,1,2026-06-20 21:23:36.100,2026-06-20 21:23:36.100,0,NULL,2026-06-20 21:23:36.173,1167,1166,1,UNDEFINED
26-015336,2026-06-20 21:06:52.150,25,SAT,20,21,D,NIGHT,EARLY,EMS,MUTUAL BLS,1,C2C,CAD to CAD Service 1,CAD to CAD Service 1,2026-06-20 21:02:28.000,NULL,2026-06-20 21:06:52.413,264,0,264,2026-06-20 21:06:52.460,0,0,0,NULL,NULL,NULL,NULL,2026-06-20 21:07:34.853,264,-9999,10263,2026-06-20 21:07:34.853,42,37,5,NULL,NULL,-9999,NULL,2026-06-20 21:14:37.363,2026-06-20 21:16:28.730,0,NULL,2026-06-20 21:16:28.760,840,840,0,UNDEFINED
26-050018,2026-06-20 21:13:00.000,25,SAT,20,21,D,NIGHT,EARLY,POLICE,ALARM COMMERCIAL,2,Phone,"WILLIAMS, DARNELL","PRIESTLY, SHAVAUGHN",2026-06-20 21:13:00.000,2026-06-20 21:14:55.000,2026-06-20 21:13:16.000,16,16,0,2026-06-20 21:14:59.783,103,103,0,2026-06-20 21:16:33.000,213,213,0,2026-06-20 21:15:02.200,119,119,0,2026-06-20 21:15:02.200,3,2,1,2026-06-20 21:19:14.447,252,252,0,2026-06-20 21:22:19.383,2026-06-20 21:22:24.670,0,NULL,2026-06-20 21:22:24.767,564,564,0,FALSE-False Alarm
26-050020,2026-06-20 21:17:42.000,25,SAT,20,21,D,NIGHT,EARLY,POLICE,WEAPON VIOL GUN IN PROG,2,E-911,"WALKER, LATITIA","PRIESTLY, SHAVAUGHN",2026-06-20 21:17:42.000,2026-06-20 21:18:41.000,2026-06-20 21:18:33.000,51,51,0,2026-06-20 21:19:25.073,52,52,0,2026-06-20 21:19:46.000,124,124,0,2026-06-20 21:19:29.933,103,103,0,2026-06-20 21:19:29.933,4,4,0,2026-06-20 21:23:44.770,255,254,1,2026-06-20 21:20:57.597,2026-06-20 21:52:09.447,0,NULL,2026-06-20 21:52:09.490,2067,2067,0,NR-No Report
26-050022,2026-06-20 21:18:49.000,25,SAT,20,21,D,NIGHT,EARLY,POLICE,FIGHT NO WEAPONS,2,E-911,"PEREZ, CARLOS","PRIESTLY, SHAVAUGHN",2026-06-20 21:18:49.000,2026-06-20 21:20:15.000,2026-06-20 21:19:58.000,69,69,0,2026-06-20 21:20:23.720,25,25,0,2026-06-20 21:22:11.000,202,202,0,2026-06-20 21:20:28.800,94,94,0,2026-06-20 21:20:28.800,5,5,0,2026-06-20 21:32:29.717,721,720,1,2026-06-20 21:20:48.620,2026-06-20 21:48:21.413,0,NULL,2026-06-20 21:48:21.497,1772,1772,0,NR-No Report
26-050026,2026-06-20 21:34:08.000,25,SAT,20,21,D,NIGHT,EARLY,POLICE,TRAFFIC STOP,2,Radio,"DOGAN, KYLAH",NULL,2026-06-20 21:34:08.000,2026-06-20 21:36:16.000,2026-06-20 21:34:08.000,0,0,0,2026-06-20 21:34:08.000,0,0,0,2026-06-20 21:34:08.000,0,0,0,2026-06-20 21:34:13.460,0,0,0,2026-06-20 21:34:08.000,0,0,0,2026-06-20 21:34:08.000,0,0,0,2026-06-20 21:40:15.320,2026-06-20 21:56:54.390,0,NULL,2026-06-20 21:56:54.423,1366,1366,0,NR-No Report
26-015337,2026-06-20 21:48:46.000,25,SAT,20,21,D,NIGHT,EARLY,FIRE,MUTUAL GAS LEAK,1,Phone,"MACK, BRIANA","MACK, BRIANA",2026-06-20 21:48:44.000,2026-06-20 21:50:21.203,2026-06-20 21:49:52.000,68,66,2,2026-06-20 21:50:21.063,29,29,0,2026-06-20 21:50:25.000,101,99,2,2026-06-20 21:51:20.137,97,97,0,2026-06-20 21:51:20.137,59,59,0,2026-06-20 21:56:57.157,337,337,0,2026-06-20 21:52:50.023,2026-06-20 22:09:47.017,0,NULL,2026-06-20 22:09:47.220,1263,1263,0,UNDEFINED
26-050027,2026-06-20 21:51:42.000,25,SAT,20,21,D,NIGHT,EARLY,POLICE,DEST OF PROP OTH DELAY,4,Radio,"WALKER, JUANITA",NULL,2026-06-20 21:51:40.000,2026-06-20 21:53:33.000,2026-06-20 21:51:58.000,18,16,2,2026-06-20 22:31:51.710,2393,2393,0,2026-06-20 21:52:23.000,43,41,2,2026-06-20 22:31:51.710,2411,2411,0,2026-06-20 22:31:51.710,0,-9999,9999,2026-06-20 22:31:56.593,5,4,1,2026-06-21 00:03:28.063,2026-06-21 00:03:28.063,0,NULL,2026-06-21 00:03:28.087,7908,7908,0,RE-Report
26-015338,2026-06-20 21:52:06.000,25,SAT,20,21,D,NIGHT,EARLY,FIRE,MVC AUTO,2,E-911,"WILLIAMS, DARNELL","MACK, BRIANA",2026-06-20 21:52:04.000,2026-06-20 21:53:34.000,2026-06-20 21:53:12.000,68,66,2,2026-06-20 21:53:14.020,2,2,0,2026-06-20 21:55:30.000,206,204,2,2026-06-20 21:54:11.590,70,70,0,2026-06-20 21:54:11.590,57,57,0,2026-06-20 22:06:45.333,754,753,1,2026-06-20 22:01:02.630,2026-06-20 23:49:54.963,0,NULL,2026-06-20 23:49:55.053,7070,7070,0,UNDEFINED
26-015339,2026-06-20 21:53:43.000,25,SAT,20,21,D,NIGHT,EARLY,FIRE,L.A.R. SECONDARY RESPONSE,2,Phone,"MACK, BRIANA",Automatic Dispatch,2026-06-20 21:53:41.000,NULL,2026-06-20 21:54:12.000,31,29,2,2026-06-20 21:54:13.777,1,1,0,2026-06-20 22:01:23.000,462,460,2,2026-06-20 21:55:36.220,32,32,0,2026-06-20 21:55:36.220,83,82,1,2026-06-20 22:06:41.133,665,664,1,2026-06-20 22:34:32.757,2026-06-20 22:34:32.757,0,NULL,2026-06-20 22:34:32.883,2451,2451,0,UNDEFINED
26-050029,2026-06-20 21:56:36.000,25,SAT,20,21,D,NIGHT,EARLY,POLICE,OFF DUTY DETAIL,8,OFFICER,"DANNENFELSER, CHRISTOPHER J",NULL,2026-06-20 21:56:36.000,NULL,2026-06-20 21:56:36.000,0,1,-1,2026-06-20 21:56:36.000,0,0,0,2026-06-20 21:56:36.000,0,NULL,0,2026-06-20 21:56:36.000,0,0,0,2026-06-20 21:56:36.000,0,0,0,2026-06-20 21:56:36.000,0,0,0,2026-06-21 04:58:03.497,2026-06-21 04:58:03.497,0,NULL,2026-06-21 04:58:03.560,25287,25287,0,NR-No Report
26-050030,2026-06-20 22:01:51.000,25,SAT,20,22,D,NIGHT,MIDS,POLICE,MISSING PERSON IMMEDIATE,2,E-911,"WALKER, LATITIA","PRIESTLY, SHAVAUGHN",2026-06-20 22:01:51.000,2026-06-20 22:05:42.000,2026-06-20 22:04:53.000,182,182,0,2026-06-20 22:07:48.423,175,175,0,2026-06-20 22:09:40.000,469,469,0,2026-06-20 22:07:48.473,357,357,0,2026-06-20 22:07:48.473,0,0,0,2026-06-20 22:07:51.013,3,2,1,2026-06-21 03:04:48.863,2026-06-21 05:48:26.060,0,NULL,2026-06-21 05:48:26.083,27995,27995,0,RE-Report
26-050032,2026-06-20 22:10:53.000,25,SAT,20,22,D,NIGHT,MIDS,POLICE,NOISE COMPLAINT DELAY,4,Phone,"WALKER, LATITIA",NULL,2026-06-20 22:10:52.000,NULL,2026-06-20 22:11:18.000,26,25,1,2026-06-20 22:22:03.270,645,645,0,2026-06-20 22:11:30.000,38,37,1,2026-06-20 22:22:03.270,671,671,0,2026-06-20 22:22:03.270,0,0,0,2026-06-20 22:26:23.267,260,259,1,2026-06-20 22:37:37.640,2026-06-20 22:38:12.767,0,NULL,2026-06-20 22:38:12.853,1640,1640,0,NR-No Report
26-050031,2026-06-20 22:11:01.000,25,SAT,20,22,D,NIGHT,MIDS,POLICE,OCCUPIED VEHICLE CHECK,2,OFFICER,"PRIESTLY, SHAVAUGHN","PRIESTLY, SHAVAUGHN",2026-06-20 22:11:01.000,2026-06-20 22:11:07.000,2026-06-20 22:11:01.000,0,0,0,2026-06-20 22:11:01.000,0,0,0,2026-06-20 22:11:01.000,0,0,0,2026-06-20 22:11:17.127,0,0,0,2026-06-20 22:11:01.000,0,0,0,2026-06-20 22:11:01.000,0,0,0,2026-06-20 22:15:09.190,2026-06-20 22:16:42.880,0,NULL,2026-06-20 22:16:42.913,341,341,0,NR-No Report
26-050033,2026-06-20 22:12:00.000,25,SAT,20,22,D,NIGHT,MIDS,POLICE,MENTAL HEALTH CASE,2,Phone,"DOGAN, KYLAH",NULL,2026-06-20 22:11:58.000,2026-06-20 22:16:09.000,2026-06-20 22:12:40.000,42,40,2,2026-06-20 22:17:43.080,303,303,0,2026-06-20 22:13:06.000,68,66,2,2026-06-20 22:18:01.773,345,345,0,2026-06-20 22:18:01.773,18,18,0,2026-06-20 22:21:59.630,238,237,1,2026-06-20 22:19:59.013,NULL,0,NULL,NULL,NULL,NULL,NULL,UNDEFINED
26-050034,2026-06-20 22:27:01.000,25,SAT,20,22,D,NIGHT,MIDS,POLICE,DOMESTIC VIOL NO INJ,2,E-911,"DOGAN, KYLAH",NULL,2026-06-20 22:27:01.000,2026-06-20 22:28:48.000,2026-06-20 22:28:42.000,101,101,0,2026-06-20 22:42:10.037,808,808,0,2026-06-20 22:34:57.000,476,476,0,2026-06-20 22:42:13.987,909,909,0,2026-06-20 22:42:13.987,3,3,0,2026-06-20 22:47:58.117,345,344,1,2026-06-20 23:48:01.640,2026-06-21 07:47:52.880,0,NULL,2026-06-21 07:47:52.913,33651,33651,0,RE-Report
26-050036,2026-06-20 22:35:43.000,25,SAT,20,22,D,NIGHT,MIDS,POLICE,DISORDERLY CONDUCT,2,E-911,"GOODWIN, SHEENA",NULL,2026-06-20 22:35:42.000,2026-06-20 22:36:20.000,2026-06-20 22:36:14.000,32,31,1,2026-06-20 22:55:48.670,1174,1174,0,2026-06-20 23:06:21.000,1839,1838,1,2026-06-20 22:56:11.520,1206,1206,0,2026-06-20 22:56:11.520,23,22,1,2026-06-20 23:02:34.690,383,383,0,2026-06-20 23:09:37.687,2026-06-20 23:23:32.517,0,NULL,2026-06-20 23:23:32.583,2870,2870,0,NR-No Report
26-050037,2026-06-20 22:36:28.000,25,SAT,20,22,D,NIGHT,MIDS,POLICE,DISORDERLY CONDUCT,2,Phone,"WALKER, LATITIA",NULL,2026-06-20 22:36:26.000,NULL,2026-06-20 22:38:03.000,97,95,2,2026-06-20 22:38:24.650,21,21,0,2026-06-20 22:38:04.000,98,96,2,2026-06-20 22:38:24.650,118,118,0,2026-06-20 22:38:24.650,0,-9999,9999,2026-06-20 22:44:48.767,384,384,0,2026-06-20 22:52:14.060,2026-06-20 22:53:17.733,0,NULL,2026-06-20 22:53:17.787,1011,1011,0,NR-No Report
26-050038,2026-06-20 22:43:40.000,25,SAT,20,22,D,NIGHT,MIDS,POLICE,TRAFFIC STOP,2,E-911,"PRIESTLY, SHAVAUGHN","PRIESTLY, SHAVAUGHN",2026-06-20 22:43:40.000,2026-06-20 22:43:43.000,2026-06-20 22:43:40.000,0,0,0,2026-06-20 22:43:40.000,0,0,0,2026-06-20 22:43:40.000,0,0,0,2026-06-20 22:43:57.867,0,0,0,2026-06-20 22:43:40.000,0,0,0,2026-06-20 22:43:40.000,0,0,0,2026-06-20 23:13:17.707,2026-06-20 23:14:04.973,0,NULL,2026-06-20 23:14:05.030,1824,1824,0,CI-Citation
26-050040,2026-06-20 22:47:37.000,25,SAT,20,22,D,NIGHT,MIDS,POLICE,DOMESTIC VIOL NO INJ,2,Phone,"ANDERSON, MARILYN","PRIESTLY, SHAVAUGHN",2026-06-20 22:47:35.000,2026-06-20 22:53:35.460,2026-06-20 22:50:49.000,194,192,2,2026-06-20 22:53:35.380,166,166,0,2026-06-20 22:53:25.000,350,348,2,2026-06-20 22:53:37.833,360,360,0,2026-06-20 22:53:37.833,2,2,0,2026-06-20 23:00:55.487,438,437,1,2026-06-20 23:37:19.087,2026-06-20 23:40:10.513,0,NULL,2026-06-20 23:40:10.543,3155,3155,0,NR-No Report
26-015341,2026-06-20 22:58:26.583,25,SAT,20,22,D,NIGHT,MIDS,EMS,ASSAULT - BLS,3,NOT CAPTURED,"PRIESTLY, SHAVAUGHN",Automatic Dispatch,2026-06-20 22:58:26.583,2026-06-20 22:58:59.000,2026-06-20 22:58:26.583,0,0,0,2026-06-20 22:58:28.880,2,2,0,2026-06-20 22:58:26.583,0,NULL,0,2026-06-20 22:59:53.160,2,2,0,2026-06-20 22:59:53.160,85,84,1,2026-06-20 23:03:45.650,232,232,0,2026-06-20 23:18:12.527,2026-06-20 23:18:12.527,0,NULL,2026-06-20 23:18:12.587,1186,1185,1,UNDEFINED
26-050042,2026-06-20 22:59:02.000,25,SAT,20,22,D,NIGHT,MIDS,POLICE,DISORDERLY CONDUCT,2,E-911,"GOODWIN, SHEENA","PRIESTLY, SHAVAUGHN",2026-06-20 22:59:02.000,2026-06-20 23:03:23.000,2026-06-20 23:01:37.000,155,155,0,2026-06-20 23:04:57.320,200,200,0,2026-06-20 23:06:14.000,432,432,0,2026-06-20 23:05:14.703,355,355,0,2026-06-20 23:05:14.703,17,0,17,2026-06-20 23:12:36.780,442,442,0,2026-06-20 23:54:20.650,2026-06-20 23:59:28.097,0,NULL,2026-06-20 23:59:28.180,3626,3626,0,NR-No Report
26-050045,2026-06-20 23:07:36.000,25,SAT,20,23,D,NIGHT,MIDS,POLICE,SUSPICIOUS EVENT,2,E-911,"WALKER, LATITIA","PRIESTLY, SHAVAUGHN",2026-06-20 23:07:36.000,2026-06-20 23:09:13.000,2026-06-20 23:08:15.000,39,39,0,2026-06-20 23:16:07.803,472,472,0,2026-06-20 23:09:41.000,125,125,0,2026-06-20 23:16:11.857,511,511,0,2026-06-20 23:16:11.857,4,4,0,2026-06-20 23:22:53.207,402,401,1,2026-06-20 23:30:08.213,2026-06-20 23:31:06.233,0,NULL,2026-06-20 23:31:06.267,1410,1410,0,NR-No Report
26-015342,2026-06-20 23:11:56.000,25,SAT,20,23,D,NIGHT,MIDS,EMS,MUTUAL ALS,1,Phone,"MACK, BRIANA","MACK, BRIANA",2026-06-20 23:11:55.000,2026-06-20 23:13:09.623,2026-06-20 23:13:02.000,67,66,1,2026-06-20 23:13:09.533,7,7,0,2026-06-20 23:13:02.000,67,NULL,67,2026-06-20 23:14:52.133,74,74,0,2026-06-20 23:14:52.133,103,102,1,NULL,NULL,-9999,NULL,2026-06-20 23:19:13.543,2026-06-20 23:19:13.543,0,NULL,2026-06-20 23:19:13.790,438,438,0,UNDEFINED
26-050046,2026-06-20 23:18:10.000,25,SAT,20,23,D,NIGHT,MIDS,POLICE,NOISE COMPLAINT IN PROG,4,E-911,"DOGAN, KYLAH","PRIESTLY, SHAVAUGHN",2026-06-20 23:18:10.000,2026-06-20 23:22:32.000,2026-06-20 23:19:13.000,63,63,0,2026-06-21 02:27:17.050,11284,11284,0,2026-06-20 23:19:39.000,89,89,0,2026-06-21 02:27:17.090,11347,11347,0,2026-06-21 02:27:17.090,0,0,0,2026-06-21 02:27:17.113,0,0,0,2026-06-21 02:27:27.500,2026-06-21 02:27:27.500,0,NULL,2026-06-21 02:27:27.560,11357,11357,0,NR-No Report
26-050047,2026-06-20 23:28:23.000,25,SAT,20,23,D,NIGHT,MIDS,POLICE,NOISE COMPLAINT DELAY,4,Phone,"WALKER, LATITIA",NULL,2026-06-20 23:28:22.000,NULL,2026-06-20 23:29:30.000,68,67,1,2026-06-20 23:57:13.343,1663,1663,0,2026-06-20 23:29:37.000,75,74,1,2026-06-20 23:57:13.343,1731,1731,0,2026-06-20 23:57:13.343,0,-9999,9999,NULL,NULL,-9999,NULL,2026-06-20 23:57:24.280,2026-06-20 23:57:24.280,0,NULL,2026-06-20 23:57:24.353,1742,1742,0,NR-No Report
26-050049,2026-06-20 23:38:16.000,25,SAT,20,23,D,NIGHT,MIDS,POLICE,ALARM COMMERCIAL,2,OFFICER,"DOGAN, KYLAH","PRIESTLY, SHAVAUGHN",2026-06-20 23:38:15.000,2026-06-20 23:39:11.000,2026-06-20 23:38:31.000,16,15,1,2026-06-20 23:51:47.587,796,796,0,2026-06-20 23:50:21.000,726,725,1,2026-06-20 23:51:50.517,812,812,0,2026-06-20 23:51:50.517,3,2,1,2026-06-20 23:54:37.767,167,167,0,2026-06-20 23:57:00.500,2026-06-21 00:01:59.670,0,NULL,2026-06-21 00:01:59.743,1424,1424,0,FALSE-False Alarm
26-015344,2026-06-20 23:47:59.000,25,SAT,20,23,D,NIGHT,MIDS,EMS,TRAUMATIC INJURIES ALS 1,1,E-911,"ANDERSON, MARILYN","MACK, BRIANA",2026-06-20 23:47:59.000,2026-06-20 23:48:56.000,2026-06-20 23:48:49.000,50,50,0,2026-06-20 23:48:51.150,2,2,0,2026-06-20 23:51:43.000,224,224,0,2026-06-20 23:50:33.780,52,52,0,2026-06-20 23:50:33.780,102,78,24,2026-06-20 23:54:00.530,207,206,1,2026-06-20 23:51:36.043,2026-06-21 00:20:57.710,0,NULL,2026-06-21 00:20:57.800,1978,1978,0,UNDEFINED
26-050050,2026-06-20 23:58:03.000,25,SAT,20,23,D,NIGHT,MIDS,POLICE,SUSPICIOUS EVENT,2,E-911,"ANDERSON, MARILYN","PRIESTLY, SHAVAUGHN",2026-06-20 23:58:01.000,2026-06-21 00:01:47.000,2026-06-20 23:58:30.000,29,27,2,2026-06-21 00:03:10.483,280,280,0,2026-06-21 00:00:59.000,178,176,2,2026-06-21 00:03:10.557,309,309,0,2026-06-21 00:03:10.557,0,0,0,2026-06-21 00:08:28.007,318,317,1,2026-06-21 00:17:24.853,2026-06-21 00:17:28.797,0,NULL,2026-06-21 00:17:28.830,1167,1167,0,NR-No Report
