metric,N,Median,P90,P99,Pct_le_15,Pct_le_20
Phone Time,1605,137,496,1723.2800000000016,20.5,21.1
Processing Time,1721,80,1735,20553.199999999935,24.8,25.4
Time to Dispatch,1720,11,1668.2000000000016,20326.159999999934,50.9,51.9
Time to Queue,1721,42,143,359.3999999999994,27.3,31
