metric,N,Median,P90,P99,Pct_le_15,Pct_le_20
Phone Time,1321,152,503,1899.9999999999989,21.3,21.4
Processing Time,1420,86,1531.500000000002,14286.31999999999,24.8,25.4
Time to Dispatch,1420,11.5,1407.500000000002,14221.159999999985,50.7,51.8
Time to Queue,1420,44.5,138,352.8599999999997,28.7,30.8
